[0.062s] DEBUG:colcon:Command line arguments: ['/usr/bin/colcon', 'list', '-p', '--base-paths', '/home/z017/proj/PX4-fully-actuated-v1.15.2/Tools/simulation/gz', '--log-base', '/dev/null']
[0.062s] DEBUG:colcon:Parsed command line arguments: Namespace(log_base=None, log_level=None, verb_name='list', build_base='build', ignore_user_meta=False, metas=['./colcon.meta'], base_paths=['/home/z017/proj/PX4-fully-actuated-v1.15.2/Tools/simulation/gz', '--log-base', '/dev/null'], packages_ignore=None, packages_ignore_regex=None, paths=None, packages_up_to=None, packages_up_to_regex=None, packages_above=None, packages_above_and_dependencies=None, packages_above_depth=None, packages_select_by_dep=None, packages_skip_by_dep=None, packages_skip_up_to=None, packages_select_build_failed=False, packages_skip_build_finished=False, packages_select_test_failures=False, packages_skip_test_passed=False, packages_select=None, packages_skip=None, packages_select_regex=None, packages_skip_regex=None, packages_start=None, packages_end=None, allow_overriding=[], topological_order=False, names_only=False, paths_only=True, topological_graph=False, topological_graph_dot=False, topological_graph_density=False, topological_graph_legend=False, topological_graph_dot_cluster=False, topological_graph_dot_include_skipped=False, verb_parser=<colcon_defaults.argument_parser.defaults.DefaultArgumentsDecorator object at 0x718e425b2090>, verb_extension=<colcon_package_information.verb.list.ListVerb object at 0x718e426c9bb0>, main=<bound method ListVerb.main of <colcon_package_information.verb.list.ListVerb object at 0x718e426c9bb0>>)
[0.086s] Level 1:colcon.colcon_core.package_discovery:discover_packages(colcon_meta) check parameters
[0.086s] Level 1:colcon.colcon_core.package_discovery:discover_packages(recursive) check parameters
[0.086s] Level 1:colcon.colcon_core.package_discovery:discover_packages(ignore) check parameters
[0.086s] Level 1:colcon.colcon_core.package_discovery:discover_packages(path) check parameters
[0.086s] Level 1:colcon.colcon_core.package_discovery:discover_packages(recursive) discover
[0.086s] INFO:colcon.colcon_core.package_discovery:Crawling recursively for packages in '/home/z017/proj/PX4-fully-actuated-v1.15.2/Tools/simulation/gz', '/home/z017/proj/PX4-fully-actuated-v1.15.2/Tools/simulation/gz/--log-base', '/dev/null'
[0.086s] Level 1:colcon.colcon_core.package_identification:_identify(/home/z017/proj/PX4-fully-actuated-v1.15.2/Tools/simulation/gz) by extensions ['ignore', 'ignore_ament_install']
[0.086s] Level 1:colcon.colcon_core.package_identification:_identify(/home/z017/proj/PX4-fully-actuated-v1.15.2/Tools/simulation/gz) by extension 'ignore'
[0.086s] Level 1:colcon.colcon_core.package_identification:_identify(/home/z017/proj/PX4-fully-actuated-v1.15.2/Tools/simulation/gz) by extension 'ignore_ament_install'
[0.086s] Level 1:colcon.colcon_core.package_identification:_identify(/home/z017/proj/PX4-fully-actuated-v1.15.2/Tools/simulation/gz) by extensions ['colcon_pkg']
[0.086s] Level 1:colcon.colcon_core.package_identification:_identify(/home/z017/proj/PX4-fully-actuated-v1.15.2/Tools/simulation/gz) by extension 'colcon_pkg'
[0.086s] Level 1:colcon.colcon_core.package_identification:_identify(/home/z017/proj/PX4-fully-actuated-v1.15.2/Tools/simulation/gz) by extensions ['colcon_meta']
[0.086s] Level 1:colcon.colcon_core.package_identification:_identify(/home/z017/proj/PX4-fully-actuated-v1.15.2/Tools/simulation/gz) by extension 'colcon_meta'
[0.086s] Level 1:colcon.colcon_core.package_identification:_identify(/home/z017/proj/PX4-fully-actuated-v1.15.2/Tools/simulation/gz) by extensions ['ros']
[0.086s] Level 1:colcon.colcon_core.package_identification:_identify(/home/z017/proj/PX4-fully-actuated-v1.15.2/Tools/simulation/gz) by extension 'ros'
[0.102s] Level 1:colcon.colcon_core.package_identification:_identify(/home/z017/proj/PX4-fully-actuated-v1.15.2/Tools/simulation/gz) by extensions ['cmake', 'python']
[0.102s] Level 1:colcon.colcon_core.package_identification:_identify(/home/z017/proj/PX4-fully-actuated-v1.15.2/Tools/simulation/gz) by extension 'cmake'
[0.102s] Level 1:colcon.colcon_core.package_identification:_identify(/home/z017/proj/PX4-fully-actuated-v1.15.2/Tools/simulation/gz) by extension 'python'
[0.102s] Level 1:colcon.colcon_core.package_identification:_identify(/home/z017/proj/PX4-fully-actuated-v1.15.2/Tools/simulation/gz) by extensions ['python_setup_py']
[0.102s] Level 1:colcon.colcon_core.package_identification:_identify(/home/z017/proj/PX4-fully-actuated-v1.15.2/Tools/simulation/gz) by extension 'python_setup_py'
[0.102s] Level 1:colcon.colcon_core.package_identification:_identify(/home/z017/proj/PX4-fully-actuated-v1.15.2/Tools/simulation/gz/log) by extensions ['ignore', 'ignore_ament_install']
[0.103s] Level 1:colcon.colcon_core.package_identification:_identify(/home/z017/proj/PX4-fully-actuated-v1.15.2/Tools/simulation/gz/log) by extension 'ignore'
[0.103s] Level 1:colcon.colcon_core.package_identification:_identify(/home/z017/proj/PX4-fully-actuated-v1.15.2/Tools/simulation/gz/log) ignored
[0.103s] Level 1:colcon.colcon_core.package_identification:_identify(/home/z017/proj/PX4-fully-actuated-v1.15.2/Tools/simulation/gz/models) by extensions ['ignore', 'ignore_ament_install']
[0.103s] Level 1:colcon.colcon_core.package_identification:_identify(/home/z017/proj/PX4-fully-actuated-v1.15.2/Tools/simulation/gz/models) by extension 'ignore'
[0.103s] Level 1:colcon.colcon_core.package_identification:_identify(/home/z017/proj/PX4-fully-actuated-v1.15.2/Tools/simulation/gz/models) by extension 'ignore_ament_install'
[0.103s] Level 1:colcon.colcon_core.package_identification:_identify(/home/z017/proj/PX4-fully-actuated-v1.15.2/Tools/simulation/gz/models) by extensions ['colcon_pkg']
[0.103s] Level 1:colcon.colcon_core.package_identification:_identify(/home/z017/proj/PX4-fully-actuated-v1.15.2/Tools/simulation/gz/models) by extension 'colcon_pkg'
[0.103s] Level 1:colcon.colcon_core.package_identification:_identify(/home/z017/proj/PX4-fully-actuated-v1.15.2/Tools/simulation/gz/models) by extensions ['colcon_meta']
[0.103s] Level 1:colcon.colcon_core.package_identification:_identify(/home/z017/proj/PX4-fully-actuated-v1.15.2/Tools/simulation/gz/models) by extension 'colcon_meta'
[0.103s] Level 1:colcon.colcon_core.package_identification:_identify(/home/z017/proj/PX4-fully-actuated-v1.15.2/Tools/simulation/gz/models) by extensions ['ros']
[0.103s] Level 1:colcon.colcon_core.package_identification:_identify(/home/z017/proj/PX4-fully-actuated-v1.15.2/Tools/simulation/gz/models) by extension 'ros'
[0.103s] Level 1:colcon.colcon_core.package_identification:_identify(/home/z017/proj/PX4-fully-actuated-v1.15.2/Tools/simulation/gz/models) by extensions ['cmake', 'python']
[0.103s] Level 1:colcon.colcon_core.package_identification:_identify(/home/z017/proj/PX4-fully-actuated-v1.15.2/Tools/simulation/gz/models) by extension 'cmake'
[0.103s] Level 1:colcon.colcon_core.package_identification:_identify(/home/z017/proj/PX4-fully-actuated-v1.15.2/Tools/simulation/gz/models) by extension 'python'
[0.103s] Level 1:colcon.colcon_core.package_identification:_identify(/home/z017/proj/PX4-fully-actuated-v1.15.2/Tools/simulation/gz/models) by extensions ['python_setup_py']
[0.103s] Level 1:colcon.colcon_core.package_identification:_identify(/home/z017/proj/PX4-fully-actuated-v1.15.2/Tools/simulation/gz/models) by extension 'python_setup_py'
[0.103s] Level 1:colcon.colcon_core.package_identification:_identify(/home/z017/proj/PX4-fully-actuated-v1.15.2/Tools/simulation/gz/models/LW20) by extensions ['ignore', 'ignore_ament_install']
[0.103s] Level 1:colcon.colcon_core.package_identification:_identify(/home/z017/proj/PX4-fully-actuated-v1.15.2/Tools/simulation/gz/models/LW20) by extension 'ignore'
[0.103s] Level 1:colcon.colcon_core.package_identification:_identify(/home/z017/proj/PX4-fully-actuated-v1.15.2/Tools/simulation/gz/models/LW20) by extension 'ignore_ament_install'
[0.103s] Level 1:colcon.colcon_core.package_identification:_identify(/home/z017/proj/PX4-fully-actuated-v1.15.2/Tools/simulation/gz/models/LW20) by extensions ['colcon_pkg']
[0.103s] Level 1:colcon.colcon_core.package_identification:_identify(/home/z017/proj/PX4-fully-actuated-v1.15.2/Tools/simulation/gz/models/LW20) by extension 'colcon_pkg'
[0.103s] Level 1:colcon.colcon_core.package_identification:_identify(/home/z017/proj/PX4-fully-actuated-v1.15.2/Tools/simulation/gz/models/LW20) by extensions ['colcon_meta']
[0.103s] Level 1:colcon.colcon_core.package_identification:_identify(/home/z017/proj/PX4-fully-actuated-v1.15.2/Tools/simulation/gz/models/LW20) by extension 'colcon_meta'
[0.103s] Level 1:colcon.colcon_core.package_identification:_identify(/home/z017/proj/PX4-fully-actuated-v1.15.2/Tools/simulation/gz/models/LW20) by extensions ['ros']
[0.103s] Level 1:colcon.colcon_core.package_identification:_identify(/home/z017/proj/PX4-fully-actuated-v1.15.2/Tools/simulation/gz/models/LW20) by extension 'ros'
[0.103s] Level 1:colcon.colcon_core.package_identification:_identify(/home/z017/proj/PX4-fully-actuated-v1.15.2/Tools/simulation/gz/models/LW20) by extensions ['cmake', 'python']
[0.103s] Level 1:colcon.colcon_core.package_identification:_identify(/home/z017/proj/PX4-fully-actuated-v1.15.2/Tools/simulation/gz/models/LW20) by extension 'cmake'
[0.103s] Level 1:colcon.colcon_core.package_identification:_identify(/home/z017/proj/PX4-fully-actuated-v1.15.2/Tools/simulation/gz/models/LW20) by extension 'python'
[0.103s] Level 1:colcon.colcon_core.package_identification:_identify(/home/z017/proj/PX4-fully-actuated-v1.15.2/Tools/simulation/gz/models/LW20) by extensions ['python_setup_py']
[0.103s] Level 1:colcon.colcon_core.package_identification:_identify(/home/z017/proj/PX4-fully-actuated-v1.15.2/Tools/simulation/gz/models/LW20) by extension 'python_setup_py'
[0.103s] Level 1:colcon.colcon_core.package_identification:_identify(/home/z017/proj/PX4-fully-actuated-v1.15.2/Tools/simulation/gz/models/LW20/meshes) by extensions ['ignore', 'ignore_ament_install']
[0.104s] Level 1:colcon.colcon_core.package_identification:_identify(/home/z017/proj/PX4-fully-actuated-v1.15.2/Tools/simulation/gz/models/LW20/meshes) by extension 'ignore'
[0.104s] Level 1:colcon.colcon_core.package_identification:_identify(/home/z017/proj/PX4-fully-actuated-v1.15.2/Tools/simulation/gz/models/LW20/meshes) by extension 'ignore_ament_install'
[0.104s] Level 1:colcon.colcon_core.package_identification:_identify(/home/z017/proj/PX4-fully-actuated-v1.15.2/Tools/simulation/gz/models/LW20/meshes) by extensions ['colcon_pkg']
[0.104s] Level 1:colcon.colcon_core.package_identification:_identify(/home/z017/proj/PX4-fully-actuated-v1.15.2/Tools/simulation/gz/models/LW20/meshes) by extension 'colcon_pkg'
[0.104s] Level 1:colcon.colcon_core.package_identification:_identify(/home/z017/proj/PX4-fully-actuated-v1.15.2/Tools/simulation/gz/models/LW20/meshes) by extensions ['colcon_meta']
[0.104s] Level 1:colcon.colcon_core.package_identification:_identify(/home/z017/proj/PX4-fully-actuated-v1.15.2/Tools/simulation/gz/models/LW20/meshes) by extension 'colcon_meta'
[0.104s] Level 1:colcon.colcon_core.package_identification:_identify(/home/z017/proj/PX4-fully-actuated-v1.15.2/Tools/simulation/gz/models/LW20/meshes) by extensions ['ros']
[0.104s] Level 1:colcon.colcon_core.package_identification:_identify(/home/z017/proj/PX4-fully-actuated-v1.15.2/Tools/simulation/gz/models/LW20/meshes) by extension 'ros'
[0.104s] Level 1:colcon.colcon_core.package_identification:_identify(/home/z017/proj/PX4-fully-actuated-v1.15.2/Tools/simulation/gz/models/LW20/meshes) by extensions ['cmake', 'python']
[0.104s] Level 1:colcon.colcon_core.package_identification:_identify(/home/z017/proj/PX4-fully-actuated-v1.15.2/Tools/simulation/gz/models/LW20/meshes) by extension 'cmake'
[0.104s] Level 1:colcon.colcon_core.package_identification:_identify(/home/z017/proj/PX4-fully-actuated-v1.15.2/Tools/simulation/gz/models/LW20/meshes) by extension 'python'
[0.104s] Level 1:colcon.colcon_core.package_identification:_identify(/home/z017/proj/PX4-fully-actuated-v1.15.2/Tools/simulation/gz/models/LW20/meshes) by extensions ['python_setup_py']
[0.104s] Level 1:colcon.colcon_core.package_identification:_identify(/home/z017/proj/PX4-fully-actuated-v1.15.2/Tools/simulation/gz/models/LW20/meshes) by extension 'python_setup_py'
[0.104s] Level 1:colcon.colcon_core.package_identification:_identify(/home/z017/proj/PX4-fully-actuated-v1.15.2/Tools/simulation/gz/models/OakD-Lite) by extensions ['ignore', 'ignore_ament_install']
[0.104s] Level 1:colcon.colcon_core.package_identification:_identify(/home/z017/proj/PX4-fully-actuated-v1.15.2/Tools/simulation/gz/models/OakD-Lite) by extension 'ignore'
[0.104s] Level 1:colcon.colcon_core.package_identification:_identify(/home/z017/proj/PX4-fully-actuated-v1.15.2/Tools/simulation/gz/models/OakD-Lite) by extension 'ignore_ament_install'
[0.104s] Level 1:colcon.colcon_core.package_identification:_identify(/home/z017/proj/PX4-fully-actuated-v1.15.2/Tools/simulation/gz/models/OakD-Lite) by extensions ['colcon_pkg']
[0.104s] Level 1:colcon.colcon_core.package_identification:_identify(/home/z017/proj/PX4-fully-actuated-v1.15.2/Tools/simulation/gz/models/OakD-Lite) by extension 'colcon_pkg'
[0.104s] Level 1:colcon.colcon_core.package_identification:_identify(/home/z017/proj/PX4-fully-actuated-v1.15.2/Tools/simulation/gz/models/OakD-Lite) by extensions ['colcon_meta']
[0.104s] Level 1:colcon.colcon_core.package_identification:_identify(/home/z017/proj/PX4-fully-actuated-v1.15.2/Tools/simulation/gz/models/OakD-Lite) by extension 'colcon_meta'
[0.104s] Level 1:colcon.colcon_core.package_identification:_identify(/home/z017/proj/PX4-fully-actuated-v1.15.2/Tools/simulation/gz/models/OakD-Lite) by extensions ['ros']
[0.104s] Level 1:colcon.colcon_core.package_identification:_identify(/home/z017/proj/PX4-fully-actuated-v1.15.2/Tools/simulation/gz/models/OakD-Lite) by extension 'ros'
[0.104s] Level 1:colcon.colcon_core.package_identification:_identify(/home/z017/proj/PX4-fully-actuated-v1.15.2/Tools/simulation/gz/models/OakD-Lite) by extensions ['cmake', 'python']
[0.104s] Level 1:colcon.colcon_core.package_identification:_identify(/home/z017/proj/PX4-fully-actuated-v1.15.2/Tools/simulation/gz/models/OakD-Lite) by extension 'cmake'
[0.104s] Level 1:colcon.colcon_core.package_identification:_identify(/home/z017/proj/PX4-fully-actuated-v1.15.2/Tools/simulation/gz/models/OakD-Lite) by extension 'python'
[0.104s] Level 1:colcon.colcon_core.package_identification:_identify(/home/z017/proj/PX4-fully-actuated-v1.15.2/Tools/simulation/gz/models/OakD-Lite) by extensions ['python_setup_py']
[0.104s] Level 1:colcon.colcon_core.package_identification:_identify(/home/z017/proj/PX4-fully-actuated-v1.15.2/Tools/simulation/gz/models/OakD-Lite) by extension 'python_setup_py'
[0.104s] Level 1:colcon.colcon_core.package_identification:_identify(/home/z017/proj/PX4-fully-actuated-v1.15.2/Tools/simulation/gz/models/OakD-Lite/meshes) by extensions ['ignore', 'ignore_ament_install']
[0.104s] Level 1:colcon.colcon_core.package_identification:_identify(/home/z017/proj/PX4-fully-actuated-v1.15.2/Tools/simulation/gz/models/OakD-Lite/meshes) by extension 'ignore'
[0.104s] Level 1:colcon.colcon_core.package_identification:_identify(/home/z017/proj/PX4-fully-actuated-v1.15.2/Tools/simulation/gz/models/OakD-Lite/meshes) by extension 'ignore_ament_install'
[0.104s] Level 1:colcon.colcon_core.package_identification:_identify(/home/z017/proj/PX4-fully-actuated-v1.15.2/Tools/simulation/gz/models/OakD-Lite/meshes) by extensions ['colcon_pkg']
[0.104s] Level 1:colcon.colcon_core.package_identification:_identify(/home/z017/proj/PX4-fully-actuated-v1.15.2/Tools/simulation/gz/models/OakD-Lite/meshes) by extension 'colcon_pkg'
[0.104s] Level 1:colcon.colcon_core.package_identification:_identify(/home/z017/proj/PX4-fully-actuated-v1.15.2/Tools/simulation/gz/models/OakD-Lite/meshes) by extensions ['colcon_meta']
[0.104s] Level 1:colcon.colcon_core.package_identification:_identify(/home/z017/proj/PX4-fully-actuated-v1.15.2/Tools/simulation/gz/models/OakD-Lite/meshes) by extension 'colcon_meta'
[0.104s] Level 1:colcon.colcon_core.package_identification:_identify(/home/z017/proj/PX4-fully-actuated-v1.15.2/Tools/simulation/gz/models/OakD-Lite/meshes) by extensions ['ros']
[0.104s] Level 1:colcon.colcon_core.package_identification:_identify(/home/z017/proj/PX4-fully-actuated-v1.15.2/Tools/simulation/gz/models/OakD-Lite/meshes) by extension 'ros'
[0.104s] Level 1:colcon.colcon_core.package_identification:_identify(/home/z017/proj/PX4-fully-actuated-v1.15.2/Tools/simulation/gz/models/OakD-Lite/meshes) by extensions ['cmake', 'python']
[0.104s] Level 1:colcon.colcon_core.package_identification:_identify(/home/z017/proj/PX4-fully-actuated-v1.15.2/Tools/simulation/gz/models/OakD-Lite/meshes) by extension 'cmake'
[0.104s] Level 1:colcon.colcon_core.package_identification:_identify(/home/z017/proj/PX4-fully-actuated-v1.15.2/Tools/simulation/gz/models/OakD-Lite/meshes) by extension 'python'
[0.105s] Level 1:colcon.colcon_core.package_identification:_identify(/home/z017/proj/PX4-fully-actuated-v1.15.2/Tools/simulation/gz/models/OakD-Lite/meshes) by extensions ['python_setup_py']
[0.105s] Level 1:colcon.colcon_core.package_identification:_identify(/home/z017/proj/PX4-fully-actuated-v1.15.2/Tools/simulation/gz/models/OakD-Lite/meshes) by extension 'python_setup_py'
[0.105s] Level 1:colcon.colcon_core.package_identification:_identify(/home/z017/proj/PX4-fully-actuated-v1.15.2/Tools/simulation/gz/models/OakD-Lite/thumbnails) by extensions ['ignore', 'ignore_ament_install']
[0.105s] Level 1:colcon.colcon_core.package_identification:_identify(/home/z017/proj/PX4-fully-actuated-v1.15.2/Tools/simulation/gz/models/OakD-Lite/thumbnails) by extension 'ignore'
[0.105s] Level 1:colcon.colcon_core.package_identification:_identify(/home/z017/proj/PX4-fully-actuated-v1.15.2/Tools/simulation/gz/models/OakD-Lite/thumbnails) by extension 'ignore_ament_install'
[0.105s] Level 1:colcon.colcon_core.package_identification:_identify(/home/z017/proj/PX4-fully-actuated-v1.15.2/Tools/simulation/gz/models/OakD-Lite/thumbnails) by extensions ['colcon_pkg']
[0.105s] Level 1:colcon.colcon_core.package_identification:_identify(/home/z017/proj/PX4-fully-actuated-v1.15.2/Tools/simulation/gz/models/OakD-Lite/thumbnails) by extension 'colcon_pkg'
[0.105s] Level 1:colcon.colcon_core.package_identification:_identify(/home/z017/proj/PX4-fully-actuated-v1.15.2/Tools/simulation/gz/models/OakD-Lite/thumbnails) by extensions ['colcon_meta']
[0.105s] Level 1:colcon.colcon_core.package_identification:_identify(/home/z017/proj/PX4-fully-actuated-v1.15.2/Tools/simulation/gz/models/OakD-Lite/thumbnails) by extension 'colcon_meta'
[0.105s] Level 1:colcon.colcon_core.package_identification:_identify(/home/z017/proj/PX4-fully-actuated-v1.15.2/Tools/simulation/gz/models/OakD-Lite/thumbnails) by extensions ['ros']
[0.105s] Level 1:colcon.colcon_core.package_identification:_identify(/home/z017/proj/PX4-fully-actuated-v1.15.2/Tools/simulation/gz/models/OakD-Lite/thumbnails) by extension 'ros'
[0.105s] Level 1:colcon.colcon_core.package_identification:_identify(/home/z017/proj/PX4-fully-actuated-v1.15.2/Tools/simulation/gz/models/OakD-Lite/thumbnails) by extensions ['cmake', 'python']
[0.105s] Level 1:colcon.colcon_core.package_identification:_identify(/home/z017/proj/PX4-fully-actuated-v1.15.2/Tools/simulation/gz/models/OakD-Lite/thumbnails) by extension 'cmake'
[0.105s] Level 1:colcon.colcon_core.package_identification:_identify(/home/z017/proj/PX4-fully-actuated-v1.15.2/Tools/simulation/gz/models/OakD-Lite/thumbnails) by extension 'python'
[0.105s] Level 1:colcon.colcon_core.package_identification:_identify(/home/z017/proj/PX4-fully-actuated-v1.15.2/Tools/simulation/gz/models/OakD-Lite/thumbnails) by extensions ['python_setup_py']
[0.105s] Level 1:colcon.colcon_core.package_identification:_identify(/home/z017/proj/PX4-fully-actuated-v1.15.2/Tools/simulation/gz/models/OakD-Lite/thumbnails) by extension 'python_setup_py'
[0.105s] Level 1:colcon.colcon_core.package_identification:_identify(/home/z017/proj/PX4-fully-actuated-v1.15.2/Tools/simulation/gz/models/advanced_plane) by extensions ['ignore', 'ignore_ament_install']
[0.105s] Level 1:colcon.colcon_core.package_identification:_identify(/home/z017/proj/PX4-fully-actuated-v1.15.2/Tools/simulation/gz/models/advanced_plane) by extension 'ignore'
[0.105s] Level 1:colcon.colcon_core.package_identification:_identify(/home/z017/proj/PX4-fully-actuated-v1.15.2/Tools/simulation/gz/models/advanced_plane) by extension 'ignore_ament_install'
[0.105s] Level 1:colcon.colcon_core.package_identification:_identify(/home/z017/proj/PX4-fully-actuated-v1.15.2/Tools/simulation/gz/models/advanced_plane) by extensions ['colcon_pkg']
[0.105s] Level 1:colcon.colcon_core.package_identification:_identify(/home/z017/proj/PX4-fully-actuated-v1.15.2/Tools/simulation/gz/models/advanced_plane) by extension 'colcon_pkg'
[0.105s] Level 1:colcon.colcon_core.package_identification:_identify(/home/z017/proj/PX4-fully-actuated-v1.15.2/Tools/simulation/gz/models/advanced_plane) by extensions ['colcon_meta']
[0.105s] Level 1:colcon.colcon_core.package_identification:_identify(/home/z017/proj/PX4-fully-actuated-v1.15.2/Tools/simulation/gz/models/advanced_plane) by extension 'colcon_meta'
[0.105s] Level 1:colcon.colcon_core.package_identification:_identify(/home/z017/proj/PX4-fully-actuated-v1.15.2/Tools/simulation/gz/models/advanced_plane) by extensions ['ros']
[0.105s] Level 1:colcon.colcon_core.package_identification:_identify(/home/z017/proj/PX4-fully-actuated-v1.15.2/Tools/simulation/gz/models/advanced_plane) by extension 'ros'
[0.105s] Level 1:colcon.colcon_core.package_identification:_identify(/home/z017/proj/PX4-fully-actuated-v1.15.2/Tools/simulation/gz/models/advanced_plane) by extensions ['cmake', 'python']
[0.105s] Level 1:colcon.colcon_core.package_identification:_identify(/home/z017/proj/PX4-fully-actuated-v1.15.2/Tools/simulation/gz/models/advanced_plane) by extension 'cmake'
[0.105s] Level 1:colcon.colcon_core.package_identification:_identify(/home/z017/proj/PX4-fully-actuated-v1.15.2/Tools/simulation/gz/models/advanced_plane) by extension 'python'
[0.105s] Level 1:colcon.colcon_core.package_identification:_identify(/home/z017/proj/PX4-fully-actuated-v1.15.2/Tools/simulation/gz/models/advanced_plane) by extensions ['python_setup_py']
[0.105s] Level 1:colcon.colcon_core.package_identification:_identify(/home/z017/proj/PX4-fully-actuated-v1.15.2/Tools/simulation/gz/models/advanced_plane) by extension 'python_setup_py'
[0.105s] Level 1:colcon.colcon_core.package_identification:_identify(/home/z017/proj/PX4-fully-actuated-v1.15.2/Tools/simulation/gz/models/airspeed) by extensions ['ignore', 'ignore_ament_install']
[0.105s] Level 1:colcon.colcon_core.package_identification:_identify(/home/z017/proj/PX4-fully-actuated-v1.15.2/Tools/simulation/gz/models/airspeed) by extension 'ignore'
[0.105s] Level 1:colcon.colcon_core.package_identification:_identify(/home/z017/proj/PX4-fully-actuated-v1.15.2/Tools/simulation/gz/models/airspeed) by extension 'ignore_ament_install'
[0.105s] Level 1:colcon.colcon_core.package_identification:_identify(/home/z017/proj/PX4-fully-actuated-v1.15.2/Tools/simulation/gz/models/airspeed) by extensions ['colcon_pkg']
[0.105s] Level 1:colcon.colcon_core.package_identification:_identify(/home/z017/proj/PX4-fully-actuated-v1.15.2/Tools/simulation/gz/models/airspeed) by extension 'colcon_pkg'
[0.105s] Level 1:colcon.colcon_core.package_identification:_identify(/home/z017/proj/PX4-fully-actuated-v1.15.2/Tools/simulation/gz/models/airspeed) by extensions ['colcon_meta']
[0.105s] Level 1:colcon.colcon_core.package_identification:_identify(/home/z017/proj/PX4-fully-actuated-v1.15.2/Tools/simulation/gz/models/airspeed) by extension 'colcon_meta'
[0.105s] Level 1:colcon.colcon_core.package_identification:_identify(/home/z017/proj/PX4-fully-actuated-v1.15.2/Tools/simulation/gz/models/airspeed) by extensions ['ros']
[0.105s] Level 1:colcon.colcon_core.package_identification:_identify(/home/z017/proj/PX4-fully-actuated-v1.15.2/Tools/simulation/gz/models/airspeed) by extension 'ros'
[0.106s] Level 1:colcon.colcon_core.package_identification:_identify(/home/z017/proj/PX4-fully-actuated-v1.15.2/Tools/simulation/gz/models/airspeed) by extensions ['cmake', 'python']
[0.106s] Level 1:colcon.colcon_core.package_identification:_identify(/home/z017/proj/PX4-fully-actuated-v1.15.2/Tools/simulation/gz/models/airspeed) by extension 'cmake'
[0.106s] Level 1:colcon.colcon_core.package_identification:_identify(/home/z017/proj/PX4-fully-actuated-v1.15.2/Tools/simulation/gz/models/airspeed) by extension 'python'
[0.106s] Level 1:colcon.colcon_core.package_identification:_identify(/home/z017/proj/PX4-fully-actuated-v1.15.2/Tools/simulation/gz/models/airspeed) by extensions ['python_setup_py']
[0.106s] Level 1:colcon.colcon_core.package_identification:_identify(/home/z017/proj/PX4-fully-actuated-v1.15.2/Tools/simulation/gz/models/airspeed) by extension 'python_setup_py'
[0.106s] Level 1:colcon.colcon_core.package_identification:_identify(/home/z017/proj/PX4-fully-actuated-v1.15.2/Tools/simulation/gz/models/arucotag) by extensions ['ignore', 'ignore_ament_install']
[0.106s] Level 1:colcon.colcon_core.package_identification:_identify(/home/z017/proj/PX4-fully-actuated-v1.15.2/Tools/simulation/gz/models/arucotag) by extension 'ignore'
[0.106s] Level 1:colcon.colcon_core.package_identification:_identify(/home/z017/proj/PX4-fully-actuated-v1.15.2/Tools/simulation/gz/models/arucotag) by extension 'ignore_ament_install'
[0.106s] Level 1:colcon.colcon_core.package_identification:_identify(/home/z017/proj/PX4-fully-actuated-v1.15.2/Tools/simulation/gz/models/arucotag) by extensions ['colcon_pkg']
[0.106s] Level 1:colcon.colcon_core.package_identification:_identify(/home/z017/proj/PX4-fully-actuated-v1.15.2/Tools/simulation/gz/models/arucotag) by extension 'colcon_pkg'
[0.106s] Level 1:colcon.colcon_core.package_identification:_identify(/home/z017/proj/PX4-fully-actuated-v1.15.2/Tools/simulation/gz/models/arucotag) by extensions ['colcon_meta']
[0.106s] Level 1:colcon.colcon_core.package_identification:_identify(/home/z017/proj/PX4-fully-actuated-v1.15.2/Tools/simulation/gz/models/arucotag) by extension 'colcon_meta'
[0.106s] Level 1:colcon.colcon_core.package_identification:_identify(/home/z017/proj/PX4-fully-actuated-v1.15.2/Tools/simulation/gz/models/arucotag) by extensions ['ros']
[0.106s] Level 1:colcon.colcon_core.package_identification:_identify(/home/z017/proj/PX4-fully-actuated-v1.15.2/Tools/simulation/gz/models/arucotag) by extension 'ros'
[0.106s] Level 1:colcon.colcon_core.package_identification:_identify(/home/z017/proj/PX4-fully-actuated-v1.15.2/Tools/simulation/gz/models/arucotag) by extensions ['cmake', 'python']
[0.106s] Level 1:colcon.colcon_core.package_identification:_identify(/home/z017/proj/PX4-fully-actuated-v1.15.2/Tools/simulation/gz/models/arucotag) by extension 'cmake'
[0.106s] Level 1:colcon.colcon_core.package_identification:_identify(/home/z017/proj/PX4-fully-actuated-v1.15.2/Tools/simulation/gz/models/arucotag) by extension 'python'
[0.106s] Level 1:colcon.colcon_core.package_identification:_identify(/home/z017/proj/PX4-fully-actuated-v1.15.2/Tools/simulation/gz/models/arucotag) by extensions ['python_setup_py']
[0.106s] Level 1:colcon.colcon_core.package_identification:_identify(/home/z017/proj/PX4-fully-actuated-v1.15.2/Tools/simulation/gz/models/arucotag) by extension 'python_setup_py'
[0.106s] Level 1:colcon.colcon_core.package_identification:_identify(/home/z017/proj/PX4-fully-actuated-v1.15.2/Tools/simulation/gz/models/atmos) by extensions ['ignore', 'ignore_ament_install']
[0.106s] Level 1:colcon.colcon_core.package_identification:_identify(/home/z017/proj/PX4-fully-actuated-v1.15.2/Tools/simulation/gz/models/atmos) by extension 'ignore'
[0.106s] Level 1:colcon.colcon_core.package_identification:_identify(/home/z017/proj/PX4-fully-actuated-v1.15.2/Tools/simulation/gz/models/atmos) by extension 'ignore_ament_install'
[0.106s] Level 1:colcon.colcon_core.package_identification:_identify(/home/z017/proj/PX4-fully-actuated-v1.15.2/Tools/simulation/gz/models/atmos) by extensions ['colcon_pkg']
[0.106s] Level 1:colcon.colcon_core.package_identification:_identify(/home/z017/proj/PX4-fully-actuated-v1.15.2/Tools/simulation/gz/models/atmos) by extension 'colcon_pkg'
[0.106s] Level 1:colcon.colcon_core.package_identification:_identify(/home/z017/proj/PX4-fully-actuated-v1.15.2/Tools/simulation/gz/models/atmos) by extensions ['colcon_meta']
[0.106s] Level 1:colcon.colcon_core.package_identification:_identify(/home/z017/proj/PX4-fully-actuated-v1.15.2/Tools/simulation/gz/models/atmos) by extension 'colcon_meta'
[0.106s] Level 1:colcon.colcon_core.package_identification:_identify(/home/z017/proj/PX4-fully-actuated-v1.15.2/Tools/simulation/gz/models/atmos) by extensions ['ros']
[0.106s] Level 1:colcon.colcon_core.package_identification:_identify(/home/z017/proj/PX4-fully-actuated-v1.15.2/Tools/simulation/gz/models/atmos) by extension 'ros'
[0.107s] Level 1:colcon.colcon_core.package_identification:_identify(/home/z017/proj/PX4-fully-actuated-v1.15.2/Tools/simulation/gz/models/atmos) by extensions ['cmake', 'python']
[0.107s] Level 1:colcon.colcon_core.package_identification:_identify(/home/z017/proj/PX4-fully-actuated-v1.15.2/Tools/simulation/gz/models/atmos) by extension 'cmake'
[0.107s] Level 1:colcon.colcon_core.package_identification:_identify(/home/z017/proj/PX4-fully-actuated-v1.15.2/Tools/simulation/gz/models/atmos) by extension 'python'
[0.107s] Level 1:colcon.colcon_core.package_identification:_identify(/home/z017/proj/PX4-fully-actuated-v1.15.2/Tools/simulation/gz/models/atmos) by extensions ['python_setup_py']
[0.107s] Level 1:colcon.colcon_core.package_identification:_identify(/home/z017/proj/PX4-fully-actuated-v1.15.2/Tools/simulation/gz/models/atmos) by extension 'python_setup_py'
[0.107s] Level 1:colcon.colcon_core.package_identification:_identify(/home/z017/proj/PX4-fully-actuated-v1.15.2/Tools/simulation/gz/models/atmos_dual) by extensions ['ignore', 'ignore_ament_install']
[0.107s] Level 1:colcon.colcon_core.package_identification:_identify(/home/z017/proj/PX4-fully-actuated-v1.15.2/Tools/simulation/gz/models/atmos_dual) by extension 'ignore'
[0.107s] Level 1:colcon.colcon_core.package_identification:_identify(/home/z017/proj/PX4-fully-actuated-v1.15.2/Tools/simulation/gz/models/atmos_dual) by extension 'ignore_ament_install'
[0.107s] Level 1:colcon.colcon_core.package_identification:_identify(/home/z017/proj/PX4-fully-actuated-v1.15.2/Tools/simulation/gz/models/atmos_dual) by extensions ['colcon_pkg']
[0.107s] Level 1:colcon.colcon_core.package_identification:_identify(/home/z017/proj/PX4-fully-actuated-v1.15.2/Tools/simulation/gz/models/atmos_dual) by extension 'colcon_pkg'
[0.107s] Level 1:colcon.colcon_core.package_identification:_identify(/home/z017/proj/PX4-fully-actuated-v1.15.2/Tools/simulation/gz/models/atmos_dual) by extensions ['colcon_meta']
[0.107s] Level 1:colcon.colcon_core.package_identification:_identify(/home/z017/proj/PX4-fully-actuated-v1.15.2/Tools/simulation/gz/models/atmos_dual) by extension 'colcon_meta'
[0.107s] Level 1:colcon.colcon_core.package_identification:_identify(/home/z017/proj/PX4-fully-actuated-v1.15.2/Tools/simulation/gz/models/atmos_dual) by extensions ['ros']
[0.107s] Level 1:colcon.colcon_core.package_identification:_identify(/home/z017/proj/PX4-fully-actuated-v1.15.2/Tools/simulation/gz/models/atmos_dual) by extension 'ros'
[0.107s] Level 1:colcon.colcon_core.package_identification:_identify(/home/z017/proj/PX4-fully-actuated-v1.15.2/Tools/simulation/gz/models/atmos_dual) by extensions ['cmake', 'python']
[0.107s] Level 1:colcon.colcon_core.package_identification:_identify(/home/z017/proj/PX4-fully-actuated-v1.15.2/Tools/simulation/gz/models/atmos_dual) by extension 'cmake'
[0.107s] Level 1:colcon.colcon_core.package_identification:_identify(/home/z017/proj/PX4-fully-actuated-v1.15.2/Tools/simulation/gz/models/atmos_dual) by extension 'python'
[0.107s] Level 1:colcon.colcon_core.package_identification:_identify(/home/z017/proj/PX4-fully-actuated-v1.15.2/Tools/simulation/gz/models/atmos_dual) by extensions ['python_setup_py']
[0.107s] Level 1:colcon.colcon_core.package_identification:_identify(/home/z017/proj/PX4-fully-actuated-v1.15.2/Tools/simulation/gz/models/atmos_dual) by extension 'python_setup_py'
[0.107s] Level 1:colcon.colcon_core.package_identification:_identify(/home/z017/proj/PX4-fully-actuated-v1.15.2/Tools/simulation/gz/models/d435i_camera) by extensions ['ignore', 'ignore_ament_install']
[0.107s] Level 1:colcon.colcon_core.package_identification:_identify(/home/z017/proj/PX4-fully-actuated-v1.15.2/Tools/simulation/gz/models/d435i_camera) by extension 'ignore'
[0.107s] Level 1:colcon.colcon_core.package_identification:_identify(/home/z017/proj/PX4-fully-actuated-v1.15.2/Tools/simulation/gz/models/d435i_camera) by extension 'ignore_ament_install'
[0.107s] Level 1:colcon.colcon_core.package_identification:_identify(/home/z017/proj/PX4-fully-actuated-v1.15.2/Tools/simulation/gz/models/d435i_camera) by extensions ['colcon_pkg']
[0.107s] Level 1:colcon.colcon_core.package_identification:_identify(/home/z017/proj/PX4-fully-actuated-v1.15.2/Tools/simulation/gz/models/d435i_camera) by extension 'colcon_pkg'
[0.107s] Level 1:colcon.colcon_core.package_identification:_identify(/home/z017/proj/PX4-fully-actuated-v1.15.2/Tools/simulation/gz/models/d435i_camera) by extensions ['colcon_meta']
[0.107s] Level 1:colcon.colcon_core.package_identification:_identify(/home/z017/proj/PX4-fully-actuated-v1.15.2/Tools/simulation/gz/models/d435i_camera) by extension 'colcon_meta'
[0.107s] Level 1:colcon.colcon_core.package_identification:_identify(/home/z017/proj/PX4-fully-actuated-v1.15.2/Tools/simulation/gz/models/d435i_camera) by extensions ['ros']
[0.107s] Level 1:colcon.colcon_core.package_identification:_identify(/home/z017/proj/PX4-fully-actuated-v1.15.2/Tools/simulation/gz/models/d435i_camera) by extension 'ros'
[0.107s] Level 1:colcon.colcon_core.package_identification:_identify(/home/z017/proj/PX4-fully-actuated-v1.15.2/Tools/simulation/gz/models/d435i_camera) by extensions ['cmake', 'python']
[0.107s] Level 1:colcon.colcon_core.package_identification:_identify(/home/z017/proj/PX4-fully-actuated-v1.15.2/Tools/simulation/gz/models/d435i_camera) by extension 'cmake'
[0.107s] Level 1:colcon.colcon_core.package_identification:_identify(/home/z017/proj/PX4-fully-actuated-v1.15.2/Tools/simulation/gz/models/d435i_camera) by extension 'python'
[0.107s] Level 1:colcon.colcon_core.package_identification:_identify(/home/z017/proj/PX4-fully-actuated-v1.15.2/Tools/simulation/gz/models/d435i_camera) by extensions ['python_setup_py']
[0.107s] Level 1:colcon.colcon_core.package_identification:_identify(/home/z017/proj/PX4-fully-actuated-v1.15.2/Tools/simulation/gz/models/d435i_camera) by extension 'python_setup_py'
[0.108s] Level 1:colcon.colcon_core.package_identification:_identify(/home/z017/proj/PX4-fully-actuated-v1.15.2/Tools/simulation/gz/models/d435i_camera/meshes) by extensions ['ignore', 'ignore_ament_install']
[0.108s] Level 1:colcon.colcon_core.package_identification:_identify(/home/z017/proj/PX4-fully-actuated-v1.15.2/Tools/simulation/gz/models/d435i_camera/meshes) by extension 'ignore'
[0.108s] Level 1:colcon.colcon_core.package_identification:_identify(/home/z017/proj/PX4-fully-actuated-v1.15.2/Tools/simulation/gz/models/d435i_camera/meshes) by extension 'ignore_ament_install'
[0.108s] Level 1:colcon.colcon_core.package_identification:_identify(/home/z017/proj/PX4-fully-actuated-v1.15.2/Tools/simulation/gz/models/d435i_camera/meshes) by extensions ['colcon_pkg']
[0.108s] Level 1:colcon.colcon_core.package_identification:_identify(/home/z017/proj/PX4-fully-actuated-v1.15.2/Tools/simulation/gz/models/d435i_camera/meshes) by extension 'colcon_pkg'
[0.108s] Level 1:colcon.colcon_core.package_identification:_identify(/home/z017/proj/PX4-fully-actuated-v1.15.2/Tools/simulation/gz/models/d435i_camera/meshes) by extensions ['colcon_meta']
[0.108s] Level 1:colcon.colcon_core.package_identification:_identify(/home/z017/proj/PX4-fully-actuated-v1.15.2/Tools/simulation/gz/models/d435i_camera/meshes) by extension 'colcon_meta'
[0.108s] Level 1:colcon.colcon_core.package_identification:_identify(/home/z017/proj/PX4-fully-actuated-v1.15.2/Tools/simulation/gz/models/d435i_camera/meshes) by extensions ['ros']
[0.108s] Level 1:colcon.colcon_core.package_identification:_identify(/home/z017/proj/PX4-fully-actuated-v1.15.2/Tools/simulation/gz/models/d435i_camera/meshes) by extension 'ros'
[0.108s] Level 1:colcon.colcon_core.package_identification:_identify(/home/z017/proj/PX4-fully-actuated-v1.15.2/Tools/simulation/gz/models/d435i_camera/meshes) by extensions ['cmake', 'python']
[0.108s] Level 1:colcon.colcon_core.package_identification:_identify(/home/z017/proj/PX4-fully-actuated-v1.15.2/Tools/simulation/gz/models/d435i_camera/meshes) by extension 'cmake'
[0.108s] Level 1:colcon.colcon_core.package_identification:_identify(/home/z017/proj/PX4-fully-actuated-v1.15.2/Tools/simulation/gz/models/d435i_camera/meshes) by extension 'python'
[0.108s] Level 1:colcon.colcon_core.package_identification:_identify(/home/z017/proj/PX4-fully-actuated-v1.15.2/Tools/simulation/gz/models/d435i_camera/meshes) by extensions ['python_setup_py']
[0.108s] Level 1:colcon.colcon_core.package_identification:_identify(/home/z017/proj/PX4-fully-actuated-v1.15.2/Tools/simulation/gz/models/d435i_camera/meshes) by extension 'python_setup_py'
[0.108s] Level 1:colcon.colcon_core.package_identification:_identify(/home/z017/proj/PX4-fully-actuated-v1.15.2/Tools/simulation/gz/models/end_effector) by extensions ['ignore', 'ignore_ament_install']
[0.108s] Level 1:colcon.colcon_core.package_identification:_identify(/home/z017/proj/PX4-fully-actuated-v1.15.2/Tools/simulation/gz/models/end_effector) by extension 'ignore'
[0.108s] Level 1:colcon.colcon_core.package_identification:_identify(/home/z017/proj/PX4-fully-actuated-v1.15.2/Tools/simulation/gz/models/end_effector) by extension 'ignore_ament_install'
[0.108s] Level 1:colcon.colcon_core.package_identification:_identify(/home/z017/proj/PX4-fully-actuated-v1.15.2/Tools/simulation/gz/models/end_effector) by extensions ['colcon_pkg']
[0.108s] Level 1:colcon.colcon_core.package_identification:_identify(/home/z017/proj/PX4-fully-actuated-v1.15.2/Tools/simulation/gz/models/end_effector) by extension 'colcon_pkg'
[0.108s] Level 1:colcon.colcon_core.package_identification:_identify(/home/z017/proj/PX4-fully-actuated-v1.15.2/Tools/simulation/gz/models/end_effector) by extensions ['colcon_meta']
[0.108s] Level 1:colcon.colcon_core.package_identification:_identify(/home/z017/proj/PX4-fully-actuated-v1.15.2/Tools/simulation/gz/models/end_effector) by extension 'colcon_meta'
[0.108s] Level 1:colcon.colcon_core.package_identification:_identify(/home/z017/proj/PX4-fully-actuated-v1.15.2/Tools/simulation/gz/models/end_effector) by extensions ['ros']
[0.108s] Level 1:colcon.colcon_core.package_identification:_identify(/home/z017/proj/PX4-fully-actuated-v1.15.2/Tools/simulation/gz/models/end_effector) by extension 'ros'
[0.108s] Level 1:colcon.colcon_core.package_identification:_identify(/home/z017/proj/PX4-fully-actuated-v1.15.2/Tools/simulation/gz/models/end_effector) by extensions ['cmake', 'python']
[0.108s] Level 1:colcon.colcon_core.package_identification:_identify(/home/z017/proj/PX4-fully-actuated-v1.15.2/Tools/simulation/gz/models/end_effector) by extension 'cmake'
[0.108s] Level 1:colcon.colcon_core.package_identification:_identify(/home/z017/proj/PX4-fully-actuated-v1.15.2/Tools/simulation/gz/models/end_effector) by extension 'python'
[0.108s] Level 1:colcon.colcon_core.package_identification:_identify(/home/z017/proj/PX4-fully-actuated-v1.15.2/Tools/simulation/gz/models/end_effector) by extensions ['python_setup_py']
[0.108s] Level 1:colcon.colcon_core.package_identification:_identify(/home/z017/proj/PX4-fully-actuated-v1.15.2/Tools/simulation/gz/models/end_effector) by extension 'python_setup_py'
[0.108s] Level 1:colcon.colcon_core.package_identification:_identify(/home/z017/proj/PX4-fully-actuated-v1.15.2/Tools/simulation/gz/models/end_effector/meshes) by extensions ['ignore', 'ignore_ament_install']
[0.108s] Level 1:colcon.colcon_core.package_identification:_identify(/home/z017/proj/PX4-fully-actuated-v1.15.2/Tools/simulation/gz/models/end_effector/meshes) by extension 'ignore'
[0.108s] Level 1:colcon.colcon_core.package_identification:_identify(/home/z017/proj/PX4-fully-actuated-v1.15.2/Tools/simulation/gz/models/end_effector/meshes) by extension 'ignore_ament_install'
[0.108s] Level 1:colcon.colcon_core.package_identification:_identify(/home/z017/proj/PX4-fully-actuated-v1.15.2/Tools/simulation/gz/models/end_effector/meshes) by extensions ['colcon_pkg']
[0.108s] Level 1:colcon.colcon_core.package_identification:_identify(/home/z017/proj/PX4-fully-actuated-v1.15.2/Tools/simulation/gz/models/end_effector/meshes) by extension 'colcon_pkg'
[0.108s] Level 1:colcon.colcon_core.package_identification:_identify(/home/z017/proj/PX4-fully-actuated-v1.15.2/Tools/simulation/gz/models/end_effector/meshes) by extensions ['colcon_meta']
[0.108s] Level 1:colcon.colcon_core.package_identification:_identify(/home/z017/proj/PX4-fully-actuated-v1.15.2/Tools/simulation/gz/models/end_effector/meshes) by extension 'colcon_meta'
[0.108s] Level 1:colcon.colcon_core.package_identification:_identify(/home/z017/proj/PX4-fully-actuated-v1.15.2/Tools/simulation/gz/models/end_effector/meshes) by extensions ['ros']
[0.108s] Level 1:colcon.colcon_core.package_identification:_identify(/home/z017/proj/PX4-fully-actuated-v1.15.2/Tools/simulation/gz/models/end_effector/meshes) by extension 'ros'
[0.108s] Level 1:colcon.colcon_core.package_identification:_identify(/home/z017/proj/PX4-fully-actuated-v1.15.2/Tools/simulation/gz/models/end_effector/meshes) by extensions ['cmake', 'python']
[0.108s] Level 1:colcon.colcon_core.package_identification:_identify(/home/z017/proj/PX4-fully-actuated-v1.15.2/Tools/simulation/gz/models/end_effector/meshes) by extension 'cmake'
[0.109s] Level 1:colcon.colcon_core.package_identification:_identify(/home/z017/proj/PX4-fully-actuated-v1.15.2/Tools/simulation/gz/models/end_effector/meshes) by extension 'python'
[0.109s] Level 1:colcon.colcon_core.package_identification:_identify(/home/z017/proj/PX4-fully-actuated-v1.15.2/Tools/simulation/gz/models/end_effector/meshes) by extensions ['python_setup_py']
[0.109s] Level 1:colcon.colcon_core.package_identification:_identify(/home/z017/proj/PX4-fully-actuated-v1.15.2/Tools/simulation/gz/models/end_effector/meshes) by extension 'python_setup_py'
[0.109s] Level 1:colcon.colcon_core.package_identification:_identify(/home/z017/proj/PX4-fully-actuated-v1.15.2/Tools/simulation/gz/models/gimbal) by extensions ['ignore', 'ignore_ament_install']
[0.109s] Level 1:colcon.colcon_core.package_identification:_identify(/home/z017/proj/PX4-fully-actuated-v1.15.2/Tools/simulation/gz/models/gimbal) by extension 'ignore'
[0.109s] Level 1:colcon.colcon_core.package_identification:_identify(/home/z017/proj/PX4-fully-actuated-v1.15.2/Tools/simulation/gz/models/gimbal) by extension 'ignore_ament_install'
[0.109s] Level 1:colcon.colcon_core.package_identification:_identify(/home/z017/proj/PX4-fully-actuated-v1.15.2/Tools/simulation/gz/models/gimbal) by extensions ['colcon_pkg']
[0.109s] Level 1:colcon.colcon_core.package_identification:_identify(/home/z017/proj/PX4-fully-actuated-v1.15.2/Tools/simulation/gz/models/gimbal) by extension 'colcon_pkg'
[0.109s] Level 1:colcon.colcon_core.package_identification:_identify(/home/z017/proj/PX4-fully-actuated-v1.15.2/Tools/simulation/gz/models/gimbal) by extensions ['colcon_meta']
[0.109s] Level 1:colcon.colcon_core.package_identification:_identify(/home/z017/proj/PX4-fully-actuated-v1.15.2/Tools/simulation/gz/models/gimbal) by extension 'colcon_meta'
[0.109s] Level 1:colcon.colcon_core.package_identification:_identify(/home/z017/proj/PX4-fully-actuated-v1.15.2/Tools/simulation/gz/models/gimbal) by extensions ['ros']
[0.109s] Level 1:colcon.colcon_core.package_identification:_identify(/home/z017/proj/PX4-fully-actuated-v1.15.2/Tools/simulation/gz/models/gimbal) by extension 'ros'
[0.109s] Level 1:colcon.colcon_core.package_identification:_identify(/home/z017/proj/PX4-fully-actuated-v1.15.2/Tools/simulation/gz/models/gimbal) by extensions ['cmake', 'python']
[0.109s] Level 1:colcon.colcon_core.package_identification:_identify(/home/z017/proj/PX4-fully-actuated-v1.15.2/Tools/simulation/gz/models/gimbal) by extension 'cmake'
[0.109s] Level 1:colcon.colcon_core.package_identification:_identify(/home/z017/proj/PX4-fully-actuated-v1.15.2/Tools/simulation/gz/models/gimbal) by extension 'python'
[0.109s] Level 1:colcon.colcon_core.package_identification:_identify(/home/z017/proj/PX4-fully-actuated-v1.15.2/Tools/simulation/gz/models/gimbal) by extensions ['python_setup_py']
[0.109s] Level 1:colcon.colcon_core.package_identification:_identify(/home/z017/proj/PX4-fully-actuated-v1.15.2/Tools/simulation/gz/models/gimbal) by extension 'python_setup_py'
[0.109s] Level 1:colcon.colcon_core.package_identification:_identify(/home/z017/proj/PX4-fully-actuated-v1.15.2/Tools/simulation/gz/models/gimbal/meshes) by extensions ['ignore', 'ignore_ament_install']
[0.109s] Level 1:colcon.colcon_core.package_identification:_identify(/home/z017/proj/PX4-fully-actuated-v1.15.2/Tools/simulation/gz/models/gimbal/meshes) by extension 'ignore'
[0.109s] Level 1:colcon.colcon_core.package_identification:_identify(/home/z017/proj/PX4-fully-actuated-v1.15.2/Tools/simulation/gz/models/gimbal/meshes) by extension 'ignore_ament_install'
[0.109s] Level 1:colcon.colcon_core.package_identification:_identify(/home/z017/proj/PX4-fully-actuated-v1.15.2/Tools/simulation/gz/models/gimbal/meshes) by extensions ['colcon_pkg']
[0.109s] Level 1:colcon.colcon_core.package_identification:_identify(/home/z017/proj/PX4-fully-actuated-v1.15.2/Tools/simulation/gz/models/gimbal/meshes) by extension 'colcon_pkg'
[0.109s] Level 1:colcon.colcon_core.package_identification:_identify(/home/z017/proj/PX4-fully-actuated-v1.15.2/Tools/simulation/gz/models/gimbal/meshes) by extensions ['colcon_meta']
[0.109s] Level 1:colcon.colcon_core.package_identification:_identify(/home/z017/proj/PX4-fully-actuated-v1.15.2/Tools/simulation/gz/models/gimbal/meshes) by extension 'colcon_meta'
[0.109s] Level 1:colcon.colcon_core.package_identification:_identify(/home/z017/proj/PX4-fully-actuated-v1.15.2/Tools/simulation/gz/models/gimbal/meshes) by extensions ['ros']
[0.109s] Level 1:colcon.colcon_core.package_identification:_identify(/home/z017/proj/PX4-fully-actuated-v1.15.2/Tools/simulation/gz/models/gimbal/meshes) by extension 'ros'
[0.109s] Level 1:colcon.colcon_core.package_identification:_identify(/home/z017/proj/PX4-fully-actuated-v1.15.2/Tools/simulation/gz/models/gimbal/meshes) by extensions ['cmake', 'python']
[0.109s] Level 1:colcon.colcon_core.package_identification:_identify(/home/z017/proj/PX4-fully-actuated-v1.15.2/Tools/simulation/gz/models/gimbal/meshes) by extension 'cmake'
[0.109s] Level 1:colcon.colcon_core.package_identification:_identify(/home/z017/proj/PX4-fully-actuated-v1.15.2/Tools/simulation/gz/models/gimbal/meshes) by extension 'python'
[0.109s] Level 1:colcon.colcon_core.package_identification:_identify(/home/z017/proj/PX4-fully-actuated-v1.15.2/Tools/simulation/gz/models/gimbal/meshes) by extensions ['python_setup_py']
[0.109s] Level 1:colcon.colcon_core.package_identification:_identify(/home/z017/proj/PX4-fully-actuated-v1.15.2/Tools/simulation/gz/models/gimbal/meshes) by extension 'python_setup_py'
[0.109s] Level 1:colcon.colcon_core.package_identification:_identify(/home/z017/proj/PX4-fully-actuated-v1.15.2/Tools/simulation/gz/models/helipad) by extensions ['ignore', 'ignore_ament_install']
[0.109s] Level 1:colcon.colcon_core.package_identification:_identify(/home/z017/proj/PX4-fully-actuated-v1.15.2/Tools/simulation/gz/models/helipad) by extension 'ignore'
[0.109s] Level 1:colcon.colcon_core.package_identification:_identify(/home/z017/proj/PX4-fully-actuated-v1.15.2/Tools/simulation/gz/models/helipad) by extension 'ignore_ament_install'
[0.109s] Level 1:colcon.colcon_core.package_identification:_identify(/home/z017/proj/PX4-fully-actuated-v1.15.2/Tools/simulation/gz/models/helipad) by extensions ['colcon_pkg']
[0.109s] Level 1:colcon.colcon_core.package_identification:_identify(/home/z017/proj/PX4-fully-actuated-v1.15.2/Tools/simulation/gz/models/helipad) by extension 'colcon_pkg'
[0.110s] Level 1:colcon.colcon_core.package_identification:_identify(/home/z017/proj/PX4-fully-actuated-v1.15.2/Tools/simulation/gz/models/helipad) by extensions ['colcon_meta']
[0.110s] Level 1:colcon.colcon_core.package_identification:_identify(/home/z017/proj/PX4-fully-actuated-v1.15.2/Tools/simulation/gz/models/helipad) by extension 'colcon_meta'
[0.110s] Level 1:colcon.colcon_core.package_identification:_identify(/home/z017/proj/PX4-fully-actuated-v1.15.2/Tools/simulation/gz/models/helipad) by extensions ['ros']
[0.110s] Level 1:colcon.colcon_core.package_identification:_identify(/home/z017/proj/PX4-fully-actuated-v1.15.2/Tools/simulation/gz/models/helipad) by extension 'ros'
[0.110s] Level 1:colcon.colcon_core.package_identification:_identify(/home/z017/proj/PX4-fully-actuated-v1.15.2/Tools/simulation/gz/models/helipad) by extensions ['cmake', 'python']
[0.110s] Level 1:colcon.colcon_core.package_identification:_identify(/home/z017/proj/PX4-fully-actuated-v1.15.2/Tools/simulation/gz/models/helipad) by extension 'cmake'
[0.110s] Level 1:colcon.colcon_core.package_identification:_identify(/home/z017/proj/PX4-fully-actuated-v1.15.2/Tools/simulation/gz/models/helipad) by extension 'python'
[0.110s] Level 1:colcon.colcon_core.package_identification:_identify(/home/z017/proj/PX4-fully-actuated-v1.15.2/Tools/simulation/gz/models/helipad) by extensions ['python_setup_py']
[0.110s] Level 1:colcon.colcon_core.package_identification:_identify(/home/z017/proj/PX4-fully-actuated-v1.15.2/Tools/simulation/gz/models/helipad) by extension 'python_setup_py'
[0.110s] Level 1:colcon.colcon_core.package_identification:_identify(/home/z017/proj/PX4-fully-actuated-v1.15.2/Tools/simulation/gz/models/lawnmower) by extensions ['ignore', 'ignore_ament_install']
[0.110s] Level 1:colcon.colcon_core.package_identification:_identify(/home/z017/proj/PX4-fully-actuated-v1.15.2/Tools/simulation/gz/models/lawnmower) by extension 'ignore'
[0.110s] Level 1:colcon.colcon_core.package_identification:_identify(/home/z017/proj/PX4-fully-actuated-v1.15.2/Tools/simulation/gz/models/lawnmower) by extension 'ignore_ament_install'
[0.110s] Level 1:colcon.colcon_core.package_identification:_identify(/home/z017/proj/PX4-fully-actuated-v1.15.2/Tools/simulation/gz/models/lawnmower) by extensions ['colcon_pkg']
[0.110s] Level 1:colcon.colcon_core.package_identification:_identify(/home/z017/proj/PX4-fully-actuated-v1.15.2/Tools/simulation/gz/models/lawnmower) by extension 'colcon_pkg'
[0.110s] Level 1:colcon.colcon_core.package_identification:_identify(/home/z017/proj/PX4-fully-actuated-v1.15.2/Tools/simulation/gz/models/lawnmower) by extensions ['colcon_meta']
[0.110s] Level 1:colcon.colcon_core.package_identification:_identify(/home/z017/proj/PX4-fully-actuated-v1.15.2/Tools/simulation/gz/models/lawnmower) by extension 'colcon_meta'
[0.110s] Level 1:colcon.colcon_core.package_identification:_identify(/home/z017/proj/PX4-fully-actuated-v1.15.2/Tools/simulation/gz/models/lawnmower) by extensions ['ros']
[0.110s] Level 1:colcon.colcon_core.package_identification:_identify(/home/z017/proj/PX4-fully-actuated-v1.15.2/Tools/simulation/gz/models/lawnmower) by extension 'ros'
[0.110s] Level 1:colcon.colcon_core.package_identification:_identify(/home/z017/proj/PX4-fully-actuated-v1.15.2/Tools/simulation/gz/models/lawnmower) by extensions ['cmake', 'python']
[0.110s] Level 1:colcon.colcon_core.package_identification:_identify(/home/z017/proj/PX4-fully-actuated-v1.15.2/Tools/simulation/gz/models/lawnmower) by extension 'cmake'
[0.110s] Level 1:colcon.colcon_core.package_identification:_identify(/home/z017/proj/PX4-fully-actuated-v1.15.2/Tools/simulation/gz/models/lawnmower) by extension 'python'
[0.110s] Level 1:colcon.colcon_core.package_identification:_identify(/home/z017/proj/PX4-fully-actuated-v1.15.2/Tools/simulation/gz/models/lawnmower) by extensions ['python_setup_py']
[0.110s] Level 1:colcon.colcon_core.package_identification:_identify(/home/z017/proj/PX4-fully-actuated-v1.15.2/Tools/simulation/gz/models/lawnmower) by extension 'python_setup_py'
[0.110s] Level 1:colcon.colcon_core.package_identification:_identify(/home/z017/proj/PX4-fully-actuated-v1.15.2/Tools/simulation/gz/models/lawnmower/meshes) by extensions ['ignore', 'ignore_ament_install']
[0.110s] Level 1:colcon.colcon_core.package_identification:_identify(/home/z017/proj/PX4-fully-actuated-v1.15.2/Tools/simulation/gz/models/lawnmower/meshes) by extension 'ignore'
[0.110s] Level 1:colcon.colcon_core.package_identification:_identify(/home/z017/proj/PX4-fully-actuated-v1.15.2/Tools/simulation/gz/models/lawnmower/meshes) by extension 'ignore_ament_install'
[0.110s] Level 1:colcon.colcon_core.package_identification:_identify(/home/z017/proj/PX4-fully-actuated-v1.15.2/Tools/simulation/gz/models/lawnmower/meshes) by extensions ['colcon_pkg']
[0.110s] Level 1:colcon.colcon_core.package_identification:_identify(/home/z017/proj/PX4-fully-actuated-v1.15.2/Tools/simulation/gz/models/lawnmower/meshes) by extension 'colcon_pkg'
[0.110s] Level 1:colcon.colcon_core.package_identification:_identify(/home/z017/proj/PX4-fully-actuated-v1.15.2/Tools/simulation/gz/models/lawnmower/meshes) by extensions ['colcon_meta']
[0.110s] Level 1:colcon.colcon_core.package_identification:_identify(/home/z017/proj/PX4-fully-actuated-v1.15.2/Tools/simulation/gz/models/lawnmower/meshes) by extension 'colcon_meta'
[0.110s] Level 1:colcon.colcon_core.package_identification:_identify(/home/z017/proj/PX4-fully-actuated-v1.15.2/Tools/simulation/gz/models/lawnmower/meshes) by extensions ['ros']
[0.110s] Level 1:colcon.colcon_core.package_identification:_identify(/home/z017/proj/PX4-fully-actuated-v1.15.2/Tools/simulation/gz/models/lawnmower/meshes) by extension 'ros'
[0.110s] Level 1:colcon.colcon_core.package_identification:_identify(/home/z017/proj/PX4-fully-actuated-v1.15.2/Tools/simulation/gz/models/lawnmower/meshes) by extensions ['cmake', 'python']
[0.110s] Level 1:colcon.colcon_core.package_identification:_identify(/home/z017/proj/PX4-fully-actuated-v1.15.2/Tools/simulation/gz/models/lawnmower/meshes) by extension 'cmake'
[0.110s] Level 1:colcon.colcon_core.package_identification:_identify(/home/z017/proj/PX4-fully-actuated-v1.15.2/Tools/simulation/gz/models/lawnmower/meshes) by extension 'python'
[0.110s] Level 1:colcon.colcon_core.package_identification:_identify(/home/z017/proj/PX4-fully-actuated-v1.15.2/Tools/simulation/gz/models/lawnmower/meshes) by extensions ['python_setup_py']
[0.110s] Level 1:colcon.colcon_core.package_identification:_identify(/home/z017/proj/PX4-fully-actuated-v1.15.2/Tools/simulation/gz/models/lawnmower/meshes) by extension 'python_setup_py'
[0.110s] Level 1:colcon.colcon_core.package_identification:_identify(/home/z017/proj/PX4-fully-actuated-v1.15.2/Tools/simulation/gz/models/lidar_2d_v2) by extensions ['ignore', 'ignore_ament_install']
[0.110s] Level 1:colcon.colcon_core.package_identification:_identify(/home/z017/proj/PX4-fully-actuated-v1.15.2/Tools/simulation/gz/models/lidar_2d_v2) by extension 'ignore'
[0.110s] Level 1:colcon.colcon_core.package_identification:_identify(/home/z017/proj/PX4-fully-actuated-v1.15.2/Tools/simulation/gz/models/lidar_2d_v2) by extension 'ignore_ament_install'
[0.110s] Level 1:colcon.colcon_core.package_identification:_identify(/home/z017/proj/PX4-fully-actuated-v1.15.2/Tools/simulation/gz/models/lidar_2d_v2) by extensions ['colcon_pkg']
[0.110s] Level 1:colcon.colcon_core.package_identification:_identify(/home/z017/proj/PX4-fully-actuated-v1.15.2/Tools/simulation/gz/models/lidar_2d_v2) by extension 'colcon_pkg'
[0.110s] Level 1:colcon.colcon_core.package_identification:_identify(/home/z017/proj/PX4-fully-actuated-v1.15.2/Tools/simulation/gz/models/lidar_2d_v2) by extensions ['colcon_meta']
[0.110s] Level 1:colcon.colcon_core.package_identification:_identify(/home/z017/proj/PX4-fully-actuated-v1.15.2/Tools/simulation/gz/models/lidar_2d_v2) by extension 'colcon_meta'
[0.111s] Level 1:colcon.colcon_core.package_identification:_identify(/home/z017/proj/PX4-fully-actuated-v1.15.2/Tools/simulation/gz/models/lidar_2d_v2) by extensions ['ros']
[0.111s] Level 1:colcon.colcon_core.package_identification:_identify(/home/z017/proj/PX4-fully-actuated-v1.15.2/Tools/simulation/gz/models/lidar_2d_v2) by extension 'ros'
[0.111s] Level 1:colcon.colcon_core.package_identification:_identify(/home/z017/proj/PX4-fully-actuated-v1.15.2/Tools/simulation/gz/models/lidar_2d_v2) by extensions ['cmake', 'python']
[0.111s] Level 1:colcon.colcon_core.package_identification:_identify(/home/z017/proj/PX4-fully-actuated-v1.15.2/Tools/simulation/gz/models/lidar_2d_v2) by extension 'cmake'
[0.111s] Level 1:colcon.colcon_core.package_identification:_identify(/home/z017/proj/PX4-fully-actuated-v1.15.2/Tools/simulation/gz/models/lidar_2d_v2) by extension 'python'
[0.111s] Level 1:colcon.colcon_core.package_identification:_identify(/home/z017/proj/PX4-fully-actuated-v1.15.2/Tools/simulation/gz/models/lidar_2d_v2) by extensions ['python_setup_py']
[0.111s] Level 1:colcon.colcon_core.package_identification:_identify(/home/z017/proj/PX4-fully-actuated-v1.15.2/Tools/simulation/gz/models/lidar_2d_v2) by extension 'python_setup_py'
[0.111s] Level 1:colcon.colcon_core.package_identification:_identify(/home/z017/proj/PX4-fully-actuated-v1.15.2/Tools/simulation/gz/models/lidar_2d_v2/meshes) by extensions ['ignore', 'ignore_ament_install']
[0.111s] Level 1:colcon.colcon_core.package_identification:_identify(/home/z017/proj/PX4-fully-actuated-v1.15.2/Tools/simulation/gz/models/lidar_2d_v2/meshes) by extension 'ignore'
[0.111s] Level 1:colcon.colcon_core.package_identification:_identify(/home/z017/proj/PX4-fully-actuated-v1.15.2/Tools/simulation/gz/models/lidar_2d_v2/meshes) by extension 'ignore_ament_install'
[0.111s] Level 1:colcon.colcon_core.package_identification:_identify(/home/z017/proj/PX4-fully-actuated-v1.15.2/Tools/simulation/gz/models/lidar_2d_v2/meshes) by extensions ['colcon_pkg']
[0.111s] Level 1:colcon.colcon_core.package_identification:_identify(/home/z017/proj/PX4-fully-actuated-v1.15.2/Tools/simulation/gz/models/lidar_2d_v2/meshes) by extension 'colcon_pkg'
[0.111s] Level 1:colcon.colcon_core.package_identification:_identify(/home/z017/proj/PX4-fully-actuated-v1.15.2/Tools/simulation/gz/models/lidar_2d_v2/meshes) by extensions ['colcon_meta']
[0.111s] Level 1:colcon.colcon_core.package_identification:_identify(/home/z017/proj/PX4-fully-actuated-v1.15.2/Tools/simulation/gz/models/lidar_2d_v2/meshes) by extension 'colcon_meta'
[0.111s] Level 1:colcon.colcon_core.package_identification:_identify(/home/z017/proj/PX4-fully-actuated-v1.15.2/Tools/simulation/gz/models/lidar_2d_v2/meshes) by extensions ['ros']
[0.111s] Level 1:colcon.colcon_core.package_identification:_identify(/home/z017/proj/PX4-fully-actuated-v1.15.2/Tools/simulation/gz/models/lidar_2d_v2/meshes) by extension 'ros'
[0.111s] Level 1:colcon.colcon_core.package_identification:_identify(/home/z017/proj/PX4-fully-actuated-v1.15.2/Tools/simulation/gz/models/lidar_2d_v2/meshes) by extensions ['cmake', 'python']
[0.111s] Level 1:colcon.colcon_core.package_identification:_identify(/home/z017/proj/PX4-fully-actuated-v1.15.2/Tools/simulation/gz/models/lidar_2d_v2/meshes) by extension 'cmake'
[0.111s] Level 1:colcon.colcon_core.package_identification:_identify(/home/z017/proj/PX4-fully-actuated-v1.15.2/Tools/simulation/gz/models/lidar_2d_v2/meshes) by extension 'python'
[0.111s] Level 1:colcon.colcon_core.package_identification:_identify(/home/z017/proj/PX4-fully-actuated-v1.15.2/Tools/simulation/gz/models/lidar_2d_v2/meshes) by extensions ['python_setup_py']
[0.111s] Level 1:colcon.colcon_core.package_identification:_identify(/home/z017/proj/PX4-fully-actuated-v1.15.2/Tools/simulation/gz/models/lidar_2d_v2/meshes) by extension 'python_setup_py'
[0.111s] Level 1:colcon.colcon_core.package_identification:_identify(/home/z017/proj/PX4-fully-actuated-v1.15.2/Tools/simulation/gz/models/lidar_2d_v2/thumbnails) by extensions ['ignore', 'ignore_ament_install']
[0.111s] Level 1:colcon.colcon_core.package_identification:_identify(/home/z017/proj/PX4-fully-actuated-v1.15.2/Tools/simulation/gz/models/lidar_2d_v2/thumbnails) by extension 'ignore'
[0.111s] Level 1:colcon.colcon_core.package_identification:_identify(/home/z017/proj/PX4-fully-actuated-v1.15.2/Tools/simulation/gz/models/lidar_2d_v2/thumbnails) by extension 'ignore_ament_install'
[0.111s] Level 1:colcon.colcon_core.package_identification:_identify(/home/z017/proj/PX4-fully-actuated-v1.15.2/Tools/simulation/gz/models/lidar_2d_v2/thumbnails) by extensions ['colcon_pkg']
[0.111s] Level 1:colcon.colcon_core.package_identification:_identify(/home/z017/proj/PX4-fully-actuated-v1.15.2/Tools/simulation/gz/models/lidar_2d_v2/thumbnails) by extension 'colcon_pkg'
[0.111s] Level 1:colcon.colcon_core.package_identification:_identify(/home/z017/proj/PX4-fully-actuated-v1.15.2/Tools/simulation/gz/models/lidar_2d_v2/thumbnails) by extensions ['colcon_meta']
[0.111s] Level 1:colcon.colcon_core.package_identification:_identify(/home/z017/proj/PX4-fully-actuated-v1.15.2/Tools/simulation/gz/models/lidar_2d_v2/thumbnails) by extension 'colcon_meta'
[0.111s] Level 1:colcon.colcon_core.package_identification:_identify(/home/z017/proj/PX4-fully-actuated-v1.15.2/Tools/simulation/gz/models/lidar_2d_v2/thumbnails) by extensions ['ros']
[0.111s] Level 1:colcon.colcon_core.package_identification:_identify(/home/z017/proj/PX4-fully-actuated-v1.15.2/Tools/simulation/gz/models/lidar_2d_v2/thumbnails) by extension 'ros'
[0.111s] Level 1:colcon.colcon_core.package_identification:_identify(/home/z017/proj/PX4-fully-actuated-v1.15.2/Tools/simulation/gz/models/lidar_2d_v2/thumbnails) by extensions ['cmake', 'python']
[0.111s] Level 1:colcon.colcon_core.package_identification:_identify(/home/z017/proj/PX4-fully-actuated-v1.15.2/Tools/simulation/gz/models/lidar_2d_v2/thumbnails) by extension 'cmake'
[0.111s] Level 1:colcon.colcon_core.package_identification:_identify(/home/z017/proj/PX4-fully-actuated-v1.15.2/Tools/simulation/gz/models/lidar_2d_v2/thumbnails) by extension 'python'
[0.111s] Level 1:colcon.colcon_core.package_identification:_identify(/home/z017/proj/PX4-fully-actuated-v1.15.2/Tools/simulation/gz/models/lidar_2d_v2/thumbnails) by extensions ['python_setup_py']
[0.111s] Level 1:colcon.colcon_core.package_identification:_identify(/home/z017/proj/PX4-fully-actuated-v1.15.2/Tools/simulation/gz/models/lidar_2d_v2/thumbnails) by extension 'python_setup_py'
[0.111s] Level 1:colcon.colcon_core.package_identification:_identify(/home/z017/proj/PX4-fully-actuated-v1.15.2/Tools/simulation/gz/models/mono_cam) by extensions ['ignore', 'ignore_ament_install']
[0.111s] Level 1:colcon.colcon_core.package_identification:_identify(/home/z017/proj/PX4-fully-actuated-v1.15.2/Tools/simulation/gz/models/mono_cam) by extension 'ignore'
[0.111s] Level 1:colcon.colcon_core.package_identification:_identify(/home/z017/proj/PX4-fully-actuated-v1.15.2/Tools/simulation/gz/models/mono_cam) by extension 'ignore_ament_install'
[0.111s] Level 1:colcon.colcon_core.package_identification:_identify(/home/z017/proj/PX4-fully-actuated-v1.15.2/Tools/simulation/gz/models/mono_cam) by extensions ['colcon_pkg']
[0.111s] Level 1:colcon.colcon_core.package_identification:_identify(/home/z017/proj/PX4-fully-actuated-v1.15.2/Tools/simulation/gz/models/mono_cam) by extension 'colcon_pkg'
[0.111s] Level 1:colcon.colcon_core.package_identification:_identify(/home/z017/proj/PX4-fully-actuated-v1.15.2/Tools/simulation/gz/models/mono_cam) by extensions ['colcon_meta']
[0.111s] Level 1:colcon.colcon_core.package_identification:_identify(/home/z017/proj/PX4-fully-actuated-v1.15.2/Tools/simulation/gz/models/mono_cam) by extension 'colcon_meta'
[0.111s] Level 1:colcon.colcon_core.package_identification:_identify(/home/z017/proj/PX4-fully-actuated-v1.15.2/Tools/simulation/gz/models/mono_cam) by extensions ['ros']
[0.112s] Level 1:colcon.colcon_core.package_identification:_identify(/home/z017/proj/PX4-fully-actuated-v1.15.2/Tools/simulation/gz/models/mono_cam) by extension 'ros'
[0.112s] Level 1:colcon.colcon_core.package_identification:_identify(/home/z017/proj/PX4-fully-actuated-v1.15.2/Tools/simulation/gz/models/mono_cam) by extensions ['cmake', 'python']
[0.112s] Level 1:colcon.colcon_core.package_identification:_identify(/home/z017/proj/PX4-fully-actuated-v1.15.2/Tools/simulation/gz/models/mono_cam) by extension 'cmake'
[0.112s] Level 1:colcon.colcon_core.package_identification:_identify(/home/z017/proj/PX4-fully-actuated-v1.15.2/Tools/simulation/gz/models/mono_cam) by extension 'python'
[0.112s] Level 1:colcon.colcon_core.package_identification:_identify(/home/z017/proj/PX4-fully-actuated-v1.15.2/Tools/simulation/gz/models/mono_cam) by extensions ['python_setup_py']
[0.112s] Level 1:colcon.colcon_core.package_identification:_identify(/home/z017/proj/PX4-fully-actuated-v1.15.2/Tools/simulation/gz/models/mono_cam) by extension 'python_setup_py'
[0.112s] Level 1:colcon.colcon_core.package_identification:_identify(/home/z017/proj/PX4-fully-actuated-v1.15.2/Tools/simulation/gz/models/moving_platform) by extensions ['ignore', 'ignore_ament_install']
[0.112s] Level 1:colcon.colcon_core.package_identification:_identify(/home/z017/proj/PX4-fully-actuated-v1.15.2/Tools/simulation/gz/models/moving_platform) by extension 'ignore'
[0.112s] Level 1:colcon.colcon_core.package_identification:_identify(/home/z017/proj/PX4-fully-actuated-v1.15.2/Tools/simulation/gz/models/moving_platform) by extension 'ignore_ament_install'
[0.112s] Level 1:colcon.colcon_core.package_identification:_identify(/home/z017/proj/PX4-fully-actuated-v1.15.2/Tools/simulation/gz/models/moving_platform) by extensions ['colcon_pkg']
[0.112s] Level 1:colcon.colcon_core.package_identification:_identify(/home/z017/proj/PX4-fully-actuated-v1.15.2/Tools/simulation/gz/models/moving_platform) by extension 'colcon_pkg'
[0.112s] Level 1:colcon.colcon_core.package_identification:_identify(/home/z017/proj/PX4-fully-actuated-v1.15.2/Tools/simulation/gz/models/moving_platform) by extensions ['colcon_meta']
[0.112s] Level 1:colcon.colcon_core.package_identification:_identify(/home/z017/proj/PX4-fully-actuated-v1.15.2/Tools/simulation/gz/models/moving_platform) by extension 'colcon_meta'
[0.112s] Level 1:colcon.colcon_core.package_identification:_identify(/home/z017/proj/PX4-fully-actuated-v1.15.2/Tools/simulation/gz/models/moving_platform) by extensions ['ros']
[0.112s] Level 1:colcon.colcon_core.package_identification:_identify(/home/z017/proj/PX4-fully-actuated-v1.15.2/Tools/simulation/gz/models/moving_platform) by extension 'ros'
[0.112s] Level 1:colcon.colcon_core.package_identification:_identify(/home/z017/proj/PX4-fully-actuated-v1.15.2/Tools/simulation/gz/models/moving_platform) by extensions ['cmake', 'python']
[0.112s] Level 1:colcon.colcon_core.package_identification:_identify(/home/z017/proj/PX4-fully-actuated-v1.15.2/Tools/simulation/gz/models/moving_platform) by extension 'cmake'
[0.112s] Level 1:colcon.colcon_core.package_identification:_identify(/home/z017/proj/PX4-fully-actuated-v1.15.2/Tools/simulation/gz/models/moving_platform) by extension 'python'
[0.112s] Level 1:colcon.colcon_core.package_identification:_identify(/home/z017/proj/PX4-fully-actuated-v1.15.2/Tools/simulation/gz/models/moving_platform) by extensions ['python_setup_py']
[0.112s] Level 1:colcon.colcon_core.package_identification:_identify(/home/z017/proj/PX4-fully-actuated-v1.15.2/Tools/simulation/gz/models/moving_platform) by extension 'python_setup_py'
[0.112s] Level 1:colcon.colcon_core.package_identification:_identify(/home/z017/proj/PX4-fully-actuated-v1.15.2/Tools/simulation/gz/models/omnicopter) by extensions ['ignore', 'ignore_ament_install']
[0.112s] Level 1:colcon.colcon_core.package_identification:_identify(/home/z017/proj/PX4-fully-actuated-v1.15.2/Tools/simulation/gz/models/omnicopter) by extension 'ignore'
[0.112s] Level 1:colcon.colcon_core.package_identification:_identify(/home/z017/proj/PX4-fully-actuated-v1.15.2/Tools/simulation/gz/models/omnicopter) by extension 'ignore_ament_install'
[0.112s] Level 1:colcon.colcon_core.package_identification:_identify(/home/z017/proj/PX4-fully-actuated-v1.15.2/Tools/simulation/gz/models/omnicopter) by extensions ['colcon_pkg']
[0.112s] Level 1:colcon.colcon_core.package_identification:_identify(/home/z017/proj/PX4-fully-actuated-v1.15.2/Tools/simulation/gz/models/omnicopter) by extension 'colcon_pkg'
[0.112s] Level 1:colcon.colcon_core.package_identification:_identify(/home/z017/proj/PX4-fully-actuated-v1.15.2/Tools/simulation/gz/models/omnicopter) by extensions ['colcon_meta']
[0.112s] Level 1:colcon.colcon_core.package_identification:_identify(/home/z017/proj/PX4-fully-actuated-v1.15.2/Tools/simulation/gz/models/omnicopter) by extension 'colcon_meta'
[0.112s] Level 1:colcon.colcon_core.package_identification:_identify(/home/z017/proj/PX4-fully-actuated-v1.15.2/Tools/simulation/gz/models/omnicopter) by extensions ['ros']
[0.112s] Level 1:colcon.colcon_core.package_identification:_identify(/home/z017/proj/PX4-fully-actuated-v1.15.2/Tools/simulation/gz/models/omnicopter) by extension 'ros'
[0.112s] Level 1:colcon.colcon_core.package_identification:_identify(/home/z017/proj/PX4-fully-actuated-v1.15.2/Tools/simulation/gz/models/omnicopter) by extensions ['cmake', 'python']
[0.112s] Level 1:colcon.colcon_core.package_identification:_identify(/home/z017/proj/PX4-fully-actuated-v1.15.2/Tools/simulation/gz/models/omnicopter) by extension 'cmake'
[0.112s] Level 1:colcon.colcon_core.package_identification:_identify(/home/z017/proj/PX4-fully-actuated-v1.15.2/Tools/simulation/gz/models/omnicopter) by extension 'python'
[0.112s] Level 1:colcon.colcon_core.package_identification:_identify(/home/z017/proj/PX4-fully-actuated-v1.15.2/Tools/simulation/gz/models/omnicopter) by extensions ['python_setup_py']
[0.112s] Level 1:colcon.colcon_core.package_identification:_identify(/home/z017/proj/PX4-fully-actuated-v1.15.2/Tools/simulation/gz/models/omnicopter) by extension 'python_setup_py'
[0.112s] Level 1:colcon.colcon_core.package_identification:_identify(/home/z017/proj/PX4-fully-actuated-v1.15.2/Tools/simulation/gz/models/omnicopter/meshes) by extensions ['ignore', 'ignore_ament_install']
[0.112s] Level 1:colcon.colcon_core.package_identification:_identify(/home/z017/proj/PX4-fully-actuated-v1.15.2/Tools/simulation/gz/models/omnicopter/meshes) by extension 'ignore'
[0.112s] Level 1:colcon.colcon_core.package_identification:_identify(/home/z017/proj/PX4-fully-actuated-v1.15.2/Tools/simulation/gz/models/omnicopter/meshes) by extension 'ignore_ament_install'
[0.112s] Level 1:colcon.colcon_core.package_identification:_identify(/home/z017/proj/PX4-fully-actuated-v1.15.2/Tools/simulation/gz/models/omnicopter/meshes) by extensions ['colcon_pkg']
[0.112s] Level 1:colcon.colcon_core.package_identification:_identify(/home/z017/proj/PX4-fully-actuated-v1.15.2/Tools/simulation/gz/models/omnicopter/meshes) by extension 'colcon_pkg'
[0.112s] Level 1:colcon.colcon_core.package_identification:_identify(/home/z017/proj/PX4-fully-actuated-v1.15.2/Tools/simulation/gz/models/omnicopter/meshes) by extensions ['colcon_meta']
[0.112s] Level 1:colcon.colcon_core.package_identification:_identify(/home/z017/proj/PX4-fully-actuated-v1.15.2/Tools/simulation/gz/models/omnicopter/meshes) by extension 'colcon_meta'
[0.112s] Level 1:colcon.colcon_core.package_identification:_identify(/home/z017/proj/PX4-fully-actuated-v1.15.2/Tools/simulation/gz/models/omnicopter/meshes) by extensions ['ros']
[0.112s] Level 1:colcon.colcon_core.package_identification:_identify(/home/z017/proj/PX4-fully-actuated-v1.15.2/Tools/simulation/gz/models/omnicopter/meshes) by extension 'ros'
[0.113s] Level 1:colcon.colcon_core.package_identification:_identify(/home/z017/proj/PX4-fully-actuated-v1.15.2/Tools/simulation/gz/models/omnicopter/meshes) by extensions ['cmake', 'python']
[0.113s] Level 1:colcon.colcon_core.package_identification:_identify(/home/z017/proj/PX4-fully-actuated-v1.15.2/Tools/simulation/gz/models/omnicopter/meshes) by extension 'cmake'
[0.113s] Level 1:colcon.colcon_core.package_identification:_identify(/home/z017/proj/PX4-fully-actuated-v1.15.2/Tools/simulation/gz/models/omnicopter/meshes) by extension 'python'
[0.113s] Level 1:colcon.colcon_core.package_identification:_identify(/home/z017/proj/PX4-fully-actuated-v1.15.2/Tools/simulation/gz/models/omnicopter/meshes) by extensions ['python_setup_py']
[0.113s] Level 1:colcon.colcon_core.package_identification:_identify(/home/z017/proj/PX4-fully-actuated-v1.15.2/Tools/simulation/gz/models/omnicopter/meshes) by extension 'python_setup_py'
[0.113s] Level 1:colcon.colcon_core.package_identification:_identify(/home/z017/proj/PX4-fully-actuated-v1.15.2/Tools/simulation/gz/models/omnicopter/thumbnails) by extensions ['ignore', 'ignore_ament_install']
[0.113s] Level 1:colcon.colcon_core.package_identification:_identify(/home/z017/proj/PX4-fully-actuated-v1.15.2/Tools/simulation/gz/models/omnicopter/thumbnails) by extension 'ignore'
[0.113s] Level 1:colcon.colcon_core.package_identification:_identify(/home/z017/proj/PX4-fully-actuated-v1.15.2/Tools/simulation/gz/models/omnicopter/thumbnails) by extension 'ignore_ament_install'
[0.113s] Level 1:colcon.colcon_core.package_identification:_identify(/home/z017/proj/PX4-fully-actuated-v1.15.2/Tools/simulation/gz/models/omnicopter/thumbnails) by extensions ['colcon_pkg']
[0.113s] Level 1:colcon.colcon_core.package_identification:_identify(/home/z017/proj/PX4-fully-actuated-v1.15.2/Tools/simulation/gz/models/omnicopter/thumbnails) by extension 'colcon_pkg'
[0.113s] Level 1:colcon.colcon_core.package_identification:_identify(/home/z017/proj/PX4-fully-actuated-v1.15.2/Tools/simulation/gz/models/omnicopter/thumbnails) by extensions ['colcon_meta']
[0.113s] Level 1:colcon.colcon_core.package_identification:_identify(/home/z017/proj/PX4-fully-actuated-v1.15.2/Tools/simulation/gz/models/omnicopter/thumbnails) by extension 'colcon_meta'
[0.113s] Level 1:colcon.colcon_core.package_identification:_identify(/home/z017/proj/PX4-fully-actuated-v1.15.2/Tools/simulation/gz/models/omnicopter/thumbnails) by extensions ['ros']
[0.113s] Level 1:colcon.colcon_core.package_identification:_identify(/home/z017/proj/PX4-fully-actuated-v1.15.2/Tools/simulation/gz/models/omnicopter/thumbnails) by extension 'ros'
[0.113s] Level 1:colcon.colcon_core.package_identification:_identify(/home/z017/proj/PX4-fully-actuated-v1.15.2/Tools/simulation/gz/models/omnicopter/thumbnails) by extensions ['cmake', 'python']
[0.113s] Level 1:colcon.colcon_core.package_identification:_identify(/home/z017/proj/PX4-fully-actuated-v1.15.2/Tools/simulation/gz/models/omnicopter/thumbnails) by extension 'cmake'
[0.113s] Level 1:colcon.colcon_core.package_identification:_identify(/home/z017/proj/PX4-fully-actuated-v1.15.2/Tools/simulation/gz/models/omnicopter/thumbnails) by extension 'python'
[0.113s] Level 1:colcon.colcon_core.package_identification:_identify(/home/z017/proj/PX4-fully-actuated-v1.15.2/Tools/simulation/gz/models/omnicopter/thumbnails) by extensions ['python_setup_py']
[0.113s] Level 1:colcon.colcon_core.package_identification:_identify(/home/z017/proj/PX4-fully-actuated-v1.15.2/Tools/simulation/gz/models/omnicopter/thumbnails) by extension 'python_setup_py'
[0.113s] Level 1:colcon.colcon_core.package_identification:_identify(/home/z017/proj/PX4-fully-actuated-v1.15.2/Tools/simulation/gz/models/optical_flow) by extensions ['ignore', 'ignore_ament_install']
[0.113s] Level 1:colcon.colcon_core.package_identification:_identify(/home/z017/proj/PX4-fully-actuated-v1.15.2/Tools/simulation/gz/models/optical_flow) by extension 'ignore'
[0.113s] Level 1:colcon.colcon_core.package_identification:_identify(/home/z017/proj/PX4-fully-actuated-v1.15.2/Tools/simulation/gz/models/optical_flow) by extension 'ignore_ament_install'
[0.113s] Level 1:colcon.colcon_core.package_identification:_identify(/home/z017/proj/PX4-fully-actuated-v1.15.2/Tools/simulation/gz/models/optical_flow) by extensions ['colcon_pkg']
[0.113s] Level 1:colcon.colcon_core.package_identification:_identify(/home/z017/proj/PX4-fully-actuated-v1.15.2/Tools/simulation/gz/models/optical_flow) by extension 'colcon_pkg'
[0.113s] Level 1:colcon.colcon_core.package_identification:_identify(/home/z017/proj/PX4-fully-actuated-v1.15.2/Tools/simulation/gz/models/optical_flow) by extensions ['colcon_meta']
[0.113s] Level 1:colcon.colcon_core.package_identification:_identify(/home/z017/proj/PX4-fully-actuated-v1.15.2/Tools/simulation/gz/models/optical_flow) by extension 'colcon_meta'
[0.113s] Level 1:colcon.colcon_core.package_identification:_identify(/home/z017/proj/PX4-fully-actuated-v1.15.2/Tools/simulation/gz/models/optical_flow) by extensions ['ros']
[0.113s] Level 1:colcon.colcon_core.package_identification:_identify(/home/z017/proj/PX4-fully-actuated-v1.15.2/Tools/simulation/gz/models/optical_flow) by extension 'ros'
[0.113s] Level 1:colcon.colcon_core.package_identification:_identify(/home/z017/proj/PX4-fully-actuated-v1.15.2/Tools/simulation/gz/models/optical_flow) by extensions ['cmake', 'python']
[0.113s] Level 1:colcon.colcon_core.package_identification:_identify(/home/z017/proj/PX4-fully-actuated-v1.15.2/Tools/simulation/gz/models/optical_flow) by extension 'cmake'
[0.113s] Level 1:colcon.colcon_core.package_identification:_identify(/home/z017/proj/PX4-fully-actuated-v1.15.2/Tools/simulation/gz/models/optical_flow) by extension 'python'
[0.113s] Level 1:colcon.colcon_core.package_identification:_identify(/home/z017/proj/PX4-fully-actuated-v1.15.2/Tools/simulation/gz/models/optical_flow) by extensions ['python_setup_py']
[0.113s] Level 1:colcon.colcon_core.package_identification:_identify(/home/z017/proj/PX4-fully-actuated-v1.15.2/Tools/simulation/gz/models/optical_flow) by extension 'python_setup_py'
[0.113s] Level 1:colcon.colcon_core.package_identification:_identify(/home/z017/proj/PX4-fully-actuated-v1.15.2/Tools/simulation/gz/models/px4vision) by extensions ['ignore', 'ignore_ament_install']
[0.113s] Level 1:colcon.colcon_core.package_identification:_identify(/home/z017/proj/PX4-fully-actuated-v1.15.2/Tools/simulation/gz/models/px4vision) by extension 'ignore'
[0.113s] Level 1:colcon.colcon_core.package_identification:_identify(/home/z017/proj/PX4-fully-actuated-v1.15.2/Tools/simulation/gz/models/px4vision) by extension 'ignore_ament_install'
[0.113s] Level 1:colcon.colcon_core.package_identification:_identify(/home/z017/proj/PX4-fully-actuated-v1.15.2/Tools/simulation/gz/models/px4vision) by extensions ['colcon_pkg']
[0.113s] Level 1:colcon.colcon_core.package_identification:_identify(/home/z017/proj/PX4-fully-actuated-v1.15.2/Tools/simulation/gz/models/px4vision) by extension 'colcon_pkg'
[0.113s] Level 1:colcon.colcon_core.package_identification:_identify(/home/z017/proj/PX4-fully-actuated-v1.15.2/Tools/simulation/gz/models/px4vision) by extensions ['colcon_meta']
[0.113s] Level 1:colcon.colcon_core.package_identification:_identify(/home/z017/proj/PX4-fully-actuated-v1.15.2/Tools/simulation/gz/models/px4vision) by extension 'colcon_meta'
[0.113s] Level 1:colcon.colcon_core.package_identification:_identify(/home/z017/proj/PX4-fully-actuated-v1.15.2/Tools/simulation/gz/models/px4vision) by extensions ['ros']
[0.113s] Level 1:colcon.colcon_core.package_identification:_identify(/home/z017/proj/PX4-fully-actuated-v1.15.2/Tools/simulation/gz/models/px4vision) by extension 'ros'
[0.113s] Level 1:colcon.colcon_core.package_identification:_identify(/home/z017/proj/PX4-fully-actuated-v1.15.2/Tools/simulation/gz/models/px4vision) by extensions ['cmake', 'python']
[0.113s] Level 1:colcon.colcon_core.package_identification:_identify(/home/z017/proj/PX4-fully-actuated-v1.15.2/Tools/simulation/gz/models/px4vision) by extension 'cmake'
[0.114s] Level 1:colcon.colcon_core.package_identification:_identify(/home/z017/proj/PX4-fully-actuated-v1.15.2/Tools/simulation/gz/models/px4vision) by extension 'python'
[0.114s] Level 1:colcon.colcon_core.package_identification:_identify(/home/z017/proj/PX4-fully-actuated-v1.15.2/Tools/simulation/gz/models/px4vision) by extensions ['python_setup_py']
[0.114s] Level 1:colcon.colcon_core.package_identification:_identify(/home/z017/proj/PX4-fully-actuated-v1.15.2/Tools/simulation/gz/models/px4vision) by extension 'python_setup_py'
[0.114s] Level 1:colcon.colcon_core.package_identification:_identify(/home/z017/proj/PX4-fully-actuated-v1.15.2/Tools/simulation/gz/models/px4vision/meshes) by extensions ['ignore', 'ignore_ament_install']
[0.114s] Level 1:colcon.colcon_core.package_identification:_identify(/home/z017/proj/PX4-fully-actuated-v1.15.2/Tools/simulation/gz/models/px4vision/meshes) by extension 'ignore'
[0.114s] Level 1:colcon.colcon_core.package_identification:_identify(/home/z017/proj/PX4-fully-actuated-v1.15.2/Tools/simulation/gz/models/px4vision/meshes) by extension 'ignore_ament_install'
[0.114s] Level 1:colcon.colcon_core.package_identification:_identify(/home/z017/proj/PX4-fully-actuated-v1.15.2/Tools/simulation/gz/models/px4vision/meshes) by extensions ['colcon_pkg']
[0.114s] Level 1:colcon.colcon_core.package_identification:_identify(/home/z017/proj/PX4-fully-actuated-v1.15.2/Tools/simulation/gz/models/px4vision/meshes) by extension 'colcon_pkg'
[0.114s] Level 1:colcon.colcon_core.package_identification:_identify(/home/z017/proj/PX4-fully-actuated-v1.15.2/Tools/simulation/gz/models/px4vision/meshes) by extensions ['colcon_meta']
[0.114s] Level 1:colcon.colcon_core.package_identification:_identify(/home/z017/proj/PX4-fully-actuated-v1.15.2/Tools/simulation/gz/models/px4vision/meshes) by extension 'colcon_meta'
[0.114s] Level 1:colcon.colcon_core.package_identification:_identify(/home/z017/proj/PX4-fully-actuated-v1.15.2/Tools/simulation/gz/models/px4vision/meshes) by extensions ['ros']
[0.114s] Level 1:colcon.colcon_core.package_identification:_identify(/home/z017/proj/PX4-fully-actuated-v1.15.2/Tools/simulation/gz/models/px4vision/meshes) by extension 'ros'
[0.114s] Level 1:colcon.colcon_core.package_identification:_identify(/home/z017/proj/PX4-fully-actuated-v1.15.2/Tools/simulation/gz/models/px4vision/meshes) by extensions ['cmake', 'python']
[0.114s] Level 1:colcon.colcon_core.package_identification:_identify(/home/z017/proj/PX4-fully-actuated-v1.15.2/Tools/simulation/gz/models/px4vision/meshes) by extension 'cmake'
[0.114s] Level 1:colcon.colcon_core.package_identification:_identify(/home/z017/proj/PX4-fully-actuated-v1.15.2/Tools/simulation/gz/models/px4vision/meshes) by extension 'python'
[0.114s] Level 1:colcon.colcon_core.package_identification:_identify(/home/z017/proj/PX4-fully-actuated-v1.15.2/Tools/simulation/gz/models/px4vision/meshes) by extensions ['python_setup_py']
[0.114s] Level 1:colcon.colcon_core.package_identification:_identify(/home/z017/proj/PX4-fully-actuated-v1.15.2/Tools/simulation/gz/models/px4vision/meshes) by extension 'python_setup_py'
[0.114s] Level 1:colcon.colcon_core.package_identification:_identify(/home/z017/proj/PX4-fully-actuated-v1.15.2/Tools/simulation/gz/models/px4vision/thumbnails) by extensions ['ignore', 'ignore_ament_install']
[0.114s] Level 1:colcon.colcon_core.package_identification:_identify(/home/z017/proj/PX4-fully-actuated-v1.15.2/Tools/simulation/gz/models/px4vision/thumbnails) by extension 'ignore'
[0.114s] Level 1:colcon.colcon_core.package_identification:_identify(/home/z017/proj/PX4-fully-actuated-v1.15.2/Tools/simulation/gz/models/px4vision/thumbnails) by extension 'ignore_ament_install'
[0.114s] Level 1:colcon.colcon_core.package_identification:_identify(/home/z017/proj/PX4-fully-actuated-v1.15.2/Tools/simulation/gz/models/px4vision/thumbnails) by extensions ['colcon_pkg']
[0.114s] Level 1:colcon.colcon_core.package_identification:_identify(/home/z017/proj/PX4-fully-actuated-v1.15.2/Tools/simulation/gz/models/px4vision/thumbnails) by extension 'colcon_pkg'
[0.114s] Level 1:colcon.colcon_core.package_identification:_identify(/home/z017/proj/PX4-fully-actuated-v1.15.2/Tools/simulation/gz/models/px4vision/thumbnails) by extensions ['colcon_meta']
[0.114s] Level 1:colcon.colcon_core.package_identification:_identify(/home/z017/proj/PX4-fully-actuated-v1.15.2/Tools/simulation/gz/models/px4vision/thumbnails) by extension 'colcon_meta'
[0.114s] Level 1:colcon.colcon_core.package_identification:_identify(/home/z017/proj/PX4-fully-actuated-v1.15.2/Tools/simulation/gz/models/px4vision/thumbnails) by extensions ['ros']
[0.114s] Level 1:colcon.colcon_core.package_identification:_identify(/home/z017/proj/PX4-fully-actuated-v1.15.2/Tools/simulation/gz/models/px4vision/thumbnails) by extension 'ros'
[0.114s] Level 1:colcon.colcon_core.package_identification:_identify(/home/z017/proj/PX4-fully-actuated-v1.15.2/Tools/simulation/gz/models/px4vision/thumbnails) by extensions ['cmake', 'python']
[0.114s] Level 1:colcon.colcon_core.package_identification:_identify(/home/z017/proj/PX4-fully-actuated-v1.15.2/Tools/simulation/gz/models/px4vision/thumbnails) by extension 'cmake'
[0.114s] Level 1:colcon.colcon_core.package_identification:_identify(/home/z017/proj/PX4-fully-actuated-v1.15.2/Tools/simulation/gz/models/px4vision/thumbnails) by extension 'python'
[0.114s] Level 1:colcon.colcon_core.package_identification:_identify(/home/z017/proj/PX4-fully-actuated-v1.15.2/Tools/simulation/gz/models/px4vision/thumbnails) by extensions ['python_setup_py']
[0.114s] Level 1:colcon.colcon_core.package_identification:_identify(/home/z017/proj/PX4-fully-actuated-v1.15.2/Tools/simulation/gz/models/px4vision/thumbnails) by extension 'python_setup_py'
[0.114s] Level 1:colcon.colcon_core.package_identification:_identify(/home/z017/proj/PX4-fully-actuated-v1.15.2/Tools/simulation/gz/models/quadtailsitter) by extensions ['ignore', 'ignore_ament_install']
[0.114s] Level 1:colcon.colcon_core.package_identification:_identify(/home/z017/proj/PX4-fully-actuated-v1.15.2/Tools/simulation/gz/models/quadtailsitter) by extension 'ignore'
[0.114s] Level 1:colcon.colcon_core.package_identification:_identify(/home/z017/proj/PX4-fully-actuated-v1.15.2/Tools/simulation/gz/models/quadtailsitter) by extension 'ignore_ament_install'
[0.114s] Level 1:colcon.colcon_core.package_identification:_identify(/home/z017/proj/PX4-fully-actuated-v1.15.2/Tools/simulation/gz/models/quadtailsitter) by extensions ['colcon_pkg']
[0.114s] Level 1:colcon.colcon_core.package_identification:_identify(/home/z017/proj/PX4-fully-actuated-v1.15.2/Tools/simulation/gz/models/quadtailsitter) by extension 'colcon_pkg'
[0.114s] Level 1:colcon.colcon_core.package_identification:_identify(/home/z017/proj/PX4-fully-actuated-v1.15.2/Tools/simulation/gz/models/quadtailsitter) by extensions ['colcon_meta']
[0.114s] Level 1:colcon.colcon_core.package_identification:_identify(/home/z017/proj/PX4-fully-actuated-v1.15.2/Tools/simulation/gz/models/quadtailsitter) by extension 'colcon_meta'
[0.114s] Level 1:colcon.colcon_core.package_identification:_identify(/home/z017/proj/PX4-fully-actuated-v1.15.2/Tools/simulation/gz/models/quadtailsitter) by extensions ['ros']
[0.114s] Level 1:colcon.colcon_core.package_identification:_identify(/home/z017/proj/PX4-fully-actuated-v1.15.2/Tools/simulation/gz/models/quadtailsitter) by extension 'ros'
[0.114s] Level 1:colcon.colcon_core.package_identification:_identify(/home/z017/proj/PX4-fully-actuated-v1.15.2/Tools/simulation/gz/models/quadtailsitter) by extensions ['cmake', 'python']
[0.114s] Level 1:colcon.colcon_core.package_identification:_identify(/home/z017/proj/PX4-fully-actuated-v1.15.2/Tools/simulation/gz/models/quadtailsitter) by extension 'cmake'
[0.114s] Level 1:colcon.colcon_core.package_identification:_identify(/home/z017/proj/PX4-fully-actuated-v1.15.2/Tools/simulation/gz/models/quadtailsitter) by extension 'python'
[0.114s] Level 1:colcon.colcon_core.package_identification:_identify(/home/z017/proj/PX4-fully-actuated-v1.15.2/Tools/simulation/gz/models/quadtailsitter) by extensions ['python_setup_py']
[0.114s] Level 1:colcon.colcon_core.package_identification:_identify(/home/z017/proj/PX4-fully-actuated-v1.15.2/Tools/simulation/gz/models/quadtailsitter) by extension 'python_setup_py'
[0.115s] Level 1:colcon.colcon_core.package_identification:_identify(/home/z017/proj/PX4-fully-actuated-v1.15.2/Tools/simulation/gz/models/quadtailsitter/meshes) by extensions ['ignore', 'ignore_ament_install']
[0.115s] Level 1:colcon.colcon_core.package_identification:_identify(/home/z017/proj/PX4-fully-actuated-v1.15.2/Tools/simulation/gz/models/quadtailsitter/meshes) by extension 'ignore'
[0.115s] Level 1:colcon.colcon_core.package_identification:_identify(/home/z017/proj/PX4-fully-actuated-v1.15.2/Tools/simulation/gz/models/quadtailsitter/meshes) by extension 'ignore_ament_install'
[0.115s] Level 1:colcon.colcon_core.package_identification:_identify(/home/z017/proj/PX4-fully-actuated-v1.15.2/Tools/simulation/gz/models/quadtailsitter/meshes) by extensions ['colcon_pkg']
[0.115s] Level 1:colcon.colcon_core.package_identification:_identify(/home/z017/proj/PX4-fully-actuated-v1.15.2/Tools/simulation/gz/models/quadtailsitter/meshes) by extension 'colcon_pkg'
[0.115s] Level 1:colcon.colcon_core.package_identification:_identify(/home/z017/proj/PX4-fully-actuated-v1.15.2/Tools/simulation/gz/models/quadtailsitter/meshes) by extensions ['colcon_meta']
[0.115s] Level 1:colcon.colcon_core.package_identification:_identify(/home/z017/proj/PX4-fully-actuated-v1.15.2/Tools/simulation/gz/models/quadtailsitter/meshes) by extension 'colcon_meta'
[0.115s] Level 1:colcon.colcon_core.package_identification:_identify(/home/z017/proj/PX4-fully-actuated-v1.15.2/Tools/simulation/gz/models/quadtailsitter/meshes) by extensions ['ros']
[0.115s] Level 1:colcon.colcon_core.package_identification:_identify(/home/z017/proj/PX4-fully-actuated-v1.15.2/Tools/simulation/gz/models/quadtailsitter/meshes) by extension 'ros'
[0.115s] Level 1:colcon.colcon_core.package_identification:_identify(/home/z017/proj/PX4-fully-actuated-v1.15.2/Tools/simulation/gz/models/quadtailsitter/meshes) by extensions ['cmake', 'python']
[0.115s] Level 1:colcon.colcon_core.package_identification:_identify(/home/z017/proj/PX4-fully-actuated-v1.15.2/Tools/simulation/gz/models/quadtailsitter/meshes) by extension 'cmake'
[0.115s] Level 1:colcon.colcon_core.package_identification:_identify(/home/z017/proj/PX4-fully-actuated-v1.15.2/Tools/simulation/gz/models/quadtailsitter/meshes) by extension 'python'
[0.115s] Level 1:colcon.colcon_core.package_identification:_identify(/home/z017/proj/PX4-fully-actuated-v1.15.2/Tools/simulation/gz/models/quadtailsitter/meshes) by extensions ['python_setup_py']
[0.115s] Level 1:colcon.colcon_core.package_identification:_identify(/home/z017/proj/PX4-fully-actuated-v1.15.2/Tools/simulation/gz/models/quadtailsitter/meshes) by extension 'python_setup_py'
[0.115s] Level 1:colcon.colcon_core.package_identification:_identify(/home/z017/proj/PX4-fully-actuated-v1.15.2/Tools/simulation/gz/models/r1_rover) by extensions ['ignore', 'ignore_ament_install']
[0.115s] Level 1:colcon.colcon_core.package_identification:_identify(/home/z017/proj/PX4-fully-actuated-v1.15.2/Tools/simulation/gz/models/r1_rover) by extension 'ignore'
[0.115s] Level 1:colcon.colcon_core.package_identification:_identify(/home/z017/proj/PX4-fully-actuated-v1.15.2/Tools/simulation/gz/models/r1_rover) by extension 'ignore_ament_install'
[0.115s] Level 1:colcon.colcon_core.package_identification:_identify(/home/z017/proj/PX4-fully-actuated-v1.15.2/Tools/simulation/gz/models/r1_rover) by extensions ['colcon_pkg']
[0.115s] Level 1:colcon.colcon_core.package_identification:_identify(/home/z017/proj/PX4-fully-actuated-v1.15.2/Tools/simulation/gz/models/r1_rover) by extension 'colcon_pkg'
[0.115s] Level 1:colcon.colcon_core.package_identification:_identify(/home/z017/proj/PX4-fully-actuated-v1.15.2/Tools/simulation/gz/models/r1_rover) by extensions ['colcon_meta']
[0.115s] Level 1:colcon.colcon_core.package_identification:_identify(/home/z017/proj/PX4-fully-actuated-v1.15.2/Tools/simulation/gz/models/r1_rover) by extension 'colcon_meta'
[0.115s] Level 1:colcon.colcon_core.package_identification:_identify(/home/z017/proj/PX4-fully-actuated-v1.15.2/Tools/simulation/gz/models/r1_rover) by extensions ['ros']
[0.115s] Level 1:colcon.colcon_core.package_identification:_identify(/home/z017/proj/PX4-fully-actuated-v1.15.2/Tools/simulation/gz/models/r1_rover) by extension 'ros'
[0.115s] Level 1:colcon.colcon_core.package_identification:_identify(/home/z017/proj/PX4-fully-actuated-v1.15.2/Tools/simulation/gz/models/r1_rover) by extensions ['cmake', 'python']
[0.115s] Level 1:colcon.colcon_core.package_identification:_identify(/home/z017/proj/PX4-fully-actuated-v1.15.2/Tools/simulation/gz/models/r1_rover) by extension 'cmake'
[0.115s] Level 1:colcon.colcon_core.package_identification:_identify(/home/z017/proj/PX4-fully-actuated-v1.15.2/Tools/simulation/gz/models/r1_rover) by extension 'python'
[0.115s] Level 1:colcon.colcon_core.package_identification:_identify(/home/z017/proj/PX4-fully-actuated-v1.15.2/Tools/simulation/gz/models/r1_rover) by extensions ['python_setup_py']
[0.115s] Level 1:colcon.colcon_core.package_identification:_identify(/home/z017/proj/PX4-fully-actuated-v1.15.2/Tools/simulation/gz/models/r1_rover) by extension 'python_setup_py'
[0.115s] Level 1:colcon.colcon_core.package_identification:_identify(/home/z017/proj/PX4-fully-actuated-v1.15.2/Tools/simulation/gz/models/r1_rover/meshes) by extensions ['ignore', 'ignore_ament_install']
[0.115s] Level 1:colcon.colcon_core.package_identification:_identify(/home/z017/proj/PX4-fully-actuated-v1.15.2/Tools/simulation/gz/models/r1_rover/meshes) by extension 'ignore'
[0.115s] Level 1:colcon.colcon_core.package_identification:_identify(/home/z017/proj/PX4-fully-actuated-v1.15.2/Tools/simulation/gz/models/r1_rover/meshes) by extension 'ignore_ament_install'
[0.115s] Level 1:colcon.colcon_core.package_identification:_identify(/home/z017/proj/PX4-fully-actuated-v1.15.2/Tools/simulation/gz/models/r1_rover/meshes) by extensions ['colcon_pkg']
[0.115s] Level 1:colcon.colcon_core.package_identification:_identify(/home/z017/proj/PX4-fully-actuated-v1.15.2/Tools/simulation/gz/models/r1_rover/meshes) by extension 'colcon_pkg'
[0.115s] Level 1:colcon.colcon_core.package_identification:_identify(/home/z017/proj/PX4-fully-actuated-v1.15.2/Tools/simulation/gz/models/r1_rover/meshes) by extensions ['colcon_meta']
[0.115s] Level 1:colcon.colcon_core.package_identification:_identify(/home/z017/proj/PX4-fully-actuated-v1.15.2/Tools/simulation/gz/models/r1_rover/meshes) by extension 'colcon_meta'
[0.115s] Level 1:colcon.colcon_core.package_identification:_identify(/home/z017/proj/PX4-fully-actuated-v1.15.2/Tools/simulation/gz/models/r1_rover/meshes) by extensions ['ros']
[0.115s] Level 1:colcon.colcon_core.package_identification:_identify(/home/z017/proj/PX4-fully-actuated-v1.15.2/Tools/simulation/gz/models/r1_rover/meshes) by extension 'ros'
[0.115s] Level 1:colcon.colcon_core.package_identification:_identify(/home/z017/proj/PX4-fully-actuated-v1.15.2/Tools/simulation/gz/models/r1_rover/meshes) by extensions ['cmake', 'python']
[0.115s] Level 1:colcon.colcon_core.package_identification:_identify(/home/z017/proj/PX4-fully-actuated-v1.15.2/Tools/simulation/gz/models/r1_rover/meshes) by extension 'cmake'
[0.115s] Level 1:colcon.colcon_core.package_identification:_identify(/home/z017/proj/PX4-fully-actuated-v1.15.2/Tools/simulation/gz/models/r1_rover/meshes) by extension 'python'
[0.115s] Level 1:colcon.colcon_core.package_identification:_identify(/home/z017/proj/PX4-fully-actuated-v1.15.2/Tools/simulation/gz/models/r1_rover/meshes) by extensions ['python_setup_py']
[0.115s] Level 1:colcon.colcon_core.package_identification:_identify(/home/z017/proj/PX4-fully-actuated-v1.15.2/Tools/simulation/gz/models/r1_rover/meshes) by extension 'python_setup_py'
[0.116s] Level 1:colcon.colcon_core.package_identification:_identify(/home/z017/proj/PX4-fully-actuated-v1.15.2/Tools/simulation/gz/models/rc_cessna) by extensions ['ignore', 'ignore_ament_install']
[0.116s] Level 1:colcon.colcon_core.package_identification:_identify(/home/z017/proj/PX4-fully-actuated-v1.15.2/Tools/simulation/gz/models/rc_cessna) by extension 'ignore'
[0.116s] Level 1:colcon.colcon_core.package_identification:_identify(/home/z017/proj/PX4-fully-actuated-v1.15.2/Tools/simulation/gz/models/rc_cessna) by extension 'ignore_ament_install'
[0.116s] Level 1:colcon.colcon_core.package_identification:_identify(/home/z017/proj/PX4-fully-actuated-v1.15.2/Tools/simulation/gz/models/rc_cessna) by extensions ['colcon_pkg']
[0.116s] Level 1:colcon.colcon_core.package_identification:_identify(/home/z017/proj/PX4-fully-actuated-v1.15.2/Tools/simulation/gz/models/rc_cessna) by extension 'colcon_pkg'
[0.116s] Level 1:colcon.colcon_core.package_identification:_identify(/home/z017/proj/PX4-fully-actuated-v1.15.2/Tools/simulation/gz/models/rc_cessna) by extensions ['colcon_meta']
[0.116s] Level 1:colcon.colcon_core.package_identification:_identify(/home/z017/proj/PX4-fully-actuated-v1.15.2/Tools/simulation/gz/models/rc_cessna) by extension 'colcon_meta'
[0.116s] Level 1:colcon.colcon_core.package_identification:_identify(/home/z017/proj/PX4-fully-actuated-v1.15.2/Tools/simulation/gz/models/rc_cessna) by extensions ['ros']
[0.116s] Level 1:colcon.colcon_core.package_identification:_identify(/home/z017/proj/PX4-fully-actuated-v1.15.2/Tools/simulation/gz/models/rc_cessna) by extension 'ros'
[0.116s] Level 1:colcon.colcon_core.package_identification:_identify(/home/z017/proj/PX4-fully-actuated-v1.15.2/Tools/simulation/gz/models/rc_cessna) by extensions ['cmake', 'python']
[0.116s] Level 1:colcon.colcon_core.package_identification:_identify(/home/z017/proj/PX4-fully-actuated-v1.15.2/Tools/simulation/gz/models/rc_cessna) by extension 'cmake'
[0.116s] Level 1:colcon.colcon_core.package_identification:_identify(/home/z017/proj/PX4-fully-actuated-v1.15.2/Tools/simulation/gz/models/rc_cessna) by extension 'python'
[0.116s] Level 1:colcon.colcon_core.package_identification:_identify(/home/z017/proj/PX4-fully-actuated-v1.15.2/Tools/simulation/gz/models/rc_cessna) by extensions ['python_setup_py']
[0.116s] Level 1:colcon.colcon_core.package_identification:_identify(/home/z017/proj/PX4-fully-actuated-v1.15.2/Tools/simulation/gz/models/rc_cessna) by extension 'python_setup_py'
[0.116s] Level 1:colcon.colcon_core.package_identification:_identify(/home/z017/proj/PX4-fully-actuated-v1.15.2/Tools/simulation/gz/models/rc_cessna/meshes) by extensions ['ignore', 'ignore_ament_install']
[0.116s] Level 1:colcon.colcon_core.package_identification:_identify(/home/z017/proj/PX4-fully-actuated-v1.15.2/Tools/simulation/gz/models/rc_cessna/meshes) by extension 'ignore'
[0.116s] Level 1:colcon.colcon_core.package_identification:_identify(/home/z017/proj/PX4-fully-actuated-v1.15.2/Tools/simulation/gz/models/rc_cessna/meshes) by extension 'ignore_ament_install'
[0.116s] Level 1:colcon.colcon_core.package_identification:_identify(/home/z017/proj/PX4-fully-actuated-v1.15.2/Tools/simulation/gz/models/rc_cessna/meshes) by extensions ['colcon_pkg']
[0.116s] Level 1:colcon.colcon_core.package_identification:_identify(/home/z017/proj/PX4-fully-actuated-v1.15.2/Tools/simulation/gz/models/rc_cessna/meshes) by extension 'colcon_pkg'
[0.116s] Level 1:colcon.colcon_core.package_identification:_identify(/home/z017/proj/PX4-fully-actuated-v1.15.2/Tools/simulation/gz/models/rc_cessna/meshes) by extensions ['colcon_meta']
[0.116s] Level 1:colcon.colcon_core.package_identification:_identify(/home/z017/proj/PX4-fully-actuated-v1.15.2/Tools/simulation/gz/models/rc_cessna/meshes) by extension 'colcon_meta'
[0.116s] Level 1:colcon.colcon_core.package_identification:_identify(/home/z017/proj/PX4-fully-actuated-v1.15.2/Tools/simulation/gz/models/rc_cessna/meshes) by extensions ['ros']
[0.116s] Level 1:colcon.colcon_core.package_identification:_identify(/home/z017/proj/PX4-fully-actuated-v1.15.2/Tools/simulation/gz/models/rc_cessna/meshes) by extension 'ros'
[0.116s] Level 1:colcon.colcon_core.package_identification:_identify(/home/z017/proj/PX4-fully-actuated-v1.15.2/Tools/simulation/gz/models/rc_cessna/meshes) by extensions ['cmake', 'python']
[0.116s] Level 1:colcon.colcon_core.package_identification:_identify(/home/z017/proj/PX4-fully-actuated-v1.15.2/Tools/simulation/gz/models/rc_cessna/meshes) by extension 'cmake'
[0.116s] Level 1:colcon.colcon_core.package_identification:_identify(/home/z017/proj/PX4-fully-actuated-v1.15.2/Tools/simulation/gz/models/rc_cessna/meshes) by extension 'python'
[0.116s] Level 1:colcon.colcon_core.package_identification:_identify(/home/z017/proj/PX4-fully-actuated-v1.15.2/Tools/simulation/gz/models/rc_cessna/meshes) by extensions ['python_setup_py']
[0.116s] Level 1:colcon.colcon_core.package_identification:_identify(/home/z017/proj/PX4-fully-actuated-v1.15.2/Tools/simulation/gz/models/rc_cessna/meshes) by extension 'python_setup_py'
[0.116s] Level 1:colcon.colcon_core.package_identification:_identify(/home/z017/proj/PX4-fully-actuated-v1.15.2/Tools/simulation/gz/models/rover_ackermann) by extensions ['ignore', 'ignore_ament_install']
[0.116s] Level 1:colcon.colcon_core.package_identification:_identify(/home/z017/proj/PX4-fully-actuated-v1.15.2/Tools/simulation/gz/models/rover_ackermann) by extension 'ignore'
[0.116s] Level 1:colcon.colcon_core.package_identification:_identify(/home/z017/proj/PX4-fully-actuated-v1.15.2/Tools/simulation/gz/models/rover_ackermann) by extension 'ignore_ament_install'
[0.116s] Level 1:colcon.colcon_core.package_identification:_identify(/home/z017/proj/PX4-fully-actuated-v1.15.2/Tools/simulation/gz/models/rover_ackermann) by extensions ['colcon_pkg']
[0.116s] Level 1:colcon.colcon_core.package_identification:_identify(/home/z017/proj/PX4-fully-actuated-v1.15.2/Tools/simulation/gz/models/rover_ackermann) by extension 'colcon_pkg'
[0.116s] Level 1:colcon.colcon_core.package_identification:_identify(/home/z017/proj/PX4-fully-actuated-v1.15.2/Tools/simulation/gz/models/rover_ackermann) by extensions ['colcon_meta']
[0.116s] Level 1:colcon.colcon_core.package_identification:_identify(/home/z017/proj/PX4-fully-actuated-v1.15.2/Tools/simulation/gz/models/rover_ackermann) by extension 'colcon_meta'
[0.116s] Level 1:colcon.colcon_core.package_identification:_identify(/home/z017/proj/PX4-fully-actuated-v1.15.2/Tools/simulation/gz/models/rover_ackermann) by extensions ['ros']
[0.116s] Level 1:colcon.colcon_core.package_identification:_identify(/home/z017/proj/PX4-fully-actuated-v1.15.2/Tools/simulation/gz/models/rover_ackermann) by extension 'ros'
[0.116s] Level 1:colcon.colcon_core.package_identification:_identify(/home/z017/proj/PX4-fully-actuated-v1.15.2/Tools/simulation/gz/models/rover_ackermann) by extensions ['cmake', 'python']
[0.116s] Level 1:colcon.colcon_core.package_identification:_identify(/home/z017/proj/PX4-fully-actuated-v1.15.2/Tools/simulation/gz/models/rover_ackermann) by extension 'cmake'
[0.116s] Level 1:colcon.colcon_core.package_identification:_identify(/home/z017/proj/PX4-fully-actuated-v1.15.2/Tools/simulation/gz/models/rover_ackermann) by extension 'python'
[0.116s] Level 1:colcon.colcon_core.package_identification:_identify(/home/z017/proj/PX4-fully-actuated-v1.15.2/Tools/simulation/gz/models/rover_ackermann) by extensions ['python_setup_py']
[0.116s] Level 1:colcon.colcon_core.package_identification:_identify(/home/z017/proj/PX4-fully-actuated-v1.15.2/Tools/simulation/gz/models/rover_ackermann) by extension 'python_setup_py'
[0.116s] Level 1:colcon.colcon_core.package_identification:_identify(/home/z017/proj/PX4-fully-actuated-v1.15.2/Tools/simulation/gz/models/rover_ackermann/meshes) by extensions ['ignore', 'ignore_ament_install']
[0.117s] Level 1:colcon.colcon_core.package_identification:_identify(/home/z017/proj/PX4-fully-actuated-v1.15.2/Tools/simulation/gz/models/rover_ackermann/meshes) by extension 'ignore'
[0.117s] Level 1:colcon.colcon_core.package_identification:_identify(/home/z017/proj/PX4-fully-actuated-v1.15.2/Tools/simulation/gz/models/rover_ackermann/meshes) by extension 'ignore_ament_install'
[0.117s] Level 1:colcon.colcon_core.package_identification:_identify(/home/z017/proj/PX4-fully-actuated-v1.15.2/Tools/simulation/gz/models/rover_ackermann/meshes) by extensions ['colcon_pkg']
[0.117s] Level 1:colcon.colcon_core.package_identification:_identify(/home/z017/proj/PX4-fully-actuated-v1.15.2/Tools/simulation/gz/models/rover_ackermann/meshes) by extension 'colcon_pkg'
[0.117s] Level 1:colcon.colcon_core.package_identification:_identify(/home/z017/proj/PX4-fully-actuated-v1.15.2/Tools/simulation/gz/models/rover_ackermann/meshes) by extensions ['colcon_meta']
[0.117s] Level 1:colcon.colcon_core.package_identification:_identify(/home/z017/proj/PX4-fully-actuated-v1.15.2/Tools/simulation/gz/models/rover_ackermann/meshes) by extension 'colcon_meta'
[0.117s] Level 1:colcon.colcon_core.package_identification:_identify(/home/z017/proj/PX4-fully-actuated-v1.15.2/Tools/simulation/gz/models/rover_ackermann/meshes) by extensions ['ros']
[0.117s] Level 1:colcon.colcon_core.package_identification:_identify(/home/z017/proj/PX4-fully-actuated-v1.15.2/Tools/simulation/gz/models/rover_ackermann/meshes) by extension 'ros'
[0.117s] Level 1:colcon.colcon_core.package_identification:_identify(/home/z017/proj/PX4-fully-actuated-v1.15.2/Tools/simulation/gz/models/rover_ackermann/meshes) by extensions ['cmake', 'python']
[0.117s] Level 1:colcon.colcon_core.package_identification:_identify(/home/z017/proj/PX4-fully-actuated-v1.15.2/Tools/simulation/gz/models/rover_ackermann/meshes) by extension 'cmake'
[0.117s] Level 1:colcon.colcon_core.package_identification:_identify(/home/z017/proj/PX4-fully-actuated-v1.15.2/Tools/simulation/gz/models/rover_ackermann/meshes) by extension 'python'
[0.117s] Level 1:colcon.colcon_core.package_identification:_identify(/home/z017/proj/PX4-fully-actuated-v1.15.2/Tools/simulation/gz/models/rover_ackermann/meshes) by extensions ['python_setup_py']
[0.117s] Level 1:colcon.colcon_core.package_identification:_identify(/home/z017/proj/PX4-fully-actuated-v1.15.2/Tools/simulation/gz/models/rover_ackermann/meshes) by extension 'python_setup_py'
[0.117s] Level 1:colcon.colcon_core.package_identification:_identify(/home/z017/proj/PX4-fully-actuated-v1.15.2/Tools/simulation/gz/models/rover_differential) by extensions ['ignore', 'ignore_ament_install']
[0.117s] Level 1:colcon.colcon_core.package_identification:_identify(/home/z017/proj/PX4-fully-actuated-v1.15.2/Tools/simulation/gz/models/rover_differential) by extension 'ignore'
[0.117s] Level 1:colcon.colcon_core.package_identification:_identify(/home/z017/proj/PX4-fully-actuated-v1.15.2/Tools/simulation/gz/models/rover_differential) by extension 'ignore_ament_install'
[0.117s] Level 1:colcon.colcon_core.package_identification:_identify(/home/z017/proj/PX4-fully-actuated-v1.15.2/Tools/simulation/gz/models/rover_differential) by extensions ['colcon_pkg']
[0.117s] Level 1:colcon.colcon_core.package_identification:_identify(/home/z017/proj/PX4-fully-actuated-v1.15.2/Tools/simulation/gz/models/rover_differential) by extension 'colcon_pkg'
[0.117s] Level 1:colcon.colcon_core.package_identification:_identify(/home/z017/proj/PX4-fully-actuated-v1.15.2/Tools/simulation/gz/models/rover_differential) by extensions ['colcon_meta']
[0.117s] Level 1:colcon.colcon_core.package_identification:_identify(/home/z017/proj/PX4-fully-actuated-v1.15.2/Tools/simulation/gz/models/rover_differential) by extension 'colcon_meta'
[0.117s] Level 1:colcon.colcon_core.package_identification:_identify(/home/z017/proj/PX4-fully-actuated-v1.15.2/Tools/simulation/gz/models/rover_differential) by extensions ['ros']
[0.117s] Level 1:colcon.colcon_core.package_identification:_identify(/home/z017/proj/PX4-fully-actuated-v1.15.2/Tools/simulation/gz/models/rover_differential) by extension 'ros'
[0.117s] Level 1:colcon.colcon_core.package_identification:_identify(/home/z017/proj/PX4-fully-actuated-v1.15.2/Tools/simulation/gz/models/rover_differential) by extensions ['cmake', 'python']
[0.117s] Level 1:colcon.colcon_core.package_identification:_identify(/home/z017/proj/PX4-fully-actuated-v1.15.2/Tools/simulation/gz/models/rover_differential) by extension 'cmake'
[0.117s] Level 1:colcon.colcon_core.package_identification:_identify(/home/z017/proj/PX4-fully-actuated-v1.15.2/Tools/simulation/gz/models/rover_differential) by extension 'python'
[0.117s] Level 1:colcon.colcon_core.package_identification:_identify(/home/z017/proj/PX4-fully-actuated-v1.15.2/Tools/simulation/gz/models/rover_differential) by extensions ['python_setup_py']
[0.117s] Level 1:colcon.colcon_core.package_identification:_identify(/home/z017/proj/PX4-fully-actuated-v1.15.2/Tools/simulation/gz/models/rover_differential) by extension 'python_setup_py'
[0.117s] Level 1:colcon.colcon_core.package_identification:_identify(/home/z017/proj/PX4-fully-actuated-v1.15.2/Tools/simulation/gz/models/rover_differential/meshes) by extensions ['ignore', 'ignore_ament_install']
[0.117s] Level 1:colcon.colcon_core.package_identification:_identify(/home/z017/proj/PX4-fully-actuated-v1.15.2/Tools/simulation/gz/models/rover_differential/meshes) by extension 'ignore'
[0.117s] Level 1:colcon.colcon_core.package_identification:_identify(/home/z017/proj/PX4-fully-actuated-v1.15.2/Tools/simulation/gz/models/rover_differential/meshes) by extension 'ignore_ament_install'
[0.117s] Level 1:colcon.colcon_core.package_identification:_identify(/home/z017/proj/PX4-fully-actuated-v1.15.2/Tools/simulation/gz/models/rover_differential/meshes) by extensions ['colcon_pkg']
[0.117s] Level 1:colcon.colcon_core.package_identification:_identify(/home/z017/proj/PX4-fully-actuated-v1.15.2/Tools/simulation/gz/models/rover_differential/meshes) by extension 'colcon_pkg'
[0.117s] Level 1:colcon.colcon_core.package_identification:_identify(/home/z017/proj/PX4-fully-actuated-v1.15.2/Tools/simulation/gz/models/rover_differential/meshes) by extensions ['colcon_meta']
[0.117s] Level 1:colcon.colcon_core.package_identification:_identify(/home/z017/proj/PX4-fully-actuated-v1.15.2/Tools/simulation/gz/models/rover_differential/meshes) by extension 'colcon_meta'
[0.117s] Level 1:colcon.colcon_core.package_identification:_identify(/home/z017/proj/PX4-fully-actuated-v1.15.2/Tools/simulation/gz/models/rover_differential/meshes) by extensions ['ros']
[0.117s] Level 1:colcon.colcon_core.package_identification:_identify(/home/z017/proj/PX4-fully-actuated-v1.15.2/Tools/simulation/gz/models/rover_differential/meshes) by extension 'ros'
[0.117s] Level 1:colcon.colcon_core.package_identification:_identify(/home/z017/proj/PX4-fully-actuated-v1.15.2/Tools/simulation/gz/models/rover_differential/meshes) by extensions ['cmake', 'python']
[0.117s] Level 1:colcon.colcon_core.package_identification:_identify(/home/z017/proj/PX4-fully-actuated-v1.15.2/Tools/simulation/gz/models/rover_differential/meshes) by extension 'cmake'
[0.117s] Level 1:colcon.colcon_core.package_identification:_identify(/home/z017/proj/PX4-fully-actuated-v1.15.2/Tools/simulation/gz/models/rover_differential/meshes) by extension 'python'
[0.117s] Level 1:colcon.colcon_core.package_identification:_identify(/home/z017/proj/PX4-fully-actuated-v1.15.2/Tools/simulation/gz/models/rover_differential/meshes) by extensions ['python_setup_py']
[0.117s] Level 1:colcon.colcon_core.package_identification:_identify(/home/z017/proj/PX4-fully-actuated-v1.15.2/Tools/simulation/gz/models/rover_differential/meshes) by extension 'python_setup_py'
[0.117s] Level 1:colcon.colcon_core.package_identification:_identify(/home/z017/proj/PX4-fully-actuated-v1.15.2/Tools/simulation/gz/models/rover_mecanum) by extensions ['ignore', 'ignore_ament_install']
[0.117s] Level 1:colcon.colcon_core.package_identification:_identify(/home/z017/proj/PX4-fully-actuated-v1.15.2/Tools/simulation/gz/models/rover_mecanum) by extension 'ignore'
[0.117s] Level 1:colcon.colcon_core.package_identification:_identify(/home/z017/proj/PX4-fully-actuated-v1.15.2/Tools/simulation/gz/models/rover_mecanum) by extension 'ignore_ament_install'
[0.118s] Level 1:colcon.colcon_core.package_identification:_identify(/home/z017/proj/PX4-fully-actuated-v1.15.2/Tools/simulation/gz/models/rover_mecanum) by extensions ['colcon_pkg']
[0.118s] Level 1:colcon.colcon_core.package_identification:_identify(/home/z017/proj/PX4-fully-actuated-v1.15.2/Tools/simulation/gz/models/rover_mecanum) by extension 'colcon_pkg'
[0.118s] Level 1:colcon.colcon_core.package_identification:_identify(/home/z017/proj/PX4-fully-actuated-v1.15.2/Tools/simulation/gz/models/rover_mecanum) by extensions ['colcon_meta']
[0.118s] Level 1:colcon.colcon_core.package_identification:_identify(/home/z017/proj/PX4-fully-actuated-v1.15.2/Tools/simulation/gz/models/rover_mecanum) by extension 'colcon_meta'
[0.118s] Level 1:colcon.colcon_core.package_identification:_identify(/home/z017/proj/PX4-fully-actuated-v1.15.2/Tools/simulation/gz/models/rover_mecanum) by extensions ['ros']
[0.118s] Level 1:colcon.colcon_core.package_identification:_identify(/home/z017/proj/PX4-fully-actuated-v1.15.2/Tools/simulation/gz/models/rover_mecanum) by extension 'ros'
[0.118s] Level 1:colcon.colcon_core.package_identification:_identify(/home/z017/proj/PX4-fully-actuated-v1.15.2/Tools/simulation/gz/models/rover_mecanum) by extensions ['cmake', 'python']
[0.118s] Level 1:colcon.colcon_core.package_identification:_identify(/home/z017/proj/PX4-fully-actuated-v1.15.2/Tools/simulation/gz/models/rover_mecanum) by extension 'cmake'
[0.118s] Level 1:colcon.colcon_core.package_identification:_identify(/home/z017/proj/PX4-fully-actuated-v1.15.2/Tools/simulation/gz/models/rover_mecanum) by extension 'python'
[0.118s] Level 1:colcon.colcon_core.package_identification:_identify(/home/z017/proj/PX4-fully-actuated-v1.15.2/Tools/simulation/gz/models/rover_mecanum) by extensions ['python_setup_py']
[0.118s] Level 1:colcon.colcon_core.package_identification:_identify(/home/z017/proj/PX4-fully-actuated-v1.15.2/Tools/simulation/gz/models/rover_mecanum) by extension 'python_setup_py'
[0.118s] Level 1:colcon.colcon_core.package_identification:_identify(/home/z017/proj/PX4-fully-actuated-v1.15.2/Tools/simulation/gz/models/rover_mecanum/meshes) by extensions ['ignore', 'ignore_ament_install']
[0.118s] Level 1:colcon.colcon_core.package_identification:_identify(/home/z017/proj/PX4-fully-actuated-v1.15.2/Tools/simulation/gz/models/rover_mecanum/meshes) by extension 'ignore'
[0.118s] Level 1:colcon.colcon_core.package_identification:_identify(/home/z017/proj/PX4-fully-actuated-v1.15.2/Tools/simulation/gz/models/rover_mecanum/meshes) by extension 'ignore_ament_install'
[0.118s] Level 1:colcon.colcon_core.package_identification:_identify(/home/z017/proj/PX4-fully-actuated-v1.15.2/Tools/simulation/gz/models/rover_mecanum/meshes) by extensions ['colcon_pkg']
[0.118s] Level 1:colcon.colcon_core.package_identification:_identify(/home/z017/proj/PX4-fully-actuated-v1.15.2/Tools/simulation/gz/models/rover_mecanum/meshes) by extension 'colcon_pkg'
[0.118s] Level 1:colcon.colcon_core.package_identification:_identify(/home/z017/proj/PX4-fully-actuated-v1.15.2/Tools/simulation/gz/models/rover_mecanum/meshes) by extensions ['colcon_meta']
[0.118s] Level 1:colcon.colcon_core.package_identification:_identify(/home/z017/proj/PX4-fully-actuated-v1.15.2/Tools/simulation/gz/models/rover_mecanum/meshes) by extension 'colcon_meta'
[0.118s] Level 1:colcon.colcon_core.package_identification:_identify(/home/z017/proj/PX4-fully-actuated-v1.15.2/Tools/simulation/gz/models/rover_mecanum/meshes) by extensions ['ros']
[0.118s] Level 1:colcon.colcon_core.package_identification:_identify(/home/z017/proj/PX4-fully-actuated-v1.15.2/Tools/simulation/gz/models/rover_mecanum/meshes) by extension 'ros'
[0.118s] Level 1:colcon.colcon_core.package_identification:_identify(/home/z017/proj/PX4-fully-actuated-v1.15.2/Tools/simulation/gz/models/rover_mecanum/meshes) by extensions ['cmake', 'python']
[0.118s] Level 1:colcon.colcon_core.package_identification:_identify(/home/z017/proj/PX4-fully-actuated-v1.15.2/Tools/simulation/gz/models/rover_mecanum/meshes) by extension 'cmake'
[0.118s] Level 1:colcon.colcon_core.package_identification:_identify(/home/z017/proj/PX4-fully-actuated-v1.15.2/Tools/simulation/gz/models/rover_mecanum/meshes) by extension 'python'
[0.118s] Level 1:colcon.colcon_core.package_identification:_identify(/home/z017/proj/PX4-fully-actuated-v1.15.2/Tools/simulation/gz/models/rover_mecanum/meshes) by extensions ['python_setup_py']
[0.118s] Level 1:colcon.colcon_core.package_identification:_identify(/home/z017/proj/PX4-fully-actuated-v1.15.2/Tools/simulation/gz/models/rover_mecanum/meshes) by extension 'python_setup_py'
[0.118s] Level 1:colcon.colcon_core.package_identification:_identify(/home/z017/proj/PX4-fully-actuated-v1.15.2/Tools/simulation/gz/models/skyvortex) by extensions ['ignore', 'ignore_ament_install']
[0.118s] Level 1:colcon.colcon_core.package_identification:_identify(/home/z017/proj/PX4-fully-actuated-v1.15.2/Tools/simulation/gz/models/skyvortex) by extension 'ignore'
[0.118s] Level 1:colcon.colcon_core.package_identification:_identify(/home/z017/proj/PX4-fully-actuated-v1.15.2/Tools/simulation/gz/models/skyvortex) by extension 'ignore_ament_install'
[0.118s] Level 1:colcon.colcon_core.package_identification:_identify(/home/z017/proj/PX4-fully-actuated-v1.15.2/Tools/simulation/gz/models/skyvortex) by extensions ['colcon_pkg']
[0.118s] Level 1:colcon.colcon_core.package_identification:_identify(/home/z017/proj/PX4-fully-actuated-v1.15.2/Tools/simulation/gz/models/skyvortex) by extension 'colcon_pkg'
[0.118s] Level 1:colcon.colcon_core.package_identification:_identify(/home/z017/proj/PX4-fully-actuated-v1.15.2/Tools/simulation/gz/models/skyvortex) by extensions ['colcon_meta']
[0.118s] Level 1:colcon.colcon_core.package_identification:_identify(/home/z017/proj/PX4-fully-actuated-v1.15.2/Tools/simulation/gz/models/skyvortex) by extension 'colcon_meta'
[0.118s] Level 1:colcon.colcon_core.package_identification:_identify(/home/z017/proj/PX4-fully-actuated-v1.15.2/Tools/simulation/gz/models/skyvortex) by extensions ['ros']
[0.118s] Level 1:colcon.colcon_core.package_identification:_identify(/home/z017/proj/PX4-fully-actuated-v1.15.2/Tools/simulation/gz/models/skyvortex) by extension 'ros'
[0.118s] Level 1:colcon.colcon_core.package_identification:_identify(/home/z017/proj/PX4-fully-actuated-v1.15.2/Tools/simulation/gz/models/skyvortex) by extensions ['cmake', 'python']
[0.118s] Level 1:colcon.colcon_core.package_identification:_identify(/home/z017/proj/PX4-fully-actuated-v1.15.2/Tools/simulation/gz/models/skyvortex) by extension 'cmake'
[0.118s] Level 1:colcon.colcon_core.package_identification:_identify(/home/z017/proj/PX4-fully-actuated-v1.15.2/Tools/simulation/gz/models/skyvortex) by extension 'python'
[0.118s] Level 1:colcon.colcon_core.package_identification:_identify(/home/z017/proj/PX4-fully-actuated-v1.15.2/Tools/simulation/gz/models/skyvortex) by extensions ['python_setup_py']
[0.118s] Level 1:colcon.colcon_core.package_identification:_identify(/home/z017/proj/PX4-fully-actuated-v1.15.2/Tools/simulation/gz/models/skyvortex) by extension 'python_setup_py'
[0.118s] Level 1:colcon.colcon_core.package_identification:_identify(/home/z017/proj/PX4-fully-actuated-v1.15.2/Tools/simulation/gz/models/skyvortex/meshes) by extensions ['ignore', 'ignore_ament_install']
[0.118s] Level 1:colcon.colcon_core.package_identification:_identify(/home/z017/proj/PX4-fully-actuated-v1.15.2/Tools/simulation/gz/models/skyvortex/meshes) by extension 'ignore'
[0.118s] Level 1:colcon.colcon_core.package_identification:_identify(/home/z017/proj/PX4-fully-actuated-v1.15.2/Tools/simulation/gz/models/skyvortex/meshes) by extension 'ignore_ament_install'
[0.119s] Level 1:colcon.colcon_core.package_identification:_identify(/home/z017/proj/PX4-fully-actuated-v1.15.2/Tools/simulation/gz/models/skyvortex/meshes) by extensions ['colcon_pkg']
[0.119s] Level 1:colcon.colcon_core.package_identification:_identify(/home/z017/proj/PX4-fully-actuated-v1.15.2/Tools/simulation/gz/models/skyvortex/meshes) by extension 'colcon_pkg'
[0.119s] Level 1:colcon.colcon_core.package_identification:_identify(/home/z017/proj/PX4-fully-actuated-v1.15.2/Tools/simulation/gz/models/skyvortex/meshes) by extensions ['colcon_meta']
[0.119s] Level 1:colcon.colcon_core.package_identification:_identify(/home/z017/proj/PX4-fully-actuated-v1.15.2/Tools/simulation/gz/models/skyvortex/meshes) by extension 'colcon_meta'
[0.119s] Level 1:colcon.colcon_core.package_identification:_identify(/home/z017/proj/PX4-fully-actuated-v1.15.2/Tools/simulation/gz/models/skyvortex/meshes) by extensions ['ros']
[0.119s] Level 1:colcon.colcon_core.package_identification:_identify(/home/z017/proj/PX4-fully-actuated-v1.15.2/Tools/simulation/gz/models/skyvortex/meshes) by extension 'ros'
[0.119s] Level 1:colcon.colcon_core.package_identification:_identify(/home/z017/proj/PX4-fully-actuated-v1.15.2/Tools/simulation/gz/models/skyvortex/meshes) by extensions ['cmake', 'python']
[0.119s] Level 1:colcon.colcon_core.package_identification:_identify(/home/z017/proj/PX4-fully-actuated-v1.15.2/Tools/simulation/gz/models/skyvortex/meshes) by extension 'cmake'
[0.119s] Level 1:colcon.colcon_core.package_identification:_identify(/home/z017/proj/PX4-fully-actuated-v1.15.2/Tools/simulation/gz/models/skyvortex/meshes) by extension 'python'
[0.119s] Level 1:colcon.colcon_core.package_identification:_identify(/home/z017/proj/PX4-fully-actuated-v1.15.2/Tools/simulation/gz/models/skyvortex/meshes) by extensions ['python_setup_py']
[0.119s] Level 1:colcon.colcon_core.package_identification:_identify(/home/z017/proj/PX4-fully-actuated-v1.15.2/Tools/simulation/gz/models/skyvortex/meshes) by extension 'python_setup_py'
[0.119s] Level 1:colcon.colcon_core.package_identification:_identify(/home/z017/proj/PX4-fully-actuated-v1.15.2/Tools/simulation/gz/models/skyvortex/meshes/planning_ws) by extensions ['ignore', 'ignore_ament_install']
[0.119s] Level 1:colcon.colcon_core.package_identification:_identify(/home/z017/proj/PX4-fully-actuated-v1.15.2/Tools/simulation/gz/models/skyvortex/meshes/planning_ws) by extension 'ignore'
[0.119s] Level 1:colcon.colcon_core.package_identification:_identify(/home/z017/proj/PX4-fully-actuated-v1.15.2/Tools/simulation/gz/models/skyvortex/meshes/planning_ws) by extension 'ignore_ament_install'
[0.119s] Level 1:colcon.colcon_core.package_identification:_identify(/home/z017/proj/PX4-fully-actuated-v1.15.2/Tools/simulation/gz/models/skyvortex/meshes/planning_ws) by extensions ['colcon_pkg']
[0.119s] Level 1:colcon.colcon_core.package_identification:_identify(/home/z017/proj/PX4-fully-actuated-v1.15.2/Tools/simulation/gz/models/skyvortex/meshes/planning_ws) by extension 'colcon_pkg'
[0.119s] Level 1:colcon.colcon_core.package_identification:_identify(/home/z017/proj/PX4-fully-actuated-v1.15.2/Tools/simulation/gz/models/skyvortex/meshes/planning_ws) by extensions ['colcon_meta']
[0.119s] Level 1:colcon.colcon_core.package_identification:_identify(/home/z017/proj/PX4-fully-actuated-v1.15.2/Tools/simulation/gz/models/skyvortex/meshes/planning_ws) by extension 'colcon_meta'
[0.119s] Level 1:colcon.colcon_core.package_identification:_identify(/home/z017/proj/PX4-fully-actuated-v1.15.2/Tools/simulation/gz/models/skyvortex/meshes/planning_ws) by extensions ['ros']
[0.119s] Level 1:colcon.colcon_core.package_identification:_identify(/home/z017/proj/PX4-fully-actuated-v1.15.2/Tools/simulation/gz/models/skyvortex/meshes/planning_ws) by extension 'ros'
[0.119s] Level 1:colcon.colcon_core.package_identification:_identify(/home/z017/proj/PX4-fully-actuated-v1.15.2/Tools/simulation/gz/models/skyvortex/meshes/planning_ws) by extensions ['cmake', 'python']
[0.119s] Level 1:colcon.colcon_core.package_identification:_identify(/home/z017/proj/PX4-fully-actuated-v1.15.2/Tools/simulation/gz/models/skyvortex/meshes/planning_ws) by extension 'cmake'
[0.119s] Level 1:colcon.colcon_core.package_identification:_identify(/home/z017/proj/PX4-fully-actuated-v1.15.2/Tools/simulation/gz/models/skyvortex/meshes/planning_ws) by extension 'python'
[0.119s] Level 1:colcon.colcon_core.package_identification:_identify(/home/z017/proj/PX4-fully-actuated-v1.15.2/Tools/simulation/gz/models/skyvortex/meshes/planning_ws) by extensions ['python_setup_py']
[0.119s] Level 1:colcon.colcon_core.package_identification:_identify(/home/z017/proj/PX4-fully-actuated-v1.15.2/Tools/simulation/gz/models/skyvortex/meshes/planning_ws) by extension 'python_setup_py'
[0.119s] Level 1:colcon.colcon_core.package_identification:_identify(/home/z017/proj/PX4-fully-actuated-v1.15.2/Tools/simulation/gz/models/skyvortex/meshes/planning_ws/logs) by extensions ['ignore', 'ignore_ament_install']
[0.119s] Level 1:colcon.colcon_core.package_identification:_identify(/home/z017/proj/PX4-fully-actuated-v1.15.2/Tools/simulation/gz/models/skyvortex/meshes/planning_ws/logs) by extension 'ignore'
[0.119s] Level 1:colcon.colcon_core.package_identification:_identify(/home/z017/proj/PX4-fully-actuated-v1.15.2/Tools/simulation/gz/models/skyvortex/meshes/planning_ws/logs) by extension 'ignore_ament_install'
[0.119s] Level 1:colcon.colcon_core.package_identification:_identify(/home/z017/proj/PX4-fully-actuated-v1.15.2/Tools/simulation/gz/models/skyvortex/meshes/planning_ws/logs) by extensions ['colcon_pkg']
[0.119s] Level 1:colcon.colcon_core.package_identification:_identify(/home/z017/proj/PX4-fully-actuated-v1.15.2/Tools/simulation/gz/models/skyvortex/meshes/planning_ws/logs) by extension 'colcon_pkg'
[0.119s] Level 1:colcon.colcon_core.package_identification:_identify(/home/z017/proj/PX4-fully-actuated-v1.15.2/Tools/simulation/gz/models/skyvortex/meshes/planning_ws/logs) by extensions ['colcon_meta']
[0.119s] Level 1:colcon.colcon_core.package_identification:_identify(/home/z017/proj/PX4-fully-actuated-v1.15.2/Tools/simulation/gz/models/skyvortex/meshes/planning_ws/logs) by extension 'colcon_meta'
[0.119s] Level 1:colcon.colcon_core.package_identification:_identify(/home/z017/proj/PX4-fully-actuated-v1.15.2/Tools/simulation/gz/models/skyvortex/meshes/planning_ws/logs) by extensions ['ros']
[0.119s] Level 1:colcon.colcon_core.package_identification:_identify(/home/z017/proj/PX4-fully-actuated-v1.15.2/Tools/simulation/gz/models/skyvortex/meshes/planning_ws/logs) by extension 'ros'
[0.119s] Level 1:colcon.colcon_core.package_identification:_identify(/home/z017/proj/PX4-fully-actuated-v1.15.2/Tools/simulation/gz/models/skyvortex/meshes/planning_ws/logs) by extensions ['cmake', 'python']
[0.119s] Level 1:colcon.colcon_core.package_identification:_identify(/home/z017/proj/PX4-fully-actuated-v1.15.2/Tools/simulation/gz/models/skyvortex/meshes/planning_ws/logs) by extension 'cmake'
[0.119s] Level 1:colcon.colcon_core.package_identification:_identify(/home/z017/proj/PX4-fully-actuated-v1.15.2/Tools/simulation/gz/models/skyvortex/meshes/planning_ws/logs) by extension 'python'
[0.119s] Level 1:colcon.colcon_core.package_identification:_identify(/home/z017/proj/PX4-fully-actuated-v1.15.2/Tools/simulation/gz/models/skyvortex/meshes/planning_ws/logs) by extensions ['python_setup_py']
[0.119s] Level 1:colcon.colcon_core.package_identification:_identify(/home/z017/proj/PX4-fully-actuated-v1.15.2/Tools/simulation/gz/models/skyvortex/meshes/planning_ws/logs) by extension 'python_setup_py'
[0.119s] Level 1:colcon.colcon_core.package_identification:_identify(/home/z017/proj/PX4-fully-actuated-v1.15.2/Tools/simulation/gz/models/skyvortex/meshes/planning_ws/logs/dynamic_planning) by extensions ['ignore', 'ignore_ament_install']
[0.120s] Level 1:colcon.colcon_core.package_identification:_identify(/home/z017/proj/PX4-fully-actuated-v1.15.2/Tools/simulation/gz/models/skyvortex/meshes/planning_ws/logs/dynamic_planning) by extension 'ignore'
[0.120s] Level 1:colcon.colcon_core.package_identification:_identify(/home/z017/proj/PX4-fully-actuated-v1.15.2/Tools/simulation/gz/models/skyvortex/meshes/planning_ws/logs/dynamic_planning) by extension 'ignore_ament_install'
[0.120s] Level 1:colcon.colcon_core.package_identification:_identify(/home/z017/proj/PX4-fully-actuated-v1.15.2/Tools/simulation/gz/models/skyvortex/meshes/planning_ws/logs/dynamic_planning) by extensions ['colcon_pkg']
[0.120s] Level 1:colcon.colcon_core.package_identification:_identify(/home/z017/proj/PX4-fully-actuated-v1.15.2/Tools/simulation/gz/models/skyvortex/meshes/planning_ws/logs/dynamic_planning) by extension 'colcon_pkg'
[0.120s] Level 1:colcon.colcon_core.package_identification:_identify(/home/z017/proj/PX4-fully-actuated-v1.15.2/Tools/simulation/gz/models/skyvortex/meshes/planning_ws/logs/dynamic_planning) by extensions ['colcon_meta']
[0.120s] Level 1:colcon.colcon_core.package_identification:_identify(/home/z017/proj/PX4-fully-actuated-v1.15.2/Tools/simulation/gz/models/skyvortex/meshes/planning_ws/logs/dynamic_planning) by extension 'colcon_meta'
[0.120s] Level 1:colcon.colcon_core.package_identification:_identify(/home/z017/proj/PX4-fully-actuated-v1.15.2/Tools/simulation/gz/models/skyvortex/meshes/planning_ws/logs/dynamic_planning) by extensions ['ros']
[0.120s] Level 1:colcon.colcon_core.package_identification:_identify(/home/z017/proj/PX4-fully-actuated-v1.15.2/Tools/simulation/gz/models/skyvortex/meshes/planning_ws/logs/dynamic_planning) by extension 'ros'
[0.120s] Level 1:colcon.colcon_core.package_identification:_identify(/home/z017/proj/PX4-fully-actuated-v1.15.2/Tools/simulation/gz/models/skyvortex/meshes/planning_ws/logs/dynamic_planning) by extensions ['cmake', 'python']
[0.120s] Level 1:colcon.colcon_core.package_identification:_identify(/home/z017/proj/PX4-fully-actuated-v1.15.2/Tools/simulation/gz/models/skyvortex/meshes/planning_ws/logs/dynamic_planning) by extension 'cmake'
[0.120s] Level 1:colcon.colcon_core.package_identification:_identify(/home/z017/proj/PX4-fully-actuated-v1.15.2/Tools/simulation/gz/models/skyvortex/meshes/planning_ws/logs/dynamic_planning) by extension 'python'
[0.120s] Level 1:colcon.colcon_core.package_identification:_identify(/home/z017/proj/PX4-fully-actuated-v1.15.2/Tools/simulation/gz/models/skyvortex/meshes/planning_ws/logs/dynamic_planning) by extensions ['python_setup_py']
[0.120s] Level 1:colcon.colcon_core.package_identification:_identify(/home/z017/proj/PX4-fully-actuated-v1.15.2/Tools/simulation/gz/models/skyvortex/meshes/planning_ws/logs/dynamic_planning) by extension 'python_setup_py'
[0.120s] Level 1:colcon.colcon_core.package_identification:_identify(/home/z017/proj/PX4-fully-actuated-v1.15.2/Tools/simulation/gz/models/skyvortex/meshes/planning_ws/logs/surface_reconstructor) by extensions ['ignore', 'ignore_ament_install']
[0.120s] Level 1:colcon.colcon_core.package_identification:_identify(/home/z017/proj/PX4-fully-actuated-v1.15.2/Tools/simulation/gz/models/skyvortex/meshes/planning_ws/logs/surface_reconstructor) by extension 'ignore'
[0.120s] Level 1:colcon.colcon_core.package_identification:_identify(/home/z017/proj/PX4-fully-actuated-v1.15.2/Tools/simulation/gz/models/skyvortex/meshes/planning_ws/logs/surface_reconstructor) by extension 'ignore_ament_install'
[0.120s] Level 1:colcon.colcon_core.package_identification:_identify(/home/z017/proj/PX4-fully-actuated-v1.15.2/Tools/simulation/gz/models/skyvortex/meshes/planning_ws/logs/surface_reconstructor) by extensions ['colcon_pkg']
[0.120s] Level 1:colcon.colcon_core.package_identification:_identify(/home/z017/proj/PX4-fully-actuated-v1.15.2/Tools/simulation/gz/models/skyvortex/meshes/planning_ws/logs/surface_reconstructor) by extension 'colcon_pkg'
[0.120s] Level 1:colcon.colcon_core.package_identification:_identify(/home/z017/proj/PX4-fully-actuated-v1.15.2/Tools/simulation/gz/models/skyvortex/meshes/planning_ws/logs/surface_reconstructor) by extensions ['colcon_meta']
[0.120s] Level 1:colcon.colcon_core.package_identification:_identify(/home/z017/proj/PX4-fully-actuated-v1.15.2/Tools/simulation/gz/models/skyvortex/meshes/planning_ws/logs/surface_reconstructor) by extension 'colcon_meta'
[0.120s] Level 1:colcon.colcon_core.package_identification:_identify(/home/z017/proj/PX4-fully-actuated-v1.15.2/Tools/simulation/gz/models/skyvortex/meshes/planning_ws/logs/surface_reconstructor) by extensions ['ros']
[0.120s] Level 1:colcon.colcon_core.package_identification:_identify(/home/z017/proj/PX4-fully-actuated-v1.15.2/Tools/simulation/gz/models/skyvortex/meshes/planning_ws/logs/surface_reconstructor) by extension 'ros'
[0.120s] Level 1:colcon.colcon_core.package_identification:_identify(/home/z017/proj/PX4-fully-actuated-v1.15.2/Tools/simulation/gz/models/skyvortex/meshes/planning_ws/logs/surface_reconstructor) by extensions ['cmake', 'python']
[0.120s] Level 1:colcon.colcon_core.package_identification:_identify(/home/z017/proj/PX4-fully-actuated-v1.15.2/Tools/simulation/gz/models/skyvortex/meshes/planning_ws/logs/surface_reconstructor) by extension 'cmake'
[0.120s] Level 1:colcon.colcon_core.package_identification:_identify(/home/z017/proj/PX4-fully-actuated-v1.15.2/Tools/simulation/gz/models/skyvortex/meshes/planning_ws/logs/surface_reconstructor) by extension 'python'
[0.120s] Level 1:colcon.colcon_core.package_identification:_identify(/home/z017/proj/PX4-fully-actuated-v1.15.2/Tools/simulation/gz/models/skyvortex/meshes/planning_ws/logs/surface_reconstructor) by extensions ['python_setup_py']
[0.120s] Level 1:colcon.colcon_core.package_identification:_identify(/home/z017/proj/PX4-fully-actuated-v1.15.2/Tools/simulation/gz/models/skyvortex/meshes/planning_ws/logs/surface_reconstructor) by extension 'python_setup_py'
[0.120s] Level 1:colcon.colcon_core.package_identification:_identify(/home/z017/proj/PX4-fully-actuated-v1.15.2/Tools/simulation/gz/models/skyvortex/meshes/planning_ws/logs/uam_control_interface) by extensions ['ignore', 'ignore_ament_install']
[0.120s] Level 1:colcon.colcon_core.package_identification:_identify(/home/z017/proj/PX4-fully-actuated-v1.15.2/Tools/simulation/gz/models/skyvortex/meshes/planning_ws/logs/uam_control_interface) by extension 'ignore'
[0.120s] Level 1:colcon.colcon_core.package_identification:_identify(/home/z017/proj/PX4-fully-actuated-v1.15.2/Tools/simulation/gz/models/skyvortex/meshes/planning_ws/logs/uam_control_interface) by extension 'ignore_ament_install'
[0.120s] Level 1:colcon.colcon_core.package_identification:_identify(/home/z017/proj/PX4-fully-actuated-v1.15.2/Tools/simulation/gz/models/skyvortex/meshes/planning_ws/logs/uam_control_interface) by extensions ['colcon_pkg']
[0.120s] Level 1:colcon.colcon_core.package_identification:_identify(/home/z017/proj/PX4-fully-actuated-v1.15.2/Tools/simulation/gz/models/skyvortex/meshes/planning_ws/logs/uam_control_interface) by extension 'colcon_pkg'
[0.120s] Level 1:colcon.colcon_core.package_identification:_identify(/home/z017/proj/PX4-fully-actuated-v1.15.2/Tools/simulation/gz/models/skyvortex/meshes/planning_ws/logs/uam_control_interface) by extensions ['colcon_meta']
[0.120s] Level 1:colcon.colcon_core.package_identification:_identify(/home/z017/proj/PX4-fully-actuated-v1.15.2/Tools/simulation/gz/models/skyvortex/meshes/planning_ws/logs/uam_control_interface) by extension 'colcon_meta'
[0.120s] Level 1:colcon.colcon_core.package_identification:_identify(/home/z017/proj/PX4-fully-actuated-v1.15.2/Tools/simulation/gz/models/skyvortex/meshes/planning_ws/logs/uam_control_interface) by extensions ['ros']
[0.120s] Level 1:colcon.colcon_core.package_identification:_identify(/home/z017/proj/PX4-fully-actuated-v1.15.2/Tools/simulation/gz/models/skyvortex/meshes/planning_ws/logs/uam_control_interface) by extension 'ros'
[0.120s] Level 1:colcon.colcon_core.package_identification:_identify(/home/z017/proj/PX4-fully-actuated-v1.15.2/Tools/simulation/gz/models/skyvortex/meshes/planning_ws/logs/uam_control_interface) by extensions ['cmake', 'python']
[0.120s] Level 1:colcon.colcon_core.package_identification:_identify(/home/z017/proj/PX4-fully-actuated-v1.15.2/Tools/simulation/gz/models/skyvortex/meshes/planning_ws/logs/uam_control_interface) by extension 'cmake'
[0.120s] Level 1:colcon.colcon_core.package_identification:_identify(/home/z017/proj/PX4-fully-actuated-v1.15.2/Tools/simulation/gz/models/skyvortex/meshes/planning_ws/logs/uam_control_interface) by extension 'python'
[0.120s] Level 1:colcon.colcon_core.package_identification:_identify(/home/z017/proj/PX4-fully-actuated-v1.15.2/Tools/simulation/gz/models/skyvortex/meshes/planning_ws/logs/uam_control_interface) by extensions ['python_setup_py']
[0.121s] Level 1:colcon.colcon_core.package_identification:_identify(/home/z017/proj/PX4-fully-actuated-v1.15.2/Tools/simulation/gz/models/skyvortex/meshes/planning_ws/logs/uam_control_interface) by extension 'python_setup_py'
[0.121s] Level 1:colcon.colcon_core.package_identification:_identify(/home/z017/proj/PX4-fully-actuated-v1.15.2/Tools/simulation/gz/models/skyvortex/meshes/planning_ws/src) by extensions ['ignore', 'ignore_ament_install']
[0.121s] Level 1:colcon.colcon_core.package_identification:_identify(/home/z017/proj/PX4-fully-actuated-v1.15.2/Tools/simulation/gz/models/skyvortex/meshes/planning_ws/src) by extension 'ignore'
[0.121s] Level 1:colcon.colcon_core.package_identification:_identify(/home/z017/proj/PX4-fully-actuated-v1.15.2/Tools/simulation/gz/models/skyvortex/meshes/planning_ws/src) by extension 'ignore_ament_install'
[0.121s] Level 1:colcon.colcon_core.package_identification:_identify(/home/z017/proj/PX4-fully-actuated-v1.15.2/Tools/simulation/gz/models/skyvortex/meshes/planning_ws/src) by extensions ['colcon_pkg']
[0.121s] Level 1:colcon.colcon_core.package_identification:_identify(/home/z017/proj/PX4-fully-actuated-v1.15.2/Tools/simulation/gz/models/skyvortex/meshes/planning_ws/src) by extension 'colcon_pkg'
[0.121s] Level 1:colcon.colcon_core.package_identification:_identify(/home/z017/proj/PX4-fully-actuated-v1.15.2/Tools/simulation/gz/models/skyvortex/meshes/planning_ws/src) by extensions ['colcon_meta']
[0.121s] Level 1:colcon.colcon_core.package_identification:_identify(/home/z017/proj/PX4-fully-actuated-v1.15.2/Tools/simulation/gz/models/skyvortex/meshes/planning_ws/src) by extension 'colcon_meta'
[0.121s] Level 1:colcon.colcon_core.package_identification:_identify(/home/z017/proj/PX4-fully-actuated-v1.15.2/Tools/simulation/gz/models/skyvortex/meshes/planning_ws/src) by extensions ['ros']
[0.121s] Level 1:colcon.colcon_core.package_identification:_identify(/home/z017/proj/PX4-fully-actuated-v1.15.2/Tools/simulation/gz/models/skyvortex/meshes/planning_ws/src) by extension 'ros'
[0.121s] Level 1:colcon.colcon_core.package_identification:_identify(/home/z017/proj/PX4-fully-actuated-v1.15.2/Tools/simulation/gz/models/skyvortex/meshes/planning_ws/src) by extensions ['cmake', 'python']
[0.121s] Level 1:colcon.colcon_core.package_identification:_identify(/home/z017/proj/PX4-fully-actuated-v1.15.2/Tools/simulation/gz/models/skyvortex/meshes/planning_ws/src) by extension 'cmake'
[0.125s] WARNING:colcon.colcon_cmake.package_identification.cmake:Ignoring '/home/z017/proj/PX4-fully-actuated-v1.15.2/Tools/simulation/gz/models/skyvortex/meshes/planning_ws/src/CMakeLists.txt' since it seems to be a toplevel CMake file generated by 'catkin_make'
[0.125s] Level 1:colcon.colcon_core.package_identification:_identify(/home/z017/proj/PX4-fully-actuated-v1.15.2/Tools/simulation/gz/models/skyvortex/meshes/planning_ws/src) by extension 'python'
[0.125s] Level 1:colcon.colcon_core.package_identification:_identify(/home/z017/proj/PX4-fully-actuated-v1.15.2/Tools/simulation/gz/models/skyvortex/meshes/planning_ws/src) by extensions ['python_setup_py']
[0.125s] Level 1:colcon.colcon_core.package_identification:_identify(/home/z017/proj/PX4-fully-actuated-v1.15.2/Tools/simulation/gz/models/skyvortex/meshes/planning_ws/src) by extension 'python_setup_py'
[0.125s] Level 1:colcon.colcon_core.package_identification:_identify(/home/z017/proj/PX4-fully-actuated-v1.15.2/Tools/simulation/gz/models/skyvortex/meshes/planning_ws/src/control_aware_planner) by extensions ['ignore', 'ignore_ament_install']
[0.125s] Level 1:colcon.colcon_core.package_identification:_identify(/home/z017/proj/PX4-fully-actuated-v1.15.2/Tools/simulation/gz/models/skyvortex/meshes/planning_ws/src/control_aware_planner) by extension 'ignore'
[0.125s] Level 1:colcon.colcon_core.package_identification:_identify(/home/z017/proj/PX4-fully-actuated-v1.15.2/Tools/simulation/gz/models/skyvortex/meshes/planning_ws/src/control_aware_planner) by extension 'ignore_ament_install'
[0.125s] Level 1:colcon.colcon_core.package_identification:_identify(/home/z017/proj/PX4-fully-actuated-v1.15.2/Tools/simulation/gz/models/skyvortex/meshes/planning_ws/src/control_aware_planner) by extensions ['colcon_pkg']
[0.125s] Level 1:colcon.colcon_core.package_identification:_identify(/home/z017/proj/PX4-fully-actuated-v1.15.2/Tools/simulation/gz/models/skyvortex/meshes/planning_ws/src/control_aware_planner) by extension 'colcon_pkg'
[0.125s] Level 1:colcon.colcon_core.package_identification:_identify(/home/z017/proj/PX4-fully-actuated-v1.15.2/Tools/simulation/gz/models/skyvortex/meshes/planning_ws/src/control_aware_planner) by extensions ['colcon_meta']
[0.125s] Level 1:colcon.colcon_core.package_identification:_identify(/home/z017/proj/PX4-fully-actuated-v1.15.2/Tools/simulation/gz/models/skyvortex/meshes/planning_ws/src/control_aware_planner) by extension 'colcon_meta'
[0.125s] Level 1:colcon.colcon_core.package_identification:_identify(/home/z017/proj/PX4-fully-actuated-v1.15.2/Tools/simulation/gz/models/skyvortex/meshes/planning_ws/src/control_aware_planner) by extensions ['ros']
[0.125s] Level 1:colcon.colcon_core.package_identification:_identify(/home/z017/proj/PX4-fully-actuated-v1.15.2/Tools/simulation/gz/models/skyvortex/meshes/planning_ws/src/control_aware_planner) by extension 'ros'
[0.128s] DEBUG:colcon.colcon_core.package_identification:Package '/home/z017/proj/PX4-fully-actuated-v1.15.2/Tools/simulation/gz/models/skyvortex/meshes/planning_ws/src/control_aware_planner' with type 'ros.catkin' and name 'control_aware_planner'
[0.128s] Level 1:colcon.colcon_core.package_identification:_identify(/home/z017/proj/PX4-fully-actuated-v1.15.2/Tools/simulation/gz/models/skyvortex/meshes/planning_ws/src/curve_generator) by extensions ['ignore', 'ignore_ament_install']
[0.128s] Level 1:colcon.colcon_core.package_identification:_identify(/home/z017/proj/PX4-fully-actuated-v1.15.2/Tools/simulation/gz/models/skyvortex/meshes/planning_ws/src/curve_generator) by extension 'ignore'
[0.128s] Level 1:colcon.colcon_core.package_identification:_identify(/home/z017/proj/PX4-fully-actuated-v1.15.2/Tools/simulation/gz/models/skyvortex/meshes/planning_ws/src/curve_generator) by extension 'ignore_ament_install'
[0.128s] Level 1:colcon.colcon_core.package_identification:_identify(/home/z017/proj/PX4-fully-actuated-v1.15.2/Tools/simulation/gz/models/skyvortex/meshes/planning_ws/src/curve_generator) by extensions ['colcon_pkg']
[0.128s] Level 1:colcon.colcon_core.package_identification:_identify(/home/z017/proj/PX4-fully-actuated-v1.15.2/Tools/simulation/gz/models/skyvortex/meshes/planning_ws/src/curve_generator) by extension 'colcon_pkg'
[0.128s] Level 1:colcon.colcon_core.package_identification:_identify(/home/z017/proj/PX4-fully-actuated-v1.15.2/Tools/simulation/gz/models/skyvortex/meshes/planning_ws/src/curve_generator) by extensions ['colcon_meta']
[0.128s] Level 1:colcon.colcon_core.package_identification:_identify(/home/z017/proj/PX4-fully-actuated-v1.15.2/Tools/simulation/gz/models/skyvortex/meshes/planning_ws/src/curve_generator) by extension 'colcon_meta'
[0.128s] Level 1:colcon.colcon_core.package_identification:_identify(/home/z017/proj/PX4-fully-actuated-v1.15.2/Tools/simulation/gz/models/skyvortex/meshes/planning_ws/src/curve_generator) by extensions ['ros']
[0.128s] Level 1:colcon.colcon_core.package_identification:_identify(/home/z017/proj/PX4-fully-actuated-v1.15.2/Tools/simulation/gz/models/skyvortex/meshes/planning_ws/src/curve_generator) by extension 'ros'
[0.129s] DEBUG:colcon.colcon_core.package_identification:Package '/home/z017/proj/PX4-fully-actuated-v1.15.2/Tools/simulation/gz/models/skyvortex/meshes/planning_ws/src/curve_generator' with type 'ros.catkin' and name 'curve_generator'
[0.129s] Level 1:colcon.colcon_core.package_identification:_identify(/home/z017/proj/PX4-fully-actuated-v1.15.2/Tools/simulation/gz/models/skyvortex/meshes/planning_ws/src/dynamic_planning) by extensions ['ignore', 'ignore_ament_install']
[0.129s] Level 1:colcon.colcon_core.package_identification:_identify(/home/z017/proj/PX4-fully-actuated-v1.15.2/Tools/simulation/gz/models/skyvortex/meshes/planning_ws/src/dynamic_planning) by extension 'ignore'
[0.129s] Level 1:colcon.colcon_core.package_identification:_identify(/home/z017/proj/PX4-fully-actuated-v1.15.2/Tools/simulation/gz/models/skyvortex/meshes/planning_ws/src/dynamic_planning) by extension 'ignore_ament_install'
[0.129s] Level 1:colcon.colcon_core.package_identification:_identify(/home/z017/proj/PX4-fully-actuated-v1.15.2/Tools/simulation/gz/models/skyvortex/meshes/planning_ws/src/dynamic_planning) by extensions ['colcon_pkg']
[0.129s] Level 1:colcon.colcon_core.package_identification:_identify(/home/z017/proj/PX4-fully-actuated-v1.15.2/Tools/simulation/gz/models/skyvortex/meshes/planning_ws/src/dynamic_planning) by extension 'colcon_pkg'
[0.129s] Level 1:colcon.colcon_core.package_identification:_identify(/home/z017/proj/PX4-fully-actuated-v1.15.2/Tools/simulation/gz/models/skyvortex/meshes/planning_ws/src/dynamic_planning) by extensions ['colcon_meta']
[0.129s] Level 1:colcon.colcon_core.package_identification:_identify(/home/z017/proj/PX4-fully-actuated-v1.15.2/Tools/simulation/gz/models/skyvortex/meshes/planning_ws/src/dynamic_planning) by extension 'colcon_meta'
[0.129s] Level 1:colcon.colcon_core.package_identification:_identify(/home/z017/proj/PX4-fully-actuated-v1.15.2/Tools/simulation/gz/models/skyvortex/meshes/planning_ws/src/dynamic_planning) by extensions ['ros']
[0.129s] Level 1:colcon.colcon_core.package_identification:_identify(/home/z017/proj/PX4-fully-actuated-v1.15.2/Tools/simulation/gz/models/skyvortex/meshes/planning_ws/src/dynamic_planning) by extension 'ros'
[0.130s] DEBUG:colcon.colcon_core.package_identification:Package '/home/z017/proj/PX4-fully-actuated-v1.15.2/Tools/simulation/gz/models/skyvortex/meshes/planning_ws/src/dynamic_planning' with type 'ros.catkin' and name 'dynamic_planning'
[0.130s] Level 1:colcon.colcon_core.package_identification:_identify(/home/z017/proj/PX4-fully-actuated-v1.15.2/Tools/simulation/gz/models/skyvortex/meshes/planning_ws/src/end_effector_client) by extensions ['ignore', 'ignore_ament_install']
[0.130s] Level 1:colcon.colcon_core.package_identification:_identify(/home/z017/proj/PX4-fully-actuated-v1.15.2/Tools/simulation/gz/models/skyvortex/meshes/planning_ws/src/end_effector_client) by extension 'ignore'
[0.131s] Level 1:colcon.colcon_core.package_identification:_identify(/home/z017/proj/PX4-fully-actuated-v1.15.2/Tools/simulation/gz/models/skyvortex/meshes/planning_ws/src/end_effector_client) by extension 'ignore_ament_install'
[0.131s] Level 1:colcon.colcon_core.package_identification:_identify(/home/z017/proj/PX4-fully-actuated-v1.15.2/Tools/simulation/gz/models/skyvortex/meshes/planning_ws/src/end_effector_client) by extensions ['colcon_pkg']
[0.131s] Level 1:colcon.colcon_core.package_identification:_identify(/home/z017/proj/PX4-fully-actuated-v1.15.2/Tools/simulation/gz/models/skyvortex/meshes/planning_ws/src/end_effector_client) by extension 'colcon_pkg'
[0.131s] Level 1:colcon.colcon_core.package_identification:_identify(/home/z017/proj/PX4-fully-actuated-v1.15.2/Tools/simulation/gz/models/skyvortex/meshes/planning_ws/src/end_effector_client) by extensions ['colcon_meta']
[0.131s] Level 1:colcon.colcon_core.package_identification:_identify(/home/z017/proj/PX4-fully-actuated-v1.15.2/Tools/simulation/gz/models/skyvortex/meshes/planning_ws/src/end_effector_client) by extension 'colcon_meta'
[0.131s] Level 1:colcon.colcon_core.package_identification:_identify(/home/z017/proj/PX4-fully-actuated-v1.15.2/Tools/simulation/gz/models/skyvortex/meshes/planning_ws/src/end_effector_client) by extensions ['ros']
[0.131s] Level 1:colcon.colcon_core.package_identification:_identify(/home/z017/proj/PX4-fully-actuated-v1.15.2/Tools/simulation/gz/models/skyvortex/meshes/planning_ws/src/end_effector_client) by extension 'ros'
[0.131s] Level 1:colcon.colcon_core.package_identification:_identify(/home/z017/proj/PX4-fully-actuated-v1.15.2/Tools/simulation/gz/models/skyvortex/meshes/planning_ws/src/end_effector_client) by extensions ['cmake', 'python']
[0.131s] Level 1:colcon.colcon_core.package_identification:_identify(/home/z017/proj/PX4-fully-actuated-v1.15.2/Tools/simulation/gz/models/skyvortex/meshes/planning_ws/src/end_effector_client) by extension 'cmake'
[0.131s] Level 1:colcon.colcon_core.package_identification:_identify(/home/z017/proj/PX4-fully-actuated-v1.15.2/Tools/simulation/gz/models/skyvortex/meshes/planning_ws/src/end_effector_client) by extension 'python'
[0.131s] Level 1:colcon.colcon_core.package_identification:_identify(/home/z017/proj/PX4-fully-actuated-v1.15.2/Tools/simulation/gz/models/skyvortex/meshes/planning_ws/src/end_effector_client) by extensions ['python_setup_py']
[0.131s] Level 1:colcon.colcon_core.package_identification:_identify(/home/z017/proj/PX4-fully-actuated-v1.15.2/Tools/simulation/gz/models/skyvortex/meshes/planning_ws/src/end_effector_client) by extension 'python_setup_py'
[0.131s] Level 1:colcon.colcon_core.package_identification:_identify(/home/z017/proj/PX4-fully-actuated-v1.15.2/Tools/simulation/gz/models/skyvortex/meshes/planning_ws/src/end_effector_client/end_effector_client) by extensions ['ignore', 'ignore_ament_install']
[0.131s] Level 1:colcon.colcon_core.package_identification:_identify(/home/z017/proj/PX4-fully-actuated-v1.15.2/Tools/simulation/gz/models/skyvortex/meshes/planning_ws/src/end_effector_client/end_effector_client) by extension 'ignore'
[0.131s] Level 1:colcon.colcon_core.package_identification:_identify(/home/z017/proj/PX4-fully-actuated-v1.15.2/Tools/simulation/gz/models/skyvortex/meshes/planning_ws/src/end_effector_client/end_effector_client) by extension 'ignore_ament_install'
[0.131s] Level 1:colcon.colcon_core.package_identification:_identify(/home/z017/proj/PX4-fully-actuated-v1.15.2/Tools/simulation/gz/models/skyvortex/meshes/planning_ws/src/end_effector_client/end_effector_client) by extensions ['colcon_pkg']
[0.131s] Level 1:colcon.colcon_core.package_identification:_identify(/home/z017/proj/PX4-fully-actuated-v1.15.2/Tools/simulation/gz/models/skyvortex/meshes/planning_ws/src/end_effector_client/end_effector_client) by extension 'colcon_pkg'
[0.131s] Level 1:colcon.colcon_core.package_identification:_identify(/home/z017/proj/PX4-fully-actuated-v1.15.2/Tools/simulation/gz/models/skyvortex/meshes/planning_ws/src/end_effector_client/end_effector_client) by extensions ['colcon_meta']
[0.131s] Level 1:colcon.colcon_core.package_identification:_identify(/home/z017/proj/PX4-fully-actuated-v1.15.2/Tools/simulation/gz/models/skyvortex/meshes/planning_ws/src/end_effector_client/end_effector_client) by extension 'colcon_meta'
[0.131s] Level 1:colcon.colcon_core.package_identification:_identify(/home/z017/proj/PX4-fully-actuated-v1.15.2/Tools/simulation/gz/models/skyvortex/meshes/planning_ws/src/end_effector_client/end_effector_client) by extensions ['ros']
[0.131s] Level 1:colcon.colcon_core.package_identification:_identify(/home/z017/proj/PX4-fully-actuated-v1.15.2/Tools/simulation/gz/models/skyvortex/meshes/planning_ws/src/end_effector_client/end_effector_client) by extension 'ros'
[0.132s] DEBUG:colcon.colcon_core.package_identification:Package '/home/z017/proj/PX4-fully-actuated-v1.15.2/Tools/simulation/gz/models/skyvortex/meshes/planning_ws/src/end_effector_client/end_effector_client' with type 'ros.catkin' and name 'end_effector_client'
[0.132s] Level 1:colcon.colcon_core.package_identification:_identify(/home/z017/proj/PX4-fully-actuated-v1.15.2/Tools/simulation/gz/models/skyvortex/meshes/planning_ws/src/offboard) by extensions ['ignore', 'ignore_ament_install']
[0.132s] Level 1:colcon.colcon_core.package_identification:_identify(/home/z017/proj/PX4-fully-actuated-v1.15.2/Tools/simulation/gz/models/skyvortex/meshes/planning_ws/src/offboard) by extension 'ignore'
[0.132s] Level 1:colcon.colcon_core.package_identification:_identify(/home/z017/proj/PX4-fully-actuated-v1.15.2/Tools/simulation/gz/models/skyvortex/meshes/planning_ws/src/offboard) by extension 'ignore_ament_install'
[0.132s] Level 1:colcon.colcon_core.package_identification:_identify(/home/z017/proj/PX4-fully-actuated-v1.15.2/Tools/simulation/gz/models/skyvortex/meshes/planning_ws/src/offboard) by extensions ['colcon_pkg']
[0.132s] Level 1:colcon.colcon_core.package_identification:_identify(/home/z017/proj/PX4-fully-actuated-v1.15.2/Tools/simulation/gz/models/skyvortex/meshes/planning_ws/src/offboard) by extension 'colcon_pkg'
[0.132s] Level 1:colcon.colcon_core.package_identification:_identify(/home/z017/proj/PX4-fully-actuated-v1.15.2/Tools/simulation/gz/models/skyvortex/meshes/planning_ws/src/offboard) by extensions ['colcon_meta']
[0.132s] Level 1:colcon.colcon_core.package_identification:_identify(/home/z017/proj/PX4-fully-actuated-v1.15.2/Tools/simulation/gz/models/skyvortex/meshes/planning_ws/src/offboard) by extension 'colcon_meta'
[0.132s] Level 1:colcon.colcon_core.package_identification:_identify(/home/z017/proj/PX4-fully-actuated-v1.15.2/Tools/simulation/gz/models/skyvortex/meshes/planning_ws/src/offboard) by extensions ['ros']
[0.132s] Level 1:colcon.colcon_core.package_identification:_identify(/home/z017/proj/PX4-fully-actuated-v1.15.2/Tools/simulation/gz/models/skyvortex/meshes/planning_ws/src/offboard) by extension 'ros'
[0.132s] DEBUG:colcon.colcon_core.package_identification:Package '/home/z017/proj/PX4-fully-actuated-v1.15.2/Tools/simulation/gz/models/skyvortex/meshes/planning_ws/src/offboard' with type 'ros.catkin' and name 'offboard'
[0.132s] Level 1:colcon.colcon_core.package_identification:_identify(/home/z017/proj/PX4-fully-actuated-v1.15.2/Tools/simulation/gz/models/skyvortex/meshes/planning_ws/src/path_planning) by extensions ['ignore', 'ignore_ament_install']
[0.132s] Level 1:colcon.colcon_core.package_identification:_identify(/home/z017/proj/PX4-fully-actuated-v1.15.2/Tools/simulation/gz/models/skyvortex/meshes/planning_ws/src/path_planning) by extension 'ignore'
[0.132s] Level 1:colcon.colcon_core.package_identification:_identify(/home/z017/proj/PX4-fully-actuated-v1.15.2/Tools/simulation/gz/models/skyvortex/meshes/planning_ws/src/path_planning) by extension 'ignore_ament_install'
[0.133s] Level 1:colcon.colcon_core.package_identification:_identify(/home/z017/proj/PX4-fully-actuated-v1.15.2/Tools/simulation/gz/models/skyvortex/meshes/planning_ws/src/path_planning) by extensions ['colcon_pkg']
[0.133s] Level 1:colcon.colcon_core.package_identification:_identify(/home/z017/proj/PX4-fully-actuated-v1.15.2/Tools/simulation/gz/models/skyvortex/meshes/planning_ws/src/path_planning) by extension 'colcon_pkg'
[0.133s] Level 1:colcon.colcon_core.package_identification:_identify(/home/z017/proj/PX4-fully-actuated-v1.15.2/Tools/simulation/gz/models/skyvortex/meshes/planning_ws/src/path_planning) by extensions ['colcon_meta']
[0.133s] Level 1:colcon.colcon_core.package_identification:_identify(/home/z017/proj/PX4-fully-actuated-v1.15.2/Tools/simulation/gz/models/skyvortex/meshes/planning_ws/src/path_planning) by extension 'colcon_meta'
[0.133s] Level 1:colcon.colcon_core.package_identification:_identify(/home/z017/proj/PX4-fully-actuated-v1.15.2/Tools/simulation/gz/models/skyvortex/meshes/planning_ws/src/path_planning) by extensions ['ros']
[0.133s] Level 1:colcon.colcon_core.package_identification:_identify(/home/z017/proj/PX4-fully-actuated-v1.15.2/Tools/simulation/gz/models/skyvortex/meshes/planning_ws/src/path_planning) by extension 'ros'
[0.133s] DEBUG:colcon.colcon_core.package_identification:Package '/home/z017/proj/PX4-fully-actuated-v1.15.2/Tools/simulation/gz/models/skyvortex/meshes/planning_ws/src/path_planning' with type 'ros.catkin' and name 'path_planning'
[0.133s] Level 1:colcon.colcon_core.package_identification:_identify(/home/z017/proj/PX4-fully-actuated-v1.15.2/Tools/simulation/gz/models/skyvortex/meshes/planning_ws/src/planning_utils) by extensions ['ignore', 'ignore_ament_install']
[0.133s] Level 1:colcon.colcon_core.package_identification:_identify(/home/z017/proj/PX4-fully-actuated-v1.15.2/Tools/simulation/gz/models/skyvortex/meshes/planning_ws/src/planning_utils) by extension 'ignore'
[0.133s] Level 1:colcon.colcon_core.package_identification:_identify(/home/z017/proj/PX4-fully-actuated-v1.15.2/Tools/simulation/gz/models/skyvortex/meshes/planning_ws/src/planning_utils) by extension 'ignore_ament_install'
[0.133s] Level 1:colcon.colcon_core.package_identification:_identify(/home/z017/proj/PX4-fully-actuated-v1.15.2/Tools/simulation/gz/models/skyvortex/meshes/planning_ws/src/planning_utils) by extensions ['colcon_pkg']
[0.133s] Level 1:colcon.colcon_core.package_identification:_identify(/home/z017/proj/PX4-fully-actuated-v1.15.2/Tools/simulation/gz/models/skyvortex/meshes/planning_ws/src/planning_utils) by extension 'colcon_pkg'
[0.133s] Level 1:colcon.colcon_core.package_identification:_identify(/home/z017/proj/PX4-fully-actuated-v1.15.2/Tools/simulation/gz/models/skyvortex/meshes/planning_ws/src/planning_utils) by extensions ['colcon_meta']
[0.133s] Level 1:colcon.colcon_core.package_identification:_identify(/home/z017/proj/PX4-fully-actuated-v1.15.2/Tools/simulation/gz/models/skyvortex/meshes/planning_ws/src/planning_utils) by extension 'colcon_meta'
[0.133s] Level 1:colcon.colcon_core.package_identification:_identify(/home/z017/proj/PX4-fully-actuated-v1.15.2/Tools/simulation/gz/models/skyvortex/meshes/planning_ws/src/planning_utils) by extensions ['ros']
[0.133s] Level 1:colcon.colcon_core.package_identification:_identify(/home/z017/proj/PX4-fully-actuated-v1.15.2/Tools/simulation/gz/models/skyvortex/meshes/planning_ws/src/planning_utils) by extension 'ros'
[0.134s] DEBUG:colcon.colcon_core.package_identification:Package '/home/z017/proj/PX4-fully-actuated-v1.15.2/Tools/simulation/gz/models/skyvortex/meshes/planning_ws/src/planning_utils' with type 'ros.catkin' and name 'planning_utils'
[0.134s] Level 1:colcon.colcon_core.package_identification:_identify(/home/z017/proj/PX4-fully-actuated-v1.15.2/Tools/simulation/gz/models/skyvortex/meshes/planning_ws/src/surface_reconstructor) by extensions ['ignore', 'ignore_ament_install']
[0.134s] Level 1:colcon.colcon_core.package_identification:_identify(/home/z017/proj/PX4-fully-actuated-v1.15.2/Tools/simulation/gz/models/skyvortex/meshes/planning_ws/src/surface_reconstructor) by extension 'ignore'
[0.134s] Level 1:colcon.colcon_core.package_identification:_identify(/home/z017/proj/PX4-fully-actuated-v1.15.2/Tools/simulation/gz/models/skyvortex/meshes/planning_ws/src/surface_reconstructor) by extension 'ignore_ament_install'
[0.134s] Level 1:colcon.colcon_core.package_identification:_identify(/home/z017/proj/PX4-fully-actuated-v1.15.2/Tools/simulation/gz/models/skyvortex/meshes/planning_ws/src/surface_reconstructor) by extensions ['colcon_pkg']
[0.134s] Level 1:colcon.colcon_core.package_identification:_identify(/home/z017/proj/PX4-fully-actuated-v1.15.2/Tools/simulation/gz/models/skyvortex/meshes/planning_ws/src/surface_reconstructor) by extension 'colcon_pkg'
[0.134s] Level 1:colcon.colcon_core.package_identification:_identify(/home/z017/proj/PX4-fully-actuated-v1.15.2/Tools/simulation/gz/models/skyvortex/meshes/planning_ws/src/surface_reconstructor) by extensions ['colcon_meta']
[0.134s] Level 1:colcon.colcon_core.package_identification:_identify(/home/z017/proj/PX4-fully-actuated-v1.15.2/Tools/simulation/gz/models/skyvortex/meshes/planning_ws/src/surface_reconstructor) by extension 'colcon_meta'
[0.134s] Level 1:colcon.colcon_core.package_identification:_identify(/home/z017/proj/PX4-fully-actuated-v1.15.2/Tools/simulation/gz/models/skyvortex/meshes/planning_ws/src/surface_reconstructor) by extensions ['ros']
[0.134s] Level 1:colcon.colcon_core.package_identification:_identify(/home/z017/proj/PX4-fully-actuated-v1.15.2/Tools/simulation/gz/models/skyvortex/meshes/planning_ws/src/surface_reconstructor) by extension 'ros'
[0.135s] DEBUG:colcon.colcon_core.package_identification:Package '/home/z017/proj/PX4-fully-actuated-v1.15.2/Tools/simulation/gz/models/skyvortex/meshes/planning_ws/src/surface_reconstructor' with type 'ros.catkin' and name 'surface_reconstructor'
[0.135s] Level 1:colcon.colcon_core.package_identification:_identify(/home/z017/proj/PX4-fully-actuated-v1.15.2/Tools/simulation/gz/models/skyvortex/meshes/planning_ws/src/uam_control_interface) by extensions ['ignore', 'ignore_ament_install']
[0.135s] Level 1:colcon.colcon_core.package_identification:_identify(/home/z017/proj/PX4-fully-actuated-v1.15.2/Tools/simulation/gz/models/skyvortex/meshes/planning_ws/src/uam_control_interface) by extension 'ignore'
[0.135s] Level 1:colcon.colcon_core.package_identification:_identify(/home/z017/proj/PX4-fully-actuated-v1.15.2/Tools/simulation/gz/models/skyvortex/meshes/planning_ws/src/uam_control_interface) by extension 'ignore_ament_install'
[0.135s] Level 1:colcon.colcon_core.package_identification:_identify(/home/z017/proj/PX4-fully-actuated-v1.15.2/Tools/simulation/gz/models/skyvortex/meshes/planning_ws/src/uam_control_interface) by extensions ['colcon_pkg']
[0.135s] Level 1:colcon.colcon_core.package_identification:_identify(/home/z017/proj/PX4-fully-actuated-v1.15.2/Tools/simulation/gz/models/skyvortex/meshes/planning_ws/src/uam_control_interface) by extension 'colcon_pkg'
[0.135s] Level 1:colcon.colcon_core.package_identification:_identify(/home/z017/proj/PX4-fully-actuated-v1.15.2/Tools/simulation/gz/models/skyvortex/meshes/planning_ws/src/uam_control_interface) by extensions ['colcon_meta']
[0.135s] Level 1:colcon.colcon_core.package_identification:_identify(/home/z017/proj/PX4-fully-actuated-v1.15.2/Tools/simulation/gz/models/skyvortex/meshes/planning_ws/src/uam_control_interface) by extension 'colcon_meta'
[0.135s] Level 1:colcon.colcon_core.package_identification:_identify(/home/z017/proj/PX4-fully-actuated-v1.15.2/Tools/simulation/gz/models/skyvortex/meshes/planning_ws/src/uam_control_interface) by extensions ['ros']
[0.135s] Level 1:colcon.colcon_core.package_identification:_identify(/home/z017/proj/PX4-fully-actuated-v1.15.2/Tools/simulation/gz/models/skyvortex/meshes/planning_ws/src/uam_control_interface) by extension 'ros'
[0.135s] DEBUG:colcon.colcon_core.package_identification:Package '/home/z017/proj/PX4-fully-actuated-v1.15.2/Tools/simulation/gz/models/skyvortex/meshes/planning_ws/src/uam_control_interface' with type 'ros.catkin' and name 'uam_control_interface'
[0.135s] Level 1:colcon.colcon_core.package_identification:_identify(/home/z017/proj/PX4-fully-actuated-v1.15.2/Tools/simulation/gz/models/skyvortex_base) by extensions ['ignore', 'ignore_ament_install']
[0.135s] Level 1:colcon.colcon_core.package_identification:_identify(/home/z017/proj/PX4-fully-actuated-v1.15.2/Tools/simulation/gz/models/skyvortex_base) by extension 'ignore'
[0.135s] Level 1:colcon.colcon_core.package_identification:_identify(/home/z017/proj/PX4-fully-actuated-v1.15.2/Tools/simulation/gz/models/skyvortex_base) by extension 'ignore_ament_install'
[0.135s] Level 1:colcon.colcon_core.package_identification:_identify(/home/z017/proj/PX4-fully-actuated-v1.15.2/Tools/simulation/gz/models/skyvortex_base) by extensions ['colcon_pkg']
[0.135s] Level 1:colcon.colcon_core.package_identification:_identify(/home/z017/proj/PX4-fully-actuated-v1.15.2/Tools/simulation/gz/models/skyvortex_base) by extension 'colcon_pkg'
[0.135s] Level 1:colcon.colcon_core.package_identification:_identify(/home/z017/proj/PX4-fully-actuated-v1.15.2/Tools/simulation/gz/models/skyvortex_base) by extensions ['colcon_meta']
[0.135s] Level 1:colcon.colcon_core.package_identification:_identify(/home/z017/proj/PX4-fully-actuated-v1.15.2/Tools/simulation/gz/models/skyvortex_base) by extension 'colcon_meta'
[0.136s] Level 1:colcon.colcon_core.package_identification:_identify(/home/z017/proj/PX4-fully-actuated-v1.15.2/Tools/simulation/gz/models/skyvortex_base) by extensions ['ros']
[0.136s] Level 1:colcon.colcon_core.package_identification:_identify(/home/z017/proj/PX4-fully-actuated-v1.15.2/Tools/simulation/gz/models/skyvortex_base) by extension 'ros'
[0.136s] Level 1:colcon.colcon_core.package_identification:_identify(/home/z017/proj/PX4-fully-actuated-v1.15.2/Tools/simulation/gz/models/skyvortex_base) by extensions ['cmake', 'python']
[0.136s] Level 1:colcon.colcon_core.package_identification:_identify(/home/z017/proj/PX4-fully-actuated-v1.15.2/Tools/simulation/gz/models/skyvortex_base) by extension 'cmake'
[0.136s] Level 1:colcon.colcon_core.package_identification:_identify(/home/z017/proj/PX4-fully-actuated-v1.15.2/Tools/simulation/gz/models/skyvortex_base) by extension 'python'
[0.136s] Level 1:colcon.colcon_core.package_identification:_identify(/home/z017/proj/PX4-fully-actuated-v1.15.2/Tools/simulation/gz/models/skyvortex_base) by extensions ['python_setup_py']
[0.136s] Level 1:colcon.colcon_core.package_identification:_identify(/home/z017/proj/PX4-fully-actuated-v1.15.2/Tools/simulation/gz/models/skyvortex_base) by extension 'python_setup_py'
[0.136s] Level 1:colcon.colcon_core.package_identification:_identify(/home/z017/proj/PX4-fully-actuated-v1.15.2/Tools/simulation/gz/models/skyvortex_base/meshes) by extensions ['ignore', 'ignore_ament_install']
[0.136s] Level 1:colcon.colcon_core.package_identification:_identify(/home/z017/proj/PX4-fully-actuated-v1.15.2/Tools/simulation/gz/models/skyvortex_base/meshes) by extension 'ignore'
[0.136s] Level 1:colcon.colcon_core.package_identification:_identify(/home/z017/proj/PX4-fully-actuated-v1.15.2/Tools/simulation/gz/models/skyvortex_base/meshes) by extension 'ignore_ament_install'
[0.136s] Level 1:colcon.colcon_core.package_identification:_identify(/home/z017/proj/PX4-fully-actuated-v1.15.2/Tools/simulation/gz/models/skyvortex_base/meshes) by extensions ['colcon_pkg']
[0.136s] Level 1:colcon.colcon_core.package_identification:_identify(/home/z017/proj/PX4-fully-actuated-v1.15.2/Tools/simulation/gz/models/skyvortex_base/meshes) by extension 'colcon_pkg'
[0.136s] Level 1:colcon.colcon_core.package_identification:_identify(/home/z017/proj/PX4-fully-actuated-v1.15.2/Tools/simulation/gz/models/skyvortex_base/meshes) by extensions ['colcon_meta']
[0.136s] Level 1:colcon.colcon_core.package_identification:_identify(/home/z017/proj/PX4-fully-actuated-v1.15.2/Tools/simulation/gz/models/skyvortex_base/meshes) by extension 'colcon_meta'
[0.136s] Level 1:colcon.colcon_core.package_identification:_identify(/home/z017/proj/PX4-fully-actuated-v1.15.2/Tools/simulation/gz/models/skyvortex_base/meshes) by extensions ['ros']
[0.136s] Level 1:colcon.colcon_core.package_identification:_identify(/home/z017/proj/PX4-fully-actuated-v1.15.2/Tools/simulation/gz/models/skyvortex_base/meshes) by extension 'ros'
[0.136s] Level 1:colcon.colcon_core.package_identification:_identify(/home/z017/proj/PX4-fully-actuated-v1.15.2/Tools/simulation/gz/models/skyvortex_base/meshes) by extensions ['cmake', 'python']
[0.136s] Level 1:colcon.colcon_core.package_identification:_identify(/home/z017/proj/PX4-fully-actuated-v1.15.2/Tools/simulation/gz/models/skyvortex_base/meshes) by extension 'cmake'
[0.136s] Level 1:colcon.colcon_core.package_identification:_identify(/home/z017/proj/PX4-fully-actuated-v1.15.2/Tools/simulation/gz/models/skyvortex_base/meshes) by extension 'python'
[0.136s] Level 1:colcon.colcon_core.package_identification:_identify(/home/z017/proj/PX4-fully-actuated-v1.15.2/Tools/simulation/gz/models/skyvortex_base/meshes) by extensions ['python_setup_py']
[0.136s] Level 1:colcon.colcon_core.package_identification:_identify(/home/z017/proj/PX4-fully-actuated-v1.15.2/Tools/simulation/gz/models/skyvortex_base/meshes) by extension 'python_setup_py'
[0.136s] Level 1:colcon.colcon_core.package_identification:_identify(/home/z017/proj/PX4-fully-actuated-v1.15.2/Tools/simulation/gz/models/skyvortex_ocee) by extensions ['ignore', 'ignore_ament_install']
[0.136s] Level 1:colcon.colcon_core.package_identification:_identify(/home/z017/proj/PX4-fully-actuated-v1.15.2/Tools/simulation/gz/models/skyvortex_ocee) by extension 'ignore'
[0.136s] Level 1:colcon.colcon_core.package_identification:_identify(/home/z017/proj/PX4-fully-actuated-v1.15.2/Tools/simulation/gz/models/skyvortex_ocee) by extension 'ignore_ament_install'
[0.136s] Level 1:colcon.colcon_core.package_identification:_identify(/home/z017/proj/PX4-fully-actuated-v1.15.2/Tools/simulation/gz/models/skyvortex_ocee) by extensions ['colcon_pkg']
[0.136s] Level 1:colcon.colcon_core.package_identification:_identify(/home/z017/proj/PX4-fully-actuated-v1.15.2/Tools/simulation/gz/models/skyvortex_ocee) by extension 'colcon_pkg'
[0.136s] Level 1:colcon.colcon_core.package_identification:_identify(/home/z017/proj/PX4-fully-actuated-v1.15.2/Tools/simulation/gz/models/skyvortex_ocee) by extensions ['colcon_meta']
[0.136s] Level 1:colcon.colcon_core.package_identification:_identify(/home/z017/proj/PX4-fully-actuated-v1.15.2/Tools/simulation/gz/models/skyvortex_ocee) by extension 'colcon_meta'
[0.136s] Level 1:colcon.colcon_core.package_identification:_identify(/home/z017/proj/PX4-fully-actuated-v1.15.2/Tools/simulation/gz/models/skyvortex_ocee) by extensions ['ros']
[0.136s] Level 1:colcon.colcon_core.package_identification:_identify(/home/z017/proj/PX4-fully-actuated-v1.15.2/Tools/simulation/gz/models/skyvortex_ocee) by extension 'ros'
[0.136s] Level 1:colcon.colcon_core.package_identification:_identify(/home/z017/proj/PX4-fully-actuated-v1.15.2/Tools/simulation/gz/models/skyvortex_ocee) by extensions ['cmake', 'python']
[0.136s] Level 1:colcon.colcon_core.package_identification:_identify(/home/z017/proj/PX4-fully-actuated-v1.15.2/Tools/simulation/gz/models/skyvortex_ocee) by extension 'cmake'
[0.136s] Level 1:colcon.colcon_core.package_identification:_identify(/home/z017/proj/PX4-fully-actuated-v1.15.2/Tools/simulation/gz/models/skyvortex_ocee) by extension 'python'
[0.136s] Level 1:colcon.colcon_core.package_identification:_identify(/home/z017/proj/PX4-fully-actuated-v1.15.2/Tools/simulation/gz/models/skyvortex_ocee) by extensions ['python_setup_py']
[0.136s] Level 1:colcon.colcon_core.package_identification:_identify(/home/z017/proj/PX4-fully-actuated-v1.15.2/Tools/simulation/gz/models/skyvortex_ocee) by extension 'python_setup_py'
[0.136s] Level 1:colcon.colcon_core.package_identification:_identify(/home/z017/proj/PX4-fully-actuated-v1.15.2/Tools/simulation/gz/models/skyvortex_ocee/meshes) by extensions ['ignore', 'ignore_ament_install']
[0.136s] Level 1:colcon.colcon_core.package_identification:_identify(/home/z017/proj/PX4-fully-actuated-v1.15.2/Tools/simulation/gz/models/skyvortex_ocee/meshes) by extension 'ignore'
[0.136s] Level 1:colcon.colcon_core.package_identification:_identify(/home/z017/proj/PX4-fully-actuated-v1.15.2/Tools/simulation/gz/models/skyvortex_ocee/meshes) by extension 'ignore_ament_install'
[0.137s] Level 1:colcon.colcon_core.package_identification:_identify(/home/z017/proj/PX4-fully-actuated-v1.15.2/Tools/simulation/gz/models/skyvortex_ocee/meshes) by extensions ['colcon_pkg']
[0.137s] Level 1:colcon.colcon_core.package_identification:_identify(/home/z017/proj/PX4-fully-actuated-v1.15.2/Tools/simulation/gz/models/skyvortex_ocee/meshes) by extension 'colcon_pkg'
[0.137s] Level 1:colcon.colcon_core.package_identification:_identify(/home/z017/proj/PX4-fully-actuated-v1.15.2/Tools/simulation/gz/models/skyvortex_ocee/meshes) by extensions ['colcon_meta']
[0.137s] Level 1:colcon.colcon_core.package_identification:_identify(/home/z017/proj/PX4-fully-actuated-v1.15.2/Tools/simulation/gz/models/skyvortex_ocee/meshes) by extension 'colcon_meta'
[0.137s] Level 1:colcon.colcon_core.package_identification:_identify(/home/z017/proj/PX4-fully-actuated-v1.15.2/Tools/simulation/gz/models/skyvortex_ocee/meshes) by extensions ['ros']
[0.137s] Level 1:colcon.colcon_core.package_identification:_identify(/home/z017/proj/PX4-fully-actuated-v1.15.2/Tools/simulation/gz/models/skyvortex_ocee/meshes) by extension 'ros'
[0.137s] Level 1:colcon.colcon_core.package_identification:_identify(/home/z017/proj/PX4-fully-actuated-v1.15.2/Tools/simulation/gz/models/skyvortex_ocee/meshes) by extensions ['cmake', 'python']
[0.137s] Level 1:colcon.colcon_core.package_identification:_identify(/home/z017/proj/PX4-fully-actuated-v1.15.2/Tools/simulation/gz/models/skyvortex_ocee/meshes) by extension 'cmake'
[0.137s] Level 1:colcon.colcon_core.package_identification:_identify(/home/z017/proj/PX4-fully-actuated-v1.15.2/Tools/simulation/gz/models/skyvortex_ocee/meshes) by extension 'python'
[0.137s] Level 1:colcon.colcon_core.package_identification:_identify(/home/z017/proj/PX4-fully-actuated-v1.15.2/Tools/simulation/gz/models/skyvortex_ocee/meshes) by extensions ['python_setup_py']
[0.137s] Level 1:colcon.colcon_core.package_identification:_identify(/home/z017/proj/PX4-fully-actuated-v1.15.2/Tools/simulation/gz/models/skyvortex_ocee/meshes) by extension 'python_setup_py'
[0.137s] Level 1:colcon.colcon_core.package_identification:_identify(/home/z017/proj/PX4-fully-actuated-v1.15.2/Tools/simulation/gz/models/spacecraft_2d) by extensions ['ignore', 'ignore_ament_install']
[0.137s] Level 1:colcon.colcon_core.package_identification:_identify(/home/z017/proj/PX4-fully-actuated-v1.15.2/Tools/simulation/gz/models/spacecraft_2d) by extension 'ignore'
[0.137s] Level 1:colcon.colcon_core.package_identification:_identify(/home/z017/proj/PX4-fully-actuated-v1.15.2/Tools/simulation/gz/models/spacecraft_2d) by extension 'ignore_ament_install'
[0.137s] Level 1:colcon.colcon_core.package_identification:_identify(/home/z017/proj/PX4-fully-actuated-v1.15.2/Tools/simulation/gz/models/spacecraft_2d) by extensions ['colcon_pkg']
[0.137s] Level 1:colcon.colcon_core.package_identification:_identify(/home/z017/proj/PX4-fully-actuated-v1.15.2/Tools/simulation/gz/models/spacecraft_2d) by extension 'colcon_pkg'
[0.137s] Level 1:colcon.colcon_core.package_identification:_identify(/home/z017/proj/PX4-fully-actuated-v1.15.2/Tools/simulation/gz/models/spacecraft_2d) by extensions ['colcon_meta']
[0.137s] Level 1:colcon.colcon_core.package_identification:_identify(/home/z017/proj/PX4-fully-actuated-v1.15.2/Tools/simulation/gz/models/spacecraft_2d) by extension 'colcon_meta'
[0.137s] Level 1:colcon.colcon_core.package_identification:_identify(/home/z017/proj/PX4-fully-actuated-v1.15.2/Tools/simulation/gz/models/spacecraft_2d) by extensions ['ros']
[0.137s] Level 1:colcon.colcon_core.package_identification:_identify(/home/z017/proj/PX4-fully-actuated-v1.15.2/Tools/simulation/gz/models/spacecraft_2d) by extension 'ros'
[0.137s] Level 1:colcon.colcon_core.package_identification:_identify(/home/z017/proj/PX4-fully-actuated-v1.15.2/Tools/simulation/gz/models/spacecraft_2d) by extensions ['cmake', 'python']
[0.137s] Level 1:colcon.colcon_core.package_identification:_identify(/home/z017/proj/PX4-fully-actuated-v1.15.2/Tools/simulation/gz/models/spacecraft_2d) by extension 'cmake'
[0.137s] Level 1:colcon.colcon_core.package_identification:_identify(/home/z017/proj/PX4-fully-actuated-v1.15.2/Tools/simulation/gz/models/spacecraft_2d) by extension 'python'
[0.137s] Level 1:colcon.colcon_core.package_identification:_identify(/home/z017/proj/PX4-fully-actuated-v1.15.2/Tools/simulation/gz/models/spacecraft_2d) by extensions ['python_setup_py']
[0.137s] Level 1:colcon.colcon_core.package_identification:_identify(/home/z017/proj/PX4-fully-actuated-v1.15.2/Tools/simulation/gz/models/spacecraft_2d) by extension 'python_setup_py'
[0.137s] Level 1:colcon.colcon_core.package_identification:_identify(/home/z017/proj/PX4-fully-actuated-v1.15.2/Tools/simulation/gz/models/standard_vtol) by extensions ['ignore', 'ignore_ament_install']
[0.137s] Level 1:colcon.colcon_core.package_identification:_identify(/home/z017/proj/PX4-fully-actuated-v1.15.2/Tools/simulation/gz/models/standard_vtol) by extension 'ignore'
[0.137s] Level 1:colcon.colcon_core.package_identification:_identify(/home/z017/proj/PX4-fully-actuated-v1.15.2/Tools/simulation/gz/models/standard_vtol) by extension 'ignore_ament_install'
[0.137s] Level 1:colcon.colcon_core.package_identification:_identify(/home/z017/proj/PX4-fully-actuated-v1.15.2/Tools/simulation/gz/models/standard_vtol) by extensions ['colcon_pkg']
[0.137s] Level 1:colcon.colcon_core.package_identification:_identify(/home/z017/proj/PX4-fully-actuated-v1.15.2/Tools/simulation/gz/models/standard_vtol) by extension 'colcon_pkg'
[0.137s] Level 1:colcon.colcon_core.package_identification:_identify(/home/z017/proj/PX4-fully-actuated-v1.15.2/Tools/simulation/gz/models/standard_vtol) by extensions ['colcon_meta']
[0.137s] Level 1:colcon.colcon_core.package_identification:_identify(/home/z017/proj/PX4-fully-actuated-v1.15.2/Tools/simulation/gz/models/standard_vtol) by extension 'colcon_meta'
[0.137s] Level 1:colcon.colcon_core.package_identification:_identify(/home/z017/proj/PX4-fully-actuated-v1.15.2/Tools/simulation/gz/models/standard_vtol) by extensions ['ros']
[0.137s] Level 1:colcon.colcon_core.package_identification:_identify(/home/z017/proj/PX4-fully-actuated-v1.15.2/Tools/simulation/gz/models/standard_vtol) by extension 'ros'
[0.137s] Level 1:colcon.colcon_core.package_identification:_identify(/home/z017/proj/PX4-fully-actuated-v1.15.2/Tools/simulation/gz/models/standard_vtol) by extensions ['cmake', 'python']
[0.137s] Level 1:colcon.colcon_core.package_identification:_identify(/home/z017/proj/PX4-fully-actuated-v1.15.2/Tools/simulation/gz/models/standard_vtol) by extension 'cmake'
[0.137s] Level 1:colcon.colcon_core.package_identification:_identify(/home/z017/proj/PX4-fully-actuated-v1.15.2/Tools/simulation/gz/models/standard_vtol) by extension 'python'
[0.137s] Level 1:colcon.colcon_core.package_identification:_identify(/home/z017/proj/PX4-fully-actuated-v1.15.2/Tools/simulation/gz/models/standard_vtol) by extensions ['python_setup_py']
[0.137s] Level 1:colcon.colcon_core.package_identification:_identify(/home/z017/proj/PX4-fully-actuated-v1.15.2/Tools/simulation/gz/models/standard_vtol) by extension 'python_setup_py'
[0.137s] Level 1:colcon.colcon_core.package_identification:_identify(/home/z017/proj/PX4-fully-actuated-v1.15.2/Tools/simulation/gz/models/standard_vtol/meshes) by extensions ['ignore', 'ignore_ament_install']
[0.138s] Level 1:colcon.colcon_core.package_identification:_identify(/home/z017/proj/PX4-fully-actuated-v1.15.2/Tools/simulation/gz/models/standard_vtol/meshes) by extension 'ignore'
[0.138s] Level 1:colcon.colcon_core.package_identification:_identify(/home/z017/proj/PX4-fully-actuated-v1.15.2/Tools/simulation/gz/models/standard_vtol/meshes) by extension 'ignore_ament_install'
[0.138s] Level 1:colcon.colcon_core.package_identification:_identify(/home/z017/proj/PX4-fully-actuated-v1.15.2/Tools/simulation/gz/models/standard_vtol/meshes) by extensions ['colcon_pkg']
[0.138s] Level 1:colcon.colcon_core.package_identification:_identify(/home/z017/proj/PX4-fully-actuated-v1.15.2/Tools/simulation/gz/models/standard_vtol/meshes) by extension 'colcon_pkg'
[0.138s] Level 1:colcon.colcon_core.package_identification:_identify(/home/z017/proj/PX4-fully-actuated-v1.15.2/Tools/simulation/gz/models/standard_vtol/meshes) by extensions ['colcon_meta']
[0.138s] Level 1:colcon.colcon_core.package_identification:_identify(/home/z017/proj/PX4-fully-actuated-v1.15.2/Tools/simulation/gz/models/standard_vtol/meshes) by extension 'colcon_meta'
[0.138s] Level 1:colcon.colcon_core.package_identification:_identify(/home/z017/proj/PX4-fully-actuated-v1.15.2/Tools/simulation/gz/models/standard_vtol/meshes) by extensions ['ros']
[0.138s] Level 1:colcon.colcon_core.package_identification:_identify(/home/z017/proj/PX4-fully-actuated-v1.15.2/Tools/simulation/gz/models/standard_vtol/meshes) by extension 'ros'
[0.138s] Level 1:colcon.colcon_core.package_identification:_identify(/home/z017/proj/PX4-fully-actuated-v1.15.2/Tools/simulation/gz/models/standard_vtol/meshes) by extensions ['cmake', 'python']
[0.138s] Level 1:colcon.colcon_core.package_identification:_identify(/home/z017/proj/PX4-fully-actuated-v1.15.2/Tools/simulation/gz/models/standard_vtol/meshes) by extension 'cmake'
[0.138s] Level 1:colcon.colcon_core.package_identification:_identify(/home/z017/proj/PX4-fully-actuated-v1.15.2/Tools/simulation/gz/models/standard_vtol/meshes) by extension 'python'
[0.138s] Level 1:colcon.colcon_core.package_identification:_identify(/home/z017/proj/PX4-fully-actuated-v1.15.2/Tools/simulation/gz/models/standard_vtol/meshes) by extensions ['python_setup_py']
[0.138s] Level 1:colcon.colcon_core.package_identification:_identify(/home/z017/proj/PX4-fully-actuated-v1.15.2/Tools/simulation/gz/models/standard_vtol/meshes) by extension 'python_setup_py'
[0.138s] Level 1:colcon.colcon_core.package_identification:_identify(/home/z017/proj/PX4-fully-actuated-v1.15.2/Tools/simulation/gz/models/tiltrotor) by extensions ['ignore', 'ignore_ament_install']
[0.138s] Level 1:colcon.colcon_core.package_identification:_identify(/home/z017/proj/PX4-fully-actuated-v1.15.2/Tools/simulation/gz/models/tiltrotor) by extension 'ignore'
[0.138s] Level 1:colcon.colcon_core.package_identification:_identify(/home/z017/proj/PX4-fully-actuated-v1.15.2/Tools/simulation/gz/models/tiltrotor) by extension 'ignore_ament_install'
[0.138s] Level 1:colcon.colcon_core.package_identification:_identify(/home/z017/proj/PX4-fully-actuated-v1.15.2/Tools/simulation/gz/models/tiltrotor) by extensions ['colcon_pkg']
[0.138s] Level 1:colcon.colcon_core.package_identification:_identify(/home/z017/proj/PX4-fully-actuated-v1.15.2/Tools/simulation/gz/models/tiltrotor) by extension 'colcon_pkg'
[0.138s] Level 1:colcon.colcon_core.package_identification:_identify(/home/z017/proj/PX4-fully-actuated-v1.15.2/Tools/simulation/gz/models/tiltrotor) by extensions ['colcon_meta']
[0.138s] Level 1:colcon.colcon_core.package_identification:_identify(/home/z017/proj/PX4-fully-actuated-v1.15.2/Tools/simulation/gz/models/tiltrotor) by extension 'colcon_meta'
[0.138s] Level 1:colcon.colcon_core.package_identification:_identify(/home/z017/proj/PX4-fully-actuated-v1.15.2/Tools/simulation/gz/models/tiltrotor) by extensions ['ros']
[0.138s] Level 1:colcon.colcon_core.package_identification:_identify(/home/z017/proj/PX4-fully-actuated-v1.15.2/Tools/simulation/gz/models/tiltrotor) by extension 'ros'
[0.138s] Level 1:colcon.colcon_core.package_identification:_identify(/home/z017/proj/PX4-fully-actuated-v1.15.2/Tools/simulation/gz/models/tiltrotor) by extensions ['cmake', 'python']
[0.138s] Level 1:colcon.colcon_core.package_identification:_identify(/home/z017/proj/PX4-fully-actuated-v1.15.2/Tools/simulation/gz/models/tiltrotor) by extension 'cmake'
[0.138s] Level 1:colcon.colcon_core.package_identification:_identify(/home/z017/proj/PX4-fully-actuated-v1.15.2/Tools/simulation/gz/models/tiltrotor) by extension 'python'
[0.138s] Level 1:colcon.colcon_core.package_identification:_identify(/home/z017/proj/PX4-fully-actuated-v1.15.2/Tools/simulation/gz/models/tiltrotor) by extensions ['python_setup_py']
[0.138s] Level 1:colcon.colcon_core.package_identification:_identify(/home/z017/proj/PX4-fully-actuated-v1.15.2/Tools/simulation/gz/models/tiltrotor) by extension 'python_setup_py'
[0.138s] Level 1:colcon.colcon_core.package_identification:_identify(/home/z017/proj/PX4-fully-actuated-v1.15.2/Tools/simulation/gz/models/typhoon_h480) by extensions ['ignore', 'ignore_ament_install']
[0.138s] Level 1:colcon.colcon_core.package_identification:_identify(/home/z017/proj/PX4-fully-actuated-v1.15.2/Tools/simulation/gz/models/typhoon_h480) by extension 'ignore'
[0.138s] Level 1:colcon.colcon_core.package_identification:_identify(/home/z017/proj/PX4-fully-actuated-v1.15.2/Tools/simulation/gz/models/typhoon_h480) by extension 'ignore_ament_install'
[0.138s] Level 1:colcon.colcon_core.package_identification:_identify(/home/z017/proj/PX4-fully-actuated-v1.15.2/Tools/simulation/gz/models/typhoon_h480) by extensions ['colcon_pkg']
[0.138s] Level 1:colcon.colcon_core.package_identification:_identify(/home/z017/proj/PX4-fully-actuated-v1.15.2/Tools/simulation/gz/models/typhoon_h480) by extension 'colcon_pkg'
[0.138s] Level 1:colcon.colcon_core.package_identification:_identify(/home/z017/proj/PX4-fully-actuated-v1.15.2/Tools/simulation/gz/models/typhoon_h480) by extensions ['colcon_meta']
[0.138s] Level 1:colcon.colcon_core.package_identification:_identify(/home/z017/proj/PX4-fully-actuated-v1.15.2/Tools/simulation/gz/models/typhoon_h480) by extension 'colcon_meta'
[0.138s] Level 1:colcon.colcon_core.package_identification:_identify(/home/z017/proj/PX4-fully-actuated-v1.15.2/Tools/simulation/gz/models/typhoon_h480) by extensions ['ros']
[0.138s] Level 1:colcon.colcon_core.package_identification:_identify(/home/z017/proj/PX4-fully-actuated-v1.15.2/Tools/simulation/gz/models/typhoon_h480) by extension 'ros'
[0.139s] Level 1:colcon.colcon_core.package_identification:_identify(/home/z017/proj/PX4-fully-actuated-v1.15.2/Tools/simulation/gz/models/typhoon_h480) by extensions ['cmake', 'python']
[0.139s] Level 1:colcon.colcon_core.package_identification:_identify(/home/z017/proj/PX4-fully-actuated-v1.15.2/Tools/simulation/gz/models/typhoon_h480) by extension 'cmake'
[0.139s] Level 1:colcon.colcon_core.package_identification:_identify(/home/z017/proj/PX4-fully-actuated-v1.15.2/Tools/simulation/gz/models/typhoon_h480) by extension 'python'
[0.139s] Level 1:colcon.colcon_core.package_identification:_identify(/home/z017/proj/PX4-fully-actuated-v1.15.2/Tools/simulation/gz/models/typhoon_h480) by extensions ['python_setup_py']
[0.139s] Level 1:colcon.colcon_core.package_identification:_identify(/home/z017/proj/PX4-fully-actuated-v1.15.2/Tools/simulation/gz/models/typhoon_h480) by extension 'python_setup_py'
[0.139s] Level 1:colcon.colcon_core.package_identification:_identify(/home/z017/proj/PX4-fully-actuated-v1.15.2/Tools/simulation/gz/models/typhoon_h480/meshes) by extensions ['ignore', 'ignore_ament_install']
[0.139s] Level 1:colcon.colcon_core.package_identification:_identify(/home/z017/proj/PX4-fully-actuated-v1.15.2/Tools/simulation/gz/models/typhoon_h480/meshes) by extension 'ignore'
[0.139s] Level 1:colcon.colcon_core.package_identification:_identify(/home/z017/proj/PX4-fully-actuated-v1.15.2/Tools/simulation/gz/models/typhoon_h480/meshes) by extension 'ignore_ament_install'
[0.139s] Level 1:colcon.colcon_core.package_identification:_identify(/home/z017/proj/PX4-fully-actuated-v1.15.2/Tools/simulation/gz/models/typhoon_h480/meshes) by extensions ['colcon_pkg']
[0.139s] Level 1:colcon.colcon_core.package_identification:_identify(/home/z017/proj/PX4-fully-actuated-v1.15.2/Tools/simulation/gz/models/typhoon_h480/meshes) by extension 'colcon_pkg'
[0.139s] Level 1:colcon.colcon_core.package_identification:_identify(/home/z017/proj/PX4-fully-actuated-v1.15.2/Tools/simulation/gz/models/typhoon_h480/meshes) by extensions ['colcon_meta']
[0.139s] Level 1:colcon.colcon_core.package_identification:_identify(/home/z017/proj/PX4-fully-actuated-v1.15.2/Tools/simulation/gz/models/typhoon_h480/meshes) by extension 'colcon_meta'
[0.139s] Level 1:colcon.colcon_core.package_identification:_identify(/home/z017/proj/PX4-fully-actuated-v1.15.2/Tools/simulation/gz/models/typhoon_h480/meshes) by extensions ['ros']
[0.139s] Level 1:colcon.colcon_core.package_identification:_identify(/home/z017/proj/PX4-fully-actuated-v1.15.2/Tools/simulation/gz/models/typhoon_h480/meshes) by extension 'ros'
[0.139s] Level 1:colcon.colcon_core.package_identification:_identify(/home/z017/proj/PX4-fully-actuated-v1.15.2/Tools/simulation/gz/models/typhoon_h480/meshes) by extensions ['cmake', 'python']
[0.139s] Level 1:colcon.colcon_core.package_identification:_identify(/home/z017/proj/PX4-fully-actuated-v1.15.2/Tools/simulation/gz/models/typhoon_h480/meshes) by extension 'cmake'
[0.139s] Level 1:colcon.colcon_core.package_identification:_identify(/home/z017/proj/PX4-fully-actuated-v1.15.2/Tools/simulation/gz/models/typhoon_h480/meshes) by extension 'python'
[0.139s] Level 1:colcon.colcon_core.package_identification:_identify(/home/z017/proj/PX4-fully-actuated-v1.15.2/Tools/simulation/gz/models/typhoon_h480/meshes) by extensions ['python_setup_py']
[0.139s] Level 1:colcon.colcon_core.package_identification:_identify(/home/z017/proj/PX4-fully-actuated-v1.15.2/Tools/simulation/gz/models/typhoon_h480/meshes) by extension 'python_setup_py'
[0.139s] Level 1:colcon.colcon_core.package_identification:_identify(/home/z017/proj/PX4-fully-actuated-v1.15.2/Tools/simulation/gz/models/uuv_bluerov2_heavy) by extensions ['ignore', 'ignore_ament_install']
[0.139s] Level 1:colcon.colcon_core.package_identification:_identify(/home/z017/proj/PX4-fully-actuated-v1.15.2/Tools/simulation/gz/models/uuv_bluerov2_heavy) by extension 'ignore'
[0.139s] Level 1:colcon.colcon_core.package_identification:_identify(/home/z017/proj/PX4-fully-actuated-v1.15.2/Tools/simulation/gz/models/uuv_bluerov2_heavy) by extension 'ignore_ament_install'
[0.139s] Level 1:colcon.colcon_core.package_identification:_identify(/home/z017/proj/PX4-fully-actuated-v1.15.2/Tools/simulation/gz/models/uuv_bluerov2_heavy) by extensions ['colcon_pkg']
[0.139s] Level 1:colcon.colcon_core.package_identification:_identify(/home/z017/proj/PX4-fully-actuated-v1.15.2/Tools/simulation/gz/models/uuv_bluerov2_heavy) by extension 'colcon_pkg'
[0.140s] Level 1:colcon.colcon_core.package_identification:_identify(/home/z017/proj/PX4-fully-actuated-v1.15.2/Tools/simulation/gz/models/uuv_bluerov2_heavy) by extensions ['colcon_meta']
[0.140s] Level 1:colcon.colcon_core.package_identification:_identify(/home/z017/proj/PX4-fully-actuated-v1.15.2/Tools/simulation/gz/models/uuv_bluerov2_heavy) by extension 'colcon_meta'
[0.140s] Level 1:colcon.colcon_core.package_identification:_identify(/home/z017/proj/PX4-fully-actuated-v1.15.2/Tools/simulation/gz/models/uuv_bluerov2_heavy) by extensions ['ros']
[0.140s] Level 1:colcon.colcon_core.package_identification:_identify(/home/z017/proj/PX4-fully-actuated-v1.15.2/Tools/simulation/gz/models/uuv_bluerov2_heavy) by extension 'ros'
[0.140s] Level 1:colcon.colcon_core.package_identification:_identify(/home/z017/proj/PX4-fully-actuated-v1.15.2/Tools/simulation/gz/models/uuv_bluerov2_heavy) by extensions ['cmake', 'python']
[0.140s] Level 1:colcon.colcon_core.package_identification:_identify(/home/z017/proj/PX4-fully-actuated-v1.15.2/Tools/simulation/gz/models/uuv_bluerov2_heavy) by extension 'cmake'
[0.140s] Level 1:colcon.colcon_core.package_identification:_identify(/home/z017/proj/PX4-fully-actuated-v1.15.2/Tools/simulation/gz/models/uuv_bluerov2_heavy) by extension 'python'
[0.140s] Level 1:colcon.colcon_core.package_identification:_identify(/home/z017/proj/PX4-fully-actuated-v1.15.2/Tools/simulation/gz/models/uuv_bluerov2_heavy) by extensions ['python_setup_py']
[0.140s] Level 1:colcon.colcon_core.package_identification:_identify(/home/z017/proj/PX4-fully-actuated-v1.15.2/Tools/simulation/gz/models/uuv_bluerov2_heavy) by extension 'python_setup_py'
[0.140s] Level 1:colcon.colcon_core.package_identification:_identify(/home/z017/proj/PX4-fully-actuated-v1.15.2/Tools/simulation/gz/models/uuv_bluerov2_heavy/meshes) by extensions ['ignore', 'ignore_ament_install']
[0.140s] Level 1:colcon.colcon_core.package_identification:_identify(/home/z017/proj/PX4-fully-actuated-v1.15.2/Tools/simulation/gz/models/uuv_bluerov2_heavy/meshes) by extension 'ignore'
[0.140s] Level 1:colcon.colcon_core.package_identification:_identify(/home/z017/proj/PX4-fully-actuated-v1.15.2/Tools/simulation/gz/models/uuv_bluerov2_heavy/meshes) by extension 'ignore_ament_install'
[0.140s] Level 1:colcon.colcon_core.package_identification:_identify(/home/z017/proj/PX4-fully-actuated-v1.15.2/Tools/simulation/gz/models/uuv_bluerov2_heavy/meshes) by extensions ['colcon_pkg']
[0.140s] Level 1:colcon.colcon_core.package_identification:_identify(/home/z017/proj/PX4-fully-actuated-v1.15.2/Tools/simulation/gz/models/uuv_bluerov2_heavy/meshes) by extension 'colcon_pkg'
[0.140s] Level 1:colcon.colcon_core.package_identification:_identify(/home/z017/proj/PX4-fully-actuated-v1.15.2/Tools/simulation/gz/models/uuv_bluerov2_heavy/meshes) by extensions ['colcon_meta']
[0.140s] Level 1:colcon.colcon_core.package_identification:_identify(/home/z017/proj/PX4-fully-actuated-v1.15.2/Tools/simulation/gz/models/uuv_bluerov2_heavy/meshes) by extension 'colcon_meta'
[0.140s] Level 1:colcon.colcon_core.package_identification:_identify(/home/z017/proj/PX4-fully-actuated-v1.15.2/Tools/simulation/gz/models/uuv_bluerov2_heavy/meshes) by extensions ['ros']
[0.140s] Level 1:colcon.colcon_core.package_identification:_identify(/home/z017/proj/PX4-fully-actuated-v1.15.2/Tools/simulation/gz/models/uuv_bluerov2_heavy/meshes) by extension 'ros'
[0.140s] Level 1:colcon.colcon_core.package_identification:_identify(/home/z017/proj/PX4-fully-actuated-v1.15.2/Tools/simulation/gz/models/uuv_bluerov2_heavy/meshes) by extensions ['cmake', 'python']
[0.140s] Level 1:colcon.colcon_core.package_identification:_identify(/home/z017/proj/PX4-fully-actuated-v1.15.2/Tools/simulation/gz/models/uuv_bluerov2_heavy/meshes) by extension 'cmake'
[0.140s] Level 1:colcon.colcon_core.package_identification:_identify(/home/z017/proj/PX4-fully-actuated-v1.15.2/Tools/simulation/gz/models/uuv_bluerov2_heavy/meshes) by extension 'python'
[0.140s] Level 1:colcon.colcon_core.package_identification:_identify(/home/z017/proj/PX4-fully-actuated-v1.15.2/Tools/simulation/gz/models/uuv_bluerov2_heavy/meshes) by extensions ['python_setup_py']
[0.140s] Level 1:colcon.colcon_core.package_identification:_identify(/home/z017/proj/PX4-fully-actuated-v1.15.2/Tools/simulation/gz/models/uuv_bluerov2_heavy/meshes) by extension 'python_setup_py'
[0.140s] Level 1:colcon.colcon_core.package_identification:_identify(/home/z017/proj/PX4-fully-actuated-v1.15.2/Tools/simulation/gz/models/x500) by extensions ['ignore', 'ignore_ament_install']
[0.140s] Level 1:colcon.colcon_core.package_identification:_identify(/home/z017/proj/PX4-fully-actuated-v1.15.2/Tools/simulation/gz/models/x500) by extension 'ignore'
[0.140s] Level 1:colcon.colcon_core.package_identification:_identify(/home/z017/proj/PX4-fully-actuated-v1.15.2/Tools/simulation/gz/models/x500) by extension 'ignore_ament_install'
[0.140s] Level 1:colcon.colcon_core.package_identification:_identify(/home/z017/proj/PX4-fully-actuated-v1.15.2/Tools/simulation/gz/models/x500) by extensions ['colcon_pkg']
[0.140s] Level 1:colcon.colcon_core.package_identification:_identify(/home/z017/proj/PX4-fully-actuated-v1.15.2/Tools/simulation/gz/models/x500) by extension 'colcon_pkg'
[0.140s] Level 1:colcon.colcon_core.package_identification:_identify(/home/z017/proj/PX4-fully-actuated-v1.15.2/Tools/simulation/gz/models/x500) by extensions ['colcon_meta']
[0.140s] Level 1:colcon.colcon_core.package_identification:_identify(/home/z017/proj/PX4-fully-actuated-v1.15.2/Tools/simulation/gz/models/x500) by extension 'colcon_meta'
[0.140s] Level 1:colcon.colcon_core.package_identification:_identify(/home/z017/proj/PX4-fully-actuated-v1.15.2/Tools/simulation/gz/models/x500) by extensions ['ros']
[0.140s] Level 1:colcon.colcon_core.package_identification:_identify(/home/z017/proj/PX4-fully-actuated-v1.15.2/Tools/simulation/gz/models/x500) by extension 'ros'
[0.140s] Level 1:colcon.colcon_core.package_identification:_identify(/home/z017/proj/PX4-fully-actuated-v1.15.2/Tools/simulation/gz/models/x500) by extensions ['cmake', 'python']
[0.140s] Level 1:colcon.colcon_core.package_identification:_identify(/home/z017/proj/PX4-fully-actuated-v1.15.2/Tools/simulation/gz/models/x500) by extension 'cmake'
[0.141s] Level 1:colcon.colcon_core.package_identification:_identify(/home/z017/proj/PX4-fully-actuated-v1.15.2/Tools/simulation/gz/models/x500) by extension 'python'
[0.141s] Level 1:colcon.colcon_core.package_identification:_identify(/home/z017/proj/PX4-fully-actuated-v1.15.2/Tools/simulation/gz/models/x500) by extensions ['python_setup_py']
[0.141s] Level 1:colcon.colcon_core.package_identification:_identify(/home/z017/proj/PX4-fully-actuated-v1.15.2/Tools/simulation/gz/models/x500) by extension 'python_setup_py'
[0.141s] Level 1:colcon.colcon_core.package_identification:_identify(/home/z017/proj/PX4-fully-actuated-v1.15.2/Tools/simulation/gz/models/x500/thumbnails) by extensions ['ignore', 'ignore_ament_install']
[0.141s] Level 1:colcon.colcon_core.package_identification:_identify(/home/z017/proj/PX4-fully-actuated-v1.15.2/Tools/simulation/gz/models/x500/thumbnails) by extension 'ignore'
[0.141s] Level 1:colcon.colcon_core.package_identification:_identify(/home/z017/proj/PX4-fully-actuated-v1.15.2/Tools/simulation/gz/models/x500/thumbnails) by extension 'ignore_ament_install'
[0.141s] Level 1:colcon.colcon_core.package_identification:_identify(/home/z017/proj/PX4-fully-actuated-v1.15.2/Tools/simulation/gz/models/x500/thumbnails) by extensions ['colcon_pkg']
[0.141s] Level 1:colcon.colcon_core.package_identification:_identify(/home/z017/proj/PX4-fully-actuated-v1.15.2/Tools/simulation/gz/models/x500/thumbnails) by extension 'colcon_pkg'
[0.141s] Level 1:colcon.colcon_core.package_identification:_identify(/home/z017/proj/PX4-fully-actuated-v1.15.2/Tools/simulation/gz/models/x500/thumbnails) by extensions ['colcon_meta']
[0.141s] Level 1:colcon.colcon_core.package_identification:_identify(/home/z017/proj/PX4-fully-actuated-v1.15.2/Tools/simulation/gz/models/x500/thumbnails) by extension 'colcon_meta'
[0.141s] Level 1:colcon.colcon_core.package_identification:_identify(/home/z017/proj/PX4-fully-actuated-v1.15.2/Tools/simulation/gz/models/x500/thumbnails) by extensions ['ros']
[0.141s] Level 1:colcon.colcon_core.package_identification:_identify(/home/z017/proj/PX4-fully-actuated-v1.15.2/Tools/simulation/gz/models/x500/thumbnails) by extension 'ros'
[0.141s] Level 1:colcon.colcon_core.package_identification:_identify(/home/z017/proj/PX4-fully-actuated-v1.15.2/Tools/simulation/gz/models/x500/thumbnails) by extensions ['cmake', 'python']
[0.141s] Level 1:colcon.colcon_core.package_identification:_identify(/home/z017/proj/PX4-fully-actuated-v1.15.2/Tools/simulation/gz/models/x500/thumbnails) by extension 'cmake'
[0.141s] Level 1:colcon.colcon_core.package_identification:_identify(/home/z017/proj/PX4-fully-actuated-v1.15.2/Tools/simulation/gz/models/x500/thumbnails) by extension 'python'
[0.141s] Level 1:colcon.colcon_core.package_identification:_identify(/home/z017/proj/PX4-fully-actuated-v1.15.2/Tools/simulation/gz/models/x500/thumbnails) by extensions ['python_setup_py']
[0.141s] Level 1:colcon.colcon_core.package_identification:_identify(/home/z017/proj/PX4-fully-actuated-v1.15.2/Tools/simulation/gz/models/x500/thumbnails) by extension 'python_setup_py'
[0.141s] Level 1:colcon.colcon_core.package_identification:_identify(/home/z017/proj/PX4-fully-actuated-v1.15.2/Tools/simulation/gz/models/x500_base) by extensions ['ignore', 'ignore_ament_install']
[0.141s] Level 1:colcon.colcon_core.package_identification:_identify(/home/z017/proj/PX4-fully-actuated-v1.15.2/Tools/simulation/gz/models/x500_base) by extension 'ignore'
[0.141s] Level 1:colcon.colcon_core.package_identification:_identify(/home/z017/proj/PX4-fully-actuated-v1.15.2/Tools/simulation/gz/models/x500_base) by extension 'ignore_ament_install'
[0.141s] Level 1:colcon.colcon_core.package_identification:_identify(/home/z017/proj/PX4-fully-actuated-v1.15.2/Tools/simulation/gz/models/x500_base) by extensions ['colcon_pkg']
[0.141s] Level 1:colcon.colcon_core.package_identification:_identify(/home/z017/proj/PX4-fully-actuated-v1.15.2/Tools/simulation/gz/models/x500_base) by extension 'colcon_pkg'
[0.141s] Level 1:colcon.colcon_core.package_identification:_identify(/home/z017/proj/PX4-fully-actuated-v1.15.2/Tools/simulation/gz/models/x500_base) by extensions ['colcon_meta']
[0.141s] Level 1:colcon.colcon_core.package_identification:_identify(/home/z017/proj/PX4-fully-actuated-v1.15.2/Tools/simulation/gz/models/x500_base) by extension 'colcon_meta'
[0.141s] Level 1:colcon.colcon_core.package_identification:_identify(/home/z017/proj/PX4-fully-actuated-v1.15.2/Tools/simulation/gz/models/x500_base) by extensions ['ros']
[0.141s] Level 1:colcon.colcon_core.package_identification:_identify(/home/z017/proj/PX4-fully-actuated-v1.15.2/Tools/simulation/gz/models/x500_base) by extension 'ros'
[0.141s] Level 1:colcon.colcon_core.package_identification:_identify(/home/z017/proj/PX4-fully-actuated-v1.15.2/Tools/simulation/gz/models/x500_base) by extensions ['cmake', 'python']
[0.141s] Level 1:colcon.colcon_core.package_identification:_identify(/home/z017/proj/PX4-fully-actuated-v1.15.2/Tools/simulation/gz/models/x500_base) by extension 'cmake'
[0.141s] Level 1:colcon.colcon_core.package_identification:_identify(/home/z017/proj/PX4-fully-actuated-v1.15.2/Tools/simulation/gz/models/x500_base) by extension 'python'
[0.141s] Level 1:colcon.colcon_core.package_identification:_identify(/home/z017/proj/PX4-fully-actuated-v1.15.2/Tools/simulation/gz/models/x500_base) by extensions ['python_setup_py']
[0.141s] Level 1:colcon.colcon_core.package_identification:_identify(/home/z017/proj/PX4-fully-actuated-v1.15.2/Tools/simulation/gz/models/x500_base) by extension 'python_setup_py'
[0.141s] Level 1:colcon.colcon_core.package_identification:_identify(/home/z017/proj/PX4-fully-actuated-v1.15.2/Tools/simulation/gz/models/x500_base/materials) by extensions ['ignore', 'ignore_ament_install']
[0.141s] Level 1:colcon.colcon_core.package_identification:_identify(/home/z017/proj/PX4-fully-actuated-v1.15.2/Tools/simulation/gz/models/x500_base/materials) by extension 'ignore'
[0.142s] Level 1:colcon.colcon_core.package_identification:_identify(/home/z017/proj/PX4-fully-actuated-v1.15.2/Tools/simulation/gz/models/x500_base/materials) by extension 'ignore_ament_install'
[0.142s] Level 1:colcon.colcon_core.package_identification:_identify(/home/z017/proj/PX4-fully-actuated-v1.15.2/Tools/simulation/gz/models/x500_base/materials) by extensions ['colcon_pkg']
[0.142s] Level 1:colcon.colcon_core.package_identification:_identify(/home/z017/proj/PX4-fully-actuated-v1.15.2/Tools/simulation/gz/models/x500_base/materials) by extension 'colcon_pkg'
[0.142s] Level 1:colcon.colcon_core.package_identification:_identify(/home/z017/proj/PX4-fully-actuated-v1.15.2/Tools/simulation/gz/models/x500_base/materials) by extensions ['colcon_meta']
[0.142s] Level 1:colcon.colcon_core.package_identification:_identify(/home/z017/proj/PX4-fully-actuated-v1.15.2/Tools/simulation/gz/models/x500_base/materials) by extension 'colcon_meta'
[0.142s] Level 1:colcon.colcon_core.package_identification:_identify(/home/z017/proj/PX4-fully-actuated-v1.15.2/Tools/simulation/gz/models/x500_base/materials) by extensions ['ros']
[0.142s] Level 1:colcon.colcon_core.package_identification:_identify(/home/z017/proj/PX4-fully-actuated-v1.15.2/Tools/simulation/gz/models/x500_base/materials) by extension 'ros'
[0.142s] Level 1:colcon.colcon_core.package_identification:_identify(/home/z017/proj/PX4-fully-actuated-v1.15.2/Tools/simulation/gz/models/x500_base/materials) by extensions ['cmake', 'python']
[0.142s] Level 1:colcon.colcon_core.package_identification:_identify(/home/z017/proj/PX4-fully-actuated-v1.15.2/Tools/simulation/gz/models/x500_base/materials) by extension 'cmake'
[0.142s] Level 1:colcon.colcon_core.package_identification:_identify(/home/z017/proj/PX4-fully-actuated-v1.15.2/Tools/simulation/gz/models/x500_base/materials) by extension 'python'
[0.142s] Level 1:colcon.colcon_core.package_identification:_identify(/home/z017/proj/PX4-fully-actuated-v1.15.2/Tools/simulation/gz/models/x500_base/materials) by extensions ['python_setup_py']
[0.142s] Level 1:colcon.colcon_core.package_identification:_identify(/home/z017/proj/PX4-fully-actuated-v1.15.2/Tools/simulation/gz/models/x500_base/materials) by extension 'python_setup_py'
[0.142s] Level 1:colcon.colcon_core.package_identification:_identify(/home/z017/proj/PX4-fully-actuated-v1.15.2/Tools/simulation/gz/models/x500_base/materials/textures) by extensions ['ignore', 'ignore_ament_install']
[0.142s] Level 1:colcon.colcon_core.package_identification:_identify(/home/z017/proj/PX4-fully-actuated-v1.15.2/Tools/simulation/gz/models/x500_base/materials/textures) by extension 'ignore'
[0.142s] Level 1:colcon.colcon_core.package_identification:_identify(/home/z017/proj/PX4-fully-actuated-v1.15.2/Tools/simulation/gz/models/x500_base/materials/textures) by extension 'ignore_ament_install'
[0.142s] Level 1:colcon.colcon_core.package_identification:_identify(/home/z017/proj/PX4-fully-actuated-v1.15.2/Tools/simulation/gz/models/x500_base/materials/textures) by extensions ['colcon_pkg']
[0.142s] Level 1:colcon.colcon_core.package_identification:_identify(/home/z017/proj/PX4-fully-actuated-v1.15.2/Tools/simulation/gz/models/x500_base/materials/textures) by extension 'colcon_pkg'
[0.142s] Level 1:colcon.colcon_core.package_identification:_identify(/home/z017/proj/PX4-fully-actuated-v1.15.2/Tools/simulation/gz/models/x500_base/materials/textures) by extensions ['colcon_meta']
[0.142s] Level 1:colcon.colcon_core.package_identification:_identify(/home/z017/proj/PX4-fully-actuated-v1.15.2/Tools/simulation/gz/models/x500_base/materials/textures) by extension 'colcon_meta'
[0.142s] Level 1:colcon.colcon_core.package_identification:_identify(/home/z017/proj/PX4-fully-actuated-v1.15.2/Tools/simulation/gz/models/x500_base/materials/textures) by extensions ['ros']
[0.142s] Level 1:colcon.colcon_core.package_identification:_identify(/home/z017/proj/PX4-fully-actuated-v1.15.2/Tools/simulation/gz/models/x500_base/materials/textures) by extension 'ros'
[0.142s] Level 1:colcon.colcon_core.package_identification:_identify(/home/z017/proj/PX4-fully-actuated-v1.15.2/Tools/simulation/gz/models/x500_base/materials/textures) by extensions ['cmake', 'python']
[0.142s] Level 1:colcon.colcon_core.package_identification:_identify(/home/z017/proj/PX4-fully-actuated-v1.15.2/Tools/simulation/gz/models/x500_base/materials/textures) by extension 'cmake'
[0.142s] Level 1:colcon.colcon_core.package_identification:_identify(/home/z017/proj/PX4-fully-actuated-v1.15.2/Tools/simulation/gz/models/x500_base/materials/textures) by extension 'python'
[0.142s] Level 1:colcon.colcon_core.package_identification:_identify(/home/z017/proj/PX4-fully-actuated-v1.15.2/Tools/simulation/gz/models/x500_base/materials/textures) by extensions ['python_setup_py']
[0.142s] Level 1:colcon.colcon_core.package_identification:_identify(/home/z017/proj/PX4-fully-actuated-v1.15.2/Tools/simulation/gz/models/x500_base/materials/textures) by extension 'python_setup_py'
[0.142s] Level 1:colcon.colcon_core.package_identification:_identify(/home/z017/proj/PX4-fully-actuated-v1.15.2/Tools/simulation/gz/models/x500_base/meshes) by extensions ['ignore', 'ignore_ament_install']
[0.142s] Level 1:colcon.colcon_core.package_identification:_identify(/home/z017/proj/PX4-fully-actuated-v1.15.2/Tools/simulation/gz/models/x500_base/meshes) by extension 'ignore'
[0.142s] Level 1:colcon.colcon_core.package_identification:_identify(/home/z017/proj/PX4-fully-actuated-v1.15.2/Tools/simulation/gz/models/x500_base/meshes) by extension 'ignore_ament_install'
[0.142s] Level 1:colcon.colcon_core.package_identification:_identify(/home/z017/proj/PX4-fully-actuated-v1.15.2/Tools/simulation/gz/models/x500_base/meshes) by extensions ['colcon_pkg']
[0.142s] Level 1:colcon.colcon_core.package_identification:_identify(/home/z017/proj/PX4-fully-actuated-v1.15.2/Tools/simulation/gz/models/x500_base/meshes) by extension 'colcon_pkg'
[0.142s] Level 1:colcon.colcon_core.package_identification:_identify(/home/z017/proj/PX4-fully-actuated-v1.15.2/Tools/simulation/gz/models/x500_base/meshes) by extensions ['colcon_meta']
[0.142s] Level 1:colcon.colcon_core.package_identification:_identify(/home/z017/proj/PX4-fully-actuated-v1.15.2/Tools/simulation/gz/models/x500_base/meshes) by extension 'colcon_meta'
[0.142s] Level 1:colcon.colcon_core.package_identification:_identify(/home/z017/proj/PX4-fully-actuated-v1.15.2/Tools/simulation/gz/models/x500_base/meshes) by extensions ['ros']
[0.142s] Level 1:colcon.colcon_core.package_identification:_identify(/home/z017/proj/PX4-fully-actuated-v1.15.2/Tools/simulation/gz/models/x500_base/meshes) by extension 'ros'
[0.143s] Level 1:colcon.colcon_core.package_identification:_identify(/home/z017/proj/PX4-fully-actuated-v1.15.2/Tools/simulation/gz/models/x500_base/meshes) by extensions ['cmake', 'python']
[0.143s] Level 1:colcon.colcon_core.package_identification:_identify(/home/z017/proj/PX4-fully-actuated-v1.15.2/Tools/simulation/gz/models/x500_base/meshes) by extension 'cmake'
[0.143s] Level 1:colcon.colcon_core.package_identification:_identify(/home/z017/proj/PX4-fully-actuated-v1.15.2/Tools/simulation/gz/models/x500_base/meshes) by extension 'python'
[0.143s] Level 1:colcon.colcon_core.package_identification:_identify(/home/z017/proj/PX4-fully-actuated-v1.15.2/Tools/simulation/gz/models/x500_base/meshes) by extensions ['python_setup_py']
[0.143s] Level 1:colcon.colcon_core.package_identification:_identify(/home/z017/proj/PX4-fully-actuated-v1.15.2/Tools/simulation/gz/models/x500_base/meshes) by extension 'python_setup_py'
[0.143s] Level 1:colcon.colcon_core.package_identification:_identify(/home/z017/proj/PX4-fully-actuated-v1.15.2/Tools/simulation/gz/models/x500_base/thumbnails) by extensions ['ignore', 'ignore_ament_install']
[0.143s] Level 1:colcon.colcon_core.package_identification:_identify(/home/z017/proj/PX4-fully-actuated-v1.15.2/Tools/simulation/gz/models/x500_base/thumbnails) by extension 'ignore'
[0.143s] Level 1:colcon.colcon_core.package_identification:_identify(/home/z017/proj/PX4-fully-actuated-v1.15.2/Tools/simulation/gz/models/x500_base/thumbnails) by extension 'ignore_ament_install'
[0.143s] Level 1:colcon.colcon_core.package_identification:_identify(/home/z017/proj/PX4-fully-actuated-v1.15.2/Tools/simulation/gz/models/x500_base/thumbnails) by extensions ['colcon_pkg']
[0.143s] Level 1:colcon.colcon_core.package_identification:_identify(/home/z017/proj/PX4-fully-actuated-v1.15.2/Tools/simulation/gz/models/x500_base/thumbnails) by extension 'colcon_pkg'
[0.143s] Level 1:colcon.colcon_core.package_identification:_identify(/home/z017/proj/PX4-fully-actuated-v1.15.2/Tools/simulation/gz/models/x500_base/thumbnails) by extensions ['colcon_meta']
[0.143s] Level 1:colcon.colcon_core.package_identification:_identify(/home/z017/proj/PX4-fully-actuated-v1.15.2/Tools/simulation/gz/models/x500_base/thumbnails) by extension 'colcon_meta'
[0.143s] Level 1:colcon.colcon_core.package_identification:_identify(/home/z017/proj/PX4-fully-actuated-v1.15.2/Tools/simulation/gz/models/x500_base/thumbnails) by extensions ['ros']
[0.143s] Level 1:colcon.colcon_core.package_identification:_identify(/home/z017/proj/PX4-fully-actuated-v1.15.2/Tools/simulation/gz/models/x500_base/thumbnails) by extension 'ros'
[0.143s] Level 1:colcon.colcon_core.package_identification:_identify(/home/z017/proj/PX4-fully-actuated-v1.15.2/Tools/simulation/gz/models/x500_base/thumbnails) by extensions ['cmake', 'python']
[0.143s] Level 1:colcon.colcon_core.package_identification:_identify(/home/z017/proj/PX4-fully-actuated-v1.15.2/Tools/simulation/gz/models/x500_base/thumbnails) by extension 'cmake'
[0.143s] Level 1:colcon.colcon_core.package_identification:_identify(/home/z017/proj/PX4-fully-actuated-v1.15.2/Tools/simulation/gz/models/x500_base/thumbnails) by extension 'python'
[0.143s] Level 1:colcon.colcon_core.package_identification:_identify(/home/z017/proj/PX4-fully-actuated-v1.15.2/Tools/simulation/gz/models/x500_base/thumbnails) by extensions ['python_setup_py']
[0.143s] Level 1:colcon.colcon_core.package_identification:_identify(/home/z017/proj/PX4-fully-actuated-v1.15.2/Tools/simulation/gz/models/x500_base/thumbnails) by extension 'python_setup_py'
[0.143s] Level 1:colcon.colcon_core.package_identification:_identify(/home/z017/proj/PX4-fully-actuated-v1.15.2/Tools/simulation/gz/models/x500_depth) by extensions ['ignore', 'ignore_ament_install']
[0.143s] Level 1:colcon.colcon_core.package_identification:_identify(/home/z017/proj/PX4-fully-actuated-v1.15.2/Tools/simulation/gz/models/x500_depth) by extension 'ignore'
[0.143s] Level 1:colcon.colcon_core.package_identification:_identify(/home/z017/proj/PX4-fully-actuated-v1.15.2/Tools/simulation/gz/models/x500_depth) by extension 'ignore_ament_install'
[0.143s] Level 1:colcon.colcon_core.package_identification:_identify(/home/z017/proj/PX4-fully-actuated-v1.15.2/Tools/simulation/gz/models/x500_depth) by extensions ['colcon_pkg']
[0.143s] Level 1:colcon.colcon_core.package_identification:_identify(/home/z017/proj/PX4-fully-actuated-v1.15.2/Tools/simulation/gz/models/x500_depth) by extension 'colcon_pkg'
[0.143s] Level 1:colcon.colcon_core.package_identification:_identify(/home/z017/proj/PX4-fully-actuated-v1.15.2/Tools/simulation/gz/models/x500_depth) by extensions ['colcon_meta']
[0.143s] Level 1:colcon.colcon_core.package_identification:_identify(/home/z017/proj/PX4-fully-actuated-v1.15.2/Tools/simulation/gz/models/x500_depth) by extension 'colcon_meta'
[0.143s] Level 1:colcon.colcon_core.package_identification:_identify(/home/z017/proj/PX4-fully-actuated-v1.15.2/Tools/simulation/gz/models/x500_depth) by extensions ['ros']
[0.143s] Level 1:colcon.colcon_core.package_identification:_identify(/home/z017/proj/PX4-fully-actuated-v1.15.2/Tools/simulation/gz/models/x500_depth) by extension 'ros'
[0.143s] Level 1:colcon.colcon_core.package_identification:_identify(/home/z017/proj/PX4-fully-actuated-v1.15.2/Tools/simulation/gz/models/x500_depth) by extensions ['cmake', 'python']
[0.143s] Level 1:colcon.colcon_core.package_identification:_identify(/home/z017/proj/PX4-fully-actuated-v1.15.2/Tools/simulation/gz/models/x500_depth) by extension 'cmake'
[0.143s] Level 1:colcon.colcon_core.package_identification:_identify(/home/z017/proj/PX4-fully-actuated-v1.15.2/Tools/simulation/gz/models/x500_depth) by extension 'python'
[0.143s] Level 1:colcon.colcon_core.package_identification:_identify(/home/z017/proj/PX4-fully-actuated-v1.15.2/Tools/simulation/gz/models/x500_depth) by extensions ['python_setup_py']
[0.143s] Level 1:colcon.colcon_core.package_identification:_identify(/home/z017/proj/PX4-fully-actuated-v1.15.2/Tools/simulation/gz/models/x500_depth) by extension 'python_setup_py'
[0.143s] Level 1:colcon.colcon_core.package_identification:_identify(/home/z017/proj/PX4-fully-actuated-v1.15.2/Tools/simulation/gz/models/x500_depth/thumbnails) by extensions ['ignore', 'ignore_ament_install']
[0.143s] Level 1:colcon.colcon_core.package_identification:_identify(/home/z017/proj/PX4-fully-actuated-v1.15.2/Tools/simulation/gz/models/x500_depth/thumbnails) by extension 'ignore'
[0.143s] Level 1:colcon.colcon_core.package_identification:_identify(/home/z017/proj/PX4-fully-actuated-v1.15.2/Tools/simulation/gz/models/x500_depth/thumbnails) by extension 'ignore_ament_install'
[0.143s] Level 1:colcon.colcon_core.package_identification:_identify(/home/z017/proj/PX4-fully-actuated-v1.15.2/Tools/simulation/gz/models/x500_depth/thumbnails) by extensions ['colcon_pkg']
[0.143s] Level 1:colcon.colcon_core.package_identification:_identify(/home/z017/proj/PX4-fully-actuated-v1.15.2/Tools/simulation/gz/models/x500_depth/thumbnails) by extension 'colcon_pkg'
[0.143s] Level 1:colcon.colcon_core.package_identification:_identify(/home/z017/proj/PX4-fully-actuated-v1.15.2/Tools/simulation/gz/models/x500_depth/thumbnails) by extensions ['colcon_meta']
[0.143s] Level 1:colcon.colcon_core.package_identification:_identify(/home/z017/proj/PX4-fully-actuated-v1.15.2/Tools/simulation/gz/models/x500_depth/thumbnails) by extension 'colcon_meta'
[0.143s] Level 1:colcon.colcon_core.package_identification:_identify(/home/z017/proj/PX4-fully-actuated-v1.15.2/Tools/simulation/gz/models/x500_depth/thumbnails) by extensions ['ros']
[0.143s] Level 1:colcon.colcon_core.package_identification:_identify(/home/z017/proj/PX4-fully-actuated-v1.15.2/Tools/simulation/gz/models/x500_depth/thumbnails) by extension 'ros'
[0.144s] Level 1:colcon.colcon_core.package_identification:_identify(/home/z017/proj/PX4-fully-actuated-v1.15.2/Tools/simulation/gz/models/x500_depth/thumbnails) by extensions ['cmake', 'python']
[0.144s] Level 1:colcon.colcon_core.package_identification:_identify(/home/z017/proj/PX4-fully-actuated-v1.15.2/Tools/simulation/gz/models/x500_depth/thumbnails) by extension 'cmake'
[0.144s] Level 1:colcon.colcon_core.package_identification:_identify(/home/z017/proj/PX4-fully-actuated-v1.15.2/Tools/simulation/gz/models/x500_depth/thumbnails) by extension 'python'
[0.144s] Level 1:colcon.colcon_core.package_identification:_identify(/home/z017/proj/PX4-fully-actuated-v1.15.2/Tools/simulation/gz/models/x500_depth/thumbnails) by extensions ['python_setup_py']
[0.144s] Level 1:colcon.colcon_core.package_identification:_identify(/home/z017/proj/PX4-fully-actuated-v1.15.2/Tools/simulation/gz/models/x500_depth/thumbnails) by extension 'python_setup_py'
[0.144s] Level 1:colcon.colcon_core.package_identification:_identify(/home/z017/proj/PX4-fully-actuated-v1.15.2/Tools/simulation/gz/models/x500_flow) by extensions ['ignore', 'ignore_ament_install']
[0.144s] Level 1:colcon.colcon_core.package_identification:_identify(/home/z017/proj/PX4-fully-actuated-v1.15.2/Tools/simulation/gz/models/x500_flow) by extension 'ignore'
[0.144s] Level 1:colcon.colcon_core.package_identification:_identify(/home/z017/proj/PX4-fully-actuated-v1.15.2/Tools/simulation/gz/models/x500_flow) by extension 'ignore_ament_install'
[0.144s] Level 1:colcon.colcon_core.package_identification:_identify(/home/z017/proj/PX4-fully-actuated-v1.15.2/Tools/simulation/gz/models/x500_flow) by extensions ['colcon_pkg']
[0.144s] Level 1:colcon.colcon_core.package_identification:_identify(/home/z017/proj/PX4-fully-actuated-v1.15.2/Tools/simulation/gz/models/x500_flow) by extension 'colcon_pkg'
[0.144s] Level 1:colcon.colcon_core.package_identification:_identify(/home/z017/proj/PX4-fully-actuated-v1.15.2/Tools/simulation/gz/models/x500_flow) by extensions ['colcon_meta']
[0.144s] Level 1:colcon.colcon_core.package_identification:_identify(/home/z017/proj/PX4-fully-actuated-v1.15.2/Tools/simulation/gz/models/x500_flow) by extension 'colcon_meta'
[0.144s] Level 1:colcon.colcon_core.package_identification:_identify(/home/z017/proj/PX4-fully-actuated-v1.15.2/Tools/simulation/gz/models/x500_flow) by extensions ['ros']
[0.144s] Level 1:colcon.colcon_core.package_identification:_identify(/home/z017/proj/PX4-fully-actuated-v1.15.2/Tools/simulation/gz/models/x500_flow) by extension 'ros'
[0.144s] Level 1:colcon.colcon_core.package_identification:_identify(/home/z017/proj/PX4-fully-actuated-v1.15.2/Tools/simulation/gz/models/x500_flow) by extensions ['cmake', 'python']
[0.144s] Level 1:colcon.colcon_core.package_identification:_identify(/home/z017/proj/PX4-fully-actuated-v1.15.2/Tools/simulation/gz/models/x500_flow) by extension 'cmake'
[0.144s] Level 1:colcon.colcon_core.package_identification:_identify(/home/z017/proj/PX4-fully-actuated-v1.15.2/Tools/simulation/gz/models/x500_flow) by extension 'python'
[0.144s] Level 1:colcon.colcon_core.package_identification:_identify(/home/z017/proj/PX4-fully-actuated-v1.15.2/Tools/simulation/gz/models/x500_flow) by extensions ['python_setup_py']
[0.144s] Level 1:colcon.colcon_core.package_identification:_identify(/home/z017/proj/PX4-fully-actuated-v1.15.2/Tools/simulation/gz/models/x500_flow) by extension 'python_setup_py'
[0.144s] Level 1:colcon.colcon_core.package_identification:_identify(/home/z017/proj/PX4-fully-actuated-v1.15.2/Tools/simulation/gz/models/x500_gimbal) by extensions ['ignore', 'ignore_ament_install']
[0.144s] Level 1:colcon.colcon_core.package_identification:_identify(/home/z017/proj/PX4-fully-actuated-v1.15.2/Tools/simulation/gz/models/x500_gimbal) by extension 'ignore'
[0.144s] Level 1:colcon.colcon_core.package_identification:_identify(/home/z017/proj/PX4-fully-actuated-v1.15.2/Tools/simulation/gz/models/x500_gimbal) by extension 'ignore_ament_install'
[0.144s] Level 1:colcon.colcon_core.package_identification:_identify(/home/z017/proj/PX4-fully-actuated-v1.15.2/Tools/simulation/gz/models/x500_gimbal) by extensions ['colcon_pkg']
[0.144s] Level 1:colcon.colcon_core.package_identification:_identify(/home/z017/proj/PX4-fully-actuated-v1.15.2/Tools/simulation/gz/models/x500_gimbal) by extension 'colcon_pkg'
[0.144s] Level 1:colcon.colcon_core.package_identification:_identify(/home/z017/proj/PX4-fully-actuated-v1.15.2/Tools/simulation/gz/models/x500_gimbal) by extensions ['colcon_meta']
[0.144s] Level 1:colcon.colcon_core.package_identification:_identify(/home/z017/proj/PX4-fully-actuated-v1.15.2/Tools/simulation/gz/models/x500_gimbal) by extension 'colcon_meta'
[0.144s] Level 1:colcon.colcon_core.package_identification:_identify(/home/z017/proj/PX4-fully-actuated-v1.15.2/Tools/simulation/gz/models/x500_gimbal) by extensions ['ros']
[0.144s] Level 1:colcon.colcon_core.package_identification:_identify(/home/z017/proj/PX4-fully-actuated-v1.15.2/Tools/simulation/gz/models/x500_gimbal) by extension 'ros'
[0.144s] Level 1:colcon.colcon_core.package_identification:_identify(/home/z017/proj/PX4-fully-actuated-v1.15.2/Tools/simulation/gz/models/x500_gimbal) by extensions ['cmake', 'python']
[0.144s] Level 1:colcon.colcon_core.package_identification:_identify(/home/z017/proj/PX4-fully-actuated-v1.15.2/Tools/simulation/gz/models/x500_gimbal) by extension 'cmake'
[0.144s] Level 1:colcon.colcon_core.package_identification:_identify(/home/z017/proj/PX4-fully-actuated-v1.15.2/Tools/simulation/gz/models/x500_gimbal) by extension 'python'
[0.144s] Level 1:colcon.colcon_core.package_identification:_identify(/home/z017/proj/PX4-fully-actuated-v1.15.2/Tools/simulation/gz/models/x500_gimbal) by extensions ['python_setup_py']
[0.144s] Level 1:colcon.colcon_core.package_identification:_identify(/home/z017/proj/PX4-fully-actuated-v1.15.2/Tools/simulation/gz/models/x500_gimbal) by extension 'python_setup_py'
[0.144s] Level 1:colcon.colcon_core.package_identification:_identify(/home/z017/proj/PX4-fully-actuated-v1.15.2/Tools/simulation/gz/models/x500_lidar_2d) by extensions ['ignore', 'ignore_ament_install']
[0.144s] Level 1:colcon.colcon_core.package_identification:_identify(/home/z017/proj/PX4-fully-actuated-v1.15.2/Tools/simulation/gz/models/x500_lidar_2d) by extension 'ignore'
[0.144s] Level 1:colcon.colcon_core.package_identification:_identify(/home/z017/proj/PX4-fully-actuated-v1.15.2/Tools/simulation/gz/models/x500_lidar_2d) by extension 'ignore_ament_install'
[0.144s] Level 1:colcon.colcon_core.package_identification:_identify(/home/z017/proj/PX4-fully-actuated-v1.15.2/Tools/simulation/gz/models/x500_lidar_2d) by extensions ['colcon_pkg']
[0.144s] Level 1:colcon.colcon_core.package_identification:_identify(/home/z017/proj/PX4-fully-actuated-v1.15.2/Tools/simulation/gz/models/x500_lidar_2d) by extension 'colcon_pkg'
[0.144s] Level 1:colcon.colcon_core.package_identification:_identify(/home/z017/proj/PX4-fully-actuated-v1.15.2/Tools/simulation/gz/models/x500_lidar_2d) by extensions ['colcon_meta']
[0.144s] Level 1:colcon.colcon_core.package_identification:_identify(/home/z017/proj/PX4-fully-actuated-v1.15.2/Tools/simulation/gz/models/x500_lidar_2d) by extension 'colcon_meta'
[0.144s] Level 1:colcon.colcon_core.package_identification:_identify(/home/z017/proj/PX4-fully-actuated-v1.15.2/Tools/simulation/gz/models/x500_lidar_2d) by extensions ['ros']
[0.144s] Level 1:colcon.colcon_core.package_identification:_identify(/home/z017/proj/PX4-fully-actuated-v1.15.2/Tools/simulation/gz/models/x500_lidar_2d) by extension 'ros'
[0.145s] Level 1:colcon.colcon_core.package_identification:_identify(/home/z017/proj/PX4-fully-actuated-v1.15.2/Tools/simulation/gz/models/x500_lidar_2d) by extensions ['cmake', 'python']
[0.145s] Level 1:colcon.colcon_core.package_identification:_identify(/home/z017/proj/PX4-fully-actuated-v1.15.2/Tools/simulation/gz/models/x500_lidar_2d) by extension 'cmake'
[0.145s] Level 1:colcon.colcon_core.package_identification:_identify(/home/z017/proj/PX4-fully-actuated-v1.15.2/Tools/simulation/gz/models/x500_lidar_2d) by extension 'python'
[0.145s] Level 1:colcon.colcon_core.package_identification:_identify(/home/z017/proj/PX4-fully-actuated-v1.15.2/Tools/simulation/gz/models/x500_lidar_2d) by extensions ['python_setup_py']
[0.145s] Level 1:colcon.colcon_core.package_identification:_identify(/home/z017/proj/PX4-fully-actuated-v1.15.2/Tools/simulation/gz/models/x500_lidar_2d) by extension 'python_setup_py'
[0.145s] Level 1:colcon.colcon_core.package_identification:_identify(/home/z017/proj/PX4-fully-actuated-v1.15.2/Tools/simulation/gz/models/x500_lidar_down) by extensions ['ignore', 'ignore_ament_install']
[0.145s] Level 1:colcon.colcon_core.package_identification:_identify(/home/z017/proj/PX4-fully-actuated-v1.15.2/Tools/simulation/gz/models/x500_lidar_down) by extension 'ignore'
[0.145s] Level 1:colcon.colcon_core.package_identification:_identify(/home/z017/proj/PX4-fully-actuated-v1.15.2/Tools/simulation/gz/models/x500_lidar_down) by extension 'ignore_ament_install'
[0.145s] Level 1:colcon.colcon_core.package_identification:_identify(/home/z017/proj/PX4-fully-actuated-v1.15.2/Tools/simulation/gz/models/x500_lidar_down) by extensions ['colcon_pkg']
[0.145s] Level 1:colcon.colcon_core.package_identification:_identify(/home/z017/proj/PX4-fully-actuated-v1.15.2/Tools/simulation/gz/models/x500_lidar_down) by extension 'colcon_pkg'
[0.145s] Level 1:colcon.colcon_core.package_identification:_identify(/home/z017/proj/PX4-fully-actuated-v1.15.2/Tools/simulation/gz/models/x500_lidar_down) by extensions ['colcon_meta']
[0.145s] Level 1:colcon.colcon_core.package_identification:_identify(/home/z017/proj/PX4-fully-actuated-v1.15.2/Tools/simulation/gz/models/x500_lidar_down) by extension 'colcon_meta'
[0.145s] Level 1:colcon.colcon_core.package_identification:_identify(/home/z017/proj/PX4-fully-actuated-v1.15.2/Tools/simulation/gz/models/x500_lidar_down) by extensions ['ros']
[0.145s] Level 1:colcon.colcon_core.package_identification:_identify(/home/z017/proj/PX4-fully-actuated-v1.15.2/Tools/simulation/gz/models/x500_lidar_down) by extension 'ros'
[0.145s] Level 1:colcon.colcon_core.package_identification:_identify(/home/z017/proj/PX4-fully-actuated-v1.15.2/Tools/simulation/gz/models/x500_lidar_down) by extensions ['cmake', 'python']
[0.145s] Level 1:colcon.colcon_core.package_identification:_identify(/home/z017/proj/PX4-fully-actuated-v1.15.2/Tools/simulation/gz/models/x500_lidar_down) by extension 'cmake'
[0.145s] Level 1:colcon.colcon_core.package_identification:_identify(/home/z017/proj/PX4-fully-actuated-v1.15.2/Tools/simulation/gz/models/x500_lidar_down) by extension 'python'
[0.145s] Level 1:colcon.colcon_core.package_identification:_identify(/home/z017/proj/PX4-fully-actuated-v1.15.2/Tools/simulation/gz/models/x500_lidar_down) by extensions ['python_setup_py']
[0.145s] Level 1:colcon.colcon_core.package_identification:_identify(/home/z017/proj/PX4-fully-actuated-v1.15.2/Tools/simulation/gz/models/x500_lidar_down) by extension 'python_setup_py'
[0.145s] Level 1:colcon.colcon_core.package_identification:_identify(/home/z017/proj/PX4-fully-actuated-v1.15.2/Tools/simulation/gz/models/x500_lidar_front) by extensions ['ignore', 'ignore_ament_install']
[0.145s] Level 1:colcon.colcon_core.package_identification:_identify(/home/z017/proj/PX4-fully-actuated-v1.15.2/Tools/simulation/gz/models/x500_lidar_front) by extension 'ignore'
[0.145s] Level 1:colcon.colcon_core.package_identification:_identify(/home/z017/proj/PX4-fully-actuated-v1.15.2/Tools/simulation/gz/models/x500_lidar_front) by extension 'ignore_ament_install'
[0.145s] Level 1:colcon.colcon_core.package_identification:_identify(/home/z017/proj/PX4-fully-actuated-v1.15.2/Tools/simulation/gz/models/x500_lidar_front) by extensions ['colcon_pkg']
[0.145s] Level 1:colcon.colcon_core.package_identification:_identify(/home/z017/proj/PX4-fully-actuated-v1.15.2/Tools/simulation/gz/models/x500_lidar_front) by extension 'colcon_pkg'
[0.145s] Level 1:colcon.colcon_core.package_identification:_identify(/home/z017/proj/PX4-fully-actuated-v1.15.2/Tools/simulation/gz/models/x500_lidar_front) by extensions ['colcon_meta']
[0.145s] Level 1:colcon.colcon_core.package_identification:_identify(/home/z017/proj/PX4-fully-actuated-v1.15.2/Tools/simulation/gz/models/x500_lidar_front) by extension 'colcon_meta'
[0.145s] Level 1:colcon.colcon_core.package_identification:_identify(/home/z017/proj/PX4-fully-actuated-v1.15.2/Tools/simulation/gz/models/x500_lidar_front) by extensions ['ros']
[0.145s] Level 1:colcon.colcon_core.package_identification:_identify(/home/z017/proj/PX4-fully-actuated-v1.15.2/Tools/simulation/gz/models/x500_lidar_front) by extension 'ros'
[0.145s] Level 1:colcon.colcon_core.package_identification:_identify(/home/z017/proj/PX4-fully-actuated-v1.15.2/Tools/simulation/gz/models/x500_lidar_front) by extensions ['cmake', 'python']
[0.145s] Level 1:colcon.colcon_core.package_identification:_identify(/home/z017/proj/PX4-fully-actuated-v1.15.2/Tools/simulation/gz/models/x500_lidar_front) by extension 'cmake'
[0.145s] Level 1:colcon.colcon_core.package_identification:_identify(/home/z017/proj/PX4-fully-actuated-v1.15.2/Tools/simulation/gz/models/x500_lidar_front) by extension 'python'
[0.145s] Level 1:colcon.colcon_core.package_identification:_identify(/home/z017/proj/PX4-fully-actuated-v1.15.2/Tools/simulation/gz/models/x500_lidar_front) by extensions ['python_setup_py']
[0.145s] Level 1:colcon.colcon_core.package_identification:_identify(/home/z017/proj/PX4-fully-actuated-v1.15.2/Tools/simulation/gz/models/x500_lidar_front) by extension 'python_setup_py'
[0.145s] Level 1:colcon.colcon_core.package_identification:_identify(/home/z017/proj/PX4-fully-actuated-v1.15.2/Tools/simulation/gz/models/x500_mono_cam) by extensions ['ignore', 'ignore_ament_install']
[0.146s] Level 1:colcon.colcon_core.package_identification:_identify(/home/z017/proj/PX4-fully-actuated-v1.15.2/Tools/simulation/gz/models/x500_mono_cam) by extension 'ignore'
[0.146s] Level 1:colcon.colcon_core.package_identification:_identify(/home/z017/proj/PX4-fully-actuated-v1.15.2/Tools/simulation/gz/models/x500_mono_cam) by extension 'ignore_ament_install'
[0.146s] Level 1:colcon.colcon_core.package_identification:_identify(/home/z017/proj/PX4-fully-actuated-v1.15.2/Tools/simulation/gz/models/x500_mono_cam) by extensions ['colcon_pkg']
[0.146s] Level 1:colcon.colcon_core.package_identification:_identify(/home/z017/proj/PX4-fully-actuated-v1.15.2/Tools/simulation/gz/models/x500_mono_cam) by extension 'colcon_pkg'
[0.146s] Level 1:colcon.colcon_core.package_identification:_identify(/home/z017/proj/PX4-fully-actuated-v1.15.2/Tools/simulation/gz/models/x500_mono_cam) by extensions ['colcon_meta']
[0.146s] Level 1:colcon.colcon_core.package_identification:_identify(/home/z017/proj/PX4-fully-actuated-v1.15.2/Tools/simulation/gz/models/x500_mono_cam) by extension 'colcon_meta'
[0.146s] Level 1:colcon.colcon_core.package_identification:_identify(/home/z017/proj/PX4-fully-actuated-v1.15.2/Tools/simulation/gz/models/x500_mono_cam) by extensions ['ros']
[0.146s] Level 1:colcon.colcon_core.package_identification:_identify(/home/z017/proj/PX4-fully-actuated-v1.15.2/Tools/simulation/gz/models/x500_mono_cam) by extension 'ros'
[0.146s] Level 1:colcon.colcon_core.package_identification:_identify(/home/z017/proj/PX4-fully-actuated-v1.15.2/Tools/simulation/gz/models/x500_mono_cam) by extensions ['cmake', 'python']
[0.146s] Level 1:colcon.colcon_core.package_identification:_identify(/home/z017/proj/PX4-fully-actuated-v1.15.2/Tools/simulation/gz/models/x500_mono_cam) by extension 'cmake'
[0.146s] Level 1:colcon.colcon_core.package_identification:_identify(/home/z017/proj/PX4-fully-actuated-v1.15.2/Tools/simulation/gz/models/x500_mono_cam) by extension 'python'
[0.146s] Level 1:colcon.colcon_core.package_identification:_identify(/home/z017/proj/PX4-fully-actuated-v1.15.2/Tools/simulation/gz/models/x500_mono_cam) by extensions ['python_setup_py']
[0.146s] Level 1:colcon.colcon_core.package_identification:_identify(/home/z017/proj/PX4-fully-actuated-v1.15.2/Tools/simulation/gz/models/x500_mono_cam) by extension 'python_setup_py'
[0.146s] Level 1:colcon.colcon_core.package_identification:_identify(/home/z017/proj/PX4-fully-actuated-v1.15.2/Tools/simulation/gz/models/x500_mono_cam_down) by extensions ['ignore', 'ignore_ament_install']
[0.146s] Level 1:colcon.colcon_core.package_identification:_identify(/home/z017/proj/PX4-fully-actuated-v1.15.2/Tools/simulation/gz/models/x500_mono_cam_down) by extension 'ignore'
[0.146s] Level 1:colcon.colcon_core.package_identification:_identify(/home/z017/proj/PX4-fully-actuated-v1.15.2/Tools/simulation/gz/models/x500_mono_cam_down) by extension 'ignore_ament_install'
[0.146s] Level 1:colcon.colcon_core.package_identification:_identify(/home/z017/proj/PX4-fully-actuated-v1.15.2/Tools/simulation/gz/models/x500_mono_cam_down) by extensions ['colcon_pkg']
[0.146s] Level 1:colcon.colcon_core.package_identification:_identify(/home/z017/proj/PX4-fully-actuated-v1.15.2/Tools/simulation/gz/models/x500_mono_cam_down) by extension 'colcon_pkg'
[0.146s] Level 1:colcon.colcon_core.package_identification:_identify(/home/z017/proj/PX4-fully-actuated-v1.15.2/Tools/simulation/gz/models/x500_mono_cam_down) by extensions ['colcon_meta']
[0.146s] Level 1:colcon.colcon_core.package_identification:_identify(/home/z017/proj/PX4-fully-actuated-v1.15.2/Tools/simulation/gz/models/x500_mono_cam_down) by extension 'colcon_meta'
[0.146s] Level 1:colcon.colcon_core.package_identification:_identify(/home/z017/proj/PX4-fully-actuated-v1.15.2/Tools/simulation/gz/models/x500_mono_cam_down) by extensions ['ros']
[0.146s] Level 1:colcon.colcon_core.package_identification:_identify(/home/z017/proj/PX4-fully-actuated-v1.15.2/Tools/simulation/gz/models/x500_mono_cam_down) by extension 'ros'
[0.146s] Level 1:colcon.colcon_core.package_identification:_identify(/home/z017/proj/PX4-fully-actuated-v1.15.2/Tools/simulation/gz/models/x500_mono_cam_down) by extensions ['cmake', 'python']
[0.146s] Level 1:colcon.colcon_core.package_identification:_identify(/home/z017/proj/PX4-fully-actuated-v1.15.2/Tools/simulation/gz/models/x500_mono_cam_down) by extension 'cmake'
[0.146s] Level 1:colcon.colcon_core.package_identification:_identify(/home/z017/proj/PX4-fully-actuated-v1.15.2/Tools/simulation/gz/models/x500_mono_cam_down) by extension 'python'
[0.146s] Level 1:colcon.colcon_core.package_identification:_identify(/home/z017/proj/PX4-fully-actuated-v1.15.2/Tools/simulation/gz/models/x500_mono_cam_down) by extensions ['python_setup_py']
[0.146s] Level 1:colcon.colcon_core.package_identification:_identify(/home/z017/proj/PX4-fully-actuated-v1.15.2/Tools/simulation/gz/models/x500_mono_cam_down) by extension 'python_setup_py'
[0.146s] Level 1:colcon.colcon_core.package_identification:_identify(/home/z017/proj/PX4-fully-actuated-v1.15.2/Tools/simulation/gz/models/x500_vision) by extensions ['ignore', 'ignore_ament_install']
[0.146s] Level 1:colcon.colcon_core.package_identification:_identify(/home/z017/proj/PX4-fully-actuated-v1.15.2/Tools/simulation/gz/models/x500_vision) by extension 'ignore'
[0.146s] Level 1:colcon.colcon_core.package_identification:_identify(/home/z017/proj/PX4-fully-actuated-v1.15.2/Tools/simulation/gz/models/x500_vision) by extension 'ignore_ament_install'
[0.146s] Level 1:colcon.colcon_core.package_identification:_identify(/home/z017/proj/PX4-fully-actuated-v1.15.2/Tools/simulation/gz/models/x500_vision) by extensions ['colcon_pkg']
[0.146s] Level 1:colcon.colcon_core.package_identification:_identify(/home/z017/proj/PX4-fully-actuated-v1.15.2/Tools/simulation/gz/models/x500_vision) by extension 'colcon_pkg'
[0.146s] Level 1:colcon.colcon_core.package_identification:_identify(/home/z017/proj/PX4-fully-actuated-v1.15.2/Tools/simulation/gz/models/x500_vision) by extensions ['colcon_meta']
[0.146s] Level 1:colcon.colcon_core.package_identification:_identify(/home/z017/proj/PX4-fully-actuated-v1.15.2/Tools/simulation/gz/models/x500_vision) by extension 'colcon_meta'
[0.146s] Level 1:colcon.colcon_core.package_identification:_identify(/home/z017/proj/PX4-fully-actuated-v1.15.2/Tools/simulation/gz/models/x500_vision) by extensions ['ros']
[0.146s] Level 1:colcon.colcon_core.package_identification:_identify(/home/z017/proj/PX4-fully-actuated-v1.15.2/Tools/simulation/gz/models/x500_vision) by extension 'ros'
[0.146s] Level 1:colcon.colcon_core.package_identification:_identify(/home/z017/proj/PX4-fully-actuated-v1.15.2/Tools/simulation/gz/models/x500_vision) by extensions ['cmake', 'python']
[0.146s] Level 1:colcon.colcon_core.package_identification:_identify(/home/z017/proj/PX4-fully-actuated-v1.15.2/Tools/simulation/gz/models/x500_vision) by extension 'cmake'
[0.146s] Level 1:colcon.colcon_core.package_identification:_identify(/home/z017/proj/PX4-fully-actuated-v1.15.2/Tools/simulation/gz/models/x500_vision) by extension 'python'
[0.146s] Level 1:colcon.colcon_core.package_identification:_identify(/home/z017/proj/PX4-fully-actuated-v1.15.2/Tools/simulation/gz/models/x500_vision) by extensions ['python_setup_py']
[0.146s] Level 1:colcon.colcon_core.package_identification:_identify(/home/z017/proj/PX4-fully-actuated-v1.15.2/Tools/simulation/gz/models/x500_vision) by extension 'python_setup_py'
[0.146s] Level 1:colcon.colcon_core.package_identification:_identify(/home/z017/proj/PX4-fully-actuated-v1.15.2/Tools/simulation/gz/sdf_parsing) by extensions ['ignore', 'ignore_ament_install']
[0.147s] Level 1:colcon.colcon_core.package_identification:_identify(/home/z017/proj/PX4-fully-actuated-v1.15.2/Tools/simulation/gz/sdf_parsing) by extension 'ignore'
[0.147s] Level 1:colcon.colcon_core.package_identification:_identify(/home/z017/proj/PX4-fully-actuated-v1.15.2/Tools/simulation/gz/sdf_parsing) by extension 'ignore_ament_install'
[0.147s] Level 1:colcon.colcon_core.package_identification:_identify(/home/z017/proj/PX4-fully-actuated-v1.15.2/Tools/simulation/gz/sdf_parsing) by extensions ['colcon_pkg']
[0.147s] Level 1:colcon.colcon_core.package_identification:_identify(/home/z017/proj/PX4-fully-actuated-v1.15.2/Tools/simulation/gz/sdf_parsing) by extension 'colcon_pkg'
[0.147s] Level 1:colcon.colcon_core.package_identification:_identify(/home/z017/proj/PX4-fully-actuated-v1.15.2/Tools/simulation/gz/sdf_parsing) by extensions ['colcon_meta']
[0.147s] Level 1:colcon.colcon_core.package_identification:_identify(/home/z017/proj/PX4-fully-actuated-v1.15.2/Tools/simulation/gz/sdf_parsing) by extension 'colcon_meta'
[0.147s] Level 1:colcon.colcon_core.package_identification:_identify(/home/z017/proj/PX4-fully-actuated-v1.15.2/Tools/simulation/gz/sdf_parsing) by extensions ['ros']
[0.147s] Level 1:colcon.colcon_core.package_identification:_identify(/home/z017/proj/PX4-fully-actuated-v1.15.2/Tools/simulation/gz/sdf_parsing) by extension 'ros'
[0.147s] Level 1:colcon.colcon_core.package_identification:_identify(/home/z017/proj/PX4-fully-actuated-v1.15.2/Tools/simulation/gz/sdf_parsing) by extensions ['cmake', 'python']
[0.147s] Level 1:colcon.colcon_core.package_identification:_identify(/home/z017/proj/PX4-fully-actuated-v1.15.2/Tools/simulation/gz/sdf_parsing) by extension 'cmake'
[0.147s] Level 1:colcon.colcon_core.package_identification:_identify(/home/z017/proj/PX4-fully-actuated-v1.15.2/Tools/simulation/gz/sdf_parsing) by extension 'python'
[0.147s] DEBUG:colcon.colcon_core.package_identification:Package '/home/z017/proj/PX4-fully-actuated-v1.15.2/Tools/simulation/gz/sdf_parsing' with type 'cmake' and name 'sdf_parsing'
[0.147s] Level 1:colcon.colcon_core.package_identification:_identify(/home/z017/proj/PX4-fully-actuated-v1.15.2/Tools/simulation/gz/tests) by extensions ['ignore', 'ignore_ament_install']
[0.147s] Level 1:colcon.colcon_core.package_identification:_identify(/home/z017/proj/PX4-fully-actuated-v1.15.2/Tools/simulation/gz/tests) by extension 'ignore'
[0.147s] Level 1:colcon.colcon_core.package_identification:_identify(/home/z017/proj/PX4-fully-actuated-v1.15.2/Tools/simulation/gz/tests) by extension 'ignore_ament_install'
[0.147s] Level 1:colcon.colcon_core.package_identification:_identify(/home/z017/proj/PX4-fully-actuated-v1.15.2/Tools/simulation/gz/tests) by extensions ['colcon_pkg']
[0.147s] Level 1:colcon.colcon_core.package_identification:_identify(/home/z017/proj/PX4-fully-actuated-v1.15.2/Tools/simulation/gz/tests) by extension 'colcon_pkg'
[0.147s] Level 1:colcon.colcon_core.package_identification:_identify(/home/z017/proj/PX4-fully-actuated-v1.15.2/Tools/simulation/gz/tests) by extensions ['colcon_meta']
[0.147s] Level 1:colcon.colcon_core.package_identification:_identify(/home/z017/proj/PX4-fully-actuated-v1.15.2/Tools/simulation/gz/tests) by extension 'colcon_meta'
[0.147s] Level 1:colcon.colcon_core.package_identification:_identify(/home/z017/proj/PX4-fully-actuated-v1.15.2/Tools/simulation/gz/tests) by extensions ['ros']
[0.147s] Level 1:colcon.colcon_core.package_identification:_identify(/home/z017/proj/PX4-fully-actuated-v1.15.2/Tools/simulation/gz/tests) by extension 'ros'
[0.148s] Level 1:colcon.colcon_core.package_identification:_identify(/home/z017/proj/PX4-fully-actuated-v1.15.2/Tools/simulation/gz/tests) by extensions ['cmake', 'python']
[0.148s] Level 1:colcon.colcon_core.package_identification:_identify(/home/z017/proj/PX4-fully-actuated-v1.15.2/Tools/simulation/gz/tests) by extension 'cmake'
[0.148s] Level 1:colcon.colcon_core.package_identification:_identify(/home/z017/proj/PX4-fully-actuated-v1.15.2/Tools/simulation/gz/tests) by extension 'python'
[0.148s] Level 1:colcon.colcon_core.package_identification:_identify(/home/z017/proj/PX4-fully-actuated-v1.15.2/Tools/simulation/gz/tests) by extensions ['python_setup_py']
[0.148s] Level 1:colcon.colcon_core.package_identification:_identify(/home/z017/proj/PX4-fully-actuated-v1.15.2/Tools/simulation/gz/tests) by extension 'python_setup_py'
[0.148s] Level 1:colcon.colcon_core.package_identification:_identify(/home/z017/proj/PX4-fully-actuated-v1.15.2/Tools/simulation/gz/tools) by extensions ['ignore', 'ignore_ament_install']
[0.148s] Level 1:colcon.colcon_core.package_identification:_identify(/home/z017/proj/PX4-fully-actuated-v1.15.2/Tools/simulation/gz/tools) by extension 'ignore'
[0.148s] Level 1:colcon.colcon_core.package_identification:_identify(/home/z017/proj/PX4-fully-actuated-v1.15.2/Tools/simulation/gz/tools) by extension 'ignore_ament_install'
[0.148s] Level 1:colcon.colcon_core.package_identification:_identify(/home/z017/proj/PX4-fully-actuated-v1.15.2/Tools/simulation/gz/tools) by extensions ['colcon_pkg']
[0.148s] Level 1:colcon.colcon_core.package_identification:_identify(/home/z017/proj/PX4-fully-actuated-v1.15.2/Tools/simulation/gz/tools) by extension 'colcon_pkg'
[0.148s] Level 1:colcon.colcon_core.package_identification:_identify(/home/z017/proj/PX4-fully-actuated-v1.15.2/Tools/simulation/gz/tools) by extensions ['colcon_meta']
[0.148s] Level 1:colcon.colcon_core.package_identification:_identify(/home/z017/proj/PX4-fully-actuated-v1.15.2/Tools/simulation/gz/tools) by extension 'colcon_meta'
[0.148s] Level 1:colcon.colcon_core.package_identification:_identify(/home/z017/proj/PX4-fully-actuated-v1.15.2/Tools/simulation/gz/tools) by extensions ['ros']
[0.148s] Level 1:colcon.colcon_core.package_identification:_identify(/home/z017/proj/PX4-fully-actuated-v1.15.2/Tools/simulation/gz/tools) by extension 'ros'
[0.148s] Level 1:colcon.colcon_core.package_identification:_identify(/home/z017/proj/PX4-fully-actuated-v1.15.2/Tools/simulation/gz/tools) by extensions ['cmake', 'python']
[0.148s] Level 1:colcon.colcon_core.package_identification:_identify(/home/z017/proj/PX4-fully-actuated-v1.15.2/Tools/simulation/gz/tools) by extension 'cmake'
[0.148s] Level 1:colcon.colcon_core.package_identification:_identify(/home/z017/proj/PX4-fully-actuated-v1.15.2/Tools/simulation/gz/tools) by extension 'python'
[0.148s] Level 1:colcon.colcon_core.package_identification:_identify(/home/z017/proj/PX4-fully-actuated-v1.15.2/Tools/simulation/gz/tools) by extensions ['python_setup_py']
[0.148s] Level 1:colcon.colcon_core.package_identification:_identify(/home/z017/proj/PX4-fully-actuated-v1.15.2/Tools/simulation/gz/tools) by extension 'python_setup_py'
[0.148s] Level 1:colcon.colcon_core.package_identification:_identify(/home/z017/proj/PX4-fully-actuated-v1.15.2/Tools/simulation/gz/tools/avl_automation) by extensions ['ignore', 'ignore_ament_install']
[0.148s] Level 1:colcon.colcon_core.package_identification:_identify(/home/z017/proj/PX4-fully-actuated-v1.15.2/Tools/simulation/gz/tools/avl_automation) by extension 'ignore'
[0.148s] Level 1:colcon.colcon_core.package_identification:_identify(/home/z017/proj/PX4-fully-actuated-v1.15.2/Tools/simulation/gz/tools/avl_automation) by extension 'ignore_ament_install'
[0.148s] Level 1:colcon.colcon_core.package_identification:_identify(/home/z017/proj/PX4-fully-actuated-v1.15.2/Tools/simulation/gz/tools/avl_automation) by extensions ['colcon_pkg']
[0.148s] Level 1:colcon.colcon_core.package_identification:_identify(/home/z017/proj/PX4-fully-actuated-v1.15.2/Tools/simulation/gz/tools/avl_automation) by extension 'colcon_pkg'
[0.148s] Level 1:colcon.colcon_core.package_identification:_identify(/home/z017/proj/PX4-fully-actuated-v1.15.2/Tools/simulation/gz/tools/avl_automation) by extensions ['colcon_meta']
[0.148s] Level 1:colcon.colcon_core.package_identification:_identify(/home/z017/proj/PX4-fully-actuated-v1.15.2/Tools/simulation/gz/tools/avl_automation) by extension 'colcon_meta'
[0.148s] Level 1:colcon.colcon_core.package_identification:_identify(/home/z017/proj/PX4-fully-actuated-v1.15.2/Tools/simulation/gz/tools/avl_automation) by extensions ['ros']
[0.148s] Level 1:colcon.colcon_core.package_identification:_identify(/home/z017/proj/PX4-fully-actuated-v1.15.2/Tools/simulation/gz/tools/avl_automation) by extension 'ros'
[0.148s] Level 1:colcon.colcon_core.package_identification:_identify(/home/z017/proj/PX4-fully-actuated-v1.15.2/Tools/simulation/gz/tools/avl_automation) by extensions ['cmake', 'python']
[0.148s] Level 1:colcon.colcon_core.package_identification:_identify(/home/z017/proj/PX4-fully-actuated-v1.15.2/Tools/simulation/gz/tools/avl_automation) by extension 'cmake'
[0.148s] Level 1:colcon.colcon_core.package_identification:_identify(/home/z017/proj/PX4-fully-actuated-v1.15.2/Tools/simulation/gz/tools/avl_automation) by extension 'python'
[0.148s] Level 1:colcon.colcon_core.package_identification:_identify(/home/z017/proj/PX4-fully-actuated-v1.15.2/Tools/simulation/gz/tools/avl_automation) by extensions ['python_setup_py']
[0.148s] Level 1:colcon.colcon_core.package_identification:_identify(/home/z017/proj/PX4-fully-actuated-v1.15.2/Tools/simulation/gz/tools/avl_automation) by extension 'python_setup_py'
[0.148s] Level 1:colcon.colcon_core.package_identification:_identify(/home/z017/proj/PX4-fully-actuated-v1.15.2/Tools/simulation/gz/tools/avl_automation/templates) by extensions ['ignore', 'ignore_ament_install']
[0.149s] Level 1:colcon.colcon_core.package_identification:_identify(/home/z017/proj/PX4-fully-actuated-v1.15.2/Tools/simulation/gz/tools/avl_automation/templates) by extension 'ignore'
[0.149s] Level 1:colcon.colcon_core.package_identification:_identify(/home/z017/proj/PX4-fully-actuated-v1.15.2/Tools/simulation/gz/tools/avl_automation/templates) by extension 'ignore_ament_install'
[0.149s] Level 1:colcon.colcon_core.package_identification:_identify(/home/z017/proj/PX4-fully-actuated-v1.15.2/Tools/simulation/gz/tools/avl_automation/templates) by extensions ['colcon_pkg']
[0.149s] Level 1:colcon.colcon_core.package_identification:_identify(/home/z017/proj/PX4-fully-actuated-v1.15.2/Tools/simulation/gz/tools/avl_automation/templates) by extension 'colcon_pkg'
[0.149s] Level 1:colcon.colcon_core.package_identification:_identify(/home/z017/proj/PX4-fully-actuated-v1.15.2/Tools/simulation/gz/tools/avl_automation/templates) by extensions ['colcon_meta']
[0.149s] Level 1:colcon.colcon_core.package_identification:_identify(/home/z017/proj/PX4-fully-actuated-v1.15.2/Tools/simulation/gz/tools/avl_automation/templates) by extension 'colcon_meta'
[0.149s] Level 1:colcon.colcon_core.package_identification:_identify(/home/z017/proj/PX4-fully-actuated-v1.15.2/Tools/simulation/gz/tools/avl_automation/templates) by extensions ['ros']
[0.149s] Level 1:colcon.colcon_core.package_identification:_identify(/home/z017/proj/PX4-fully-actuated-v1.15.2/Tools/simulation/gz/tools/avl_automation/templates) by extension 'ros'
[0.149s] Level 1:colcon.colcon_core.package_identification:_identify(/home/z017/proj/PX4-fully-actuated-v1.15.2/Tools/simulation/gz/tools/avl_automation/templates) by extensions ['cmake', 'python']
[0.149s] Level 1:colcon.colcon_core.package_identification:_identify(/home/z017/proj/PX4-fully-actuated-v1.15.2/Tools/simulation/gz/tools/avl_automation/templates) by extension 'cmake'
[0.149s] Level 1:colcon.colcon_core.package_identification:_identify(/home/z017/proj/PX4-fully-actuated-v1.15.2/Tools/simulation/gz/tools/avl_automation/templates) by extension 'python'
[0.149s] Level 1:colcon.colcon_core.package_identification:_identify(/home/z017/proj/PX4-fully-actuated-v1.15.2/Tools/simulation/gz/tools/avl_automation/templates) by extensions ['python_setup_py']
[0.149s] Level 1:colcon.colcon_core.package_identification:_identify(/home/z017/proj/PX4-fully-actuated-v1.15.2/Tools/simulation/gz/tools/avl_automation/templates) by extension 'python_setup_py'
[0.149s] Level 1:colcon.colcon_core.package_identification:_identify(/home/z017/proj/PX4-fully-actuated-v1.15.2/Tools/simulation/gz/worlds) by extensions ['ignore', 'ignore_ament_install']
[0.149s] Level 1:colcon.colcon_core.package_identification:_identify(/home/z017/proj/PX4-fully-actuated-v1.15.2/Tools/simulation/gz/worlds) by extension 'ignore'
[0.149s] Level 1:colcon.colcon_core.package_identification:_identify(/home/z017/proj/PX4-fully-actuated-v1.15.2/Tools/simulation/gz/worlds) by extension 'ignore_ament_install'
[0.149s] Level 1:colcon.colcon_core.package_identification:_identify(/home/z017/proj/PX4-fully-actuated-v1.15.2/Tools/simulation/gz/worlds) by extensions ['colcon_pkg']
[0.149s] Level 1:colcon.colcon_core.package_identification:_identify(/home/z017/proj/PX4-fully-actuated-v1.15.2/Tools/simulation/gz/worlds) by extension 'colcon_pkg'
[0.149s] Level 1:colcon.colcon_core.package_identification:_identify(/home/z017/proj/PX4-fully-actuated-v1.15.2/Tools/simulation/gz/worlds) by extensions ['colcon_meta']
[0.149s] Level 1:colcon.colcon_core.package_identification:_identify(/home/z017/proj/PX4-fully-actuated-v1.15.2/Tools/simulation/gz/worlds) by extension 'colcon_meta'
[0.149s] Level 1:colcon.colcon_core.package_identification:_identify(/home/z017/proj/PX4-fully-actuated-v1.15.2/Tools/simulation/gz/worlds) by extensions ['ros']
[0.149s] Level 1:colcon.colcon_core.package_identification:_identify(/home/z017/proj/PX4-fully-actuated-v1.15.2/Tools/simulation/gz/worlds) by extension 'ros'
[0.149s] Level 1:colcon.colcon_core.package_identification:_identify(/home/z017/proj/PX4-fully-actuated-v1.15.2/Tools/simulation/gz/worlds) by extensions ['cmake', 'python']
[0.149s] Level 1:colcon.colcon_core.package_identification:_identify(/home/z017/proj/PX4-fully-actuated-v1.15.2/Tools/simulation/gz/worlds) by extension 'cmake'
[0.149s] Level 1:colcon.colcon_core.package_identification:_identify(/home/z017/proj/PX4-fully-actuated-v1.15.2/Tools/simulation/gz/worlds) by extension 'python'
[0.149s] Level 1:colcon.colcon_core.package_identification:_identify(/home/z017/proj/PX4-fully-actuated-v1.15.2/Tools/simulation/gz/worlds) by extensions ['python_setup_py']
[0.149s] Level 1:colcon.colcon_core.package_identification:_identify(/home/z017/proj/PX4-fully-actuated-v1.15.2/Tools/simulation/gz/worlds) by extension 'python_setup_py'
[0.149s] Level 1:colcon.colcon_core.package_discovery:discover_packages(recursive) using defaults
