v -0.016104504 -0.035599999 0.0062238565
v -0.016104504 -0.035599999 0.018776145
v -0.016104504 -0.034133304 0.019306786
v -0.016104504 -0.034133285 0.0056932084
v -0.016104504 -0.032499999 0.0055000004
v -0.016104504 -0.032499999 0.019499999
v -0.016104504 -0.02375 0.0125
v -0.016104504 -0.023582531 0.011875
v -0.016104504 -0.023582531 0.013125
v -0.016104504 -0.023125 0.011417468
v -0.016104504 -0.023125 0.013582531
v -0.016104504 -0.022500001 0.01125
v -0.016104504 -0.022500001 0.01375
v -0.016104504 -0.021875 0.011417468
v -0.016104504 -0.021875 0.013582531
v -0.016104504 -0.021417469 0.011875
v -0.016104504 -0.021417469 0.013125
v -0.016104504 -0.02125 0.0125
v -0.016104504 -0.016739514 0.0055000004
v -0.016104504 -0.016739514 0.0195
v -0.016104504 -1.9852175e-13 0.0195
v -0.016104504 4.5019471e-10 0.0055000004
v -0.016104504 0.016739514 0.0195
v -0.016104504 0.016739516 0.0055000004
v -0.016104504 0.02125 0.0125
v -0.016104504 0.021417469 0.011875
v -0.016104504 0.021417469 0.013125
v -0.016104504 0.021875 0.011417468
v -0.016104504 0.021875 0.013582531
v -0.016104504 0.022500001 0.01125
v -0.016104504 0.022500001 0.01375
v -0.016104504 0.023125 0.011417468
v -0.016104504 0.023125 0.013582531
v -0.016104504 0.023582531 0.011875
v -0.016104504 0.023582531 0.013125
v -0.016104504 0.02375 0.0125
v -0.016104504 0.032499999 0.0055
v -0.016104504 0.032499999 0.0195
v -0.016104504 0.034158584 0.019300675
v -0.016104504 0.034219161 0.0057143844
v -0.016104504 0.03453134 0.0058012083
v -0.016104504 0.035760336 0.0063056303
v -0.016104504 0.035970747 0.018578975
v -0.016104504 0.036311239 0.0066285022
v -0.016104504 0.037050314 0.007180735
v -0.016104504 0.037197884 0.017689394
v -0.016104504 0.037666786 0.0077772569
v -0.016104504 0.037666786 0.017222743
v -0.016104504 0.0378116 0.017059274
v -0.016104504 0.038056169 0.0082421806
v -0.016104504 0.038785204 0.0094184186
v -0.016104504 0.038850147 0.01544547
v -0.016104504 0.039155319 0.014669482
v -0.016104504 0.039271619 0.010726476
v -0.016104504 0.039401483 0.011329618
v -0.016104504 0.039439674 0.01341695
v -0.016104504 0.039485257 0.012045775
v -0.016100993 -0.035602365 0.019253444
v -0.016090984 -0.035672288 0.0062238565
v -0.016081471 -0.016629195 0.020332679
v -0.016081348 -0.032499775 0.020332878
v -0.016081348 1.46827e-14 0.020332878
v -0.016078476 0.016624089 0.02036933
v -0.016078366 -0.032499764 0.0046307808
v -0.016078366 -0.01660043 0.0046307808
v -0.016078366 5.3227567e-10 0.0046307808
v -0.016078366 0.016600428 0.0046307808
v -0.016078366 0.032499764 0.0046307808
v -0.016078338 0.032499764 0.020369546
v -0.01607771 -0.035700001 0.0062238565
v -0.01607771 -0.035700001 0.018776145
v -0.016060134 -0.035609297 0.0050782794
v -0.016045926 -0.035741422 0.018776145
v -0.01602082 0.037900548 0.018821944
v -0.016020818 0.037721176 0.0060290205
v -0.016020782 0.038656443 0.018089535
v -0.016020752 0.038961709 0.0072658421
v -0.016020741 0.036443662 0.019821746
v -0.016020715 0.036185294 0.005044552
v -0.016020631 0.039665274 0.016723402
v -0.016020583 0.039903965 0.0087103983
v -0.016020536 0.034758233 0.020505955
v -0.016020488 0.034412052 0.0044035437
v -0.016020458 0.040367283 0.01520358
v -0.016020406 0.040519856 0.010286352
v -0.01602038 0.033467371 0.0042356495
v -0.016020346 0.03297583 0.020807492
v -0.016020333 0.032499611 0.0041786181
v -0.01602033 0.040748999 0.013586989
v -0.016020305 0.040801469 0.011931363
v -0.016005727 -0.035614084 0.020299787
v -0.016004505 -0.035773207 0.0062238565
v -0.016004505 -0.035773207 0.018776145
v -0.015997399 -0.035673618 0.020268992
v -0.015990887 -0.035615109 0.0046215104
v -0.015990201 -0.034335949 0.0042245798
v -0.015981382 -0.035672288 0.0046405643
v -0.015953518 -0.035741422 0.020261381
v -0.015937818 -0.035740718 0.0046489155
v -0.015932342 -0.016501529 0.021222191
v -0.015931495 1.46827e-14 0.021222891
v -0.015923698 0.016496845 0.02125393
v -0.015922995 5.2410132e-10 0.0037460055
v -0.015922995 0.016466044 0.0037460055
v -0.015922993 -0.032499529 0.0037460055
v -0.015922993 -0.016466046 0.0037460055
v -0.015922993 0.032499529 0.0037460055
v -0.015922811 0.032499529 0.021254653
v -0.015918439 -0.035619203 0.020694276
v -0.015917646 -0.034374457 0.02106926
v -0.015917346 -0.032499526 0.021274189
v -0.015904505 -0.035799999 0.0062238565
v -0.015904505 -0.035799999 0.018776145
v -0.015886713 -0.035785958 0.020249795
v -0.015870975 -0.035785783 0.0046617296
v -0.015844889 -0.035622299 0.0040550344
v -0.015814178 -0.035799999 0.020237213
v -0.015798237 -0.035799999 0.0046756733
v -0.015771933 -0.035672288 0.0038800396
v -0.01576619 -0.035799999 0.020478452
v -0.015739478 -0.035625733 0.021239368
v -0.015730264 -0.035740718 0.0038952397
v -0.015666323 -0.035785783 0.003918563
v -0.015596746 -0.035799999 0.0039439434
v -0.015592665 0.03856355 0.019937713
v -0.015592658 0.038352802 0.0048952112
v -0.01559247 0.039459851 0.019107729
v -0.015592312 0.039825678 0.0062996694
v -0.01559225 0.036872264 0.021044495
v -0.015592116 0.036577042 0.0038103347
v -0.015591989 -0.01636871 0.022104476
v -0.015591684 0.040677477 0.017527752
v -0.015591429 0.040969409 0.007980735
v -0.015591168 0.034970123 0.02177792
v -0.015590913 0.034586038 0.0031272068
v -0.015590767 0.041540068 0.015735364
v -0.015590497 0.041729134 0.0098478561
v -0.015590339 0.033548277 0.0029531836
v -0.01559016 0.033013802 0.022090917
v -0.015590093 0.042014435 0.013804638
v -0.015589974 0.042079862 0.011817233
v -0.015589702 1.4696577e-14 0.022105791
v -0.015578796 0.016364753 0.022130083
v -0.015576956 -0.032499615 0.0028695415
v -0.015576956 -0.016338307 0.0028695415
v -0.015576956 5.1575344e-10 0.0028695415
v -0.015576956 0.016338306 0.0028695415
v -0.015576956 0.032499615 0.0028695415
v -0.015576459 0.032499615 0.022131415
v -0.015562369 -0.034486152 0.021950722
v -0.015561589 -0.032499623 0.022159733
v -0.015543667 -0.035673618 0.021646
v -0.015510208 -0.034497742 0.00295372
v -0.015503905 -0.035741422 0.021625938
v -0.015459617 -0.035632048 0.0031713934
v -0.015443373 -0.035785958 0.021595394
v -0.015442464 -0.035672288 0.0031631037
v -0.015403767 -0.035740718 0.003184783
v -0.015377647 -0.035799999 0.02156223
v -0.01534439 -0.035785783 0.003218048
v -0.015300185 -0.035634551 0.022095241
v -0.015279776 -0.035799999 0.0032542457
v -0.015141889 -0.035673618 0.022309814
v -0.015138443 -0.035799999 0.021982498
v -0.015105636 -0.035741422 0.022283945
v -0.015054547 -0.01623776 0.022933466
v -0.015050444 -3.0850322e-14 0.022935335
v -0.015039629 0.016234716 0.022952054
v -0.015036418 -0.032499973 0.0020472237
v -0.015036418 -0.01621934 0.0020472237
v -0.015036418 5.0727994e-10 0.0020472237
v -0.015036418 0.016219338 0.0020472237
v -0.015036418 0.032499973 0.0020472237
v -0.015035483 0.032499973 0.022953933
v -0.015009 -0.034586426 0.022776136
v -0.01500764 -0.032499991 0.02298809
v -0.014884719 -0.035639118 0.002342846
v -0.014693438 0.039188348 0.021025836
v -0.014693423 0.038947001 0.0037901381
v -0.014693034 0.040221859 0.020103216
v -0.014692695 0.040647313 0.0053540445
v -0.014692551 0.037269812 0.022231627
v -0.014692255 0.036939397 0.0026129212
v -0.014691369 0.041645497 0.018316951
v -0.014690812 0.041990604 0.0072642039
v -0.014690203 0.035163734 0.023007806
v -0.014689661 0.03474414 0.0018938778
v -0.014689394 0.042668182 0.016258454
v -0.014688826 0.04289351 0.0094162934
v -0.014688426 0.033620689 0.0017155192
v -0.01468804 0.033048775 0.023329059
v -0.014687954 0.043235149 0.014019024
v -0.0146879 0.032500185 0.0016567807
v -0.0146879 0.032500185 0.023343218
v -0.014687707 0.043313351 0.011704789
v -0.014659124 -0.035640873 0.022908127
v -0.014647157 -0.035673618 0.02290643
v -0.014614989 -0.035741422 0.022875629
v -0.014566016 -0.035785958 0.022828737
v -0.014565143 -0.035641573 0.0019962618
v -0.014563221 -0.034641925 0.0017455982
v -0.014561529 -0.032500248 0.0015324194
v -0.014543862 -0.035672288 0.0019880158
v -0.014512843 -0.035799999 0.022777822
v -0.014512653 -0.035740718 0.0020195355
v -0.014464765 -0.035785783 0.0020678982
v -0.014412654 -0.035799999 0.0021205253
v -0.014354992 -0.016115664 0.023657434
v -0.014349342 1.4710455e-14 0.023659635
v -0.014341406 0.016113596 0.023669092
v -0.014337148 -0.032500349 0.0013299107
v -0.014337148 -0.016111357 0.0013299107
v -0.014337148 4.9876309e-10 0.0013299107
v -0.014337148 0.016111357 0.0013299107
v -0.014337148 0.032500349 0.0013299107
v -0.014335734 0.032500349 0.023671297
v -0.014295517 -0.034668997 0.023493212
v -0.014293698 -0.032500364 0.023706853
v -0.014240931 -0.035643533 0.0016979359
v -0.013960353 -0.035799999 0.023280028
v -0.01388343 -0.035645131 0.023582412
v -0.013830665 -0.0036249994 0.024056287
v -0.013830665 6.5455974e-13 0.024056289
v -0.013830663 -0.0072499961 0.024056341
v -0.013830663 0.0072499961 0.024056341
v -0.013784225 -0.0072499956 0.024073124
v -0.013784225 -0.0036249994 0.024073072
v -0.013784225 -1.0196011e-13 0.024073074
v -0.013784223 0.0072499956 0.024073124
v -0.013769087 0.0077256258 0.024097586
v -0.013768214 -0.0074969279 0.024084309
v -0.01375576 -0.0072499956 0.024071826
v -0.01375576 -0.0036249994 0.024071774
v -0.01375576 2.1785213e-12 0.024071775
v -0.013755758 0.0072499956 0.024071824
v -0.013754615 -0.0077753505 0.024107112
v -0.013739989 -0.007493231 0.024083015
v -0.013739192 0.0077677313 0.02411494
v -0.013727686 -0.0072499961 0.024061959
v -0.013727686 -0.0036249994 0.024061909
v -0.013727686 2.1395108e-12 0.024061909
v -0.013727685 0.0072499961 0.024061959
v -0.013714717 0.007759606 0.024120787
v -0.013712049 -0.0074903495 0.024073189
v -0.013703757 -0.007249997 0.02404427
v -0.013703757 -0.0036249994 0.024044219
v -0.013703757 -2.1603552e-13 0.024044221
v -0.013703755 0.007249997 0.024044268
v -0.013688124 -0.0074887201 0.02405557
v -0.013687101 0.0077519473 0.024119377
v -0.013686697 -0.0072499979 0.024021447
v -0.013686697 -0.0036249994 0.024021396
v -0.013686697 -3.062689e-13 0.024021396
v -0.013686695 0.0072499979 0.024021445
v -0.013674506 -0.0072499998 0.023555739
v -0.013674506 -0.0072499998 0.023973597
v -0.013674506 -0.0036249994 0.023973573
v -0.013674506 1.7900681e-12 0.023973547
v -0.013674506 0.0072499998 0.023555739
v -0.013674506 0.0072499998 0.023973595
v -0.013670943 -0.0074884682 0.024032841
v -0.013669028 0.007499076 0.024033003
v -0.013661929 -0.0074624089 0.023982594
v -0.013659508 0.0077459025 0.024109432
v -0.013658286 -0.0074910973 0.023985187
v -0.013656807 0.0075017978 0.023986235
v -0.013637672 -0.0080763539 0.024181904
v -0.01363564 0.0077423868 0.024091745
v -0.013618252 0.0077416743 0.024069043
v -0.013611716 -0.0077659581 0.024074823
v -0.013605325 -0.0080574416 0.024192808
v -0.013604679 0.0077464883 0.024022821
v -0.013601371 -0.0077675949 0.024050739
v -0.013597471 -0.0077709518 0.024027811
v -0.013584507 -0.035799999 0.0093299998
v -0.013584507 -0.035799999 0.01567
v -0.013584507 -0.029549999 0.0093299998
v -0.013584507 -0.029549999 0.01567
v -0.013579548 -0.0080453632 0.024191555
v -0.013574506 -0.0072499998 0.023617754
v -0.013574506 -0.0072499998 0.02416403
v -0.013574506 -4.9979465e-13 0.024163989
v -0.013574506 0.0072499998 0.023617754
v -0.013574506 0.0072499998 0.02416403
v -0.013571582 -0.0072499993 0.02418804
v -0.013571582 0.0072499993 0.02418804
v -0.013565226 -0.0078676259 0.023623371
v -0.013565226 0.0078676259 0.023623371
v -0.013561399 -2.9765079e-13 0.024213485
v -0.013561397 -0.0072499984 0.024213526
v -0.013561397 0.0072499984 0.024213526
v -0.013553147 -0.0080354735 0.024182033
v -0.013550711 -0.016009402 0.024236491
v -0.013540787 0.016008247 0.024242414
v -0.013536518 -0.032500479 0.00075653644
v -0.013536518 -0.01601658 0.00075653644
v -0.013536518 4.9028748e-10 0.00075653644
v -0.013536518 0.01601658 0.00075653644
v -0.013536518 0.032500479 0.00075653644
v -0.013534666 0.032500479 0.024244567
v -0.013534223 -0.0076017613 0.024210595
v -0.013534221 0.0076017636 0.024210595
v -0.013529588 -0.0080292309 0.02416496
v -0.013528756 0.0079595456 0.024074502
v -0.013525511 -2.622208e-13 0.024250006
v -0.013525509 -0.007249997 0.024250045
v -0.013525509 0.007249997 0.024250045
v -0.013522654 0.0080023808 0.024134405
v -0.013521471 -0.007671312 0.024193443
v -0.013520516 0.0082821343 0.024253052
v -0.013517045 -0.0075935554 0.024246892
v -0.013517045 0.0075935582 0.024246892
v -0.013511661 0.0080042155 0.024110561
v -0.013511629 -0.0080271866 0.024142932
v -0.013508064 0.0077206274 0.024200708
v -0.013506974 0.0080083199 0.024088986
v -0.013501414 0.0082982546 0.024263972
v -0.013500349 -0.0080288602 0.024119275
v -0.013495204 -0.0080331573 0.024096753
v -0.013491102 -0.0083253495 0.024270343
v -0.013489525 -0.007584631 0.024271226
v -0.013489525 0.0075846338 0.024271227
v -0.013481609 -0.034730021 0.024062738
v -0.013480985 0.0082824426 0.02426962
v -0.013479705 -0.032500476 0.024276897
v -0.013479107 -0.0078114746 0.023674427
v -0.013479107 0.0078114746 0.023674427
v -0.013478548 -0.0078130709 0.024216553
v -0.013473299 0.039647684 0.021864658
v -0.013473284 0.039382756 0.0029389027
v -0.013473106 0.040359724 0.0037242619
v -0.013472878 0.038314663 0.0022538814
v -0.013472849 0.040787354 0.02087329
v -0.013472452 0.041259333 0.0046214936
v -0.01347226 0.03755578 0.023141475
v -0.013472014 0.041627392 0.019949362
v -0.013471908 0.037199039 0.0016960602
v -0.013471453 0.04206261 0.0056177811
v -0.013470924 0.042372398 0.018930471
v -0.013470258 0.042759567 0.0067065437
v -0.013469745 0.043006197 0.017833771
v -0.01346947 0.035299461 0.02394544
v -0.013469041 0.043331381 0.0078611607
v -0.013468836 0.034854107 0.00095434376
v -0.013468602 0.043521918 0.016666524
v -0.013467946 0.043776073 0.0090793492
v -0.013467622 0.043909285 0.01544652
v -0.013467387 0.033669833 0.00077416172
v -0.013467115 0.044082996 0.010333195
v -0.013466925 0.033072691 0.024270339
v -0.013466916 0.044162672 0.014186591
v -0.01346664 0.044251043 0.011616873
v -0.013456886 0.0082669323 0.024268258
v -0.013431684 0.0082539162 0.024258651
v -0.013428678 -0.035646666 0.023879262
v -0.013425958 -0.0079327552 0.024273872
v -0.013425958 0.0079327542 0.024273872
v -0.013424349 -0.035673618 0.023871921
v -0.013423019 -0.0081676645 0.024143437
v -0.013410441 0.0079172608 0.024308497
v -0.013410439 -0.0079172626 0.024308499
v -0.013410338 -0.035799999 0.00868
v -0.013410338 -0.035799999 0.016319999
v -0.013410338 -0.029549999 0.00868
v -0.013410338 -0.029549999 0.016319999
v -0.013408693 0.0082453014 0.024241559
v -0.013401729 -0.035741422 0.023833558
v -0.013390656 0.0082418816 0.024219625
v -0.013385025 0.0079004103 0.024330843
v -0.013385023 -0.0079004122 0.024330843
v -0.013378765 0.0082431454 0.024196178
v -0.013372834 0.0082475031 0.024174962
v -0.013369604 -0.035646882 0.0010864825
v -0.013367291 -0.035785958 0.023775151
v -0.013347016 -0.0083064018 0.024247751
v -0.013334752 -0.0083072055 0.024224538
v -0.0133299 -0.035799999 0.023711735
v -0.013328097 -0.0083116367 0.024202444
v -0.013326813 -0.0085295159 0.024362905
v -0.013317379 -0.034739349 0.00084521231
v -0.013307351 -0.035672288 0.0010603198
v -0.013285686 -0.035740718 0.0010990247
v -0.013284848 -0.0081991768 0.024316588
v -0.01325575 0.0082278708 0.024367433
v -0.013255746 -0.0082278764 0.024367435
v -0.013255551 -0.00824132 0.024330936
v -0.013253068 0.0082447706 0.024332104
v -0.013252444 -0.035785783 0.0011584151
v -0.013242633 0.0082064094 0.024399793
v -0.013242629 -0.008206415 0.024399795
v -0.013232992 -0.0086240731 0.024412841
v -0.013220294 0.0081830667 0.024419423
v -0.013220291 -0.0081830714 0.024419425
v -0.013216269 -0.035799999 0.0012230414
v -0.013208897 -0.0083032819 0.024353385
v -0.013198863 -0.0085865594 0.024416085
v -0.013176958 -0.0085686604 0.024406854
v -0.013175064 0.0085114064 0.024347363
v -0.013162465 0.008511073 0.024324259
v -0.013156281 -0.0085137468 0.023849199
v -0.013156281 0.0085137468 0.023849199
v -0.013155918 -0.0085556665 0.024390303
v -0.013155193 0.0085148485 0.024303351
v -0.013153997 -0.0085160574 0.024304021
v -0.013138312 -0.0085488893 0.024368947
v -0.013125545 -0.0085480427 0.024346011
v -0.013117685 -0.0085517317 0.024324177
v -0.013093741 0.0087431083 0.024483275
v -0.013058177 -0.0087701026 0.024500586
v -0.01303356 0.0084780147 0.024479493
v -0.013033553 -0.0084780212 0.024479497
v -0.013031716 0.0084949993 0.024442239
v -0.013031709 -0.0084950067 0.024442242
v -0.013030195 -0.0084967483 0.02443561
v -0.013023418 0.0084518567 0.024509372
v -0.013023411 -0.0084518641 0.024509376
v -0.013021446 -0.0085048024 0.023914849
v -0.013021446 0.0085048024 0.023914849
v -0.013020654 -0.0085055251 0.024439847
v -0.013020595 0.00850558 0.024439881
v -0.013005669 0.0086501688 0.024384227
v -0.013004902 0.0084234066 0.024526015
v -0.013004894 -0.0084234132 0.024526019
v -0.012992893 0.0088163028 0.024531681
v -0.012979622 -0.035647638 0.024119126
v -0.012968549 0.0087801879 0.024532733
v -0.012949581 0.0087590162 0.02452331
v -0.012934507 -0.035799999 0.0082041668
v -0.012934507 -0.035799999 0.016795833
v -0.012934507 -0.029549999 0.0082041668
v -0.012934507 -0.029549999 0.016795833
v -0.012930694 0.0087429807 0.024506545
v -0.012914256 0.0087337578 0.024485031
v -0.012901711 0.0087312153 0.024462033
v -0.012893644 0.0087336982 0.024441224
v -0.012879522 -0.0087580709 0.024503177
v -0.012872376 -0.0086263195 0.024503509
v -0.01286696 -0.0087550096 0.024480317
v -0.012858401 -0.0087572997 0.024458554
v -0.012811215 0.0086686537 0.024528651
v -0.012804505 -0.035799999 0.0050000004
v -0.012804505 -0.035799999 0.02
v -0.012804505 -0.029549999 0.0050000004
v -0.012804505 -0.029549999 0.02
v -0.012790038 -0.0086717363 0.024579166
v -0.012776162 -0.0088078883 0.024497915
v -0.012768556 0.0086772274 0.024599776
v -0.012768547 -0.008677233 0.024599779
v -0.012765125 0.0086965403 0.024563789
v -0.012761985 0.0086474847 0.024627199
v -0.012761976 -0.0086474903 0.024627203
v -0.012748002 0.0086151343 0.024640879
v -0.012747993 -0.0086151399 0.024640882
v -0.012703069 -0.015925987 0.024660092
v -0.012698005 0.01592556 0.024662189
v -0.012697327 -0.035799999 0.0046000006
v -0.012697327 -0.035799999 0.0054000001
v -0.012697327 -0.035799999 0.0196
v -0.012697327 -0.035799999 0.020399999
v -0.012697327 -0.029549999 0.0046000006
v -0.012697327 -0.029549999 0.0054000001
v -0.012697327 -0.029549999 0.0196
v -0.012697327 -0.029549999 0.020399999
v -0.012695503 -0.032500282 0.00033715909
v -0.012695503 -0.01593715 0.00033716002
v -0.012695503 4.819074e-10 0.00033716002
v -0.012695503 0.01593715 0.00033716002
v -0.012695503 0.032500282 0.00033716002
v -0.012693309 0.032500278 0.02466375
v -0.012672112 -0.0080478434 0.024672508
v -0.012663587 0.0089956522 0.024676016
v -0.012641874 -0.0090047633 0.024684858
v -0.012628757 -0.0089737754 0.024684235
v -0.012614782 -0.0089491829 0.024674997
v -0.012605875 0.0089076189 0.024627486
v -0.012604506 -0.02375 0.0125
v -0.012604506 -0.023582531 0.011875
v -0.012604506 -0.023582531 0.013125
v -0.012604506 -0.023125 0.011417468
v -0.012604506 -0.023125 0.013582531
v -0.012604506 -0.022500001 0.01125
v -0.012604506 -0.022500001 0.0125
v -0.012604506 -0.022500001 0.01375
v -0.012604506 -0.021875 0.011417468
v -0.012604506 -0.021875 0.013582531
v -0.012604506 -0.021417469 0.011875
v -0.012604506 -0.021417469 0.013125
v -0.012604506 -0.02125 0.0125
v -0.012604506 0.02125 0.0125
v -0.012604506 0.021417469 0.011875
v -0.012604506 0.021417469 0.013125
v -0.012604506 0.021875 0.011417468
v -0.012604506 0.021875 0.013582531
v -0.012604506 0.022500001 0.01125
v -0.012604506 0.022500001 0.0125
v -0.012604506 0.022500001 0.01375
v -0.012604506 0.023125 0.011417468
v -0.012604506 0.023125 0.013582531
v -0.012604506 0.023582531 0.011875
v -0.012604506 0.023582531 0.013125
v -0.012604506 0.02375 0.0125
v -0.012597864 -0.0089273173 0.024655744
v -0.012594272 0.0089025982 0.024604402
v -0.012586066 0.0089033851 0.024583513
v -0.012585926 -0.0089167934 0.024637057
v -0.012577447 -0.035672288 0.00071041734
v -0.012574368 -0.0089113871 0.024614101
v -0.012565753 -0.0089119803 0.024592247
v -0.012560633 -0.035740718 0.00075146352
v -0.012534834 -0.035785783 0.00081444421
v -0.012532395 0.0090458654 0.024728315
v -0.012516015 -0.0089318044 0.024125546
v -0.012516015 0.0089318044 0.024125546
v -0.012506758 -0.035799999 0.00088297931
v -0.012503057 0.0088295331 0.024646714
v -0.012496947 -0.0090576317 0.024742
v -0.012495895 0.0088323643 0.024649318
v -0.012469687 0.0088203577 0.02472051
v -0.012469678 -0.0088203605 0.024720512
v -0.012467395 0.0087880585 0.024745636
v -0.012467385 -0.0087880613 0.024745639
v -0.012464193 0.0088413302 0.024685727
v -0.012464183 -0.008841333 0.024685731
v -0.012458698 0.0087529281 0.024756564
v -0.01245869 -0.0087529309 0.024756566
v -0.012404506 -0.035799999 0.0043071797
v -0.012404506 -0.035799999 0.0056928205
v -0.012404506 -0.035799999 0.019307179
v -0.012404506 -0.035799999 0.02069282
v -0.012404506 -0.029549999 0.0043071797
v -0.012404506 -0.029549999 0.0056928205
v -0.012404506 -0.029549999 0.019307179
v -0.012404506 -0.029549999 0.02069282
v -0.012388007 -0.035799999 0.024164589
v -0.012387621 -0.035648204 0.00062721857
v -0.012386567 0.009089388 0.024783494
v -0.012374506 0.003499998 0.02478792
v -0.012374506 0.0035000001 0.022599999
v -0.012369842 -0.0088762362 0.024693754
v -0.012368082 0.0035798862 0.024790276
v -0.012367737 0.0034180048 0.024790403
v -0.012319052 0.0037288647 0.024808094
v -0.012311651 0.0032572979 0.024810759
v -0.012307518 0.0032500001 0.022599999
v -0.012307518 0.0037499999 0.022599999
v -0.012307427 0.0037501582 0.024812277
v -0.012303679 0.0091086924 0.024813633
v -0.012297609 0.0090828091 0.024812123
v -0.012290389 0.0088983448 0.02472079
v -0.012289885 -0.0088984724 0.02420285
v -0.012289885 0.0088984724 0.02420285
v -0.012288471 0.0090559311 0.024802588
v -0.012284505 -0.035799999 0.0080300001
v -0.012284505 -0.035799999 0.016969999
v -0.012284505 -0.029549999 0.0080300001
v -0.012284505 -0.029549999 0.016969999
v -0.012277675 0.0090337815 0.024785625
v -0.012266687 0.009018831 0.024763856
v -0.012256787 0.0090115331 0.024740586
v -0.012249037 0.0090106037 0.024719531
v -0.012235508 -0.0090259397 0.024776509
v -0.012225793 -0.0090182209 0.024753362
v -0.0122257 0.0038558976 0.024841266
v -0.012204648 0.0090194652 0.024736214
v -0.012200114 0.0031205541 0.024850199
v -0.012149883 0.0088686049 0.024860006
v -0.012149877 -0.0088686058 0.024860008
v -0.012147208 0.0088318586 0.024868477
v -0.012147202 -0.0088318596 0.024868479
v -0.012147111 0.0089023886 0.024836967
v -0.012147105 -0.0089023896 0.024836969
v -0.012138904 0.008924325 0.024803333
v -0.0121389 -0.0089243259 0.024803335
v -0.012124506 0.0030669873 0.022599999
v -0.012124506 0.0039330125 0.022599999
v -0.01212434 0.0039331084 0.024876297
v -0.012124243 0.0030668359 0.02487633
v -0.012092535 0.0039499593 0.024887105
v -0.012047318 0.0030308131 0.024902342
v -0.012004507 -0.035799999 0.0042000003
v -0.012004507 -0.035799999 0.0058000004
v -0.012004507 -0.035799999 0.019199999
v -0.012004507 -0.035799999 0.0208
v -0.012004507 -0.029549999 0.0042000003
v -0.012004507 -0.029549999 0.0050000004
v -0.012004507 -0.029549999 0.0058000004
v -0.012004507 -0.029549999 0.019199999
v -0.012004507 -0.029549999 0.02
v -0.012004507 -0.029549999 0.0208
v -0.011906144 0.0089497054 0.024844406
v -0.011899999 -0.03345 8.5182299e-05
v -0.011899999 -0.03345 0.00062412285
v -0.011899999 -0.03345 0.024375876
v -0.011899999 -0.03345 0.024914818
v -0.011899999 -0.032630797 0.00059590192
v -0.011899999 -0.032630797 0.024404097
v -0.011899999 -0.032500014 4.8877486e-05
v -0.011899999 -0.032500014 0.024951123
v -0.011899999 -0.015877586 4.8877486e-05
v -0.011899999 -0.009149991 0.024951123
v -0.011899999 -0.0091333203 0.024949649
v -0.011899999 -0.0091013303 0.024937818
v -0.011899999 -0.0090740127 0.024914306
v -0.011899999 -0.0090620536 0.024896033
v -0.011899999 -0.009055987 0.024881922
v -0.011899999 -0.0090500005 0.024313154
v -0.011899999 -0.0090500005 0.024404097
v -0.011899999 -0.0090498198 0.024845408
v -0.011899999 4.8293874e-10 4.8877486e-05
v -0.011899999 0.0090498189 0.024845405
v -0.011899999 0.0090498198 0.024313154
v -0.011899999 0.0090500005 0.024404097
v -0.011899999 0.0090535292 0.024873903
v -0.011899999 0.0090676257 0.024905575
v -0.011899999 0.0090898676 0.024929971
v -0.011899999 0.0091181258 0.024945635
v -0.011899999 0.009149991 0.024951123
v -0.011899999 0.015877586 4.8877486e-05
v -0.011899999 0.032500014 4.8877486e-05
v -0.011899999 0.032500014 0.024951123
v -0.011899999 0.032630797 0.00059590192
v -0.011899999 0.032630797 0.024404097
v -0.011899999 0.033810116 0.024882026
v -0.011899999 0.034035914 0.0001439441
v -0.011899999 0.034930136 0.024711648
v -0.011899999 0.035391543 0.02461067
v -0.011899999 0.035537042 0.00042499864
v -0.011899999 0.035711806 0.0010015245
v -0.011899999 0.035711806 0.023998475
v -0.011899999 0.036406528 0.024322392
v -0.011899999 0.036619645 0.00075015874
v -0.011899999 0.037834838 0.023750355
v -0.011899999 0.038037412 0.0013479579
v -0.011899999 0.038582847 0.0021907489
v -0.011899999 0.038582847 0.02280925
v -0.011899999 0.038834482 0.023219367
v -0.011899999 0.03936119 0.0021098896
v -0.011899999 0.039966583 0.022463957
v -0.011899999 0.040099252 0.022363149
v -0.011899999 0.040277191 0.0027765406
v -0.011899999 0.041048266 0.0040825317
v -0.011899999 0.041048266 0.020917468
v -0.011899999 0.041257896 0.02135041
v -0.011899999 0.041417222 0.0038101419
v -0.011899999 0.042025939 0.020517915
v -0.011899999 0.04241411 0.0049673454
v -0.011899999 0.042935982 0.019291239
v -0.011899999 0.04294005 0.0065479511
v -0.011899999 0.04294005 0.018452048
v -0.011899999 0.043057006 0.0058984705
v -0.011899999 0.04369399 0.017952088
v -0.011899999 0.043790683 0.0072510969
v -0.011899999 0.044129275 0.0094189933
v -0.011899999 0.044129275 0.015581007
v -0.011899999 0.044142745 0.016913205
v -0.011899999 0.044348367 0.0086729927
v -0.011899999 0.044534896 0.0125
v -0.011899999 0.044595446 0.015454536
v -0.011899999 0.044646993 0.0097650308
v -0.011899999 0.044867553 0.013939906
v -0.011899999 0.044891607 0.01128419
v -0.011899999 0.04491508 0.011553372
v -0.011899999 0.044947252 0.012810344
v -0.011874505 0.003 0.022599999
v -0.011874505 0.0035000001 0.022599999
v -0.011874505 0.0040000002 0.022599999
v -0.011874505 0.0040000002 0.024959465
v -0.011874485 0.003 0.024959473
v -0.011847119 -0.033770882 0.024903482
v -0.011825801 -0.034061287 0.00012270156
v -0.011825779 -0.033828069 9.5510666e-05
v -0.011825756 -0.033828121 0.024904488
v -0.011825698 -3.1186165e-13 0.024975386
v -0.011825698 0.0030023879 0.024975386
v -0.011825698 0.0039976123 0.024975386
v -0.011825698 0.0088480096 0.024975386
v -0.011825697 -0.0088480096 0.024975386
v -0.011825691 -0.035647981 0.02457168
v -0.011825533 -0.035647988 0.00042831601
v -0.011824793 0.0088616498 0.024974694
v -0.011823968 -0.033832468 0.024343291
v -0.011823635 -0.033833276 0.00065679086
v -0.011821815 0.0088850921 0.024969134
v -0.011821811 -0.0088850912 0.024969136
v -0.011817639 0.0089048315 0.024959337
v -0.011817482 -0.035707083 0.00045223889
v -0.01181325 0.0089191841 0.024948061
v -0.011813247 -0.0089191841 0.024948061
v -0.011813159 -0.035726551 0.024534443
v -0.011804984 0.0089366902 0.024925362
v -0.011803088 -0.035757475 0.024504518
v -0.011802933 -0.035757475 0.0004954802
v -0.011801572 -0.0089413207 0.024915604
v -0.011791098 -0.035780709 0.024468888
v -0.011789748 0.0089478856 0.024880301
v -0.011789746 -0.0089478856 0.024880301
v -0.011783839 -0.035789676 0.0005522201
v -0.011763764 -0.035799999 0.024387661
v -0.011763613 -0.035799999 0.0006123351
v -0.011745033 -0.035707083 0.02456579
v -0.011744876 -0.035707083 0.00043420942
v -0.011744567 0.0088805249 0.024987368
v -0.011744562 -0.0088805249 0.024987368
v -0.011738093 0.0089145917 0.02496548
v -0.011738087 -0.0089145917 0.024965482
v -0.01173767 -0.035757475 0.024520764
v -0.011737513 -0.035757475 0.00047923514
v -0.011730804 0.008936747 0.024931753
v -0.0117308 -0.008936747 0.024931753
v -0.011728006 -0.035789676 0.024461683
v -0.011727854 -0.035789676 0.00053831638
v -0.011724507 -0.035799999 0.0080300001
v -0.011724507 -0.035799999 0.016969999
v -0.011724507 -0.029549999 0.0080300001
v -0.011724507 -0.029549999 0.016969999
v -0.011724426 0.0089433622 0.024895065
v -0.011724423 -0.0089433622 0.024895065
v -0.01171914 0.0039752489 0.024997624
v -0.011717769 -0.035799999 0.024399087
v -0.011717618 -0.035799999 0.00060091243
v -0.011670557 -0.035799999 0.024402898
v -0.011670488 -0.035789855 0.024465783
v -0.011670438 -0.034087516 0.00010126065
v -0.011670423 -0.035758242 0.024525205
v -0.011670419 -0.034087539 0.024898736
v -0.011670412 -0.035799999 0.00059710332
v -0.011670372 -0.035708707 0.024570774
v -0.01167035 -0.0088369353 0.024999958
v -0.01167035 -3.1429026e-13 0.024999958
v -0.01167035 0.0030435785 0.024999958
v -0.01167035 0.0039564213 0.024999958
v -0.01167035 0.0088369353 0.024999958
v -0.011670345 -0.035650406 0.02459644
v -0.011670343 -0.035789855 0.00053421763
v -0.011670277 -0.035758242 0.00047479459
v -0.011670227 -0.035708707 0.00042922498
v -0.011670199 -0.035650406 0.00040355959
v -0.011665815 0.0088722613 0.024993395
v -0.011665664 -0.0088734413 0.024992932
v -0.011661437 0.0089064883 0.024971239
v -0.011661365 -0.0089070639 0.024970664
v -0.011658576 0.0089290198 0.024937097
v -0.01165856 -0.0089291511 0.024936764
v -0.011657705 0.0089361193 0.024899958
v -0.011657703 -0.0089361183 0.024899958
v -0.011624507 0.0030669873 0.022599999
v -0.011624507 0.0030669873 0.024999894
v -0.011624507 0.0039330125 0.022599999
v -0.011624507 0.0039330125 0.024999894
v -0.011607959 -0.034156255 0.024305953
v -0.011607488 -0.034156725 0.00069410802
v -0.011604506 -0.035799999 0.0043071797
v -0.011604506 -0.035799999 0.0056928205
v -0.011604506 -0.035799999 0.019307179
v -0.011604506 -0.035799999 0.02069282
v -0.011604506 -0.029549999 0.0043071797
v -0.011604506 -0.029549999 0.0056928205
v -0.011604506 -0.029549999 0.019307179
v -0.011604506 -0.029549999 0.02069282
v -0.0116 -0.03345 3.6302768e-05
v -0.0116 -0.03345 0.00062412285
v -0.0116 -0.03345 0.024375876
v -0.0116 -0.03345 0.024963697
v -0.0116 -0.032630797 0.00059590192
v -0.0116 -0.032630797 0.024404097
v -0.0116 -0.032499999 1.4975667e-07
v -0.0116 -0.032499999 0.024999849
v -0.0116 -0.030503331 1.4975667e-07
v -0.0116 -0.030492589 3.5203993e-08
v -0.0116 -0.030489348 -1.8626456e-10
v -0.0116 -0.029219674 -1.8626456e-10
v -0.0116 -0.0255 -1.8626456e-10
v -0.0116 -0.022500001 -1.8626456e-10
v -0.0116 -0.0195 -1.8626461e-10
v -0.0116 -0.0165 -1.8626456e-10
v -0.0116 -0.0135 -1.862645e-10
v -0.0116 -0.010833333 0.024999849
v -0.0116 -0.0105 -1.8626456e-10
v -0.0116 -0.0091300951 0.024999849
v -0.0116 -0.0091068437 0.024997167
v -0.0116 -0.0090756239 0.024984093
v -0.0116 -0.009050685 0.02496176
v -0.0116 -0.0090500005 0.024379086
v -0.0116 -0.0090500005 0.024404097
v -0.0116 -0.0090425992 0.024949992
v -0.0116 -0.0090345498 0.02493264
v -0.0116 -0.0090289451 0.024379086
v -0.0116 -0.0090289451 0.024899818
v -0.0116 -0.0043491898 -1.8626456e-10
v -0.0116 -0.0043491898 0.00059590192
v -0.0116 0.0043491898 -1.8626456e-10
v -0.0116 0.0043491898 0.00059590192
v -0.0116 0.0074999998 -1.8626461e-10
v -0.0116 0.0090289451 0.024379086
v -0.0116 0.0090289451 0.024899818
v -0.0116 0.0090311756 0.024920698
v -0.0116 0.0090437997 0.024951985
v -0.0116 0.0090500005 0.024379086
v -0.0116 0.0090500005 0.024404097
v -0.0116 0.0090664001 0.024977511
v -0.0116 0.0090963449 0.024994111
v -0.0116 0.0091300951 0.024999849
v -0.0116 0.0105 -1.8626461e-10
v -0.0116 0.010833333 0.024999849
v -0.0116 0.0135 -1.8626456e-10
v -0.0116 0.0165 -1.8626456e-10
v -0.0116 0.0195 -1.8626456e-10
v -0.0116 0.022500001 -1.8626456e-10
v -0.0116 0.0255 -1.8626456e-10
v -0.0116 0.030489355 -1.8626456e-10
v -0.0116 0.030492594 3.5203993e-08
v -0.0116 0.030503334 1.4975667e-07
v -0.0116 0.032499999 1.4975667e-07
v -0.0116 0.032499999 0.024999849
v -0.0116 0.032630797 0.00059590192
v -0.0116 0.032630797 0.024404097
v -0.0116 0.034796841 0.00021298397
v -0.0116 0.034796841 0.024787016
v -0.0116 0.035711806 0.0010015245
v -0.0116 0.035711806 0.023998475
v -0.0116 0.037015468 0.00084423722
v -0.0116 0.037015468 0.024155762
v -0.0116 0.038582847 0.0021907489
v -0.0116 0.038582847 0.02280925
v -0.0116 0.039080322 0.0018724136
v -0.0116 0.039080322 0.023127586
v -0.0116 0.040921096 0.0032624991
v -0.0116 0.040921096 0.021737501
v -0.0116 0.041048266 0.0040825317
v -0.0116 0.041048266 0.020917468
v -0.0116 0.042475097 0.0049671577
v -0.0116 0.042475097 0.020032842
v -0.0116 0.04294005 0.0065479511
v -0.0116 0.04294005 0.018452048
v -0.0116 0.043689407 0.0069283377
v -0.0116 0.043689407 0.018071663
v -0.0116 0.044129275 0.0094189933
v -0.0116 0.044129275 0.015581007
v -0.0116 0.044522677 0.0090792533
v -0.0116 0.044522677 0.015920747
v -0.0116 0.044534896 0.0125
v -0.0116 0.044946529 0.01134666
v -0.0116 0.044946529 0.013653341
v -0.011546715 -0.033717878 5.9746952e-05
v -0.011546715 -0.033717878 0.00064564199
v -0.011546715 -0.033717878 0.024354357
v -0.011546715 -0.033717878 0.024940252
v -0.011532559 -0.0089152539 0.024899697
v -0.011504506 -0.0042217285 -1.8626456e-10
v -0.011504506 -0.0042217285 0.00059590192
v -0.011504506 0.0042217285 -1.8626456e-10
v -0.011504506 0.0042217285 0.00059590192
v -0.011459128 -0.0088984724 0.024404548
v -0.011459128 0.0088984724 0.024404548
v -0.011459126 0.0088984715 0.024899438
v -0.011441492 0.0032500001 0.022599999
v -0.011441492 0.0032500001 0.024999365
v -0.011441492 0.0037499999 0.022599999
v -0.011441492 0.0037499999 0.024999365
v -0.011421728 -0.0090955235 0.024999281
v -0.011394975 -0.033944976 8.4644926e-05
v -0.011394975 -0.033944976 0.00066866522
v -0.011394975 -0.033944976 0.024331335
v -0.011394975 -0.033944976 0.024915354
v -0.011391581 0.0033704506 0.024999144
v -0.011391561 0.0036294716 0.024999144
v -0.011374506 0.0035000001 0.022599999
v -0.011374506 0.0035000001 0.02499906
v -0.011311687 -0.035799999 0.0046000006
v -0.011311687 -0.035799999 0.0054000001
v -0.011311687 -0.035799999 0.0196
v -0.011311687 -0.035799999 0.020399999
v -0.011311687 -0.029549999 0.0046000006
v -0.011311687 -0.029549999 0.0054000001
v -0.011311687 -0.029549999 0.0196
v -0.011311687 -0.029549999 0.020399999
v -0.011284332 -0.034373194 0.02427589
v -0.011283529 -0.034373529 0.00072415901
v -0.011282683 -0.034373879 0.00014272779
v -0.011282683 -0.034373879 0.024857271
v -0.011275974 0.0087340875 0.024998501
v -0.011262265 0.0087682279 0.024991395
v -0.011249994 -0.033800665 6.952956e-05
v -0.011249994 -0.033800665 0.02493047
v -0.011249739 0.0087996712 0.024969051
v -0.011241633 0.008820327 0.024935102
v -0.011204506 -0.035799999 0.0050000004
v -0.011204506 -0.035799999 0.02
v -0.011204506 -0.029549999 0.0050000004
v -0.011204506 -0.029549999 0.02
v -0.011182967 -0.0086931977 0.024997856
v -0.011167879 -0.034096714 0.00010467767
v -0.011167879 -0.034096714 0.00068650657
v -0.011167879 -0.034096714 0.024313493
v -0.011167879 -0.034096714 0.024895322
v -0.01116713 -0.0087263975 0.024990717
v -0.011152663 -0.0087569747 0.024968341
v -0.011143305 -0.0087770615 0.024934374
v -0.011131895 0.0087792249 0.024897579
v -0.011074507 -0.035799999 0.0082041668
v -0.011074507 -0.035799999 0.016795833
v -0.011074507 -0.029549999 0.0082041668
v -0.011074507 -0.029549999 0.016795833
v -0.011032381 -0.0088408571 0.024896098
v -0.01103156 -0.0088420808 0.02491316
v -0.011025672 -0.0088525666 0.024946254
v -0.011017374 -0.0087181022 0.024896696
v -0.011014423 -0.0088732829 0.024973804
v -0.011000973 0.008937818 0.02499626
v -0.0109999 -0.0089003909 0.024990773
v -0.010994115 0.030441357 -1.8626456e-10
v -0.010992738 0.030457586 8.8643282e-07
v -0.010989915 0.0088176411 0.024895629
v -0.010989054 0.0088188387 0.024912689
v -0.010982876 0.0088291559 0.024945782
v -0.010971065 0.0088495575 0.024973333
v -0.010955813 0.0088762613 0.024990302
v -0.010899999 -0.034449998 0.000157913
v -0.010899999 -0.034449998 0.00073572976
v -0.010899999 -0.034449998 0.02426427
v -0.010899999 -0.034449998 0.024842087
v -0.010899999 -0.034150001 0.0001142377
v -0.010899999 -0.034150001 0.00069324003
v -0.010899999 -0.034150001 0.024306759
v -0.010899999 -0.034150001 0.024885762
v -0.010899999 -0.0043369713 0.00059590192
v -0.010899999 -0.0043369713 0.00069999957
v -0.010899999 -0.0042058993 0.00059590192
v -0.010899999 -0.0042058993 0.00069999957
v -0.010899999 0.0042058993 0.00059590192
v -0.010899999 0.0042058993 0.00069999957
v -0.010899999 0.0043369713 0.00059590192
v -0.010899999 0.0043369713 0.00069999957
v -0.010855124 -0.0087335296 0.024475038
v -0.010855124 0.0087335296 0.024475038
v -0.010855121 -0.0087335268 0.024893956
v -0.010855121 0.0087335277 0.024893956
v -0.010842276 -0.0088460483 0.024994506
v -0.010785374 0.0084232818 0.024993796
v -0.010760442 0.0084502734 0.024986455
v -0.010737683 0.0084751323 0.024963895
v -0.010727567 -0.0085048024 0.024482042
v -0.010727567 0.0085048024 0.024482042
v -0.010727565 -0.0085048014 0.024893869
v -0.010727565 0.0085048014 0.024893867
v -0.010722981 0.008491463 0.024929808
v -0.010707191 -0.0083457278 0.024992749
v -0.010680472 -0.008370935 0.024985358
v -0.010656082 -0.008394151 0.024962751
v -0.010640328 -0.0084094023 0.024928633
v -0.01063667 0.008265595 0.024991736
v -0.010632995 0.0084113143 0.024892719
v -0.010630745 -0.030409193 -1.8626461e-10
v -0.010628545 -0.030433258 1.9593165e-06
v -0.010608337 0.00828896 0.024984295
v -0.0106 -0.004331735 0.00069999957
v -0.0106 -0.004331735 0.0015
v -0.0106 -0.0041980436 0.00069999957
v -0.0106 -0.0041980436 0.0015
v -0.0106 0.0041980436 0.00069999957
v -0.0106 0.0041980436 0.0015
v -0.0106 0.004331735 0.00069999957
v -0.0106 0.004331735 0.0015
v -0.010598673 -0.035799999 0.00868
v -0.010598673 -0.035799999 0.016319999
v -0.010598673 -0.029549999 0.00868
v -0.010598673 -0.029549999 0.016319999
v -0.010582478 0.0083104782 0.024961643
v -0.010573623 -0.0081836917 0.024990773
v -0.010571905 -0.0083423527 0.024891904
v -0.010565775 0.0083246147 0.024927495
v -0.010543848 -0.0082051726 0.024983285
v -0.010516672 -0.0082249558 0.024960592
v -0.010513055 0.0084274756 0.024888497
v -0.010513051 -0.0084274719 0.024888497
v -0.010511977 0.0305131 1.0218285e-05
v -0.010511818 0.0084282877 0.024905559
v -0.010511815 -0.008428283 0.024905559
v -0.010502477 0.008435864 0.02493865
v -0.010502473 -0.0084358603 0.02493865
v -0.010502254 -0.029219674 -1.862645e-10
v -0.010502254 -0.0255 -1.8626456e-10
v -0.010502254 -0.022500001 -1.8626456e-10
v -0.010502254 -0.0195 -1.8626456e-10
v -0.010502254 -0.0165 -1.8626456e-10
v -0.010502254 -0.0135 -1.8626456e-10
v -0.010502254 -0.0105 -1.8626456e-10
v -0.010502254 -0.0043300288 -1.8626461e-10
v -0.010502254 0.0043300288 -1.8626456e-10
v -0.010502254 0.0074999998 -1.8626456e-10
v -0.010502254 0.0105 -1.8626456e-10
v -0.010502254 0.0135 -1.8626456e-10
v -0.010502254 0.0165 -1.8626456e-10
v -0.010502254 0.0195 -1.8626456e-10
v -0.010502254 0.022500001 -1.8626456e-10
v -0.010502254 0.0255 -1.8626456e-10
v -0.010499124 -0.0082379524 0.024926417
v -0.010497096 0.0085605318 0.024989534
v -0.010493984 -0.0082420474 0.024890818
v -0.010484441 0.0084510455 0.024966201
v -0.010484437 -0.0084510408 0.024966201
v -0.010461054 0.0084710149 0.02498317
v -0.01046105 -0.0084710112 0.02498317
v -0.010424507 -0.035799999 0.0093299998
v -0.010424507 -0.035799999 0.01567
v -0.010424507 -0.029549999 0.0093299998
v -0.010424507 -0.029549999 0.01567
v -0.01038863 0.030386401 -1.8626456e-10
v -0.010385836 0.030415537 2.8831885e-06
v -0.010376812 -0.008421571 0.024987428
v -0.01035302 0.0077507426 0.024986988
v -0.010349725 -0.0082065789 0.02448684
v -0.010349725 -0.0080016935 0.02448684
v -0.010349725 0.0080016935 0.02448684
v -0.010349725 0.0082065789 0.02448684
v -0.01032577 -0.0076590162 0.024986476
v -0.0103182 0.0077622635 0.024979318
v -0.010313622 0.0079235286 0.024888085
v -0.01029727 -0.035799999 0.024388362
v -0.010297197 -0.035799999 0.00061164034
v -0.010296007 -0.035789855 0.024451233
v -0.010295936 -0.035789855 0.00054876675
v -0.010294815 -0.035758242 0.024510644
v -0.010294742 -0.035758242 0.00048935675
v -0.0102939 -0.035708707 0.024556205
v -0.010293827 -0.035708707 0.00044379645
v -0.010293386 -0.035650495 0.024581842
v -0.010293313 -0.035650495 0.000418159
v -0.010290326 -0.0076684272 0.024978781
v -0.010286423 0.0077728746 0.024956457
v -0.010272535 -0.0072499998 0.024985446
v -0.010272535 0.0072499998 0.024985446
v -0.010265908 0.007779845 0.024922173
v -0.010265511 -0.0077987593 0.024887271
v -0.010257983 -0.0076770941 0.024955899
v -0.010252872 -0.0080312183 0.024883181
v -0.010252872 0.0080312192 0.024883181
v -0.01025287 -0.0080312146 0.024484955
v -0.01025287 0.0080312146 0.024484955
v -0.010237101 -0.0076827882 0.0249216
v -0.010223373 -0.0072499998 0.024971403
v -0.010223373 0.0072499998 0.024971403
v -0.01020242 -0.0072499998 0.024954773
v -0.01019597 -0.0079000089 0.024881883
v -0.010194552 -0.0079004122 0.024898944
v -0.010187577 -0.0072499998 0.024934895
v -0.010187577 0.0072499998 0.024934895
v -0.010183248 -0.0079045082 0.024932038
v -0.010180824 -0.0072499998 0.024920445
v -0.010180824 0.0072499998 0.024920445
v -0.010178902 0.0078540929 0.024881484
v -0.010178306 0.0073636165 0.024885559
v -0.010177479 0.0078544654 0.024898546
v -0.010174506 -0.0072499998 0.024483338
v -0.010174506 -0.0072499998 0.024885464
v -0.010174506 0.0072499998 0.024483338
v -0.010174506 0.0072499998 0.024885464
v -0.01016607 0.0078582671 0.024931639
v -0.010161187 -0.0079128165 0.024959588
v -0.010144013 0.0080393143 0.024982803
v -0.010143797 0.007865984 0.02495919
v -0.010132461 -0.0079237958 0.024976559
v -0.010114786 0.0078761857 0.02497616
v -0.010076034 -0.0078693274 0.024981316
v -0.010074507 -0.0072499998 0.024481157
v -0.010074507 -0.0072499998 0.024878953
v -0.010074507 0.0072499998 0.024481157
v -0.010074507 0.0072499998 0.024878953
v -0.010066665 -0.0072499998 0.024917768
v -0.010066665 0.0072499998 0.024917768
v -0.010061017 -0.0072499998 0.02492911
v -0.010061017 0.0072499998 0.02492911
v -0.010044375 -0.0072499998 0.024950497
v -0.010044375 0.0072499998 0.024950497
v -0.010011126 -0.0072499998 0.024972007
v -0.010011126 0.0072499998 0.024972007
v -0.0099805547 0.0074302643 0.024979124
v -0.0099721355 -0.0072499998 0.024978925
v -0.0099721355 0.0072499998 0.024978925
v -0.0096295057 -3.0865588e-13 -1.8626456e-10
v -0.0093950788 -0.029922733 0.024963019
v -0.0093950788 -0.026922733 0.024963019
v -0.0093950788 -0.023922732 0.024963019
v -0.0093950788 -0.020922733 0.024963019
v -0.0093950788 -0.017922733 0.024963019
v -0.0093950788 -0.014922732 0.024963019
v -0.0093950788 -0.011922733 0.024963019
v -0.0093950788 -0.0089227334 0.024963019
v -0.0093950788 -0.0059227329 0.024963019
v -0.0093950788 -0.0029227328 0.024963019
v -0.0093950788 7.7267061e-05 0.024963019
v -0.0093950788 0.003077267 0.024963019
v -0.0093950788 0.0060772672 0.024963019
v -0.0093950788 0.0090772668 0.024963019
v -0.0093950788 0.012077267 0.024963019
v -0.0093950788 0.015077267 0.024963019
v -0.0093950788 0.018077267 0.024963019
v -0.0093950788 0.021077268 0.024963019
v -0.0093950788 0.024077266 0.024963019
v -0.0093950788 0.027077267 0.024963019
v -0.0093950788 0.030077267 0.024963019
v -0.009380688 -0.027211394 -1.8626456e-10
v -0.009380688 -0.026788605 -1.8626456e-10
v -0.009380688 -0.024211396 -1.8626456e-10
v -0.009380688 -0.023788605 -1.8626456e-10
v -0.009380688 -0.021211395 -1.8626456e-10
v -0.009380688 -0.020788604 -1.862645e-10
v -0.009380688 -0.018211395 -1.8626456e-10
v -0.009380688 -0.017788606 -1.8626456e-10
v -0.009380688 -0.015211395 -1.8626456e-10
v -0.009380688 -0.014788605 -1.8626456e-10
v -0.009380688 -0.012211394 -1.8626456e-10
v -0.009380688 -0.011788605 -1.8626456e-10
v -0.009380688 -0.0092113949 -1.8626456e-10
v -0.009380688 -0.0087886052 -1.8626456e-10
v -0.009380688 -0.0062113949 -1.8626456e-10
v -0.009380688 -0.0057886052 -1.8626456e-10
v -0.009380688 0.0057886052 -1.8626456e-10
v -0.009380688 0.0062113949 -1.8626456e-10
v -0.009380688 0.0087886052 -1.8626461e-10
v -0.009380688 0.0092113949 -1.8626456e-10
v -0.009380688 0.011788605 -1.8626456e-10
v -0.009380688 0.012211394 -1.8626456e-10
v -0.009380688 0.014788605 -1.8626456e-10
v -0.009380688 0.015211395 -1.862645e-10
v -0.009380688 0.017788606 -1.8626456e-10
v -0.009380688 0.018211395 -1.8626456e-10
v -0.009380688 0.020788604 -1.8626456e-10
v -0.009380688 0.021211395 -1.8626456e-10
v -0.009380688 0.023788605 -1.8626456e-10
v -0.009380688 0.024211396 -1.8626456e-10
v -0.009380688 0.026788605 -1.8626456e-10
v -0.009380688 0.027211394 -1.8626456e-10
v -0.0093799578 0.030330883 8.7095423e-06
v -0.0093673291 -0.030240029 0.024962142
v -0.0093673291 -0.027240029 0.024962142
v -0.0093673291 -0.024240028 0.024962142
v -0.0093673291 -0.021240028 0.024962142
v -0.0093673291 -0.018240029 0.024962142
v -0.0093673291 -0.015240029 0.024962142
v -0.0093673291 -0.012240028 0.024962142
v -0.0093673291 -0.0092400284 0.024962142
v -0.0093673291 -0.006240028 0.024962142
v -0.0093673291 -0.0032400282 0.024962142
v -0.0093673291 -0.00024002818 0.024962142
v -0.0093673291 0.0027599719 0.024962142
v -0.0093673291 0.0057599717 0.024962142
v -0.0093673291 0.0087599717 0.024962142
v -0.0093673291 0.011759972 0.024962142
v -0.0093673291 0.014759972 0.024962142
v -0.0093673291 0.017759971 0.024962142
v -0.0093673291 0.020759972 0.024962142
v -0.0093673291 0.023759972 0.024962142
v -0.0093673291 0.026759971 0.024962142
v -0.0093673291 0.029759971 0.024962142
v -0.0093531115 -0.030328324 8.8902189e-06
v -0.0093163373 -0.029614616 0.024960505
v -0.0093163373 -0.026614618 0.024960505
v -0.0093163373 -0.023614617 0.024960505
v -0.0093163373 -0.020614617 0.024960505
v -0.0093163373 -0.017614618 0.024960505
v -0.0093163373 -0.014614617 0.024960505
v -0.0093163373 -0.011614617 0.024960505
v -0.0093163373 -0.0086146174 0.024960505
v -0.0093163373 -0.0056146169 0.024960505
v -0.0093163373 -0.0026146171 0.024960505
v -0.0093163373 0.00038538291 0.024960505
v -0.0093163373 0.0033853829 0.024960505
v -0.0093163373 0.0063853827 0.024960505
v -0.0093163373 0.0093853828 0.024960505
v -0.0093163373 0.012385383 0.024960505
v -0.0093163373 0.015385383 0.024960505
v -0.0093163373 0.018385382 0.024960505
v -0.0093163373 0.021385383 0.024960505
v -0.0093163373 0.024385383 0.024960505
v -0.0093163373 0.027385384 0.024960505
v -0.0093163373 0.030385382 0.024960505
v -0.009307771 0.030324118 9.2497094e-06
v -0.0092355618 -0.030530972 0.024957839
v -0.0092355618 -0.027530972 0.024957839
v -0.0092355618 -0.024530973 0.024957839
v -0.0092355618 -0.021530973 0.024957839
v -0.0092355618 -0.018530972 0.024957839
v -0.0092355618 -0.015530973 0.024957839
v -0.0092355618 -0.012530973 0.024957839
v -0.0092355618 -0.0095309727 0.024957839
v -0.0092355618 -0.0065309727 0.024957839
v -0.0092355618 -0.0035309729 0.024957839
v -0.0092355618 -0.00053097279 0.024957839
v -0.0092355618 0.0024690272 0.024957839
v -0.0092355618 0.005469027 0.024957839
v -0.0092355618 0.0084690275 0.024957839
v -0.0092355618 0.011469027 0.024957839
v -0.0092355618 0.014469028 0.024957839
v -0.0092355618 0.017469028 0.024957839
v -0.0092355618 0.020469027 0.024957839
v -0.0092355618 0.023469027 0.024957839
v -0.0092355618 0.026469028 0.024957839
v -0.0092355618 0.029469028 0.024957839
v -0.0092085572 -0.0017078577 -1.8626461e-10
v -0.0092085572 0.0017078577 -1.8626456e-10
v -0.0092045059 -0.027000001 0.023455909
v -0.0092045059 -0.027000001 0.024763217
v -0.0092045059 -0.024 0.023455909
v -0.0092045059 -0.024 0.024763217
v -0.0092045059 -0.021000002 0.024763217
v -0.0092045059 -0.021 0.023455909
v -0.0092045059 -0.018000001 0.024763217
v -0.0092045059 -0.017999999 0.023455909
v -0.0092045059 -0.015000001 0.024763217
v -0.0092045059 -0.015 0.023455909
v -0.0092045059 -0.012000001 0.024763217
v -0.0092045059 -0.012 0.023455909
v -0.0092045059 -0.0090000005 0.024763217
v -0.0092045059 -0.0089999996 0.023455909
v -0.0092045059 -0.006000001 0.024763217
v -0.0092045059 -0.0060000001 0.023455909
v -0.0092045059 -0.0030000007 0.024763217
v -0.0092045059 -0.003 0.023455909
v -0.0092045059 -7.9201562e-10 0.024763217
v -0.0092045059 -2.5862645e-13 0.023455909
v -0.0092045059 0.0029999991 0.024763217
v -0.0092045059 0.003 0.023455909
v -0.0092045059 0.0059999991 0.024763217
v -0.0092045059 0.0060000001 0.023455909
v -0.0092045059 0.0089999996 0.023455909
v -0.0092045059 0.0089999996 0.024763217
v -0.0092045059 0.011999999 0.024763217
v -0.0092045059 0.012 0.023455909
v -0.0092045059 0.015 0.023455909
v -0.0092045059 0.015 0.024763217
v -0.0092045059 0.017999999 0.023455909
v -0.0092045059 0.017999999 0.024763217
v -0.0092045059 0.021 0.023455909
v -0.0092045059 0.021 0.024763217
v -0.0092045059 0.029999999 0.023455909
v -0.0092045059 0.029999999 0.024763217
v -0.0091993688 -0.029912366 0.024763012
v -0.0091993688 -0.026912367 0.024763012
v -0.0091993688 -0.023912366 0.024763012
v -0.0091993688 -0.020912366 0.024763012
v -0.0091993688 -0.017912365 0.024763012
v -0.0091993688 -0.014912366 0.024763012
v -0.0091993688 -0.011912366 0.024763012
v -0.0091993688 -0.0089123659 0.024763012
v -0.0091993688 -0.0059123663 0.024763012
v -0.0091993688 -0.0029123661 0.024763012
v -0.0091993688 8.7633845e-05 0.024763012
v -0.0091993688 0.0030876338 0.024763012
v -0.0091993688 0.0060876338 0.024763012
v -0.0091993688 0.0090876343 0.024763012
v -0.0091993688 0.012087634 0.024763012
v -0.0091993688 0.015087633 0.024763012
v -0.0091993688 0.018087633 0.024763012
v -0.0091993688 0.021087633 0.024763012
v -0.0091993688 0.024087634 0.024763012
v -0.0091993688 0.027087634 0.024763012
v -0.0091993688 0.030087633 0.024763012
v -0.0091972454 -0.027592314 -1.8626456e-10
v -0.0091972454 -0.026407685 -1.862645e-10
v -0.0091972454 -0.024592316 -1.8626456e-10
v -0.0091972454 -0.023407685 -1.8626456e-10
v -0.0091972454 -0.021592315 -1.8626461e-10
v -0.0091972454 -0.020407684 -1.8626456e-10
v -0.0091972454 -0.018592315 -1.8626456e-10
v -0.0091972454 -0.017407686 -1.8626456e-10
v -0.0091972454 -0.015592315 -1.8626456e-10
v -0.0091972454 -0.014407685 -1.8626461e-10
v -0.0091972454 -0.012592316 -1.8626456e-10
v -0.0091972454 -0.011407685 -1.8626456e-10
v -0.0091972454 -0.0095923152 -1.8626461e-10
v -0.0091972454 -0.008407685 -1.8626456e-10
v -0.0091972454 -0.0065923152 -1.8626456e-10
v -0.0091972454 -0.0054076845 -1.8626461e-10
v -0.0091972454 0.0054076845 -1.8626456e-10
v -0.0091972454 0.0065923152 -1.8626456e-10
v -0.0091972454 0.008407685 -1.8626456e-10
v -0.0091972454 0.0095923152 -1.8626456e-10
v -0.0091972454 0.011407685 -1.8626456e-10
v -0.0091972454 0.012592316 -1.8626456e-10
v -0.0091972454 0.014407685 -1.8626456e-10
v -0.0091972454 0.015592315 -1.8626456e-10
v -0.0091972454 0.017407686 -1.8626461e-10
v -0.0091972454 0.018592315 -1.8626461e-10
v -0.0091972454 0.020407684 -1.8626456e-10
v -0.0091972454 0.021592315 -1.8626456e-10
v -0.0091972454 0.023407685 -1.8626461e-10
v -0.0091972454 0.024592316 -1.8626456e-10
v -0.0091972454 0.026407685 -1.8626456e-10
v -0.0091972454 0.027592314 -1.8626456e-10
v -0.0091864178 -0.030163724 0.024762494
v -0.0091864178 -0.027163725 0.024762494
v -0.0091864178 -0.024163725 0.024762494
v -0.0091864178 -0.021163724 0.024762494
v -0.0091864178 -0.018163724 0.024762494
v -0.0091864178 -0.015163724 0.024762494
v -0.0091864178 -0.012163725 0.024762494
v -0.0091864178 -0.0091637243 0.024762494
v -0.0091864178 -0.0061637247 0.024762494
v -0.0091864178 -0.0031637247 0.024762494
v -0.0091864178 -0.0001637246 0.024762494
v -0.0091864178 0.0028362754 0.024762494
v -0.0091864178 0.0058362754 0.024762494
v -0.0091864178 0.008836275 0.024762494
v -0.0091864178 0.011836275 0.024762494
v -0.0091864178 0.014836275 0.024762494
v -0.0091864178 0.017836275 0.024762494
v -0.0091864178 0.020836275 0.024762494
v -0.0091864178 0.023836276 0.024762494
v -0.0091864178 0.026836276 0.024762494
v -0.0091864178 0.029836275 0.024762494
v -0.0091857025 -0.03016689 0.023455255
v -0.0091857025 -0.02983311 0.023455255
v -0.0091857025 -0.02716689 0.0002000004
v -0.0091857025 -0.02716689 0.0015
v -0.0091857025 -0.02683311 0.0002000004
v -0.0091857025 -0.02683311 0.0015
v -0.0091857025 -0.024166891 0.0002000004
v -0.0091857025 -0.024166891 0.0015
v -0.0091857025 -0.023833109 0.0002000004
v -0.0091857025 -0.023833109 0.0015
v -0.0091857025 -0.021166891 0.0002000004
v -0.0091857025 -0.021166891 0.0015
v -0.0091857025 -0.020833109 0.0002000004
v -0.0091857025 -0.020833109 0.0015
v -0.0091857025 -0.01816689 0.0002000004
v -0.0091857025 -0.01816689 0.0015
v -0.0091857025 -0.01783311 0.0002000004
v -0.0091857025 -0.01783311 0.0015
v -0.0091857025 -0.015166891 0.0002000004
v -0.0091857025 -0.015166891 0.0015
v -0.0091857025 -0.014833109 0.0002000004
v -0.0091857025 -0.014833109 0.0015
v -0.0091857025 -0.01216689 0.0002000004
v -0.0091857025 -0.01216689 0.0015
v -0.0091857025 -0.011833109 0.0002000004
v -0.0091857025 -0.011833109 0.0015
v -0.0091857025 -0.0091668908 0.0002000004
v -0.0091857025 -0.0091668908 0.0015
v -0.0091857025 -0.0088331094 0.0002000004
v -0.0091857025 -0.0088331094 0.0015
v -0.0091857025 -0.0061668907 0.0002000004
v -0.0091857025 -0.0061668907 0.0015
v -0.0091857025 -0.0058331094 0.0002000004
v -0.0091857025 -0.0058331094 0.0015
v -0.0091857025 0.0058331094 0.0002000004
v -0.0091857025 0.0058331094 0.0015
v -0.0091857025 0.0061668907 0.0002000004
v -0.0091857025 0.0061668907 0.0015
v -0.0091857025 0.0088331094 0.0002000004
v -0.0091857025 0.0088331094 0.0015
v -0.0091857025 0.0091668908 0.0002000004
v -0.0091857025 0.0091668908 0.0015
v -0.0091857025 0.011833109 0.0002000004
v -0.0091857025 0.011833109 0.0015
v -0.0091857025 0.01216689 0.0002000004
v -0.0091857025 0.01216689 0.0015
v -0.0091857025 0.014833109 0.0002000004
v -0.0091857025 0.014833109 0.0015
v -0.0091857025 0.015166891 0.0002000004
v -0.0091857025 0.015166891 0.0015
v -0.0091857025 0.01783311 0.0002000004
v -0.0091857025 0.01783311 0.0015
v -0.0091857025 0.01816689 0.0002000004
v -0.0091857025 0.01816689 0.0015
v -0.0091857025 0.020833109 0.0002000004
v -0.0091857025 0.020833109 0.0015
v -0.0091857025 0.021166891 0.0002000004
v -0.0091857025 0.021166891 0.0015
v -0.0091857025 0.023833109 0.0002000004
v -0.0091857025 0.023833109 0.0015
v -0.0091857025 0.023833109 0.023455255
v -0.0091857025 0.024166891 0.0002000004
v -0.0091857025 0.024166891 0.0015
v -0.0091857025 0.024166891 0.023455255
v -0.0091857025 0.02683311 0.0002000004
v -0.0091857025 0.02683311 0.0015
v -0.0091857025 0.02683311 0.023455255
v -0.0091857025 0.02716689 0.0002000004
v -0.0091857025 0.02716689 0.0015
v -0.0091857025 0.02716689 0.023455255
v -0.0091857007 -0.029833104 0.024762467
v -0.0091857007 0.024166895 0.024762467
v -0.0091857007 0.027166896 0.024762467
v -0.0091797234 0.030257029 -1.8626456e-10
v -0.0091789356 -0.026805829 0.023455018
v -0.0091789356 -0.023805831 0.023455018
v -0.0091789356 -0.02080583 0.023455018
v -0.0091789356 -0.01780583 0.023455018
v -0.0091789356 -0.01480583 0.023455018
v -0.0091789356 -0.01180583 0.023455018
v -0.0091789356 -0.00880583 0.023455018
v -0.0091789356 -0.00580583 0.023455018
v -0.0091789356 -0.00280583 0.023455018
v -0.0091789356 0.00019416999 0.023455018
v -0.0091789356 0.0031941701 0.023455018
v -0.0091789356 0.0061941701 0.023455018
v -0.0091789356 0.0091941701 0.023455018
v -0.0091789356 0.01219417 0.023455018
v -0.0091789356 0.01519417 0.023455018
v -0.0091789356 0.018194171 0.023455018
v -0.0091789356 0.021194169 0.023455018
v -0.0091789356 0.030194171 0.023455018
v -0.0091788964 -0.027194316 0.023455016
v -0.0091788964 -0.024194315 0.023455016
v -0.0091788964 -0.021194315 0.023455016
v -0.0091788964 -0.018194316 0.023455016
v -0.0091788964 -0.015194315 0.023455016
v -0.0091788964 -0.012194315 0.023455016
v -0.0091788964 -0.0091943154 0.023455016
v -0.0091788964 -0.0061943154 0.023455016
v -0.0091788964 -0.0031943154 0.023455016
v -0.0091788964 -0.00019431538 0.023455016
v -0.0091788964 0.0028056847 0.023455016
v -0.0091788964 0.0058056847 0.023455016
v -0.0091788964 0.0088056847 0.023455016
v -0.0091788964 0.011805684 0.023455016
v -0.0091788964 0.014805685 0.023455016
v -0.0091788964 0.017805684 0.023455016
v -0.0091788964 0.020805685 0.023455016
v -0.0091788964 0.029805684 0.023455016
v -0.0091733644 0.030311283 1.0300241e-05
v -0.0091401553 -0.029349774 0.024954578
v -0.0091401553 -0.026349774 0.024954578
v -0.0091401553 -0.023349775 0.024954578
v -0.0091401553 -0.020349775 0.024954578
v -0.0091401553 -0.017349774 0.024954578
v -0.0091401553 -0.014349774 0.024954578
v -0.0091401553 -0.011349774 0.024954578
v -0.0091401553 -0.0083497744 0.024954578
v -0.0091401553 -0.0053497744 0.024954578
v -0.0091401553 -0.0023497744 0.024954578
v -0.0091401553 0.00065022561 0.024954578
v -0.0091401553 0.0036502257 0.024954578
v -0.0091401553 0.0066502257 0.024954578
v -0.0091401553 0.0096502258 0.024954578
v -0.0091401553 0.012650225 0.024954578
v -0.0091401553 0.015650226 0.024954578
v -0.0091401553 0.018650226 0.024954578
v -0.0091401553 0.021650225 0.024954578
v -0.0091401553 0.024650225 0.024954578
v -0.0091401553 0.027650226 0.024954578
v -0.0091401553 0.030650226 0.024954578
v -0.0091295065 -3.08642e-13 0.00049999991
v -0.0091295065 -3.08642e-13 0.0094999997
v -0.0091284672 -0.029670944 0.024760133
v -0.0091284672 -0.026670944 0.024760133
v -0.0091284672 -0.023670945 0.024760133
v -0.0091284672 -0.020670945 0.024760133
v -0.0091284672 -0.017670944 0.024760133
v -0.0091284672 -0.014670945 0.024760133
v -0.0091284672 -0.011670944 0.024760133
v -0.0091284672 -0.0086709447 0.024760133
v -0.0091284672 -0.0056709447 0.024760133
v -0.0091284672 -0.0026709447 0.024760133
v -0.0091284672 0.00032905542 0.024760133
v -0.0091284672 0.0033290554 0.024760133
v -0.0091284672 0.0063290554 0.024760133
v -0.0091284672 0.0093290554 0.024760133
v -0.0091284672 0.012329055 0.024760133
v -0.0091284672 0.015329055 0.024760133
v -0.0091284672 0.018329056 0.024760133
v -0.0091284672 0.021329055 0.024760133
v -0.0091284672 0.024329055 0.024760133
v -0.0091284672 0.027329056 0.024760133
v -0.0091284672 0.030329056 0.024760133
v -0.0091040256 -0.027375 0.023452356
v -0.0091040256 -0.026625 0.023452356
v -0.0091040256 -0.024374999 0.023452356
v -0.0091040256 -0.023624999 0.023452356
v -0.0091040256 -0.021375 0.023452356
v -0.0091040256 -0.020625001 0.023452356
v -0.0091040256 -0.018375 0.023452356
v -0.0091040256 -0.017625 0.023452356
v -0.0091040256 -0.015375 0.023452356
v -0.0091040256 -0.014625 0.023452356
v -0.0091040256 -0.012375 0.023452356
v -0.0091040256 -0.011625 0.023452356
v -0.0091040256 -0.0093750004 0.023452356
v -0.0091040256 -0.0086249998 0.023452356
v -0.0091040256 -0.0063749999 0.023452356
v -0.0091040256 -0.0056250002 0.023452356
v -0.0091040256 -0.0033750001 0.023452356
v -0.0091040256 -0.002625 0.023452356
v -0.0091040256 -0.000375 0.023452356
v -0.0091040256 0.000375 0.023452356
v -0.0091040256 0.002625 0.023452356
v -0.0091040256 0.0033750001 0.023452356
v -0.0091040256 0.0056250002 0.023452356
v -0.0091040256 0.0063749999 0.023452356
v -0.0091040256 0.0086249998 0.023452356
v -0.0091040256 0.0093750004 0.023452356
v -0.0091040256 0.011625 0.023452356
v -0.0091040256 0.012375 0.023452356
v -0.0091040256 0.014625 0.023452356
v -0.0091040256 0.015375 0.023452356
v -0.0091040256 0.017625 0.023452356
v -0.0091040256 0.018375 0.023452356
v -0.0091040256 0.020625001 0.023452356
v -0.0091040256 0.021375 0.023452356
v -0.0091040256 0.029625 0.023452356
v -0.0091040256 0.030375 0.023452356
v -0.0091040237 -0.027375001 0.024759116
v -0.0091040237 -0.024375003 0.024759116
v -0.0091040237 -0.021375002 0.024759116
v -0.0091040237 -0.018375002 0.024759116
v -0.0091040237 -0.015375002 0.024759116
v -0.0091040237 -0.012375002 0.024759116
v -0.0091040237 -0.0093750022 0.024759116
v -0.0091040237 -0.0063750022 0.024759116
v -0.0091040237 -0.0033750022 0.024759116
v -0.0091040237 -0.0003750021 0.024759116
v -0.0091040237 0.0026249979 0.024759116
v -0.0091040237 0.0056249979 0.024759116
v -0.0091040237 0.0086249979 0.024759116
v -0.0091040237 0.011624997 0.024759116
v -0.0091040237 0.014624998 0.024759116
v -0.0091040237 0.017624998 0.024759116
v -0.0091040237 0.020624997 0.024759116
v -0.0091040237 0.029624999 0.024759116
v -0.0091040218 -0.026624994 0.024759116
v -0.0091040218 -0.023624994 0.024759116
v -0.0091040218 -0.020624993 0.024759116
v -0.0091040218 -0.017624995 0.024759116
v -0.0091040218 -0.014624994 0.024759116
v -0.0091040218 -0.011624994 0.024759116
v -0.0091040218 -0.0086249942 0.024759116
v -0.0091040218 -0.0056249937 0.024759116
v -0.0091040218 -0.0026249939 0.024759116
v -0.0091040218 0.00037500609 0.024759116
v -0.0091040218 0.0033750061 0.024759116
v -0.0091040218 0.0063750059 0.024759116
v -0.0091040218 0.009375006 0.024759116
v -0.0091040218 0.012375006 0.024759116
v -0.0091040218 0.015375006 0.024759116
v -0.0091040218 0.018375006 0.024759116
v -0.0091040218 0.021375006 0.024759116
v -0.0091040218 0.030375006 0.024759116
v -0.0090909684 -0.030396756 0.024758566
v -0.0090909684 -0.027396755 0.024758566
v -0.0090909684 -0.024396757 0.024758566
v -0.0090909684 -0.021396756 0.024758566
v -0.0090909684 -0.018396756 0.024758566
v -0.0090909684 -0.015396756 0.024758566
v -0.0090909684 -0.012396756 0.024758566
v -0.0090909684 -0.0093967561 0.024758566
v -0.0090909684 -0.006396756 0.024758566
v -0.0090909684 -0.003396756 0.024758566
v -0.0090909684 -0.00039675602 0.024758566
v -0.0090909684 0.002603244 0.024758566
v -0.0090909684 0.0056032441 0.024758566
v -0.0090909684 0.0086032441 0.024758566
v -0.0090909684 0.011603244 0.024758566
v -0.0090909684 0.014603244 0.024758566
v -0.0090909684 0.017603245 0.024758566
v -0.0090909684 0.020603243 0.024758566
v -0.0090909684 0.023603244 0.024758566
v -0.0090909684 0.026603244 0.024758566
v -0.0090909684 0.029603245 0.024758566
v -0.0090831341 -0.030245621 -1.8626456e-10
v -0.0090764584 -0.030301763 1.1062994e-05
v -0.00904088 -0.030467618 0.023450056
v -0.00904088 -0.029532382 0.023450056
v -0.00904088 -0.027467618 0.0002000004
v -0.00904088 -0.027467618 0.0015
v -0.00904088 -0.026532382 0.0002000004
v -0.00904088 -0.026532382 0.0015
v -0.00904088 -0.024467617 0.0002000004
v -0.00904088 -0.024467617 0.0015
v -0.00904088 -0.023532383 0.0002000004
v -0.00904088 -0.023532383 0.0015
v -0.00904088 -0.021467617 0.0002000004
v -0.00904088 -0.021467617 0.0015
v -0.00904088 -0.020532383 0.0002000004
v -0.00904088 -0.020532383 0.0015
v -0.00904088 -0.018467618 0.0002000004
v -0.00904088 -0.018467618 0.0015
v -0.00904088 -0.017532382 0.0002000004
v -0.00904088 -0.017532382 0.0015
v -0.00904088 -0.015467618 0.0002000004
v -0.00904088 -0.015467618 0.0015
v -0.00904088 -0.014532383 0.0002000004
v -0.00904088 -0.014532383 0.0015
v -0.00904088 -0.012467617 0.0002000004
v -0.00904088 -0.012467617 0.0015
v -0.00904088 -0.011532383 0.0002000004
v -0.00904088 -0.011532383 0.0015
v -0.00904088 -0.0094676176 0.0002000004
v -0.00904088 -0.0094676176 0.0015
v -0.00904088 -0.0085323825 0.0002000004
v -0.00904088 -0.0085323825 0.0015
v -0.00904088 -0.0064676176 0.0002000004
v -0.00904088 -0.0064676176 0.0015
v -0.00904088 -0.0055323825 0.0002000004
v -0.00904088 -0.0055323825 0.0015
v -0.00904088 0.0055323825 0.0002000004
v -0.00904088 0.0055323825 0.0015
v -0.00904088 0.0064676176 0.0002000004
v -0.00904088 0.0064676176 0.0015
v -0.00904088 0.0085323825 0.0002000004
v -0.00904088 0.0085323825 0.0015
v -0.00904088 0.0094676176 0.0002000004
v -0.00904088 0.0094676176 0.0015
v -0.00904088 0.011532383 0.0002000004
v -0.00904088 0.011532383 0.0015
v -0.00904088 0.012467617 0.0002000004
v -0.00904088 0.012467617 0.0015
v -0.00904088 0.014532383 0.0002000004
v -0.00904088 0.014532383 0.0015
v -0.00904088 0.015467618 0.0002000004
v -0.00904088 0.015467618 0.0015
v -0.00904088 0.017532382 0.0002000004
v -0.00904088 0.017532382 0.0015
v -0.00904088 0.018467618 0.0002000004
v -0.00904088 0.018467618 0.0015
v -0.00904088 0.020532383 0.0002000004
v -0.00904088 0.020532383 0.0015
v -0.00904088 0.021467617 0.0002000004
v -0.00904088 0.021467617 0.0015
v -0.00904088 0.023532383 0.0002000004
v -0.00904088 0.023532383 0.0015
v -0.00904088 0.023532383 0.023450056
v -0.00904088 0.024467617 0.0002000004
v -0.00904088 0.024467617 0.0015
v -0.00904088 0.024467617 0.023450056
v -0.00904088 0.026532382 0.0002000004
v -0.00904088 0.026532382 0.0015
v -0.00904088 0.026532382 0.023450056
v -0.00904088 0.027467618 0.0002000004
v -0.00904088 0.027467618 0.0015
v -0.00904088 0.027467618 0.023450056
v -0.0090408744 -0.029532375 0.024756428
v -0.0090408744 0.024467625 0.024756428
v -0.0090408744 0.027467625 0.024756428
v -0.0090408726 -0.030467626 0.024756428
v -0.0090408726 0.023532374 0.024756428
v -0.0090408726 0.026532374 0.024756428
v -0.0090363594 -0.030297806 1.1398271e-05
v -0.0090140579 -0.030762354 0.024950081
v -0.0090140579 -0.027762353 0.024950081
v -0.0090140579 -0.024762353 0.024950081
v -0.0090140579 -0.021762354 0.024950081
v -0.0090140579 -0.018762354 0.024950081
v -0.0090140579 -0.015762353 0.024950081
v -0.0090140579 -0.012762354 0.024950081
v -0.0090140579 -0.0097623533 0.024950081
v -0.0090140579 -0.0067623537 0.024950081
v -0.0090140579 -0.0037623534 0.024950081
v -0.0090140579 -0.00076235353 0.024950081
v -0.0090140579 0.0022376464 0.024950081
v -0.0090140579 0.0052376464 0.024950081
v -0.0090140579 0.0082376469 0.024950081
v -0.0090140579 0.011237646 0.024950081
v -0.0090140579 0.014237646 0.024950081
v -0.0090140579 0.017237647 0.024950081
v -0.0090140579 0.020237647 0.024950081
v -0.0090140579 0.023237646 0.024950081
v -0.0090140579 0.026237646 0.024950081
v -0.0090140579 0.029237647 0.024950081
v -0.0089862915 0.030292906 1.1857413e-05
v -0.0089849094 -0.027530257 0.02344797
v -0.0089849094 -0.024530256 0.02344797
v -0.0089849094 -0.021530256 0.02344797
v -0.0089849094 -0.018530255 0.02344797
v -0.0089849094 -0.015530256 0.02344797
v -0.0089849094 -0.012530256 0.02344797
v -0.0089849094 -0.0095302565 0.02344797
v -0.0089849094 -0.006530256 0.02344797
v -0.0089849094 -0.003530256 0.02344797
v -0.0089849094 -0.00053025602 0.02344797
v -0.0089849094 0.0024697441 0.02344797
v -0.0089849094 0.0054697441 0.02344797
v -0.0089849094 0.0084697437 0.02344797
v -0.0089849094 0.011469744 0.02344797
v -0.0089849094 0.014469744 0.02344797
v -0.0089849094 0.017469743 0.02344797
v -0.0089849094 0.020469744 0.02344797
v -0.0089849094 0.029469743 0.02344797
v -0.0089848479 -0.026469681 0.023447968
v -0.0089848479 -0.023469683 0.023447968
v -0.0089848479 -0.020469682 0.023447968
v -0.0089848479 -0.017469682 0.023447968
v -0.0089848479 -0.014469682 0.023447968
v -0.0089848479 -0.011469682 0.023447968
v -0.0089848479 -0.0084696822 0.023447968
v -0.0089848479 -0.0054696822 0.023447968
v -0.0089848479 -0.0024696821 0.023447968
v -0.0089848479 0.00053031777 0.023447968
v -0.0089848479 0.0035303177 0.023447968
v -0.0089848479 0.0065303179 0.023447968
v -0.0089848479 0.009530318 0.023447968
v -0.0089848479 0.012530318 0.023447968
v -0.0089848479 0.015530318 0.023447968
v -0.0089848479 0.018530319 0.023447968
v -0.0089848479 0.021530317 0.023447968
v -0.0089848479 0.030530319 0.023447968
v -0.0089817336 -0.029466586 0.024753831
v -0.0089817336 -0.026466586 0.024753831
v -0.0089817336 -0.023466585 0.024753831
v -0.0089817336 -0.020466585 0.024753831
v -0.0089817336 -0.017466586 0.024753831
v -0.0089817336 -0.014466586 0.024753831
v -0.0089817336 -0.011466585 0.024753831
v -0.0089817336 -0.0084665855 0.024753831
v -0.0089817336 -0.0054665855 0.024753831
v -0.0089817336 -0.0024665853 0.024753831
v -0.0089817336 0.00053341466 0.024753831
v -0.0089817336 0.0035334146 0.024753831
v -0.0089817336 0.0065334146 0.024753831
v -0.0089817336 0.0095334146 0.024753831
v -0.0089817336 0.012533414 0.024753831
v -0.0089817336 0.015533415 0.024753831
v -0.0089817336 0.018533414 0.024753831
v -0.0089817336 0.021533415 0.024753831
v -0.0089817336 0.024533415 0.024753831
v -0.0089817336 0.027533414 0.024753831
v -0.0089817336 0.030533414 0.024753831
v -0.0089245057 -0.035799999 0.00065223203
v -0.0089245057 -0.035799999 0.024347767
v -0.0089245057 -0.034449998 0.00020694155
v -0.0089245057 -0.034449998 0.00073572976
v -0.0089245057 -0.034449998 0.02426427
v -0.0089245057 -0.034449998 0.024793059
v -0.0089245057 -0.034150001 0.00016309209
v -0.0089245057 -0.034150001 0.00069324003
v -0.0089245057 -0.034150001 0.024306759
v -0.0089245057 -0.034150001 0.024836907
v -0.0089236116 -0.030585183 0.024751207
v -0.0089236116 -0.027585182 0.024751207
v -0.0089236116 -0.024585184 0.024751207
v -0.0089236116 -0.021585183 0.024751207
v -0.0089236116 -0.018585183 0.024751207
v -0.0089236116 -0.015585183 0.024751207
v -0.0089236116 -0.012585183 0.024751207
v -0.0089236116 -0.0095851831 0.024751207
v -0.0089236116 -0.0065851831 0.024751207
v -0.0089236116 -0.0035851831 0.024751207
v -0.0089236116 -0.00058518304 0.024751207
v -0.0089236116 0.002414817 0.024751207
v -0.0089236116 0.005414817 0.024751207
v -0.0089236116 0.008414817 0.024751207
v -0.0089236116 0.011414817 0.024751207
v -0.0089236116 0.014414817 0.024751207
v -0.0089236116 0.017414818 0.024751207
v -0.0089236116 0.020414816 0.024751207
v -0.0089236116 0.023414817 0.024751207
v -0.0089236116 0.026414817 0.024751207
v -0.0089236116 0.029414818 0.024751207
v -0.0089220507 -0.035789855 0.00058939477
v -0.0089220507 -0.035789855 0.024410605
v -0.0089215515 -0.035785135 0.024423372
v -0.0089197299 -0.035758242 0.00053001737
v -0.0089197299 -0.035758242 0.024469983
v -0.008918847 -0.035737805 0.00050739647
v -0.008917951 -0.035708707 0.00048448221
v -0.008917951 -0.035708707 0.024515517
v -0.0089169508 -0.035650589 0.00045888388
v -0.0089169508 -0.035650589 0.024541115
v -0.0088859452 -0.029157557 0.024945294
v -0.0088859452 -0.026157556 0.024945294
v -0.0088859452 -0.023157556 0.024945294
v -0.0088859452 -0.020157557 0.024945294
v -0.0088859452 -0.017157556 0.024945294
v -0.0088859452 -0.014157556 0.024945294
v -0.0088859452 -0.011157556 0.024945294
v -0.0088859452 -0.0081575559 0.024945294
v -0.0088859452 -0.0051575559 0.024945294
v -0.0088859452 -0.0021575561 0.024945294
v -0.0088859452 0.0008424439 0.024945294
v -0.0088859452 0.0038424439 0.024945294
v -0.0088859452 0.0068424437 0.024945294
v -0.0088859452 0.0098424442 0.024945294
v -0.0088859452 0.012842444 0.024945294
v -0.0088859452 0.015842443 0.024945294
v -0.0088859452 0.018842444 0.024945294
v -0.0088859452 0.021842444 0.024945294
v -0.0088859452 0.024842445 0.024945294
v -0.0088859452 0.027842443 0.024945294
v -0.0088859452 0.030842444 0.024945294
v -0.0088666948 -0.02785592 -1.8626456e-10
v -0.0088666948 -0.02614408 -1.8626456e-10
v -0.0088666948 -0.024855921 -1.8626456e-10
v -0.0088666948 -0.023144079 -1.862645e-10
v -0.0088666948 -0.021855921 -1.8626461e-10
v -0.0088666948 -0.020144079 -1.8626456e-10
v -0.0088666948 -0.01885592 -1.8626456e-10
v -0.0088666948 -0.01714408 -1.8626456e-10
v -0.0088666948 -0.01585592 -1.8626456e-10
v -0.0088666948 -0.01414408 -1.8626456e-10
v -0.0088666948 -0.01285592 -1.862645e-10
v -0.0088666948 -0.011144079 -1.8626461e-10
v -0.0088666948 -0.0098559204 -1.8626456e-10
v -0.0088666948 -0.0081440797 -1.8626461e-10
v -0.0088666948 -0.0068559204 -1.8626456e-10
v -0.0088666948 -0.0051440797 -1.8626456e-10
v -0.0088666948 0.0051440797 -1.8626461e-10
v -0.0088666948 0.0068559204 -1.8626456e-10
v -0.0088666948 0.0081440797 -1.8626456e-10
v -0.0088666948 0.0098559204 -1.862645e-10
v -0.0088666948 0.011144079 -1.8626456e-10
v -0.0088666948 0.01285592 -1.862645e-10
v -0.0088666948 0.01414408 -1.8626461e-10
v -0.0088666948 0.01585592 -1.8626456e-10
v -0.0088666948 0.01714408 -1.8626456e-10
v -0.0088666948 0.01885592 -1.8626456e-10
v -0.0088666948 0.020144079 -1.8626456e-10
v -0.0088666948 0.021855921 -1.8626456e-10
v -0.0088666948 0.023144079 -1.862645e-10
v -0.0088666948 0.024855921 -1.8626456e-10
v -0.0088666948 0.02614408 -1.8626456e-10
v -0.0088666948 0.02785592 -1.8626456e-10
v -0.0088527659 -0.035803437 0.00065698085
v -0.0088411802 -0.035789672 0.00058191159
v -0.0088317255 -0.035743065 0.00051278231
v -0.0088295052 -0.02764952 0.023441954
v -0.0088295052 -0.026350481 0.023441954
v -0.0088295052 -0.024649519 0.023441954
v -0.0088295052 -0.023350481 0.023441954
v -0.0088295052 -0.021649519 0.023441954
v -0.0088295052 -0.02035048 0.023441954
v -0.0088295052 -0.018649518 0.023441954
v -0.0088295052 -0.017350482 0.023441954
v -0.0088295052 -0.01564952 0.023441954
v -0.0088295052 -0.014350481 0.023441954
v -0.0088295052 -0.012649519 0.023441954
v -0.0088295052 -0.011350481 0.023441954
v -0.0088295052 -0.0096495189 0.023441954
v -0.0088295052 -0.0083504813 0.023441954
v -0.0088295052 -0.0066495189 0.023441954
v -0.0088295052 -0.0053504808 0.023441954
v -0.0088295052 -0.0036495191 0.023441954
v -0.0088295052 -0.002350481 0.023441954
v -0.0088295052 -0.00064951903 0.023441954
v -0.0088295052 0.00064951903 0.023441954
v -0.0088295052 0.002350481 0.023441954
v -0.0088295052 0.0036495191 0.023441954
v -0.0088295052 0.0053504808 0.023441954
v -0.0088295052 0.0066495189 0.023441954
v -0.0088295052 0.0083504813 0.023441954
v -0.0088295052 0.0096495189 0.023441954
v -0.0088295052 0.011350481 0.023441954
v -0.0088295052 0.012649519 0.023441954
v -0.0088295052 0.014350481 0.023441954
v -0.0088295052 0.01564952 0.023441954
v -0.0088295052 0.017350482 0.023441954
v -0.0088295052 0.018649518 0.023441954
v -0.0088295052 0.02035048 0.023441954
v -0.0088295052 0.021649519 0.023441954
v -0.0088295052 0.02935048 0.023441954
v -0.0088295052 0.030649519 0.023441954
v -0.0088294959 -0.026350476 0.024746804
v -0.0088294959 -0.023350475 0.024746804
v -0.0088294959 -0.020350475 0.024746804
v -0.0088294959 -0.017350476 0.024746804
v -0.0088294959 -0.014350476 0.024746804
v -0.0088294959 -0.011350475 0.024746804
v -0.0088294959 -0.0083504757 0.024746804
v -0.0088294959 -0.0053504752 0.024746804
v -0.0088294959 -0.0023504754 0.024746804
v -0.0088294959 0.00064952456 0.024746804
v -0.0088294959 0.0036495246 0.024746804
v -0.0088294959 0.0066495244 0.024746804
v -0.0088294959 0.0096495245 0.024746804
v -0.0088294959 0.012649525 0.024746804
v -0.0088294959 0.015649525 0.024746804
v -0.0088294959 0.018649524 0.024746804
v -0.0088294959 0.021649525 0.024746804
v -0.0088294959 0.030649524 0.024746804
v -0.0088294921 -0.027649527 0.024746804
v -0.0088294921 -0.024649527 0.024746804
v -0.0088294921 -0.021649526 0.024746804
v -0.0088294921 -0.018649528 0.024746804
v -0.0088294921 -0.015649527 0.024746804
v -0.0088294921 -0.012649527 0.024746804
v -0.0088294921 -0.0096495273 0.024746804
v -0.0088294921 -0.0066495268 0.024746804
v -0.0088294921 -0.003649527 0.024746804
v -0.0088294921 -0.00064952701 0.024746804
v -0.0088294921 0.0023504731 0.024746804
v -0.0088294921 0.0053504729 0.024746804
v -0.0088294921 0.0083504729 0.024746804
v -0.0088294921 0.011350473 0.024746804
v -0.0088294921 0.014350473 0.024746804
v -0.0088294921 0.017350473 0.024746804
v -0.0088294921 0.020350473 0.024746804
v -0.0088294921 0.029350473 0.024746804
v -0.0088294679 -0.024374999 0.023441954
v -0.0088294679 -0.023624999 0.023441954
v -0.0088294679 -0.021375 0.023441954
v -0.0088294679 -0.020625001 0.023441954
v -0.0088294679 -0.018375 0.023441954
v -0.0088294679 -0.017625 0.023441954
v -0.0088294679 -0.015375 0.023441954
v -0.0088294679 -0.014625 0.023441954
v -0.0088294679 -0.012375 0.023441954
v -0.0088294679 -0.011625 0.023441954
v -0.0088294679 -0.0093750004 0.023441954
v -0.0088294679 -0.0086249998 0.023441954
v -0.0088294679 -0.0063749999 0.023441954
v -0.0088294679 -0.0056250002 0.023441954
v -0.0088294679 -0.0033750001 0.023441954
v -0.0088294679 -0.002625 0.023441954
v -0.0088294679 0.002625 0.023441954
v -0.0088294679 0.0033750001 0.023441954
v -0.0088294679 0.0056250002 0.023441954
v -0.0088294679 0.0063749999 0.023441954
v -0.0088294679 0.0086249998 0.023441954
v -0.0088294679 0.0093750004 0.023441954
v -0.0088294679 0.011625 0.023441954
v -0.0088294679 0.012375 0.023441954
v -0.0088294679 0.014625 0.023441954
v -0.0088294679 0.015375 0.023441954
v -0.0088294679 0.017625 0.023441954
v -0.0088294679 0.018375 0.023441954
v -0.0088294679 0.020625001 0.023441954
v -0.0088294679 0.021375 0.023441954
v -0.0088294679 0.029625 0.023441954
v -0.0088294679 0.030375 0.023441954
v -0.0088214846 -0.035672154 0.00046910887
v -0.0087799197 -0.030675726 0.023439966
v -0.0087799197 -0.029324273 0.023439966
v -0.0087799197 -0.027675727 0.0002000004
v -0.0087799197 -0.027675727 0.0015
v -0.0087799197 -0.026324274 0.0002000004
v -0.0087799197 -0.026324274 0.0015
v -0.0087799197 -0.024675727 0.0002000004
v -0.0087799197 -0.024675727 0.0015
v -0.0087799197 -0.023324274 0.0002000004
v -0.0087799197 -0.023324274 0.0015
v -0.0087799197 -0.021675726 0.0002000004
v -0.0087799197 -0.021675726 0.0015
v -0.0087799197 -0.020324273 0.0002000004
v -0.0087799197 -0.020324273 0.0015
v -0.0087799197 -0.018675726 0.0002000004
v -0.0087799197 -0.018675726 0.0015
v -0.0087799197 -0.017324273 0.0002000004
v -0.0087799197 -0.017324273 0.0015
v -0.0087799197 -0.015675727 0.0002000004
v -0.0087799197 -0.015675727 0.0015
v -0.0087799197 -0.014324273 0.0002000004
v -0.0087799197 -0.014324273 0.0015
v -0.0087799197 -0.012675727 0.0002000004
v -0.0087799197 -0.012675727 0.0015
v -0.0087799197 -0.011324273 0.0002000004
v -0.0087799197 -0.011324273 0.0015
v -0.0087799197 -0.0096757263 0.0002000004
v -0.0087799197 -0.0096757263 0.0015
v -0.0087799197 -0.0083242729 0.0002000004
v -0.0087799197 -0.0083242729 0.0015
v -0.0087799197 -0.0066757267 0.0002000004
v -0.0087799197 -0.0066757267 0.0015
v -0.0087799197 -0.0053242734 0.0002000004
v -0.0087799197 -0.0053242734 0.0015
v -0.0087799197 0.0053242734 0.0002000004
v -0.0087799197 0.0053242734 0.0015
v -0.0087799197 0.0066757267 0.0002000004
v -0.0087799197 0.0066757267 0.0015
v -0.0087799197 0.0083242729 0.0002000004
v -0.0087799197 0.0083242729 0.0015
v -0.0087799197 0.0096757263 0.0002000004
v -0.0087799197 0.0096757263 0.0015
v -0.0087799197 0.011324273 0.0002000004
v -0.0087799197 0.011324273 0.0015
v -0.0087799197 0.012675727 0.0002000004
v -0.0087799197 0.012675727 0.0015
v -0.0087799197 0.014324273 0.0002000004
v -0.0087799197 0.014324273 0.0015
v -0.0087799197 0.015675727 0.0002000004
v -0.0087799197 0.015675727 0.0015
v -0.0087799197 0.017324273 0.0002000004
v -0.0087799197 0.017324273 0.0015
v -0.0087799197 0.018675726 0.0002000004
v -0.0087799197 0.018675726 0.0015
v -0.0087799197 0.020324273 0.0002000004
v -0.0087799197 0.020324273 0.0015
v -0.0087799197 0.021675726 0.0002000004
v -0.0087799197 0.021675726 0.0015
v -0.0087799197 0.023324274 0.0002000004
v -0.0087799197 0.023324274 0.0015
v -0.0087799197 0.023324274 0.023439966
v -0.0087799197 0.024675727 0.0002000004
v -0.0087799197 0.024675727 0.0015
v -0.0087799197 0.024675727 0.023439966
v -0.0087799197 0.026324274 0.0002000004
v -0.0087799197 0.026324274 0.0015
v -0.0087799197 0.026324274 0.023439966
v -0.0087799197 0.027675727 0.0002000004
v -0.0087799197 0.027675727 0.0015
v -0.0087799197 0.027675727 0.023439966
v -0.0087799067 -0.030675733 0.024744408
v -0.0087799067 0.023324268 0.024744408
v -0.0087799067 0.026324267 0.024744408
v -0.0087756636 -0.029322241 0.0247442
v -0.0087756636 -0.02632224 0.0247442
v -0.0087756636 -0.02332224 0.0247442
v -0.0087756636 -0.020322241 0.0247442
v -0.0087756636 -0.01732224 0.0247442
v -0.0087756636 -0.01432224 0.0247442
v -0.0087756636 -0.01132224 0.0247442
v -0.0087756636 -0.0083222408 0.0247442
v -0.0087756636 -0.0053222403 0.0247442
v -0.0087756636 -0.0023222403 0.0247442
v -0.0087756636 0.00067775964 0.0247442
v -0.0087756636 0.0036777596 0.0247442
v -0.0087756636 0.0066777598 0.0247442
v -0.0087756636 0.0096777594 0.0247442
v -0.0087756636 0.01267776 0.0247442
v -0.0087756636 0.015677759 0.0247442
v -0.0087756636 0.01867776 0.0247442
v -0.0087756636 0.02167776 0.0247442
v -0.0087756636 0.024677759 0.0247442
v -0.0087756636 0.02767776 0.0247442
v -0.0087756636 0.03067776 0.0247442
v -0.0087658288 -0.0014754961 0.00049999991
v -0.0087658288 0.0014754961 0.00049999991
v -0.0087317852 -0.03566882 0.00047114381
v -0.0087283077 -0.030907223 0.024939105
v -0.0087283077 -0.027907223 0.024939105
v -0.0087283077 -0.024907224 0.024939105
v -0.0087283077 -0.021907223 0.024939105
v -0.0087283077 -0.018907223 0.024939105
v -0.0087283077 -0.015907224 0.024939105
v -0.0087283077 -0.012907224 0.024939105
v -0.0087283077 -0.0099072233 0.024939105
v -0.0087283077 -0.0069072233 0.024939105
v -0.0087283077 -0.0039072232 0.024939105
v -0.0087283077 -0.00090722338 0.024939105
v -0.0087283077 0.0020927766 0.024939105
v -0.0087283077 0.0050927764 0.024939105
v -0.0087283077 0.0080927769 0.024939105
v -0.0087283077 0.011092776 0.024939105
v -0.0087283077 0.014092777 0.024939105
v -0.0087283077 0.017092777 0.024939105
v -0.0087283077 0.020092776 0.024939105
v -0.0087283077 0.023092777 0.024939105
v -0.0087283077 0.026092777 0.024939105
v -0.0087283077 0.029092778 0.024939105
v -0.0087041361 -0.0015875 0.00049999991
v -0.0087041361 -0.0015875 0.0094999997
v -0.0087041361 0.0015875 0.00049999991
v -0.0087041361 0.0015875 0.0094999997
v -0.0087030837 -0.030707607 0.02474059
v -0.0087030837 -0.027707608 0.02474059
v -0.0087030837 -0.024707608 0.02474059
v -0.0087030837 -0.021707607 0.02474059
v -0.0087030837 -0.018707607 0.02474059
v -0.0087030837 -0.015707608 0.02474059
v -0.0087030837 -0.012707608 0.02474059
v -0.0087030837 -0.0097076073 0.02474059
v -0.0087030837 -0.0067076078 0.02474059
v -0.0087030837 -0.0037076077 0.02474059
v -0.0087030837 -0.00070760777 0.02474059
v -0.0087030837 0.0022923923 0.02474059
v -0.0087030837 0.0052923923 0.02474059
v -0.0087030837 0.0082923919 0.02474059
v -0.0087030837 0.011292392 0.02474059
v -0.0087030837 0.014292392 0.02474059
v -0.0087030837 0.017292392 0.02474059
v -0.0087030837 0.020292392 0.02474059
v -0.0087030837 0.023292392 0.02474059
v -0.0087030837 0.026292393 0.02474059
v -0.0087030837 0.029292392 0.02474059
v -0.0086769694 -0.035842028 0.024320763
v -0.0086639868 -0.035846699 0.00068153517
v -0.0086629214 -0.035831191 0.024395803
v -0.0086502815 -0.030474771 6.4082255e-05
v -0.0086389268 -0.035789441 0.024464516
v -0.0086100111 -0.03572372 0.024507929
v -0.0085942456 -0.035876628 0.024304347
v -0.0085887918 -0.035879333 0.00069689081
v -0.0085713388 -0.035871446 0.00062219781
v -0.0085539585 -0.035723373 0.024506718
v -0.0085402662 -0.03583407 0.00055380241
v -0.0085309716 -0.035911541 0.00071137008
v -0.0085019758 -0.035773184 0.00051059091
v -0.0084560933 -0.035964262 0.024265619
v -0.0084545063 -0.030750001 0.023426084
v -0.0084545063 -0.030750001 0.024727369
v -0.0084545063 -0.029999999 0.023426084
v -0.0084545063 -0.02925 0.023426084
v -0.0084545063 -0.02925 0.024727369
v -0.0084545063 -0.02795 -1.8626456e-10
v -0.0084545063 -0.02775 0.0002000004
v -0.0084545063 -0.02775 0.0015
v -0.0084545063 -0.02775 0.023426084
v -0.0084545063 -0.02775 0.024727369
v -0.0084545063 -0.027000001 0.023426084
v -0.0084545063 -0.026249999 0.0002000004
v -0.0084545063 -0.026249999 0.0015
v -0.0084545063 -0.026249999 0.023426084
v -0.0084545063 -0.026249999 0.024727369
v -0.0084545063 -0.02605 -1.8626456e-10
v -0.0084545063 -0.02495 -1.8626456e-10
v -0.0084545063 -0.02475 0.0002000004
v -0.0084545063 -0.02475 0.0015
v -0.0084545063 -0.02475 0.023426084
v -0.0084545063 -0.02475 0.024727369
v -0.0084545063 -0.023250001 0.0002000004
v -0.0084545063 -0.023250001 0.0015
v -0.0084545063 -0.023250001 0.023426084
v -0.0084545063 -0.023250001 0.024727369
v -0.0084545063 -0.023050001 -1.8626461e-10
v -0.0084545063 -0.021950001 -1.8626456e-10
v -0.0084545063 -0.021749999 0.0002000004
v -0.0084545063 -0.021749999 0.0015
v -0.0084545063 -0.021749999 0.023426084
v -0.0084545063 -0.021749999 0.024727369
v -0.0084545063 -0.02025 0.0002000004
v -0.0084545063 -0.02025 0.0015
v -0.0084545063 -0.02025 0.023426084
v -0.0084545063 -0.02025 0.024727369
v -0.0084545063 -0.02005 -1.8626456e-10
v -0.0084545063 -0.01895 -1.8626456e-10
v -0.0084545063 -0.018750001 0.0002000004
v -0.0084545063 -0.018750001 0.0015
v -0.0084545063 -0.018750001 0.023426084
v -0.0084545063 -0.018750001 0.024727369
v -0.0084545063 -0.01725 0.0002000004
v -0.0084545063 -0.01725 0.0015
v -0.0084545063 -0.01725 0.023426084
v -0.0084545063 -0.01725 0.024727369
v -0.0084545063 -0.01705 -1.8626456e-10
v -0.0084545063 -0.01595 -1.8626461e-10
v -0.0084545063 -0.01575 0.0002000004
v -0.0084545063 -0.01575 0.0015
v -0.0084545063 -0.01575 0.023426084
v -0.0084545063 -0.01575 0.024727369
v -0.0084545063 -0.01425 0.0002000004
v -0.0084545063 -0.01425 0.0015
v -0.0084545063 -0.01425 0.023426084
v -0.0084545063 -0.01425 0.024727369
v -0.0084545063 -0.01405 -1.8626461e-10
v -0.0084545063 -0.01295 -1.8626461e-10
v -0.0084545063 -0.01275 0.0002000004
v -0.0084545063 -0.01275 0.0015
v -0.0084545063 -0.01275 0.023426084
v -0.0084545063 -0.01275 0.024727369
v -0.0084545063 -0.01125 0.0002000004
v -0.0084545063 -0.01125 0.0015
v -0.0084545063 -0.01125 0.023426084
v -0.0084545063 -0.01125 0.024727369
v -0.0084545063 -0.01105 -1.8626456e-10
v -0.0084545063 -0.0099499999 -1.8626456e-10
v -0.0084545063 -0.0097500002 0.0002000004
v -0.0084545063 -0.0097500002 0.0015
v -0.0084545063 -0.0097500002 0.023426084
v -0.0084545063 -0.0097500002 0.024727369
v -0.0084545063 -0.00825 0.0002000004
v -0.0084545063 -0.00825 0.0015
v -0.0084545063 -0.00825 0.023426084
v -0.0084545063 -0.00825 0.024727369
v -0.0084545063 -0.0080500003 -1.8626456e-10
v -0.0084545063 -0.0069499998 -1.8626461e-10
v -0.0084545063 -0.0067500002 0.0002000004
v -0.0084545063 -0.0067500002 0.0015
v -0.0084545063 -0.0067500002 0.023426084
v -0.0084545063 -0.0067500002 0.024727369
v -0.0084545063 -0.0052499999 0.0002000004
v -0.0084545063 -0.0052499999 0.0015
v -0.0084545063 -0.0052499999 0.023426084
v -0.0084545063 -0.0052499999 0.024727369
v -0.0084545063 -0.0050499998 -1.8626456e-10
v -0.0084545063 -0.0037499999 0.023426084
v -0.0084545063 -0.0037499999 0.024727369
v -0.0084545063 -0.0022499999 0.023426084
v -0.0084545063 -0.0022499999 0.024727369
v -0.0084545063 -0.00075000001 0.023426084
v -0.0084545063 -0.00075000001 0.024727369
v -0.0084545063 -3.08642e-13 0.023426084
v -0.0084545063 0.00075000001 0.023426084
v -0.0084545063 0.00075000001 0.024727369
v -0.0084545063 0.0022499999 0.023426084
v -0.0084545063 0.0022499999 0.024727369
v -0.0084545063 0.0037499999 0.023426084
v -0.0084545063 0.0037499999 0.024727369
v -0.0084545063 0.0050499998 -1.862645e-10
v -0.0084545063 0.0052499999 0.0002000004
v -0.0084545063 0.0052499999 0.0015
v -0.0084545063 0.0052499999 0.023426084
v -0.0084545063 0.0052499999 0.024727369
v -0.0084545063 0.0067500002 0.0002000004
v -0.0084545063 0.0067500002 0.0015
v -0.0084545063 0.0067500002 0.023426084
v -0.0084545063 0.0067500002 0.024727369
v -0.0084545063 0.0069499998 -1.8626456e-10
v -0.0084545063 0.0080500003 -1.8626456e-10
v -0.0084545063 0.00825 0.0002000004
v -0.0084545063 0.00825 0.0015
v -0.0084545063 0.00825 0.023426084
v -0.0084545063 0.00825 0.024727369
v -0.0084545063 0.0097500002 0.0002000004
v -0.0084545063 0.0097500002 0.0015
v -0.0084545063 0.0097500002 0.023426084
v -0.0084545063 0.0097500002 0.024727369
v -0.0084545063 0.0099499999 -1.8626456e-10
v -0.0084545063 0.01105 -1.8626456e-10
v -0.0084545063 0.01125 0.0002000004
v -0.0084545063 0.01125 0.0015
v -0.0084545063 0.01125 0.023426084
v -0.0084545063 0.01125 0.024727369
v -0.0084545063 0.01275 0.0002000004
v -0.0084545063 0.01275 0.0015
v -0.0084545063 0.01275 0.023426084
v -0.0084545063 0.01275 0.024727369
v -0.0084545063 0.01295 -1.8626456e-10
v -0.0084545063 0.01405 -1.8626456e-10
v -0.0084545063 0.01425 0.0002000004
v -0.0084545063 0.01425 0.0015
v -0.0084545063 0.01425 0.023426084
v -0.0084545063 0.01425 0.024727369
v -0.0084545063 0.01575 0.0002000004
v -0.0084545063 0.01575 0.0015
v -0.0084545063 0.01575 0.023426084
v -0.0084545063 0.01575 0.024727369
v -0.0084545063 0.01595 -1.8626456e-10
v -0.0084545063 0.01705 -1.8626461e-10
v -0.0084545063 0.01725 0.0002000004
v -0.0084545063 0.01725 0.0015
v -0.0084545063 0.01725 0.023426084
v -0.0084545063 0.01725 0.024727369
v -0.0084545063 0.018750001 0.0002000004
v -0.0084545063 0.018750001 0.0015
v -0.0084545063 0.018750001 0.023426084
v -0.0084545063 0.018750001 0.024727369
v -0.0084545063 0.01895 -1.8626461e-10
v -0.0084545063 0.02005 -1.8626456e-10
v -0.0084545063 0.02025 0.0002000004
v -0.0084545063 0.02025 0.0015
v -0.0084545063 0.02025 0.023426084
v -0.0084545063 0.02025 0.024727369
v -0.0084545063 0.021749999 0.0002000004
v -0.0084545063 0.021749999 0.0015
v -0.0084545063 0.021749999 0.023426084
v -0.0084545063 0.021749999 0.024727369
v -0.0084545063 0.021950001 -1.8626456e-10
v -0.0084545063 0.023050001 -1.8626456e-10
v -0.0084545063 0.023250001 0.0002000004
v -0.0084545063 0.023250001 0.0015
v -0.0084545063 0.023250001 0.023426084
v -0.0084545063 0.023250001 0.024727369
v -0.0084545063 0.024 0.023426084
v -0.0084545063 0.02475 0.0002000004
v -0.0084545063 0.02475 0.0015
v -0.0084545063 0.02475 0.023426084
v -0.0084545063 0.02475 0.024727369
v -0.0084545063 0.02495 -1.8626456e-10
v -0.0084545063 0.02605 -1.8626456e-10
v -0.0084545063 0.026249999 0.0002000004
v -0.0084545063 0.026249999 0.0015
v -0.0084545063 0.026249999 0.023426084
v -0.0084545063 0.026249999 0.024727369
v -0.0084545063 0.027000001 0.023426084
v -0.0084545063 0.02775 0.0002000004
v -0.0084545063 0.02775 0.0015
v -0.0084545063 0.02775 0.023426084
v -0.0084545063 0.02775 0.024727369
v -0.0084545063 0.02795 -1.8626456e-10
v -0.0084545063 0.02925 0.023426084
v -0.0084545063 0.02925 0.024727369
v -0.0084545063 0.030750001 0.023426084
v -0.0084545063 0.030750001 0.024727369
v -0.0084456941 -0.030950001 0.024927175
v -0.0084456941 -0.02905 0.024927175
v -0.0084456941 -0.02795 0.024927175
v -0.0084456941 -0.02605 0.024927175
v -0.0084456941 -0.02495 0.024927175
v -0.0084456941 -0.023050001 0.024927175
v -0.0084456941 -0.021950001 0.024927175
v -0.0084456941 -0.02005 0.024927175
v -0.0084456941 -0.01895 0.024927175
v -0.0084456941 -0.01705 0.024927175
v -0.0084456941 -0.01595 0.024927175
v -0.0084456941 -0.01405 0.024927175
v -0.0084456941 -0.01295 0.024927175
v -0.0084456941 -0.01105 0.024927175
v -0.0084456941 -0.0099499999 0.024927175
v -0.0084456941 -0.0080500003 0.024927175
v -0.0084456941 -0.0069499998 0.024927175
v -0.0084456941 -0.0050499998 0.024927175
v -0.0084456941 -0.0039499998 0.024927175
v -0.0084456941 -0.00205 0.024927175
v -0.0084456941 -0.00095000002 0.024927175
v -0.0084456941 0.00095000002 0.024927175
v -0.0084456941 0.00205 0.024927175
v -0.0084456941 0.0039499998 0.024927175
v -0.0084456941 0.0050499998 0.024927175
v -0.0084456941 0.0069499998 0.024927175
v -0.0084456941 0.0080500003 0.024927175
v -0.0084456941 0.0099499999 0.024927175
v -0.0084456941 0.01105 0.024927175
v -0.0084456941 0.01295 0.024927175
v -0.0084456941 0.01405 0.024927175
v -0.0084456941 0.01595 0.024927175
v -0.0084456941 0.01705 0.024927175
v -0.0084456941 0.01895 0.024927175
v -0.0084456941 0.02005 0.024927175
v -0.0084456941 0.021950001 0.024927175
v -0.0084456941 0.023050001 0.024927175
v -0.0084456941 0.02495 0.024927175
v -0.0084456941 0.02605 0.024927175
v -0.0084456941 0.02795 0.024927175
v -0.0084456941 0.02905 0.024927175
v -0.0084456941 0.030950001 0.024927175
v -0.0084345145 -0.035962485 0.024339626
v -0.0083936965 -0.035934526 0.024407394
v -0.0083929105 -0.036020938 0.00075865799
v -0.0083855586 -0.03602843 0.00076184777
v -0.0083778771 -0.034522392 0.024758447
v -0.008362527 -0.036030855 0.00068829936
v -0.0083503956 -0.035839524 0.00053436944
v -0.0083418759 -0.035884306 0.024450207
v -0.0083354814 -0.036061727 0.02429915
v -0.0083211986 -0.036104444 0.024205882
v -0.0083197495 -0.034538962 0.00074983184
v -0.0083172051 -0.036009628 0.00062095077
v -0.0083163632 -0.034539986 0.024250003
v -0.0083125951 -0.030280523 4.5442768e-05
v -0.0082886359 -0.036043454 0.024366321
v -0.008280647 -0.03616536 0.024180029
v -0.0082748896 -0.036175169 0.00082414021
v -0.0082726954 -0.036149278 0.00073646923
v -0.0082586193 -0.035967227 0.00057840144
v -0.0082571479 -0.036175713 0.024252737
v -0.0082440441 -0.035932414 0.024434216
v -0.0082305474 -0.03626553 0.00086270255
v -0.0082228268 -0.036139101 0.00066976232
v -0.008222268 -0.036286637 0.024128241
v -0.0082082199 -0.036280811 0.00079049618
v -0.0082066832 -0.036167901 0.024319313
v -0.0082003074 -0.036302861 0.024200354
v -0.0081885522 -0.03640553 0.00092322082
v -0.0081867157 -0.036415219 0.024072548
v -0.0081836646 -0.036433153 0.024064703
v -0.008174506 -0.044654835 0.011398366
v -0.008174506 -0.044654835 0.013601634
v -0.008174506 -0.04425871 0.0092310002
v -0.008174506 -0.04425871 0.015768999
v -0.008174506 -0.043479368 0.0071701715
v -0.008174506 -0.043479368 0.017829828
v -0.008174506 -0.042342212 0.0052830409
v -0.008174506 -0.042342212 0.019716959
v -0.008174506 -0.041650001 0.0077
v -0.008174506 -0.041650001 0.0173
v -0.008174506 -0.0414 0.0077
v -0.008174506 -0.0414 0.0173
v -0.008174506 -0.041348558 0.006575
v -0.008174506 -0.041348558 0.0088250004
v -0.008174506 -0.041348558 0.016175
v -0.008174506 -0.041348558 0.018425001
v -0.008174506 -0.041132051 0.0067000003
v -0.008174506 -0.041132051 0.0087000001
v -0.008174506 -0.041132051 0.0163
v -0.008174506 -0.041132051 0.018300001
v -0.008174506 -0.040884297 0.003631111
v -0.008174506 -0.040884297 0.021368889
v -0.008174506 -0.040525001 0.0057514431
v -0.008174506 -0.040525001 0.0096485568
v -0.008174506 -0.040525001 0.015351443
v -0.008174506 -0.040525001 0.019248556
v -0.008174506 -0.040399998 0.0059679495
v -0.008174506 -0.040399998 0.0094320513
v -0.008174506 -0.040399998 0.015567949
v -0.008174506 -0.040399998 0.01903205
v -0.008174506 -0.040138878 0.00756812
v -0.008174506 -0.040138878 0.0078318799
v -0.008174506 -0.040138878 0.01716812
v -0.008174506 -0.040138878 0.017431879
v -0.008174506 -0.04005 0.0073247226
v -0.008174506 -0.04005 0.0080752773
v -0.008174506 -0.04005 0.016924722
v -0.008174506 -0.04005 0.017675277
v -0.008174506 -0.039883651 0.0071260533
v -0.008174506 -0.039883651 0.0082739471
v -0.008174506 -0.039883651 0.016726052
v -0.008174506 -0.039883651 0.017873947
v -0.008174506 -0.039655227 0.0069941729
v -0.008174506 -0.039655227 0.008405827
v -0.008174506 -0.039655227 0.016594173
v -0.008174506 -0.039655227 0.018005827
v -0.008174506 -0.0394 0.0054500001
v -0.008174506 -0.0394 0.0057000001
v -0.008174506 -0.0394 0.0069494448
v -0.008174506 -0.0394 0.0084505556
v -0.008174506 -0.0394 0.0097000003
v -0.008174506 -0.0394 0.0099499999
v -0.008174506 -0.0394 0.015050001
v -0.008174506 -0.0394 0.0153
v -0.008174506 -0.0394 0.016549444
v -0.008174506 -0.0394 0.018050555
v -0.008174506 -0.0394 0.019300001
v -0.008174506 -0.0394 0.019549999
v -0.008174506 -0.03915314 0.0022682173
v -0.008174506 -0.03915314 0.022731783
v -0.008174506 -0.039144773 0.0069941729
v -0.008174506 -0.039144773 0.008405827
v -0.008174506 -0.039144773 0.016594173
v -0.008174506 -0.039144773 0.018005827
v -0.008174506 -0.038916349 0.0071260533
v -0.008174506 -0.038916349 0.0082739471
v -0.008174506 -0.038916349 0.016726052
v -0.008174506 -0.038916349 0.017873947
v -0.008174506 -0.03875 0.0073247226
v -0.008174506 -0.03875 0.0080752773
v -0.008174506 -0.03875 0.016924722
v -0.008174506 -0.03875 0.017675277
v -0.008174506 -0.038661122 0.00756812
v -0.008174506 -0.038661122 0.0078318799
v -0.008174506 -0.038661122 0.01716812
v -0.008174506 -0.038661122 0.017431879
v -0.008174506 -0.038400002 0.0059679495
v -0.008174506 -0.038400002 0.0094320513
v -0.008174506 -0.038400002 0.015567949
v -0.008174506 -0.038400002 0.01903205
v -0.008174506 -0.038275 0.0057514431
v -0.008174506 -0.038275 0.0096485568
v -0.008174506 -0.038275 0.015351443
v -0.008174506 -0.038275 0.019248556
v -0.008174506 -0.037667949 0.0067000003
v -0.008174506 -0.037667949 0.0087000001
v -0.008174506 -0.037667949 0.0163
v -0.008174506 -0.037667949 0.018300001
v -0.008174506 -0.037451442 0.006575
v -0.008174506 -0.037451442 0.0088250004
v -0.008174506 -0.037451442 0.016175
v -0.008174506 -0.037451442 0.018425001
v -0.008174506 -0.0374 0.0077
v -0.008174506 -0.0374 0.0173
v -0.008174506 -0.037205156 0.0012387761
v -0.008174506 -0.037205156 0.023761224
v -0.008174506 -0.037149999 0.0077
v -0.008174506 -0.037149999 0.0173
v -0.008174506 -0.03655 0.00098691485
v -0.008174506 -0.03655 0.024013085
v -0.0081692999 -0.03642644 0.00085154251
v -0.008167726 -0.036436461 0.024144199
v -0.0081613464 -0.044725895 0.011391926
v -0.0081613464 -0.044725895 0.013608075
v -0.0081613464 -0.044327453 0.0092118895
v -0.0081613464 -0.044327453 0.01578811
v -0.0081613464 -0.043543559 0.0071390122
v -0.0081613464 -0.043543559 0.017860988
v -0.0081613464 -0.042399753 0.0052408492
v -0.0081613464 -0.042399753 0.01975915
v -0.0081613464 -0.040933315 0.0035792615
v -0.0081613464 -0.040933315 0.021420738
v -0.0081613464 -0.039192032 0.0022084003
v -0.0081613464 -0.039192032 0.0227916
v -0.0081613464 -0.03723266 0.0011729409
v -0.0081613464 -0.03723266 0.023827059
v -0.0081613464 -0.036573678 0.00091960729
v -0.0081613464 -0.036573678 0.024080392
v -0.0081565743 -0.036282014 0.00072437694
v -0.0081486283 -0.036305875 0.024266388
v -0.008139017 -0.036141589 0.024361378
v -0.0081208711 -0.034609854 0.00026848895
v -0.008118582 -0.036439091 0.00078590569
v -0.0081171663 -0.036449853 0.02420981
v -0.0081123123 -0.04479919 0.011385283
v -0.0081123123 -0.04479919 0.013614717
v -0.0081123123 -0.04439836 0.0091921771
v -0.0081123123 -0.04439836 0.015807824
v -0.0081123123 -0.043609764 0.0071068727
v -0.0081123123 -0.043609764 0.017893128
v -0.0081123123 -0.0424591 0.0051973299
v -0.0081123123 -0.0424591 0.019802671
v -0.0081123123 -0.040983871 0.0035257812
v -0.0081123123 -0.040983871 0.021474218
v -0.0081123123 -0.039232153 0.0021467011
v -0.0081123123 -0.039232153 0.022853298
v -0.0081123123 -0.037261035 0.0011050345
v -0.0081123123 -0.037261035 0.023894966
v -0.0081123123 -0.036598098 0.00085018185
v -0.0081123123 -0.036598098 0.024149818
v -0.0080853784 -0.036266964 0.00068260432
v -0.0080842236 -0.04005 0.0075839832
v -0.0080842236 -0.04005 0.0078160167
v -0.0080842236 -0.04005 0.017183984
v -0.0080842236 -0.04005 0.017416017
v -0.0080842236 -0.039825473 0.0071950923
v -0.0080842236 -0.039825473 0.0082049081
v -0.0080842236 -0.039825473 0.016795091
v -0.0080842236 -0.039825473 0.017804908
v -0.0080842236 -0.039624527 0.0070790751
v -0.0080842236 -0.039624527 0.0083209248
v -0.0080842236 -0.039624527 0.016679075
v -0.0080842236 -0.039624527 0.017920924
v -0.0080842236 -0.039175473 0.0070790751
v -0.0080842236 -0.039175473 0.0083209248
v -0.0080842236 -0.039175473 0.016679075
v -0.0080842236 -0.039175473 0.017920924
v -0.0080842236 -0.038974527 0.0071950923
v -0.0080842236 -0.038974527 0.0082049081
v -0.0080842236 -0.038974527 0.016795091
v -0.0080842236 -0.038974527 0.017804908
v -0.0080842236 -0.03875 0.0075839832
v -0.0080842236 -0.03875 0.0078160167
v -0.0080842236 -0.03875 0.017183984
v -0.0080842236 -0.03875 0.017416017
v -0.0080745062 -0.041549999 0.0077
v -0.0080745062 -0.041549999 0.0173
v -0.0080745062 -0.041261956 0.0066250004
v -0.0080745062 -0.041261956 0.0087750005
v -0.0080745062 -0.041261956 0.016225001
v -0.0080745062 -0.041261956 0.018375
v -0.0080745062 -0.040475 0.0058380454
v -0.0080745062 -0.040475 0.009561955
v -0.0080745062 -0.040475 0.015438045
v -0.0080745062 -0.040475 0.019161955
v -0.0080745062 -0.0394 0.0055500004
v -0.0080745062 -0.0394 0.00985
v -0.0080745062 -0.0394 0.01515
v -0.0080745062 -0.0394 0.01945
v -0.0080745062 -0.038325001 0.0058380454
v -0.0080745062 -0.038325001 0.009561955
v -0.0080745062 -0.038325001 0.015438045
v -0.0080745062 -0.038325001 0.019161955
v -0.0080745062 -0.037538044 0.0066250004
v -0.0080745062 -0.037538044 0.0087750005
v -0.0080745062 -0.037538044 0.016225001
v -0.0080745062 -0.037538044 0.018375
v -0.0080745062 -0.037250001 0.0077
v -0.0080745062 -0.037250001 0.0173
v -0.0080672698 -0.036179099 0.00064839126
v -0.0080568278 -0.041567679 0.0173
v -0.0080568278 -0.041277263 0.016216161
v -0.0080568278 -0.041277263 0.018383838
v -0.0080568278 -0.04048384 0.015422736
v -0.0080568278 -0.04048384 0.019177264
v -0.0080568278 -0.0394 0.015132322
v -0.0080568278 -0.0394 0.019467678
v -0.0080568278 -0.03831616 0.015422736
v -0.0080568278 -0.03831616 0.019177264
v -0.0080568278 -0.037522737 0.016216161
v -0.0080568278 -0.037522737 0.018383838
v -0.0080568278 -0.037232321 0.0173
v -0.0080456389 -0.036439054 0.00074443856
v -0.0080442177 -0.036450826 0.024251262
v -0.0080421446 -0.0030244656 -1.8626456e-10
v -0.0080421446 0.0030244656 -1.8626456e-10
v -0.0080391513 -0.041585356 0.0077
v -0.0080391513 -0.041292574 0.0066073225
v -0.0080391513 -0.041292574 0.0087926779
v -0.0080391513 -0.040492676 0.0058074268
v -0.0080391513 -0.040492676 0.0095925732
v -0.0080391513 -0.0394 0.005514645
v -0.0080391513 -0.0394 0.0098853558
v -0.0080391513 -0.038307324 0.0058074268
v -0.0080391513 -0.038307324 0.0095925732
v -0.0080391513 -0.037507426 0.0066073225
v -0.0080391513 -0.037507426 0.0087926779
v -0.0080391513 -0.037214644 0.0077
v -0.0080371154 -0.036245711 0.024329163
v -0.008036335 -0.044844262 0.011381198
v -0.008036335 -0.044844262 0.013618803
v -0.008036335 -0.044441964 0.009180055
v -0.008036335 -0.044441964 0.015819944
v -0.008036335 -0.043650478 0.0070871091
v -0.008036335 -0.043650478 0.017912891
v -0.008036335 -0.042495597 0.0051705688
v -0.008036335 -0.042495597 0.019829432
v -0.008036335 -0.041014962 0.0034928934
v -0.008036335 -0.041014962 0.021507107
v -0.008036335 -0.039256822 0.0021087599
v -0.008036335 -0.039256822 0.02289124
v -0.008036335 -0.037278481 0.0010632768
v -0.008036335 -0.037278481 0.023936722
v -0.008036335 -0.036613118 0.00080749003
v -0.008036335 -0.036613118 0.02419251
v -0.0080060652 -0.034332689 0.0002296146
v -0.0080060652 -0.034332689 0.00071818737
v -0.0080060652 -0.034332689 0.024281813
v -0.0080060652 -0.034332689 0.024770385
v -0.0079745064 -0.0414 0.0077
v -0.0079745064 -0.0414 0.0173
v -0.0079745064 -0.041349854 0.0072549582
v -0.0079745064 -0.041349854 0.0081450418
v -0.0079745064 -0.041349854 0.016854959
v -0.0079745064 -0.041349854 0.017745042
v -0.0079745064 -0.041132051 0.0067000003
v -0.0079745064 -0.041132051 0.0087000001
v -0.0079745064 -0.041132051 0.0163
v -0.0079745064 -0.041132051 0.018300001
v -0.0079745064 -0.040963665 0.0064530205
v -0.0079745064 -0.040963665 0.0089469794
v -0.0079745064 -0.040963665 0.016053021
v -0.0079745064 -0.040963665 0.01854698
v -0.0079745064 -0.040399998 0.0059679495
v -0.0079745064 -0.040399998 0.0094320513
v -0.0079745064 -0.040399998 0.015567949
v -0.0079745064 -0.040399998 0.01903205
v -0.0079745064 -0.040267769 0.0058980626
v -0.0079745064 -0.040267769 0.0095019378
v -0.0079745064 -0.040267769 0.015498063
v -0.0079745064 -0.040267769 0.019101938
v -0.0079745064 -0.0394 0.0057000001
v -0.0079745064 -0.0394 0.0097000003
v -0.0079745064 -0.0394 0.0153
v -0.0079745064 -0.0394 0.019300001
v -0.0079745064 -0.038400002 0.0059679495
v -0.0079745064 -0.038400002 0.0094320513
v -0.0079745064 -0.038400002 0.015567949
v -0.0079745064 -0.038400002 0.01903205
v -0.0079745064 -0.037667949 0.0067000003
v -0.0079745064 -0.037667949 0.0087000001
v -0.0079745064 -0.037667949 0.0163
v -0.0079745064 -0.037667949 0.018300001
v -0.0079745064 -0.0374 0.0077
v -0.0079745064 -0.0374 0.0173
v -0.0079644108 -0.044853766 0.011380336
v -0.0079644108 -0.044853766 0.013619663
v -0.0079644108 -0.044451158 0.0091774995
v -0.0079644108 -0.044451158 0.015822502
v -0.0079644108 -0.043659061 0.0070829419
v -0.0079644108 -0.043659061 0.017917057
v -0.0079644108 -0.042503294 0.0051649259
v -0.0079644108 -0.042503294 0.019835074
v -0.0079644108 -0.041021518 0.0034859597
v -0.0079644108 -0.041021518 0.021514039
v -0.0079644108 -0.039262027 0.0021007608
v -0.0079644108 -0.039262027 0.022899238
v -0.0079644108 -0.037282161 0.0010544721
v -0.0079644108 -0.037282161 0.023945527
v -0.0079644108 -0.036616284 0.00079848786
v -0.0079644108 -0.036616284 0.024201512
v -0.0079171704 0.025503777 0.023399996
v -0.00791685 -0.031508632 0.023399979
v -0.0079146819 -0.031478044 0.023399865
v -0.0079135587 0.025473667 0.023399808
v -0.0079112565 0.025533566 0.023399686
v -0.0079036327 -0.031449374 0.023399288
v -0.0079017179 0.025445921 0.023399187
v -0.0078976778 0.02556072 0.023398975
v -0.0078946697 -0.03156523 0.023398817
v -0.0078745065 -0.034731347 0.024697386
v -0.0078743221 -0.034731451 0.024217285
v -0.0078482227 0.025385635 0.023396363
v -0.0078373542 -0.031623118 0.023395784
v -0.0078182751 -0.03136282 0.023394765
v -0.0078102173 0.025642721 0.023394333
v -0.0077643478 -0.034799561 0.024204871
v -0.0077581117 -0.0026129738 0.00049999991
v -0.0077581117 0.0026129738 0.00049999991
v -0.007560431 0.030419972 0.00011710804
v -0.0075420057 -0.0027496307 0.00049999991
v -0.0075420057 -0.0027496307 0.0094999997
v -0.0075420057 0.0027496307 0.00049999991
v -0.0075420057 0.0027496307 0.0094999997
v -0.0075282557 -0.031223614 0.023378653
v -0.0075247688 -0.034984518 0.00083091465
v -0.0075220848 0.025778664 0.023378298
v -0.0074921055 0.025489178 0.023399968
v -0.0074621243 0.025199974 0.023374818
v -0.0074499259 -0.031804219 0.023374105
v -0.0074395826 -0.035065077 0.00039270596
v -0.0074379845 -0.035066675 0.024606861
v -0.0073345052 -0.04005 0.0073247226
v -0.0073345052 -0.04005 0.0080752773
v -0.0073345052 -0.04005 0.016924722
v -0.0073345052 -0.04005 0.017675277
v -0.0073345052 -0.0394 0.0069494448
v -0.0073345052 -0.0394 0.0084505556
v -0.0073345052 -0.0394 0.016549444
v -0.0073345052 -0.0394 0.018050555
v -0.0073345052 -0.03875 0.0073247226
v -0.0073345052 -0.03875 0.0080752773
v -0.0073345052 -0.03875 0.016924722
v -0.0073345052 -0.03875 0.017675277
v -0.0073133083 -0.035203137 0.024122849
v -0.0072274497 -0.034852944 0.00036244356
v -0.0072274497 -0.034852944 0.00080514589
v -0.0072274497 -0.034852944 0.024194853
v -0.0072274497 -0.034852944 0.024637556
v -0.0071804496 -0.031420883 0.02339826
v -0.0071745059 -0.040649999 0.0077
v -0.0071745059 -0.040649999 0.0173
v -0.0071745059 -0.040569913 0.0074329749
v -0.0071745059 -0.040569913 0.007967025
v -0.0071745059 -0.040569913 0.017032975
v -0.0071745059 -0.040569913 0.017567025
v -0.0071745059 -0.040482532 0.0070750001
v -0.0071745059 -0.040482532 0.0083250003
v -0.0071745059 -0.040482532 0.016674999
v -0.0071745059 -0.040482532 0.017925
v -0.0071745059 -0.0403382 0.0069518127
v -0.0071745059 -0.0403382 0.0084481873
v -0.0071745059 -0.0403382 0.016551813
v -0.0071745059 -0.0403382 0.018048188
v -0.0071745059 -0.040025 0.0066174683
v -0.0071745059 -0.040025 0.0087825321
v -0.0071745059 -0.040025 0.016217468
v -0.0071745059 -0.040025 0.018382533
v -0.0071745059 -0.039920662 0.0066188374
v -0.0071745059 -0.039920662 0.008781163
v -0.0071745059 -0.039920662 0.016218837
v -0.0071745059 -0.039920662 0.018381163
v -0.0071745059 -0.0394 0.0064500002
v -0.0071745059 -0.0394 0.0065000001
v -0.0071745059 -0.0394 0.0088999998
v -0.0071745059 -0.0394 0.0089499997
v -0.0071745059 -0.0394 0.01605
v -0.0071745059 -0.0394 0.016100001
v -0.0071745059 -0.0394 0.0185
v -0.0071745059 -0.0394 0.018549999
v -0.0071745059 -0.038800001 0.0066607697
v -0.0071745059 -0.038800001 0.0087392302
v -0.0071745059 -0.038800001 0.016260769
v -0.0071745059 -0.038800001 0.01833923
v -0.0071745059 -0.038775001 0.0066174683
v -0.0071745059 -0.038775001 0.0087825321
v -0.0071745059 -0.038775001 0.016217468
v -0.0071745059 -0.038775001 0.018382533
v -0.0071745059 -0.038360771 0.0071
v -0.0071745059 -0.038360771 0.0082999999
v -0.0071745059 -0.038360771 0.0167
v -0.0071745059 -0.038360771 0.017899999
v -0.0071745059 -0.038317468 0.0070750001
v -0.0071745059 -0.038317468 0.0083250003
v -0.0071745059 -0.038317468 0.016674999
v -0.0071745059 -0.038317468 0.017925
v -0.0071745059 -0.038199998 0.0077
v -0.0071745059 -0.038199998 0.0173
v -0.0071745059 -0.038150001 0.0077
v -0.0071745059 -0.038150001 0.0173
v -0.0071722073 0.030085092 3.2701344e-05
v -0.0071679568 0.030215299 0.00010707769
v -0.007139151 -0.040649999 0.0173
v -0.007139151 -0.040482532 0.016674999
v -0.007139151 -0.040482532 0.017925
v -0.007139151 -0.040025 0.016217468
v -0.007139151 -0.040025 0.018382533
v -0.007139151 -0.0394 0.01605
v -0.007139151 -0.0394 0.018549999
v -0.007139151 -0.038775001 0.016217468
v -0.007139151 -0.038775001 0.018382533
v -0.007139151 -0.038317468 0.016674999
v -0.007139151 -0.038317468 0.017925
v -0.007139151 -0.038150001 0.0173
v -0.0071058525 -0.035500001 0.02448635
v -0.0071053086 -0.035500944 0.024052914
v -0.0071037961 -0.040649999 0.0077
v -0.0071037961 -0.040482532 0.0070750001
v -0.0071037961 -0.040482532 0.0083250003
v -0.0071037961 -0.040025 0.0066174683
v -0.0071037961 -0.040025 0.0087825321
v -0.0071037961 -0.0394 0.0064500002
v -0.0071037961 -0.0394 0.0089499997
v -0.0071037961 -0.038775001 0.0066174683
v -0.0071037961 -0.038775001 0.0087825321
v -0.0071037961 -0.038317468 0.0070750001
v -0.0071037961 -0.038317468 0.0083250003
v -0.0071037961 -0.038150001 0.0077
v -0.0069990372 -0.035711806 0.0010015245
v -0.0069990372 -0.035711806 0.023998475
v -0.0069843596 -0.035746366 0.00058593118
v -0.0069775181 -0.034768939 0.00036224612
v -0.0069775181 -0.034768939 0.024637753
v -0.0069775181 -0.032499999 0.00015199817
v -0.0069775181 -0.032499999 0.024848001
v -0.0069775181 0.032499999 0.00015199817
v -0.0069775181 0.032499999 0.024848001
v -0.0069775181 0.034768939 0.00036224612
v -0.0069775181 0.034768939 0.024637753
v -0.0069775181 0.036960613 0.00098583079
v -0.0069775181 0.036960613 0.024014169
v -0.0069775181 0.039000385 0.0020015172
v -0.0069775181 0.039000385 0.022998482
v -0.0069775181 0.040818796 0.003374716
v -0.0069775181 0.040818796 0.021625284
v -0.0069775181 0.042353917 0.0050586667
v -0.0069775181 0.042353917 0.019941334
v -0.0069775181 0.043553479 0.0069960221
v -0.0069775181 0.043553479 0.018003978
v -0.0069775181 0.044376627 0.0091208089
v -0.0069775181 0.044376627 0.015879191
v -0.0069775181 0.044795327 0.01136067
v -0.0069775181 0.044795327 0.01363933
v -0.0069109732 -0.031958852 0.023340533
v -0.0069109732 -0.031500001 0.023340533
v -0.0069109732 -0.031041149 0.023340533
v -0.0069109732 0.02504115 0.023340533
v -0.0069109732 0.025958851 0.023340533
v -0.0068949396 -0.036010686 0.024332883
v -0.0068245055 -0.044783015 0.011335522
v -0.0068245055 -0.044783015 0.013664455
v -0.0068245055 -0.044534896 0.0125
v -0.0068245055 -0.044345371 0.015951898
v -0.0068245055 -0.044345364 0.0090480801
v -0.0068245055 -0.044129275 0.0094189933
v -0.0068245055 -0.044129275 0.015581007
v -0.0068245055 -0.043485675 0.018116349
v -0.0068245055 -0.043485664 0.0068836301
v -0.0068245055 -0.04294005 0.0065479511
v -0.0068245055 -0.04294005 0.018452048
v -0.0068245055 -0.042234555 0.020080689
v -0.0068245055 -0.042234544 0.0049192929
v -0.0068245055 -0.041048266 0.0040825317
v -0.0068245055 -0.041048266 0.020917468
v -0.0068245055 -0.040636592 0.021774927
v -0.0068245055 -0.040636577 0.0032250572
v -0.0068245055 -0.038748723 0.023138698
v -0.0068245055 -0.038748704 0.0018612898
v -0.0068245055 -0.038582847 0.0021907489
v -0.0068245055 -0.038582847 0.02280925
v -0.0068245055 -0.036638208 0.02412341
v -0.0068245055 -0.036638185 0.00087658205
v -0.0068245055 -0.03655 0.00084556156
v -0.0068245055 -0.03655 0.0012595633
v -0.0068245055 -0.03655 0.023740437
v -0.0068245055 -0.03655 0.024154438
v -0.006770513 -0.029930528 -1.8626456e-10
v -0.006770513 0.029930528 -1.8626456e-10
v -0.0067627514 0.029981585 9.1705469e-06
v -0.0067618852 -0.029987279 1.1417828e-05
v -0.0067553399 -0.030030256 3.8985909e-05
v -0.0067553362 0.030030219 3.8952381e-05
v -0.0067071943 -0.03563156 0.00057401863
v -0.0067071943 -0.03563156 0.00098032202
v -0.0067071943 -0.03563156 0.024425982
v -0.0066756327 -0.035711806 0.023998475
v -0.006524506 -0.044765193 0.011363463
v -0.006524506 -0.044765193 0.013636538
v -0.006524506 -0.044534896 0.0125
v -0.006524506 -0.044347517 0.0091290902
v -0.006524506 -0.044347517 0.01587091
v -0.006524506 -0.044129275 0.0094189933
v -0.006524506 -0.044129275 0.015581007
v -0.006524506 -0.043526389 0.0070095109
v -0.006524506 -0.043526389 0.017990489
v -0.006524506 -0.04294005 0.0065479511
v -0.006524506 -0.04294005 0.018452048
v -0.006524506 -0.04232977 0.0050769034
v -0.006524506 -0.04232977 0.019923097
v -0.006524506 -0.041048266 0.0040825317
v -0.006524506 -0.041048266 0.020917468
v -0.006524506 -0.040798407 0.0033970799
v -0.006524506 -0.040798407 0.021602919
v -0.006524506 -0.038984455 0.0020272459
v -0.006524506 -0.038984455 0.022972753
v -0.006524506 -0.038582847 0.0021907489
v -0.006524506 -0.038582847 0.02280925
v -0.006524506 -0.036949679 0.0010140499
v -0.006524506 -0.036949679 0.02398595
v -0.006524506 -0.03655 0.00086710585
v -0.006524506 -0.03655 0.0012595633
v -0.006524506 -0.03655 0.023740437
v -0.006524506 -0.03655 0.024132894
v -0.0064955661 0.02999478 4.3119118e-05
v -0.0064591281 -0.029989824 4.3809228e-05
v -0.0063974783 -0.0036482052 -1.8626456e-10
v -0.0063974783 0.0036482052 -1.8626456e-10
v -0.0063372096 -0.0031518508 0.00049999991
v -0.0063372096 0.0031518508 0.00049999991
v -0.0061968183 -0.029953029 4.8325212e-05
v -0.0061274068 -0.029943142 4.9558283e-05
v -0.0061272746 -0.029961376 6.8450157e-05
v -0.0061201807 -0.03013261 0.00017899815
v -0.0059545059 -0.003175 0.00049999991
v -0.0059545059 -0.003175 0.0094999997
v -0.0059545059 -3.08642e-13 0.0094999997
v -0.0059545059 0.003175 0.00049999991
v -0.0059545059 0.003175 0.0094999997
v -0.0058803335 -0.0042493525 -1.8626461e-10
v -0.0058803335 -0.0042493525 0.0015
v -0.0058803335 0.0042493525 -1.8626456e-10
v -0.0058803335 0.0042493525 0.0015
v -0.005847835 -0.0040736035 -1.8626456e-10
v -0.005847835 -0.0040736035 0.0015
v -0.005847835 0.0040736035 -1.8626461e-10
v -0.005847835 0.0040736035 0.0015
v -0.0057087075 -0.030271744 0.0002437111
v -0.0055296011 -0.030750001 0.023236306
v -0.0055296011 0.02475 0.023236306
v -0.0055296011 0.0255 0.023236306
v -0.0055296011 0.026249999 0.023236306
v -0.0053233337 0.029823922 6.4646636e-05
v -0.0052545061 -0.030750001 0.023236306
v -0.0052545061 -0.030750001 0.023800001
v -0.0052545061 -0.02925 0.02321242
v -0.0052545061 -0.02925 0.023800001
v -0.0052545061 -0.02775 0.00075000041
v -0.0052545061 -0.02775 0.0015
v -0.0052545061 -0.02775 0.02321242
v -0.0052545061 -0.02775 0.023800001
v -0.0052545061 -0.026249999 0.00075000041
v -0.0052545061 -0.026249999 0.0015
v -0.0052545061 -0.026249999 0.02321242
v -0.0052545061 -0.026249999 0.023800001
v -0.0052545061 -0.02475 0.00075000041
v -0.0052545061 -0.02475 0.0015
v -0.0052545061 -0.02475 0.02321242
v -0.0052545061 -0.02475 0.023800001
v -0.0052545061 -0.024 0.02321242
v -0.0052545061 -0.023250001 0.00075000041
v -0.0052545061 -0.023250001 0.0015
v -0.0052545061 -0.023250001 0.02321242
v -0.0052545061 -0.023250001 0.023800001
v -0.0052545061 -0.021749999 0.00075000041
v -0.0052545061 -0.021749999 0.0015
v -0.0052545061 -0.021749999 0.02321242
v -0.0052545061 -0.021749999 0.023800001
v -0.0052545061 -0.021 0.02321242
v -0.0052545061 -0.02025 0.00075000041
v -0.0052545061 -0.02025 0.0015
v -0.0052545061 -0.02025 0.02321242
v -0.0052545061 -0.02025 0.023800001
v -0.0052545061 -0.018750001 0.00075000041
v -0.0052545061 -0.018750001 0.0015
v -0.0052545061 -0.018750001 0.02321242
v -0.0052545061 -0.018750001 0.023800001
v -0.0052545061 -0.017999999 0.02321242
v -0.0052545061 -0.01725 0.00075000041
v -0.0052545061 -0.01725 0.0015
v -0.0052545061 -0.01725 0.02321242
v -0.0052545061 -0.01725 0.023800001
v -0.0052545061 -0.01575 0.00075000041
v -0.0052545061 -0.01575 0.0015
v -0.0052545061 -0.01575 0.02321242
v -0.0052545061 -0.01575 0.023800001
v -0.0052545061 -0.015 0.02321242
v -0.0052545061 -0.01425 0.00075000041
v -0.0052545061 -0.01425 0.0015
v -0.0052545061 -0.01425 0.02321242
v -0.0052545061 -0.01425 0.023800001
v -0.0052545061 -0.01275 0.00075000041
v -0.0052545061 -0.01275 0.0015
v -0.0052545061 -0.01275 0.02321242
v -0.0052545061 -0.01275 0.023800001
v -0.0052545061 -0.012 0.02321242
v -0.0052545061 -0.01125 0.00075000041
v -0.0052545061 -0.01125 0.0015
v -0.0052545061 -0.01125 0.02321242
v -0.0052545061 -0.01125 0.023800001
v -0.0052545061 -0.0097500002 0.00075000041
v -0.0052545061 -0.0097500002 0.0015
v -0.0052545061 -0.0097500002 0.02321242
v -0.0052545061 -0.0097500002 0.023800001
v -0.0052545061 -0.0089999996 0.02321242
v -0.0052545061 -0.00825 0.00075000041
v -0.0052545061 -0.00825 0.0015
v -0.0052545061 -0.00825 0.02321242
v -0.0052545061 -0.00825 0.023800001
v -0.0052545061 -0.0067500002 0.00075000041
v -0.0052545061 -0.0067500002 0.0015
v -0.0052545061 -0.0067500002 0.02321242
v -0.0052545061 -0.0067500002 0.023800001
v -0.0052545061 -0.0060000001 0.02321242
v -0.0052545061 -0.0052499999 0.00075000041
v -0.0052545061 -0.0052499999 0.0015
v -0.0052545061 -0.0052499999 0.02321242
v -0.0052545061 -0.0052499999 0.023800001
v -0.0052545061 -0.0037499999 0.02321242
v -0.0052545061 -0.0037499999 0.023800001
v -0.0052545061 -0.003 0.02321242
v -0.0052545061 -0.0022499999 0.02321242
v -0.0052545061 -0.0022499999 0.023800001
v -0.0052545061 -0.00075000001 0.02321242
v -0.0052545061 -0.00075000001 0.023800001
v -0.0052545061 0.00075000001 0.02321242
v -0.0052545061 0.00075000001 0.023800001
v -0.0052545061 0.0022499999 0.02321242
v -0.0052545061 0.0022499999 0.023800001
v -0.0052545061 0.003 0.02321242
v -0.0052545061 0.0037499999 0.02321242
v -0.0052545061 0.0037499999 0.023800001
v -0.0052545061 0.0052499999 0.00075000041
v -0.0052545061 0.0052499999 0.0015
v -0.0052545061 0.0052499999 0.02321242
v -0.0052545061 0.0052499999 0.023800001
v -0.0052545061 0.0060000001 0.02321242
v -0.0052545061 0.0067500002 0.00075000041
v -0.0052545061 0.0067500002 0.0015
v -0.0052545061 0.0067500002 0.02321242
v -0.0052545061 0.0067500002 0.023800001
v -0.0052545061 0.00825 0.00075000041
v -0.0052545061 0.00825 0.0015
v -0.0052545061 0.00825 0.02321242
v -0.0052545061 0.00825 0.023800001
v -0.0052545061 0.0089999996 0.02321242
v -0.0052545061 0.0097500002 0.00075000041
v -0.0052545061 0.0097500002 0.0015
v -0.0052545061 0.0097500002 0.02321242
v -0.0052545061 0.0097500002 0.023800001
v -0.0052545061 0.01125 0.00075000041
v -0.0052545061 0.01125 0.0015
v -0.0052545061 0.01125 0.02321242
v -0.0052545061 0.01125 0.023800001
v -0.0052545061 0.012 0.02321242
v -0.0052545061 0.01275 0.00075000041
v -0.0052545061 0.01275 0.0015
v -0.0052545061 0.01275 0.02321242
v -0.0052545061 0.01275 0.023800001
v -0.0052545061 0.01425 0.00075000041
v -0.0052545061 0.01425 0.0015
v -0.0052545061 0.01425 0.02321242
v -0.0052545061 0.01425 0.023800001
v -0.0052545061 0.015 0.02321242
v -0.0052545061 0.01575 0.00075000041
v -0.0052545061 0.01575 0.0015
v -0.0052545061 0.01575 0.02321242
v -0.0052545061 0.01575 0.023800001
v -0.0052545061 0.01725 0.00075000041
v -0.0052545061 0.01725 0.0015
v -0.0052545061 0.01725 0.02321242
v -0.0052545061 0.01725 0.023800001
v -0.0052545061 0.017999999 0.02321242
v -0.0052545061 0.018750001 0.00075000041
v -0.0052545061 0.018750001 0.0015
v -0.0052545061 0.018750001 0.02321242
v -0.0052545061 0.018750001 0.023800001
v -0.0052545061 0.02025 0.00075000041
v -0.0052545061 0.02025 0.0015
v -0.0052545061 0.02025 0.02321242
v -0.0052545061 0.02025 0.023800001
v -0.0052545061 0.021 0.02321242
v -0.0052545061 0.021749999 0.00075000041
v -0.0052545061 0.021749999 0.0015
v -0.0052545061 0.021749999 0.02321242
v -0.0052545061 0.021749999 0.023800001
v -0.0052545061 0.023250001 0.00075000041
v -0.0052545061 0.023250001 0.0015
v -0.0052545061 0.023250001 0.02321242
v -0.0052545061 0.023250001 0.023800001
v -0.0052545061 0.02475 0.00075000041
v -0.0052545061 0.02475 0.0015
v -0.0052545061 0.02475 0.023236306
v -0.0052545061 0.02475 0.023800001
v -0.0052545061 0.026249999 0.00075000041
v -0.0052545061 0.026249999 0.0015
v -0.0052545061 0.026249999 0.023236306
v -0.0052545061 0.026249999 0.023800001
v -0.0052545061 0.02775 0.00075000041
v -0.0052545061 0.02775 0.0015
v -0.0052545061 0.02775 0.02321242
v -0.0052545061 0.02775 0.023800001
v -0.0052545061 0.02925 0.02321242
v -0.0052545061 0.02925 0.023800001
v -0.0052545061 0.029999999 0.02321242
v -0.0052545061 0.030750001 0.02321242
v -0.0052545061 0.030750001 0.023800001
v -0.0050898483 -0.031577196 0.023197625
v -0.0049995352 0.029773818 7.138103e-05
v -0.0049666511 0.029843759 0.00016581528
v -0.0049662637 0.029768605 7.2091629e-05
v -0.0049612643 -0.029858809 0.023185812
v -0.0049612643 0.023858808 0.023185812
v -0.0049612643 0.027141191 0.023185812
v -0.004957241 0.030014971 0.00027622358
v -0.0049290936 -0.030675726 0.023200179
v -0.0049290936 -0.030675726 0.023800001
v -0.0049290936 -0.029324273 0.023182821
v -0.0049290936 -0.029324273 0.023800001
v -0.0049290936 -0.027675727 0.023182821
v -0.0049290936 -0.027675727 0.023800001
v -0.0049290936 -0.026324274 0.023182821
v -0.0049290936 -0.026324274 0.023800001
v -0.0049290936 -0.024675727 0.023182821
v -0.0049290936 -0.024675727 0.023800001
v -0.0049290936 -0.023324274 0.023182821
v -0.0049290936 -0.023324274 0.023800001
v -0.0049290936 -0.021675726 0.023182821
v -0.0049290936 -0.021675726 0.023800001
v -0.0049290936 -0.020324273 0.023182821
v -0.0049290936 -0.020324273 0.023800001
v -0.0049290936 -0.018675726 0.023182821
v -0.0049290936 -0.018675726 0.023800001
v -0.0049290936 -0.017324273 0.023182821
v -0.0049290936 -0.017324273 0.023800001
v -0.0049290936 -0.015675727 0.023182821
v -0.0049290936 -0.015675727 0.023800001
v -0.0049290936 -0.014324273 0.023182821
v -0.0049290936 -0.014324273 0.023800001
v -0.0049290936 -0.012675727 0.023182821
v -0.0049290936 -0.012675727 0.023800001
v -0.0049290936 -0.011324273 0.023182821
v -0.0049290936 -0.011324273 0.023800001
v -0.0049290936 -0.0096757263 0.023182821
v -0.0049290936 -0.0096757263 0.023800001
v -0.0049290936 -0.0083242729 0.023182821
v -0.0049290936 -0.0083242729 0.023800001
v -0.0049290936 -0.0066757267 0.023182821
v -0.0049290936 -0.0066757267 0.023800001
v -0.0049290936 -0.0053242734 0.023182821
v -0.0049290936 -0.0053242734 0.023800001
v -0.0049290936 -0.0036757267 0.023182821
v -0.0049290936 -0.0036757267 0.023800001
v -0.0049290936 -0.0023242733 0.023182821
v -0.0049290936 -0.0023242733 0.023800001
v -0.0049290936 -0.00067572662 0.023182821
v -0.0049290936 -0.00067572662 0.023800001
v -0.0049290936 0.00067572662 0.023182821
v -0.0049290936 0.00067572662 0.023800001
v -0.0049290936 0.0023242733 0.023182821
v -0.0049290936 0.0023242733 0.023800001
v -0.0049290936 0.0036757267 0.023182821
v -0.0049290936 0.0036757267 0.023800001
v -0.0049290936 0.0053242734 0.023182821
v -0.0049290936 0.0053242734 0.023800001
v -0.0049290936 0.0066757267 0.023182821
v -0.0049290936 0.0066757267 0.023800001
v -0.0049290936 0.0083242729 0.023182821
v -0.0049290936 0.0083242729 0.023800001
v -0.0049290936 0.0096757263 0.023182821
v -0.0049290936 0.0096757263 0.023800001
v -0.0049290936 0.011324273 0.023182821
v -0.0049290936 0.011324273 0.023800001
v -0.0049290936 0.012675727 0.023182821
v -0.0049290936 0.012675727 0.023800001
v -0.0049290936 0.014324273 0.023182821
v -0.0049290936 0.014324273 0.023800001
v -0.0049290936 0.015675727 0.023182821
v -0.0049290936 0.015675727 0.023800001
v -0.0049290936 0.017324273 0.023182821
v -0.0049290936 0.017324273 0.023800001
v -0.0049290936 0.018675726 0.023182821
v -0.0049290936 0.018675726 0.023800001
v -0.0049290936 0.020324273 0.023182821
v -0.0049290936 0.020324273 0.023800001
v -0.0049290936 0.021675726 0.023182821
v -0.0049290936 0.021675726 0.023800001
v -0.0049290936 0.023324274 0.023182821
v -0.0049290936 0.023324274 0.023800001
v -0.0049290936 0.024675727 0.023200179
v -0.0049290936 0.024675727 0.023800001
v -0.0049290936 0.026324274 0.023200179
v -0.0049290936 0.026324274 0.023800001
v -0.0049290936 0.027675727 0.023182821
v -0.0049290936 0.027675727 0.023800001
v -0.0049290936 0.029324273 0.023182821
v -0.0049290936 0.029324273 0.023800001
v -0.0049290936 0.030675726 0.023182821
v -0.0049290936 0.030675726 0.023800001
v -0.0048795063 -0.02764952 0.00075000041
v -0.0048795063 -0.02764952 0.0015
v -0.0048795063 -0.026350481 0.00075000041
v -0.0048795063 -0.026350481 0.0015
v -0.0048795063 -0.024649519 0.00075000041
v -0.0048795063 -0.024649519 0.0015
v -0.0048795063 -0.023350481 0.00075000041
v -0.0048795063 -0.023350481 0.0015
v -0.0048795063 -0.021649519 0.00075000041
v -0.0048795063 -0.021649519 0.0015
v -0.0048795063 -0.02035048 0.00075000041
v -0.0048795063 -0.02035048 0.0015
v -0.0048795063 -0.018649518 0.00075000041
v -0.0048795063 -0.018649518 0.0015
v -0.0048795063 -0.017350482 0.00075000041
v -0.0048795063 -0.017350482 0.0015
v -0.0048795063 -0.01564952 0.00075000041
v -0.0048795063 -0.01564952 0.0015
v -0.0048795063 -0.014350481 0.00075000041
v -0.0048795063 -0.014350481 0.0015
v -0.0048795063 -0.012649519 0.00075000041
v -0.0048795063 -0.012649519 0.0015
v -0.0048795063 -0.011350481 0.00075000041
v -0.0048795063 -0.011350481 0.0015
v -0.0048795063 -0.0096495189 0.00075000041
v -0.0048795063 -0.0096495189 0.0015
v -0.0048795063 -0.0083504813 0.00075000041
v -0.0048795063 -0.0083504813 0.0015
v -0.0048795063 -0.0066495189 0.00075000041
v -0.0048795063 -0.0066495189 0.0015
v -0.0048795063 -0.0053504808 0.00075000041
v -0.0048795063 -0.0053504808 0.0015
v -0.0048795063 0.0053504808 0.00075000041
v -0.0048795063 0.0053504808 0.0015
v -0.0048795063 0.0066495189 0.00075000041
v -0.0048795063 0.0066495189 0.0015
v -0.0048795063 0.0083504813 0.00075000041
v -0.0048795063 0.0083504813 0.0015
v -0.0048795063 0.0096495189 0.00075000041
v -0.0048795063 0.0096495189 0.0015
v -0.0048795063 0.011350481 0.00075000041
v -0.0048795063 0.011350481 0.0015
v -0.0048795063 0.012649519 0.00075000041
v -0.0048795063 0.012649519 0.0015
v -0.0048795063 0.014350481 0.00075000041
v -0.0048795063 0.014350481 0.0015
v -0.0048795063 0.01564952 0.00075000041
v -0.0048795063 0.01564952 0.0015
v -0.0048795063 0.017350482 0.00075000041
v -0.0048795063 0.017350482 0.0015
v -0.0048795063 0.018649518 0.00075000041
v -0.0048795063 0.018649518 0.0015
v -0.0048795063 0.02035048 0.00075000041
v -0.0048795063 0.02035048 0.0015
v -0.0048795063 0.021649519 0.00075000041
v -0.0048795063 0.021649519 0.0015
v -0.0048795063 0.023350481 0.00075000041
v -0.0048795063 0.023350481 0.0015
v -0.0048795063 0.024649519 0.00075000041
v -0.0048795063 0.024649519 0.0015
v -0.0048795063 0.026350481 0.00075000041
v -0.0048795063 0.026350481 0.0015
v -0.0048795063 0.02764952 0.00075000041
v -0.0048795063 0.02764952 0.0015
v -0.0048452588 -0.030628504 0.023174958
v -0.0048452588 0.024628503 0.023174958
v -0.0048452588 0.026371496 0.023174958
v -0.0048286356 -0.0029686766 0.00049999991
v -0.0048286356 0.0029686766 0.00049999991
v -0.0046719844 -0.032499999 0.00033473579
v -0.0046719844 -0.032499999 0.024665264
v -0.0046719844 -0.030950001 0.024665264
v -0.0046719844 -0.02905 0.024665264
v -0.0046719844 -0.02795 0.024665264
v -0.0046719844 -0.02605 0.024665264
v -0.0046719844 -0.02495 0.024665264
v -0.0046719844 -0.023050001 0.024665264
v -0.0046719844 -0.021950001 0.024665264
v -0.0046719844 -0.02005 0.024665264
v -0.0046719844 -0.01895 0.024665264
v -0.0046719844 -0.01705 0.024665264
v -0.0046719844 -0.01595 0.024665264
v -0.0046719844 -0.01405 0.024665264
v -0.0046719844 -0.01295 0.024665264
v -0.0046719844 -0.01105 0.024665264
v -0.0046719844 -0.010833333 0.024665264
v -0.0046719844 -0.0099499999 0.024665264
v -0.0046719844 -0.0080500003 0.024665264
v -0.0046719844 -0.0069499998 0.024665264
v -0.0046719844 -0.0050499998 0.024665264
v -0.0046719844 -0.0039499998 0.024665264
v -0.0046719844 -0.00205 0.024665264
v -0.0046719844 -0.00095000002 0.024665264
v -0.0046719844 0.00095000002 0.024665264
v -0.0046719844 0.00205 0.024665264
v -0.0046719844 0.0039499998 0.024665264
v -0.0046719844 0.0050499998 0.024665264
v -0.0046719844 0.0069499998 0.024665264
v -0.0046719844 0.0080500003 0.024665264
v -0.0046719844 0.0099499999 0.024665264
v -0.0046719844 0.010833333 0.024665264
v -0.0046719844 0.01105 0.024665264
v -0.0046719844 0.01295 0.024665264
v -0.0046719844 0.01405 0.024665264
v -0.0046719844 0.01595 0.024665264
v -0.0046719844 0.01705 0.024665264
v -0.0046719844 0.01895 0.024665264
v -0.0046719844 0.02005 0.024665264
v -0.0046719844 0.021950001 0.024665264
v -0.0046719844 0.023050001 0.024665264
v -0.0046719844 0.02495 0.024665264
v -0.0046719844 0.02605 0.024665264
v -0.0046719844 0.02795 0.024665264
v -0.0046719844 0.02905 0.024665264
v -0.0046719844 0.030950001 0.024665264
v -0.0046719844 0.032499999 0.00033473579
v -0.0046719844 0.032499999 0.024665264
v -0.0046681324 -0.030467618 0.023158029
v -0.0046681324 -0.030467618 0.023800001
v -0.0046681324 -0.029532382 0.023158029
v -0.0046681324 -0.029532382 0.023800001
v -0.0046681324 -0.027467618 0.023158029
v -0.0046681324 -0.027467618 0.023800001
v -0.0046681324 -0.026532382 0.023158029
v -0.0046681324 -0.026532382 0.023800001
v -0.0046681324 -0.024467617 0.023158029
v -0.0046681324 -0.024467617 0.023800001
v -0.0046681324 -0.023532383 0.023158029
v -0.0046681324 -0.023532383 0.023800001
v -0.0046681324 -0.021467617 0.023158029
v -0.0046681324 -0.021467617 0.023800001
v -0.0046681324 -0.020532383 0.023158029
v -0.0046681324 -0.020532383 0.023800001
v -0.0046681324 -0.018467618 0.023158029
v -0.0046681324 -0.018467618 0.023800001
v -0.0046681324 -0.017532382 0.023158029
v -0.0046681324 -0.017532382 0.023800001
v -0.0046681324 -0.015467618 0.023158029
v -0.0046681324 -0.015467618 0.023800001
v -0.0046681324 -0.014532383 0.023158029
v -0.0046681324 -0.014532383 0.023800001
v -0.0046681324 -0.012467617 0.023158029
v -0.0046681324 -0.012467617 0.023800001
v -0.0046681324 -0.011532383 0.023158029
v -0.0046681324 -0.011532383 0.023800001
v -0.0046681324 -0.0094676176 0.023158029
v -0.0046681324 -0.0094676176 0.023800001
v -0.0046681324 -0.0085323825 0.023158029
v -0.0046681324 -0.0085323825 0.023800001
v -0.0046681324 -0.0064676176 0.023158029
v -0.0046681324 -0.0064676176 0.023800001
v -0.0046681324 -0.0055323825 0.023158029
v -0.0046681324 -0.0055323825 0.023800001
v -0.0046681324 -0.0034676173 0.023158029
v -0.0046681324 -0.0034676173 0.023800001
v -0.0046681324 -0.0025323827 0.023158029
v -0.0046681324 -0.0025323827 0.023800001
v -0.0046681324 -0.00046761736 0.023158029
v -0.0046681324 -0.00046761736 0.023800001
v -0.0046681324 0.00046761736 0.023158029
v -0.0046681324 0.00046761736 0.023800001
v -0.0046681324 0.0025323827 0.023158029
v -0.0046681324 0.0025323827 0.023800001
v -0.0046681324 0.0034676173 0.023158029
v -0.0046681324 0.0034676173 0.023800001
v -0.0046681324 0.0055323825 0.023158029
v -0.0046681324 0.0055323825 0.023800001
v -0.0046681324 0.0064676176 0.023158029
v -0.0046681324 0.0064676176 0.023800001
v -0.0046681324 0.0085323825 0.023158029
v -0.0046681324 0.0085323825 0.023800001
v -0.0046681324 0.0094676176 0.023158029
v -0.0046681324 0.0094676176 0.023800001
v -0.0046681324 0.011532383 0.023158029
v -0.0046681324 0.011532383 0.023800001
v -0.0046681324 0.012467617 0.023158029
v -0.0046681324 0.012467617 0.023800001
v -0.0046681324 0.014532383 0.023158029
v -0.0046681324 0.014532383 0.023800001
v -0.0046681324 0.015467618 0.023158029
v -0.0046681324 0.015467618 0.023800001
v -0.0046681324 0.017532382 0.023158029
v -0.0046681324 0.017532382 0.023800001
v -0.0046681324 0.018467618 0.023158029
v -0.0046681324 0.018467618 0.023800001
v -0.0046681324 0.020532383 0.023158029
v -0.0046681324 0.020532383 0.023800001
v -0.0046681324 0.021467617 0.023158029
v -0.0046681324 0.021467617 0.023800001
v -0.0046681324 0.023532383 0.023158029
v -0.0046681324 0.023532383 0.023800001
v -0.0046681324 0.024467617 0.023158029
v -0.0046681324 0.024467617 0.023800001
v -0.0046681324 0.026532382 0.023158029
v -0.0046681324 0.026532382 0.023800001
v -0.0046681324 0.027467618 0.023158029
v -0.0046681324 0.027467618 0.023800001
v -0.0046681324 0.029532382 0.023158029
v -0.0046681324 0.029532382 0.023800001
v -0.0046681324 0.030467618 0.023158029
v -0.0046681324 0.030467618 0.023800001
v -0.0046513332 -0.0034361847 -1.8626456e-10
v -0.0046513332 0.0034361847 -1.8626456e-10
v -0.0046503348 -0.032404389 0.023156304
v -0.0046122577 0.030151051 0.00034042151
v -0.0046049869 -0.027375 0.00075000041
v -0.0046049869 -0.027375 0.0015
v -0.0046049869 -0.026625 0.00075000041
v -0.0046049869 -0.026625 0.0015
v -0.0046049869 -0.024374999 0.00075000041
v -0.0046049869 -0.024374999 0.0015
v -0.0046049869 -0.023624999 0.00075000041
v -0.0046049869 -0.023624999 0.0015
v -0.0046049869 -0.021375 0.00075000041
v -0.0046049869 -0.021375 0.0015
v -0.0046049869 -0.020625001 0.00075000041
v -0.0046049869 -0.020625001 0.0015
v -0.0046049869 -0.018375 0.00075000041
v -0.0046049869 -0.018375 0.0015
v -0.0046049869 -0.017625 0.00075000041
v -0.0046049869 -0.017625 0.0015
v -0.0046049869 -0.015375 0.00075000041
v -0.0046049869 -0.015375 0.0015
v -0.0046049869 -0.014625 0.00075000041
v -0.0046049869 -0.014625 0.0015
v -0.0046049869 -0.012375 0.00075000041
v -0.0046049869 -0.012375 0.0015
v -0.0046049869 -0.011625 0.00075000041
v -0.0046049869 -0.011625 0.0015
v -0.0046049869 -0.0093750004 0.00075000041
v -0.0046049869 -0.0093750004 0.0015
v -0.0046049869 -0.0086249998 0.00075000041
v -0.0046049869 -0.0086249998 0.0015
v -0.0046049869 -0.0063749999 0.00075000041
v -0.0046049869 -0.0063749999 0.0015
v -0.0046049869 -0.0056250002 0.00075000041
v -0.0046049869 -0.0056250002 0.0015
v -0.0046049869 0.0056250002 0.00075000041
v -0.0046049869 0.0056250002 0.0015
v -0.0046049869 0.0063749999 0.00075000041
v -0.0046049869 0.0063749999 0.0015
v -0.0046049869 0.0086249998 0.00075000041
v -0.0046049869 0.0086249998 0.0015
v -0.0046049869 0.0093750004 0.00075000041
v -0.0046049869 0.0093750004 0.0015
v -0.0046049869 0.011625 0.00075000041
v -0.0046049869 0.011625 0.0015
v -0.0046049869 0.012375 0.00075000041
v -0.0046049869 0.012375 0.0015
v -0.0046049869 0.014625 0.00075000041
v -0.0046049869 0.014625 0.0015
v -0.0046049869 0.015375 0.00075000041
v -0.0046049869 0.015375 0.0015
v -0.0046049869 0.017625 0.00075000041
v -0.0046049869 0.017625 0.0015
v -0.0046049869 0.018375 0.00075000041
v -0.0046049869 0.018375 0.0015
v -0.0046049869 0.020625001 0.00075000041
v -0.0046049869 0.020625001 0.0015
v -0.0046049869 0.021375 0.00075000041
v -0.0046049869 0.021375 0.0015
v -0.0046049869 0.023624999 0.00075000041
v -0.0046049869 0.023624999 0.0015
v -0.0046049869 0.024374999 0.00075000041
v -0.0046049869 0.024374999 0.0015
v -0.0046049869 0.026625 0.00075000041
v -0.0046049869 0.026625 0.0015
v -0.0046049869 0.027375 0.00075000041
v -0.0046049869 0.027375 0.0015
v -0.0045245057 -0.027091462 0.023143983
v -0.0045245057 -0.027083658 0.023150552
v -0.0045245057 -0.027025135 0.023182981
v -0.0045245057 -0.026959173 0.023194226
v -0.0045245057 -0.026827954 0.023143983
v -0.0045245057 -0.026827954 0.023194226
v -0.0045245057 -0.00017204651 0.023143983
v -0.0045245057 -0.00017204651 0.023194226
v -0.0045245057 0.00017204651 0.023143983
v -0.0045245057 0.00017204651 0.023194226
v -0.0045233099 -0.03016689 0.023143865
v -0.0045233099 -0.03016689 0.023800001
v -0.0045233099 -0.02983311 0.023143865
v -0.0045233099 -0.02983311 0.023800001
v -0.0045233099 -0.02716689 0.023143865
v -0.0045233099 -0.02716689 0.023800001
v -0.0045233099 -0.02683311 0.023800001
v -0.0045233099 -0.024166891 0.023143865
v -0.0045233099 -0.024166891 0.023800001
v -0.0045233099 -0.023833109 0.023143865
v -0.0045233099 -0.023833109 0.023800001
v -0.0045233099 -0.021166891 0.023143865
v -0.0045233099 -0.021166891 0.023800001
v -0.0045233099 -0.020833109 0.023143865
v -0.0045233099 -0.020833109 0.023800001
v -0.0045233099 -0.01816689 0.023143865
v -0.0045233099 -0.01816689 0.023800001
v -0.0045233099 -0.01783311 0.023143865
v -0.0045233099 -0.01783311 0.023800001
v -0.0045233099 -0.015166891 0.023143865
v -0.0045233099 -0.015166891 0.023800001
v -0.0045233099 -0.014833109 0.023143865
v -0.0045233099 -0.014833109 0.023800001
v -0.0045233099 -0.01216689 0.023143865
v -0.0045233099 -0.01216689 0.023800001
v -0.0045233099 -0.011833109 0.023143865
v -0.0045233099 -0.011833109 0.023800001
v -0.0045233099 -0.0091668908 0.023143865
v -0.0045233099 -0.0091668908 0.023800001
v -0.0045233099 -0.0088331094 0.023143865
v -0.0045233099 -0.0088331094 0.023800001
v -0.0045233099 -0.0061668907 0.023143865
v -0.0045233099 -0.0061668907 0.023800001
v -0.0045233099 -0.0058331094 0.023143865
v -0.0045233099 -0.0058331094 0.023800001
v -0.0045233099 -0.0031668907 0.023143865
v -0.0045233099 -0.0031668907 0.023800001
v -0.0045233099 -0.0028331093 0.023143865
v -0.0045233099 -0.0028331093 0.023800001
v -0.0045233099 -0.00016689071 0.023800001
v -0.0045233099 0.00016689071 0.023800001
v -0.0045233099 0.0028331093 0.023143865
v -0.0045233099 0.0028331093 0.023800001
v -0.0045233099 0.0031668907 0.023143865
v -0.0045233099 0.0031668907 0.023800001
v -0.0045233099 0.0058331094 0.023143865
v -0.0045233099 0.0058331094 0.023800001
v -0.0045233099 0.0061668907 0.023143865
v -0.0045233099 0.0061668907 0.023800001
v -0.0045233099 0.0088331094 0.023143865
v -0.0045233099 0.0088331094 0.023800001
v -0.0045233099 0.0091668908 0.023143865
v -0.0045233099 0.0091668908 0.023800001
v -0.0045233099 0.011833109 0.023143865
v -0.0045233099 0.011833109 0.023800001
v -0.0045233099 0.01216689 0.023143865
v -0.0045233099 0.01216689 0.023800001
v -0.0045233099 0.014833109 0.023143865
v -0.0045233099 0.014833109 0.023800001
v -0.0045233099 0.015166891 0.023143865
v -0.0045233099 0.015166891 0.023800001
v -0.0045233099 0.01783311 0.023143865
v -0.0045233099 0.01783311 0.023800001
v -0.0045233099 0.01816689 0.023143865
v -0.0045233099 0.01816689 0.023800001
v -0.0045233099 0.020833109 0.023143865
v -0.0045233099 0.020833109 0.023800001
v -0.0045233099 0.021166891 0.023143865
v -0.0045233099 0.021166891 0.023800001
v -0.0045233099 0.023833109 0.023143865
v -0.0045233099 0.023833109 0.023800001
v -0.0045233099 0.024166891 0.023143865
v -0.0045233099 0.024166891 0.023800001
v -0.0045233099 0.02683311 0.023143865
v -0.0045233099 0.02683311 0.023800001
v -0.0045233099 0.02716689 0.023143865
v -0.0045233099 0.02716689 0.023800001
v -0.0045233099 0.02983311 0.023143865
v -0.0045233099 0.02983311 0.023800001
v -0.0045233099 0.03016689 0.023143865
v -0.0045233099 0.03016689 0.023800001
v -0.0045101037 -0.027091462 0.023142558
v -0.0045091212 -0.027083077 0.023149492
v -0.0045056185 -0.026959173 0.023192359
v -0.0045049144 -0.02702475 0.02318118
v -0.0045045065 -0.027000001 0.00075000041
v -0.0045045065 -0.027000001 0.0015
v -0.0045045065 -0.024 0.00075000041
v -0.0045045065 -0.024 0.0015
v -0.0045045065 -0.021 0.00075000041
v -0.0045045065 -0.021 0.0015
v -0.0045045065 -0.017999999 0.00075000041
v -0.0045045065 -0.017999999 0.0015
v -0.0045045065 -0.015 0.00075000041
v -0.0045045065 -0.015 0.0015
v -0.0045045065 -0.012 0.00075000041
v -0.0045045065 -0.012 0.0015
v -0.0045045065 -0.0089999996 0.00075000041
v -0.0045045065 -0.0089999996 0.0015
v -0.0045045065 -0.0060000001 0.00075000041
v -0.0045045065 -0.0060000001 0.0015
v -0.0045045065 5.8174692e-07 0.023192249
v -0.0045045065 0.0060000001 0.00075000041
v -0.0045045065 0.0060000001 0.0015
v -0.0045045065 0.0089999996 0.00075000041
v -0.0045045065 0.0089999996 0.0015
v -0.0045045065 0.012 0.00075000041
v -0.0045045065 0.012 0.0015
v -0.0045045065 0.015 0.00075000041
v -0.0045045065 0.015 0.0015
v -0.0045045065 0.017999999 0.00075000041
v -0.0045045065 0.017999999 0.0015
v -0.0045045065 0.021 0.00075000041
v -0.0045045065 0.021 0.0015
v -0.0045045065 0.024 0.00075000041
v -0.0045045065 0.024 0.0015
v -0.0045045065 0.027000001 0.00075000041
v -0.0045045065 0.027000001 0.0015
v -0.0044672508 0.029552715 -1.8626456e-10
v -0.0044584097 0.029603595 9.1705469e-06
v -0.0044506183 0.029648436 3.5716967e-05
v -0.0044452781 0.029679168 7.2369163e-05
v -0.0044441503 0.029685264 8.3691251e-05
v -0.004367006 -0.0027496307 0.00049999991
v -0.004367006 -0.0027496307 0.0094999997
v -0.004367006 0.0027496307 0.00049999991
v -0.004367006 0.0027496307 0.0094999997
v -0.0042676348 -0.02965666 8.8195127e-05
v -0.0041824244 -0.029642651 9.0207715e-05
v -0.0041180868 -0.0036377453 -1.8626456e-10
v -0.0041180868 -0.0036377453 0.0015
v -0.0041180868 0.0036377453 -1.8626456e-10
v -0.0041180868 0.0036377453 0.0015
v -0.0041084522 0.029630272 9.1582348e-05
v -0.0040629087 -0.0038058322 -1.8626456e-10
v -0.0040629087 -0.0038058322 0.0015
v -0.0040629087 0.0038058322 -1.8626456e-10
v -0.0040629087 0.0038058322 0.0015
v -0.0039133951 -0.029713329 0.00027009641
v -0.003910983 -0.029599221 0.00010082293
v -0.0039091064 -0.029597286 9.6796823e-05
v -0.003901857 -0.029884506 0.00038035569
v -0.0035779849 -0.0021054144 0.00049999991
v -0.0035779849 0.0021054144 0.00049999991
v -0.0032048756 -0.0015875 0.00049999991
v -0.0032048756 -0.0015875 0.0094999997
v -0.0032048756 0.0015875 0.00049999991
v -0.0032048756 0.0015875 0.0094999997
v -0.0032037292 -0.0024369757 -1.8626456e-10
v -0.0032037292 0.0024369757 -1.8626461e-10
v -0.0030654203 0.029453637 0.00011815577
v -0.0029347334 0.029281378 -1.8626456e-10
v -0.0029256474 0.029332217 9.1705469e-06
v -0.0029176408 0.029377019 3.5716967e-05
v -0.0029121526 0.029407727 7.2369163e-05
v -0.0029088175 0.029426388 0.00012171156
v -0.0028717658 -0.00075982721 0.00049999991
v -0.0028717658 0.00075982721 0.00049999991
v -0.0027795061 -3.08642e-13 0.00049999991
v -0.0027795061 -3.08642e-13 0.0094999997
v -0.0027781585 -0.029893897 0.00053856039
v -0.0027769227 0.029547093 0.00039968343
v -0.0027746661 0.029432569 0.00023069028
v -0.0027658576 0.029401673 0.00012634955
v -0.002763059 0.029718217 0.00050976017
v -0.0027402369 -0.0025048153 -1.8626456e-10
v -0.0027402369 -0.0025048153 0.0015
v -0.0027402369 0.0025048153 -1.8626456e-10
v -0.0027402369 0.0025048153 0.0015
v -0.0026119947 -0.0026249033 -1.8626456e-10
v -0.0026119947 -0.0026249033 0.0015
v -0.0026119947 0.0026249033 -1.8626461e-10
v -0.0026119947 0.0026249033 0.0015
v -0.0023862952 -0.00087948504 -1.8626456e-10
v -0.0023862952 0.00087948504 -1.8626456e-10
v -0.0023745056 -0.032745417 0.022899589
v -0.0023745056 -0.031958852 0.023340533
v -0.0023745056 -0.031041149 0.023340533
v -0.0023745056 -0.030254582 0.022899589
v -0.0023745056 0.024254581 0.022899589
v -0.0023745056 0.02504115 0.023340533
v -0.0023745056 0.025958851 0.023340533
v -0.0023745056 0.026745418 0.022899589
v -0.0023731831 -0.044360716 0.011400943
v -0.0023731831 -0.044360716 0.013599057
v -0.0023731831 -0.043956812 0.0092402557
v -0.0023731831 -0.043956812 0.015759744
v -0.0023731831 -0.043162763 0.0071905758
v -0.0023731831 -0.043162763 0.017809425
v -0.0023731831 -0.042005602 0.0053217015
v -0.0023731831 -0.042005602 0.019678298
v -0.0023731831 -0.040524743 0.0036972759
v -0.0023731831 -0.040524743 0.021302724
v -0.0023731831 -0.038770612 0.0023726157
v -0.0023731831 -0.038770612 0.022627383
v -0.0023731831 -0.03680294 0.0013928318
v -0.0023731831 -0.03680294 0.023607168
v -0.0023731831 -0.034688737 0.00079128967
v -0.0023731831 -0.034688737 0.02420871
v -0.0023731831 -0.032499999 0.00058847369
v -0.0023731831 -0.032499999 0.024411526
v -0.0023731831 0.032499999 0.00058847369
v -0.0023731831 0.032499999 0.024411526
v -0.0023731831 0.034688737 0.00079128967
v -0.0023731831 0.034688737 0.02420871
v -0.0023731831 0.03680294 0.0013928318
v -0.0023731831 0.03680294 0.023607168
v -0.0023731831 0.038770612 0.0023726157
v -0.0023731831 0.038770612 0.022627383
v -0.0023731831 0.040524743 0.0036972759
v -0.0023731831 0.040524743 0.021302724
v -0.0023731831 0.042005602 0.0053217015
v -0.0023731831 0.042005602 0.019678298
v -0.0023731831 0.043162763 0.0071905758
v -0.0023731831 0.043162763 0.017809425
v -0.0023731831 0.043956812 0.0092402557
v -0.0023731831 0.043956812 0.015759744
v -0.0023731831 0.044360716 0.011400943
v -0.0023731831 0.044360716 0.013599057
v -0.002054506 -0.030750001 0.023800001
v -0.002054506 -0.030750001 0.024168978
v -0.002054506 -0.02925 0.023800001
v -0.002054506 -0.02925 0.024168978
v -0.002054506 -0.02795 -1.8626456e-10
v -0.002054506 -0.02775 0.0002000004
v -0.002054506 -0.02775 0.00075000041
v -0.002054506 -0.02775 0.023800001
v -0.002054506 -0.02775 0.024168978
v -0.002054506 -0.026249999 0.0002000004
v -0.002054506 -0.026249999 0.00075000041
v -0.002054506 -0.026249999 0.023800001
v -0.002054506 -0.026249999 0.024168978
v -0.002054506 -0.02605 -1.8626456e-10
v -0.002054506 -0.02495 -1.862645e-10
v -0.002054506 -0.02475 0.0002000004
v -0.002054506 -0.02475 0.00075000041
v -0.002054506 -0.02475 0.023800001
v -0.002054506 -0.02475 0.024168978
v -0.002054506 -0.023250001 0.0002000004
v -0.002054506 -0.023250001 0.00075000041
v -0.002054506 -0.023250001 0.023800001
v -0.002054506 -0.023250001 0.024168978
v -0.002054506 -0.023050001 -1.8626456e-10
v -0.002054506 -0.021950001 -1.8626456e-10
v -0.002054506 -0.021749999 0.0002000004
v -0.002054506 -0.021749999 0.00075000041
v -0.002054506 -0.021749999 0.023800001
v -0.002054506 -0.021749999 0.024168978
v -0.002054506 -0.02025 0.0002000004
v -0.002054506 -0.02025 0.00075000041
v -0.002054506 -0.02025 0.023800001
v -0.002054506 -0.02025 0.024168978
v -0.002054506 -0.02005 -1.8626456e-10
v -0.002054506 -0.01895 -1.8626456e-10
v -0.002054506 -0.018750001 0.0002000004
v -0.002054506 -0.018750001 0.00075000041
v -0.002054506 -0.018750001 0.023800001
v -0.002054506 -0.018750001 0.024168978
v -0.002054506 -0.01725 0.0002000004
v -0.002054506 -0.01725 0.00075000041
v -0.002054506 -0.01725 0.023800001
v -0.002054506 -0.01725 0.024168978
v -0.002054506 -0.01705 -1.8626456e-10
v -0.002054506 -0.01595 -1.8626456e-10
v -0.002054506 -0.01575 0.0002000004
v -0.002054506 -0.01575 0.00075000041
v -0.002054506 -0.01575 0.023800001
v -0.002054506 -0.01575 0.024168978
v -0.002054506 -0.01425 0.0002000004
v -0.002054506 -0.01425 0.00075000041
v -0.002054506 -0.01425 0.023800001
v -0.002054506 -0.01425 0.024168978
v -0.002054506 -0.01405 -1.8626456e-10
v -0.002054506 -0.01295 -1.8626456e-10
v -0.002054506 -0.01275 0.0002000004
v -0.002054506 -0.01275 0.00075000041
v -0.002054506 -0.01275 0.023800001
v -0.002054506 -0.01275 0.024168978
v -0.002054506 -0.01125 0.0002000004
v -0.002054506 -0.01125 0.00075000041
v -0.002054506 -0.01125 0.023800001
v -0.002054506 -0.01125 0.024168978
v -0.002054506 -0.01105 -1.8626456e-10
v -0.002054506 -0.0099499999 -1.8626456e-10
v -0.002054506 -0.0097500002 0.0002000004
v -0.002054506 -0.0097500002 0.00075000041
v -0.002054506 -0.0097500002 0.023800001
v -0.002054506 -0.0097500002 0.024168978
v -0.002054506 -0.00825 0.0002000004
v -0.002054506 -0.00825 0.00075000041
v -0.002054506 -0.00825 0.023800001
v -0.002054506 -0.00825 0.024168978
v -0.002054506 -0.0080500003 -1.8626461e-10
v -0.002054506 -0.0069499998 -1.8626456e-10
v -0.002054506 -0.0067500002 0.0002000004
v -0.002054506 -0.0067500002 0.00075000041
v -0.002054506 -0.0067500002 0.023800001
v -0.002054506 -0.0067500002 0.024168978
v -0.002054506 -0.0052499999 0.0002000004
v -0.002054506 -0.0052499999 0.00075000041
v -0.002054506 -0.0052499999 0.023800001
v -0.002054506 -0.0052499999 0.024168978
v -0.002054506 -0.0050499998 -1.8626456e-10
v -0.002054506 -0.0037499999 0.023800001
v -0.002054506 -0.0037499999 0.024168978
v -0.002054506 -0.0022499999 0.023800001
v -0.002054506 -0.0022499999 0.024168978
v -0.002054506 -0.00075000001 0.023800001
v -0.002054506 -0.00075000001 0.024168978
v -0.002054506 0.00075000001 0.023800001
v -0.002054506 0.00075000001 0.024168978
v -0.002054506 0.0022499999 0.023800001
v -0.002054506 0.0022499999 0.024168978
v -0.002054506 0.0037499999 0.023800001
v -0.002054506 0.0037499999 0.024168978
v -0.002054506 0.0050499998 -1.8626461e-10
v -0.002054506 0.0052499999 0.0002000004
v -0.002054506 0.0052499999 0.00075000041
v -0.002054506 0.0052499999 0.023800001
v -0.002054506 0.0052499999 0.024168978
v -0.002054506 0.0067500002 0.0002000004
v -0.002054506 0.0067500002 0.00075000041
v -0.002054506 0.0067500002 0.023800001
v -0.002054506 0.0067500002 0.024168978
v -0.002054506 0.0069499998 -1.862645e-10
v -0.002054506 0.0080500003 -1.8626456e-10
v -0.002054506 0.00825 0.0002000004
v -0.002054506 0.00825 0.00075000041
v -0.002054506 0.00825 0.023800001
v -0.002054506 0.00825 0.024168978
v -0.002054506 0.0097500002 0.0002000004
v -0.002054506 0.0097500002 0.00075000041
v -0.002054506 0.0097500002 0.023800001
v -0.002054506 0.0097500002 0.024168978
v -0.002054506 0.0099499999 -1.8626456e-10
v -0.002054506 0.01105 -1.8626456e-10
v -0.002054506 0.01125 0.0002000004
v -0.002054506 0.01125 0.00075000041
v -0.002054506 0.01125 0.023800001
v -0.002054506 0.01125 0.024168978
v -0.002054506 0.01275 0.0002000004
v -0.002054506 0.01275 0.00075000041
v -0.002054506 0.01275 0.023800001
v -0.002054506 0.01275 0.024168978
v -0.002054506 0.01295 -1.8626456e-10
v -0.002054506 0.01405 -1.8626456e-10
v -0.002054506 0.01425 0.0002000004
v -0.002054506 0.01425 0.00075000041
v -0.002054506 0.01425 0.023800001
v -0.002054506 0.01425 0.024168978
v -0.002054506 0.01575 0.0002000004
v -0.002054506 0.01575 0.00075000041
v -0.002054506 0.01575 0.023800001
v -0.002054506 0.01575 0.024168978
v -0.002054506 0.01595 -1.8626456e-10
v -0.002054506 0.01705 -1.8626456e-10
v -0.002054506 0.01725 0.0002000004
v -0.002054506 0.01725 0.00075000041
v -0.002054506 0.01725 0.023800001
v -0.002054506 0.01725 0.024168978
v -0.002054506 0.018750001 0.0002000004
v -0.002054506 0.018750001 0.00075000041
v -0.002054506 0.018750001 0.023800001
v -0.002054506 0.018750001 0.024168978
v -0.002054506 0.01895 -1.8626456e-10
v -0.002054506 0.02005 -1.8626456e-10
v -0.002054506 0.02025 0.0002000004
v -0.002054506 0.02025 0.00075000041
v -0.002054506 0.02025 0.023800001
v -0.002054506 0.02025 0.024168978
v -0.002054506 0.021749999 0.0002000004
v -0.002054506 0.021749999 0.00075000041
v -0.002054506 0.021749999 0.023800001
v -0.002054506 0.021749999 0.024168978
v -0.002054506 0.021950001 -1.8626456e-10
v -0.002054506 0.023050001 -1.8626456e-10
v -0.002054506 0.023250001 0.0002000004
v -0.002054506 0.023250001 0.00075000041
v -0.002054506 0.023250001 0.023800001
v -0.002054506 0.023250001 0.024168978
v -0.002054506 0.02475 0.0002000004
v -0.002054506 0.02475 0.00075000041
v -0.002054506 0.02475 0.023800001
v -0.002054506 0.02475 0.024168978
v -0.002054506 0.02495 -1.8626461e-10
v -0.002054506 0.02605 -1.8626456e-10
v -0.002054506 0.026249999 0.0002000004
v -0.002054506 0.026249999 0.00075000041
v -0.002054506 0.026249999 0.023800001
v -0.002054506 0.026249999 0.024168978
v -0.002054506 0.02775 0.0002000004
v -0.002054506 0.02775 0.00075000041
v -0.002054506 0.02775 0.023800001
v -0.002054506 0.02775 0.024168978
v -0.002054506 0.02795 -1.8626456e-10
v -0.002054506 0.02925 0.023800001
v -0.002054506 0.02925 0.024168978
v -0.002054506 0.030750001 0.023800001
v -0.002054506 0.030750001 0.024168978
v -0.0020285826 -0.030950001 0.024367291
v -0.0020285826 -0.02905 0.024367291
v -0.0020285826 -0.02795 0.024367291
v -0.0020285826 -0.02605 0.024367291
v -0.0020285826 -0.02495 0.024367291
v -0.0020285826 -0.023050001 0.024367291
v -0.0020285826 -0.021950001 0.024367291
v -0.0020285826 -0.02005 0.024367291
v -0.0020285826 -0.01895 0.024367291
v -0.0020285826 -0.01705 0.024367291
v -0.0020285826 -0.01595 0.024367291
v -0.0020285826 -0.01405 0.024367291
v -0.0020285826 -0.01295 0.024367291
v -0.0020285826 -0.01105 0.024367291
v -0.0020285826 -0.0099499999 0.024367291
v -0.0020285826 -0.0080500003 0.024367291
v -0.0020285826 -0.0069499998 0.024367291
v -0.0020285826 -0.0050499998 0.024367291
v -0.0020285826 -0.0039499998 0.024367291
v -0.0020285826 -0.00205 0.024367291
v -0.0020285826 -0.00095000002 0.024367291
v -0.0020285826 0.00095000002 0.024367291
v -0.0020285826 0.00205 0.024367291
v -0.0020285826 0.0039499998 0.024367291
v -0.0020285826 0.0050499998 0.024367291
v -0.0020285826 0.0069499998 0.024367291
v -0.0020285826 0.0080500003 0.024367291
v -0.0020285826 0.0099499999 0.024367291
v -0.0020285826 0.01105 0.024367291
v -0.0020285826 0.01295 0.024367291
v -0.0020285826 0.01405 0.024367291
v -0.0020285826 0.01595 0.024367291
v -0.0020285826 0.01705 0.024367291
v -0.0020285826 0.01895 0.024367291
v -0.0020285826 0.02005 0.024367291
v -0.0020285826 0.021950001 0.024367291
v -0.0020285826 0.023050001 0.024367291
v -0.0020285826 0.02495 0.024367291
v -0.0020285826 0.02605 0.024367291
v -0.0020285826 0.02795 0.024367291
v -0.0020285826 0.02905 0.024367291
v -0.0020285826 0.030950001 0.024367291
v -0.0019783117 -0.00089190813 -1.8626456e-10
v -0.0019783117 -0.00089190813 0.0015
v -0.0019783117 0.00089190813 -1.8626461e-10
v -0.0019783117 0.00089190813 0.0015
v -0.0019767554 -0.029111145 -1.8626456e-10
v -0.0019767554 0.029111145 -1.8626456e-10
v -0.0019751051 -0.029254215 0.024155762
v -0.0019751051 -0.026254214 0.024155762
v -0.0019751051 -0.023254216 0.024155762
v -0.0019751051 -0.020254215 0.024155762
v -0.0019751051 -0.017254215 0.024155762
v -0.0019751051 -0.014254215 0.024155762
v -0.0019751051 -0.011254215 0.024155762
v -0.0019751051 -0.0082542151 0.024155762
v -0.0019751051 -0.0052542146 0.024155762
v -0.0019751051 -0.0022542148 0.024155762
v -0.0019751051 0.00074578513 0.024155762
v -0.0019751051 0.0037457852 0.024155762
v -0.0019751051 0.006745785 0.024155762
v -0.0019751051 0.009745785 0.024155762
v -0.0019751051 0.012745786 0.024155762
v -0.0019751051 0.015745785 0.024155762
v -0.0019751051 0.018745786 0.024155762
v -0.0019751051 0.021745786 0.024155762
v -0.0019751051 0.024745785 0.024155762
v -0.0019751051 0.027745785 0.024155762
v -0.0019751051 0.030745786 0.024155762
v -0.0019670185 -0.029166566 1.095403e-05
v -0.0019670185 0.029166566 1.095403e-05
v -0.0019585015 -0.02921504 4.3358468e-05
v -0.0019585015 0.02921504 4.3358468e-05
v -0.0019528017 -0.029247481 9.2221235e-05
v -0.0019528017 0.029247481 9.2221235e-05
v -0.0019507994 -0.029258881 0.00014999956
v -0.0019507994 0.029258881 0.00014999956
v -0.0018250271 -0.029236618 0.00016688723
v -0.0018087168 -0.00093538006 -1.8626456e-10
v -0.0018087168 -0.00093538006 0.0015
v -0.0018087168 0.00093538006 -1.8626456e-10
v -0.0018087168 0.00093538006 0.0015
v -0.0018029454 -0.030706553 0.024126628
v -0.0018029454 -0.027706552 0.024126628
v -0.0018029454 -0.024706554 0.024126628
v -0.0018029454 -0.021706553 0.024126628
v -0.0018029454 -0.018706553 0.024126628
v -0.0018029454 -0.015706552 0.024126628
v -0.0018029454 -0.012706553 0.024126628
v -0.0018029454 -0.0097065531 0.024126628
v -0.0018029454 -0.006706553 0.024126628
v -0.0018029454 -0.003706553 0.024126628
v -0.0018029454 -0.00070655294 0.024126628
v -0.0018029454 0.002293447 0.024126628
v -0.0018029454 0.0052934471 0.024126628
v -0.0018029454 0.0082934471 0.024126628
v -0.0018029454 0.011293447 0.024126628
v -0.0018029454 0.014293447 0.024126628
v -0.0018029454 0.017293448 0.024126628
v -0.0018029454 0.020293446 0.024126628
v -0.0018029454 0.023293447 0.024126628
v -0.0018029454 0.026293447 0.024126628
v -0.0018029454 0.029293448 0.024126628
v -0.0017321043 -0.029322831 0.02411445
v -0.0017321043 -0.026322832 0.02411445
v -0.0017321043 -0.023322832 0.02411445
v -0.0017321043 -0.020322831 0.02411445
v -0.0017321043 -0.017322831 0.02411445
v -0.0017321043 -0.014322831 0.02411445
v -0.0017321043 -0.011322832 0.02411445
v -0.0017321043 -0.0083228312 0.02411445
v -0.0017321043 -0.0053228317 0.02411445
v -0.0017321043 -0.0023228317 0.02411445
v -0.0017321043 0.00067716837 0.02411445
v -0.0017321043 0.0036771684 0.02411445
v -0.0017321043 0.0066771684 0.02411445
v -0.0017321043 0.009677168 0.02411445
v -0.0017321043 0.012677168 0.02411445
v -0.0017321043 0.015677169 0.02411445
v -0.0017321043 0.018677168 0.02411445
v -0.0017321043 0.021677168 0.02411445
v -0.0017321043 0.024677169 0.02411445
v -0.0017321043 0.027677169 0.02411445
v -0.0017321043 0.030677168 0.02411445
v -0.0017286137 -0.029098336 0.024327463
v -0.0017286137 -0.026098335 0.024327463
v -0.0017286137 -0.023098337 0.024327463
v -0.0017286137 -0.020098336 0.024327463
v -0.0017286137 -0.017098336 0.024327463
v -0.0017286137 -0.014098336 0.024327463
v -0.0017286137 -0.011098335 0.024327463
v -0.0017286137 -0.0080983359 0.024327463
v -0.0017286137 -0.0050983359 0.024327463
v -0.0017286137 -0.0020983359 0.024327463
v -0.0017286137 0.00090166408 0.024327463
v -0.0017286137 0.0039016642 0.024327463
v -0.0017286137 0.0069016642 0.024327463
v -0.0017286137 0.0099016642 0.024327463
v -0.0017286137 0.012901664 0.024327463
v -0.0017286137 0.015901664 0.024327463
v -0.0017286137 0.018901665 0.024327463
v -0.0017286137 0.021901663 0.024327463
v -0.0017286137 0.024901664 0.024327463
v -0.0017286137 0.027901664 0.024327463
v -0.0017286137 0.030901665 0.024327463
v -0.0017260498 -0.029066438 -1.8626456e-10
v -0.0017260498 0.029066438 -1.8626456e-10
v -0.0017194467 -0.029362233 0.00053021667
v -0.0017194467 0.029362233 0.00053021667
v -0.0017191599 0.029368363 0.00053628796
v -0.0017170989 0.029253406 0.00036758633
v -0.001716989 -0.029116511 8.8958068e-06
v -0.0017168819 -0.029251914 0.00036399049
v -0.0017168055 0.029117525 9.2711298e-06
v -0.001707252 -0.029170314 4.3435768e-05
v -0.0017071626 0.029170807 4.3934026e-05
v -0.0017046322 -0.029527297 0.00064131134
v -0.0017045055 -3.3707759e-13 -1.8626456e-10
v -0.0017030983 0.029539416 0.00064617564
v -0.0017010103 -0.029204808 9.7784025e-05
v -0.0017009907 0.029204916 9.8082048e-05
v -0.0016993395 -0.029214039 0.00014999956
v -0.0016993395 -0.029214039 0.00018398165
v -0.0016993395 0.029214039 0.00014999956
v -0.0016993395 0.029214039 0.00018398165
v -0.0016796085 -0.030649578 0.024105355
v -0.0016796085 -0.027649578 0.024105355
v -0.0016796085 -0.024649579 0.024105355
v -0.0016796085 -0.021649579 0.024105355
v -0.0016796085 -0.018649578 0.024105355
v -0.0016796085 -0.015649578 0.024105355
v -0.0016796085 -0.012649578 0.024105355
v -0.0016796085 -0.0096495785 0.024105355
v -0.0016796085 -0.0066495785 0.024105355
v -0.0016796085 -0.0036495784 0.024105355
v -0.0016796085 -0.00064957846 0.024105355
v -0.0016796085 0.0023504216 0.024105355
v -0.0016796085 0.0053504216 0.024105355
v -0.0016796085 0.0083504217 0.024105355
v -0.0016796085 0.011350421 0.024105355
v -0.0016796085 0.014350422 0.024105355
v -0.0016796085 0.017350422 0.024105355
v -0.0016796085 0.020350421 0.024105355
v -0.0016796085 0.023350421 0.024105355
v -0.0016796085 0.026350422 0.024105355
v -0.0016796085 0.029350422 0.024105355
v -0.0016795843 -0.029350435 0.024105351
v -0.0016795843 -0.026350437 0.024105351
v -0.0016795843 -0.023350436 0.024105351
v -0.0016795843 -0.020350436 0.024105351
v -0.0016795843 -0.017350435 0.024105351
v -0.0016795843 -0.014350436 0.024105351
v -0.0016795843 -0.011350436 0.024105351
v -0.0016795843 -0.0083504356 0.024105351
v -0.0016795843 -0.0053504361 0.024105351
v -0.0016795843 -0.0023504361 0.024105351
v -0.0016795843 0.00064956403 0.024105351
v -0.0016795843 0.003649564 0.024105351
v -0.0016795843 0.006649564 0.024105351
v -0.0016795843 0.0096495645 0.024105351
v -0.0016795843 0.012649564 0.024105351
v -0.0016795843 0.015649565 0.024105351
v -0.0016795843 0.018649563 0.024105351
v -0.0016795843 0.021649564 0.024105351
v -0.0016795843 0.024649564 0.024105351
v -0.0016795843 0.027649565 0.024105351
v -0.0016795843 0.030649563 0.024105351
v -0.001679506 -0.030649519 0.023800001
v -0.001679506 -0.02935048 0.023800001
v -0.001679506 -0.02764952 0.0002000004
v -0.001679506 -0.02764952 0.00075000041
v -0.001679506 -0.02764952 0.023800001
v -0.001679506 -0.026350481 0.0002000004
v -0.001679506 -0.026350481 0.00075000041
v -0.001679506 -0.026350481 0.023800001
v -0.001679506 -0.024649519 0.0002000004
v -0.001679506 -0.024649519 0.00075000041
v -0.001679506 -0.024649519 0.023800001
v -0.001679506 -0.023350481 0.0002000004
v -0.001679506 -0.023350481 0.00075000041
v -0.001679506 -0.023350481 0.023800001
v -0.001679506 -0.021649519 0.0002000004
v -0.001679506 -0.021649519 0.00075000041
v -0.001679506 -0.021649519 0.023800001
v -0.001679506 -0.02035048 0.0002000004
v -0.001679506 -0.02035048 0.00075000041
v -0.001679506 -0.02035048 0.023800001
v -0.001679506 -0.018649518 0.0002000004
v -0.001679506 -0.018649518 0.00075000041
v -0.001679506 -0.018649518 0.023800001
v -0.001679506 -0.017350482 0.0002000004
v -0.001679506 -0.017350482 0.00075000041
v -0.001679506 -0.017350482 0.023800001
v -0.001679506 -0.01564952 0.0002000004
v -0.001679506 -0.01564952 0.00075000041
v -0.001679506 -0.01564952 0.023800001
v -0.001679506 -0.014350481 0.0002000004
v -0.001679506 -0.014350481 0.00075000041
v -0.001679506 -0.014350481 0.023800001
v -0.001679506 -0.012649519 0.0002000004
v -0.001679506 -0.012649519 0.00075000041
v -0.001679506 -0.012649519 0.023800001
v -0.001679506 -0.011350481 0.0002000004
v -0.001679506 -0.011350481 0.00075000041
v -0.001679506 -0.011350481 0.023800001
v -0.001679506 -0.0096495189 0.0002000004
v -0.001679506 -0.0096495189 0.00075000041
v -0.001679506 -0.0096495189 0.023800001
v -0.001679506 -0.0083504813 0.0002000004
v -0.001679506 -0.0083504813 0.00075000041
v -0.001679506 -0.0083504813 0.023800001
v -0.001679506 -0.0066495189 0.0002000004
v -0.001679506 -0.0066495189 0.00075000041
v -0.001679506 -0.0066495189 0.023800001
v -0.001679506 -0.0053504808 0.0002000004
v -0.001679506 -0.0053504808 0.00075000041
v -0.001679506 -0.0053504808 0.023800001
v -0.001679506 -0.0036495191 0.023800001
v -0.001679506 -0.002350481 0.023800001
v -0.001679506 -0.00064951903 0.023800001
v -0.001679506 0.00064951903 0.023800001
v -0.001679506 0.002350481 0.023800001
v -0.001679506 0.0036495191 0.023800001
v -0.001679506 0.0053504808 0.0002000004
v -0.001679506 0.0053504808 0.00075000041
v -0.001679506 0.0053504808 0.023800001
v -0.001679506 0.0066495189 0.0002000004
v -0.001679506 0.0066495189 0.00075000041
v -0.001679506 0.0066495189 0.023800001
v -0.001679506 0.0083504813 0.0002000004
v -0.001679506 0.0083504813 0.00075000041
v -0.001679506 0.0083504813 0.023800001
v -0.001679506 0.0096495189 0.0002000004
v -0.001679506 0.0096495189 0.00075000041
v -0.001679506 0.0096495189 0.023800001
v -0.001679506 0.011350481 0.0002000004
v -0.001679506 0.011350481 0.00075000041
v -0.001679506 0.011350481 0.023800001
v -0.001679506 0.012649519 0.0002000004
v -0.001679506 0.012649519 0.00075000041
v -0.001679506 0.012649519 0.023800001
v -0.001679506 0.014350481 0.0002000004
v -0.001679506 0.014350481 0.00075000041
v -0.001679506 0.014350481 0.023800001
v -0.001679506 0.01564952 0.0002000004
v -0.001679506 0.01564952 0.00075000041
v -0.001679506 0.01564952 0.023800001
v -0.001679506 0.017350482 0.0002000004
v -0.001679506 0.017350482 0.00075000041
v -0.001679506 0.017350482 0.023800001
v -0.001679506 0.018649518 0.0002000004
v -0.001679506 0.018649518 0.00075000041
v -0.001679506 0.018649518 0.023800001
v -0.001679506 0.02035048 0.0002000004
v -0.001679506 0.02035048 0.00075000041
v -0.001679506 0.02035048 0.023800001
v -0.001679506 0.021649519 0.0002000004
v -0.001679506 0.021649519 0.00075000041
v -0.001679506 0.021649519 0.023800001
v -0.001679506 0.023350481 0.0002000004
v -0.001679506 0.023350481 0.00075000041
v -0.001679506 0.023350481 0.023800001
v -0.001679506 0.024649519 0.0002000004
v -0.001679506 0.024649519 0.00075000041
v -0.001679506 0.024649519 0.023800001
v -0.001679506 0.026350481 0.0002000004
v -0.001679506 0.026350481 0.00075000041
v -0.001679506 0.026350481 0.023800001
v -0.001679506 0.02764952 0.0002000004
v -0.001679506 0.02764952 0.00075000041
v -0.001679506 0.02764952 0.023800001
v -0.001679506 0.02935048 0.023800001
v -0.001679506 0.030649519 0.023800001
v -0.0016774543 -0.029706048 0.0006794518
v -0.0016774543 0.029706048 0.0006794518
v -0.0016014705 -0.030849146 0.024310211
v -0.0016014705 -0.027849145 0.024310211
v -0.0016014705 -0.024849145 0.024310211
v -0.0016014705 -0.021849144 0.024310211
v -0.0016014705 -0.018849146 0.024310211
v -0.0016014705 -0.015849145 0.024310211
v -0.0016014705 -0.012849145 0.024310211
v -0.0016014705 -0.0098491451 0.024310211
v -0.0016014705 -0.0068491451 0.024310211
v -0.0016014705 -0.0038491448 0.024310211
v -0.0016014705 -0.00084914482 0.024310211
v -0.0016014705 0.0021508553 0.024310211
v -0.0016014705 0.0051508551 0.024310211
v -0.0016014705 0.0081508551 0.024310211
v -0.0016014705 0.011150856 0.024310211
v -0.0016014705 0.014150855 0.024310211
v -0.0016014705 0.017150855 0.024310211
v -0.0016014705 0.020150855 0.024310211
v -0.0016014705 0.023150856 0.024310211
v -0.0016014705 0.026150854 0.024310211
v -0.0016014705 0.029150855 0.024310211
v -0.0015801451 -0.030580932 0.024087956
v -0.0015801451 -0.027580932 0.024087956
v -0.0015801451 -0.024580931 0.024087956
v -0.0015801451 -0.021580933 0.024087956
v -0.0015801451 -0.018580932 0.024087956
v -0.0015801451 -0.015580932 0.024087956
v -0.0015801451 -0.012580932 0.024087956
v -0.0015801451 -0.0095809316 0.024087956
v -0.0015801451 -0.0065809321 0.024087956
v -0.0015801451 -0.003580932 0.024087956
v -0.0015801451 -0.00058093196 0.024087956
v -0.0015801451 0.002419068 0.024087956
v -0.0015801451 0.005419068 0.024087956
v -0.0015801451 0.0084190676 0.024087956
v -0.0015801451 0.011419068 0.024087956
v -0.0015801451 0.014419068 0.024087956
v -0.0015801451 0.017419068 0.024087956
v -0.0015801451 0.020419069 0.024087956
v -0.0015801451 0.023419067 0.024087956
v -0.0015801451 0.026419068 0.024087956
v -0.0015801451 0.029419068 0.024087956
v -0.0015795062 -0.027822724 -1.8626456e-10
v -0.0015795062 -0.026177276 -1.8626456e-10
v -0.0015795062 -0.024822725 -1.8626456e-10
v -0.0015795062 -0.023177275 -1.8626461e-10
v -0.0015795062 -0.021822724 -1.862645e-10
v -0.0015795062 -0.020177275 -1.8626456e-10
v -0.0015795062 -0.018822724 -1.8626456e-10
v -0.0015795062 -0.017177276 -1.8626461e-10
v -0.0015795062 -0.015822724 -1.8626456e-10
v -0.0015795062 -0.014177276 -1.8626456e-10
v -0.0015795062 -0.012822724 -1.8626456e-10
v -0.0015795062 -0.011177276 -1.862645e-10
v -0.0015795062 -0.0098227244 -1.8626456e-10
v -0.0015795062 -0.0081772758 -1.8626456e-10
v -0.0015795062 -0.0068227244 -1.8626456e-10
v -0.0015795062 -0.0051772757 -1.8626456e-10
v -0.0015795062 0.0051772757 -1.8626456e-10
v -0.0015795062 0.0068227244 -1.8626456e-10
v -0.0015795062 0.0081772758 -1.8626456e-10
v -0.0015795062 0.0098227244 -1.8626461e-10
v -0.0015795062 0.011177276 -1.8626461e-10
v -0.0015795062 0.012822724 -1.8626461e-10
v -0.0015795062 0.014177276 -1.8626456e-10
v -0.0015795062 0.015822724 -1.8626461e-10
v -0.0015795062 0.017177276 -1.8626456e-10
v -0.0015795062 0.018822724 -1.8626456e-10
v -0.0015795062 0.020177275 -1.8626456e-10
v -0.0015795062 0.021822724 -1.8626456e-10
v -0.0015795062 0.023177275 -1.8626456e-10
v -0.0015795062 0.024822725 -1.8626456e-10
v -0.0015795062 0.026177276 -1.8626456e-10
v -0.0015795062 0.027822724 -1.8626456e-10
v -0.0015277731 -0.029466096 0.024078706
v -0.0015277731 -0.026466096 0.024078706
v -0.0015277731 -0.023466097 0.024078706
v -0.0015277731 -0.020466097 0.024078706
v -0.0015277731 -0.017466096 0.024078706
v -0.0015277731 -0.014466097 0.024078706
v -0.0015277731 -0.011466097 0.024078706
v -0.0015277731 -0.0084660966 0.024078706
v -0.0015277731 -0.0054660966 0.024078706
v -0.0015277731 -0.0024660968 0.024078706
v -0.0015277731 0.00053390325 0.024078706
v -0.0015277731 0.0035339033 0.024078706
v -0.0015277731 0.0065339031 0.024078706
v -0.0015277731 0.0095339036 0.024078706
v -0.0015277731 0.012533903 0.024078706
v -0.0015277731 0.015533904 0.024078706
v -0.0015277731 0.018533904 0.024078706
v -0.0015277731 0.021533903 0.024078706
v -0.0015277731 0.024533903 0.024078706
v -0.0015277731 0.027533904 0.024078706
v -0.0015277731 0.030533902 0.024078706
v -0.0014878017 0.029664584 0.00070540217
v -0.0014434307 -0.029250387 0.024288455
v -0.0014434307 -0.026250387 0.024288455
v -0.0014434307 -0.023250386 0.024288455
v -0.0014434307 -0.020250386 0.024288455
v -0.0014434307 -0.017250387 0.024288455
v -0.0014434307 -0.014250387 0.024288455
v -0.0014434307 -0.011250387 0.024288455
v -0.0014434307 -0.0082503865 0.024288455
v -0.0014434307 -0.0052503864 0.024288455
v -0.0014434307 -0.0022503864 0.024288455
v -0.0014434307 0.00074961351 0.024288455
v -0.0014434307 0.0037496134 0.024288455
v -0.0014434307 0.0067496137 0.024288455
v -0.0014434307 0.0097496137 0.024288455
v -0.0014434307 0.012749613 0.024288455
v -0.0014434307 0.015749613 0.024288455
v -0.0014434307 0.018749613 0.024288455
v -0.0014434307 0.021749614 0.024288455
v -0.0014434307 0.024749614 0.024288455
v -0.0014434307 0.027749613 0.024288455
v -0.0014434307 0.030749613 0.024288455
v -0.0014128051 -0.030388227 0.024058189
v -0.0014128051 -0.027388226 0.024058189
v -0.0014128051 -0.024388228 0.024058189
v -0.0014128051 -0.021388227 0.024058189
v -0.0014128051 -0.018388227 0.024058189
v -0.0014128051 -0.015388227 0.024058189
v -0.0014128051 -0.012388227 0.024058189
v -0.0014128051 -0.009388227 0.024058189
v -0.0014128051 -0.006388227 0.024058189
v -0.0014128051 -0.003388227 0.024058189
v -0.0014128051 -0.000388227 0.024058189
v -0.0014128051 0.0026117731 0.024058189
v -0.0014128051 0.0056117731 0.024058189
v -0.0014128051 0.0086117731 0.024058189
v -0.0014128051 0.011611773 0.024058189
v -0.0014128051 0.014611773 0.024058189
v -0.0014128051 0.017611774 0.024058189
v -0.0014128051 0.020611772 0.024058189
v -0.0014128051 0.023611773 0.024058189
v -0.0014128051 0.026611773 0.024058189
v -0.0014128051 0.029611774 0.024058189
v -0.0014050341 -0.029624918 0.02405679
v -0.0014050341 -0.026624918 0.02405679
v -0.0014050341 -0.023624917 0.02405679
v -0.0014050341 -0.020624917 0.02405679
v -0.0014050341 -0.017624918 0.02405679
v -0.0014050341 -0.014624918 0.02405679
v -0.0014050341 -0.011624918 0.02405679
v -0.0014050341 -0.0086249178 0.02405679
v -0.0014050341 -0.0056249178 0.02405679
v -0.0014050341 -0.0026249178 0.02405679
v -0.0014050341 0.00037508213 0.02405679
v -0.0014050341 0.003375082 0.02405679
v -0.0014050341 0.0063750823 0.02405679
v -0.0014050341 0.0093750823 0.02405679
v -0.0014050341 0.012375082 0.02405679
v -0.0014050341 0.015375082 0.02405679
v -0.0014050341 0.018375082 0.02405679
v -0.0014050341 0.021375082 0.02405679
v -0.0014050341 0.024375083 0.02405679
v -0.0014050341 0.027375082 0.02405679
v -0.0014050341 0.030375082 0.02405679
v -0.0014049866 -0.030375 0.023800001
v -0.0014049866 -0.029625 0.023800001
v -0.0014049866 -0.027375 0.0002000004
v -0.0014049866 -0.027375 0.00075000041
v -0.0014049866 -0.027375 0.023800001
v -0.0014049866 -0.026625 0.0002000004
v -0.0014049866 -0.026625 0.00075000041
v -0.0014049866 -0.026625 0.023800001
v -0.0014049866 -0.024374999 0.0002000004
v -0.0014049866 -0.024374999 0.00075000041
v -0.0014049866 -0.024374999 0.023800001
v -0.0014049866 -0.023624999 0.0002000004
v -0.0014049866 -0.023624999 0.00075000041
v -0.0014049866 -0.023624999 0.023800001
v -0.0014049866 -0.021375 0.0002000004
v -0.0014049866 -0.021375 0.00075000041
v -0.0014049866 -0.021375 0.023800001
v -0.0014049866 -0.020625001 0.0002000004
v -0.0014049866 -0.020625001 0.00075000041
v -0.0014049866 -0.020625001 0.023800001
v -0.0014049866 -0.018375 0.0002000004
v -0.0014049866 -0.018375 0.00075000041
v -0.0014049866 -0.018375 0.023800001
v -0.0014049866 -0.017625 0.0002000004
v -0.0014049866 -0.017625 0.00075000041
v -0.0014049866 -0.017625 0.023800001
v -0.0014049866 -0.015375 0.0002000004
v -0.0014049866 -0.015375 0.00075000041
v -0.0014049866 -0.015375 0.023800001
v -0.0014049866 -0.014625 0.0002000004
v -0.0014049866 -0.014625 0.00075000041
v -0.0014049866 -0.014625 0.023800001
v -0.0014049866 -0.012375 0.0002000004
v -0.0014049866 -0.012375 0.00075000041
v -0.0014049866 -0.012375 0.023800001
v -0.0014049866 -0.011625 0.0002000004
v -0.0014049866 -0.011625 0.00075000041
v -0.0014049866 -0.011625 0.023800001
v -0.0014049866 -0.0093750004 0.0002000004
v -0.0014049866 -0.0093750004 0.00075000041
v -0.0014049866 -0.0093750004 0.023800001
v -0.0014049866 -0.0086249998 0.0002000004
v -0.0014049866 -0.0086249998 0.00075000041
v -0.0014049866 -0.0086249998 0.023800001
v -0.0014049866 -0.0063749999 0.0002000004
v -0.0014049866 -0.0063749999 0.00075000041
v -0.0014049866 -0.0063749999 0.023800001
v -0.0014049866 -0.0056250002 0.0002000004
v -0.0014049866 -0.0056250002 0.00075000041
v -0.0014049866 -0.0056250002 0.023800001
v -0.0014049866 -0.0033750001 0.023800001
v -0.0014049866 -0.002625 0.023800001
v -0.0014049866 -0.000375 0.023800001
v -0.0014049866 0.000375 0.023800001
v -0.0014049866 0.002625 0.023800001
v -0.0014049866 0.0033750001 0.023800001
v -0.0014049866 0.0056250002 0.0002000004
v -0.0014049866 0.0056250002 0.00075000041
v -0.0014049866 0.0056250002 0.023800001
v -0.0014049866 0.0063749999 0.0002000004
v -0.0014049866 0.0063749999 0.00075000041
v -0.0014049866 0.0063749999 0.023800001
v -0.0014049866 0.0086249998 0.0002000004
v -0.0014049866 0.0086249998 0.00075000041
v -0.0014049866 0.0086249998 0.023800001
v -0.0014049866 0.0093750004 0.0002000004
v -0.0014049866 0.0093750004 0.00075000041
v -0.0014049866 0.0093750004 0.023800001
v -0.0014049866 0.011625 0.0002000004
v -0.0014049866 0.011625 0.00075000041
v -0.0014049866 0.011625 0.023800001
v -0.0014049866 0.012375 0.0002000004
v -0.0014049866 0.012375 0.00075000041
v -0.0014049866 0.012375 0.023800001
v -0.0014049866 0.014625 0.0002000004
v -0.0014049866 0.014625 0.00075000041
v -0.0014049866 0.014625 0.023800001
v -0.0014049866 0.015375 0.0002000004
v -0.0014049866 0.015375 0.00075000041
v -0.0014049866 0.015375 0.023800001
v -0.0014049866 0.017625 0.0002000004
v -0.0014049866 0.017625 0.00075000041
v -0.0014049866 0.017625 0.023800001
v -0.0014049866 0.018375 0.0002000004
v -0.0014049866 0.018375 0.00075000041
v -0.0014049866 0.018375 0.023800001
v -0.0014049866 0.020625001 0.0002000004
v -0.0014049866 0.020625001 0.00075000041
v -0.0014049866 0.020625001 0.023800001
v -0.0014049866 0.021375 0.0002000004
v -0.0014049866 0.021375 0.00075000041
v -0.0014049866 0.021375 0.023800001
v -0.0014049866 0.023624999 0.0002000004
v -0.0014049866 0.023624999 0.00075000041
v -0.0014049866 0.023624999 0.023800001
v -0.0014049866 0.024374999 0.0002000004
v -0.0014049866 0.024374999 0.00075000041
v -0.0014049866 0.024374999 0.023800001
v -0.0014049866 0.026625 0.0002000004
v -0.0014049866 0.026625 0.00075000041
v -0.0014049866 0.026625 0.023800001
v -0.0014049866 0.027375 0.0002000004
v -0.0014049866 0.027375 0.00075000041
v -0.0014049866 0.027375 0.023800001
v -0.0014049866 0.029625 0.023800001
v -0.0014049866 0.030375 0.023800001
v -0.0013826684 -0.029666632 0.024052761
v -0.0013826684 -0.026666632 0.024052761
v -0.0013826684 -0.023666631 0.024052761
v -0.0013826684 -0.020666631 0.024052761
v -0.0013826684 -0.017666632 0.024052761
v -0.0013826684 -0.014666632 0.024052761
v -0.0013826684 -0.011666631 0.024052761
v -0.0013826684 -0.0086666318 0.024052761
v -0.0013826684 -0.0056666317 0.024052761
v -0.0013826684 -0.0026666315 0.024052761
v -0.0013826684 0.00033336846 0.024052761
v -0.0013826684 0.0033333686 0.024052761
v -0.0013826684 0.0063333684 0.024052761
v -0.0013826684 0.0093333684 0.024052761
v -0.0013826684 0.012333369 0.024052761
v -0.0013826684 0.015333368 0.024052761
v -0.0013826684 0.018333368 0.024052761
v -0.0013826684 0.021333368 0.024052761
v -0.0013826684 0.024333369 0.024052761
v -0.0013826684 0.027333368 0.024052761
v -0.0013826684 0.030333368 0.024052761
v -0.0013455226 -0.030662129 0.024274806
v -0.0013455226 -0.027662128 0.024274806
v -0.0013455226 -0.024662128 0.024274806
v -0.0013455226 -0.021662127 0.024274806
v -0.0013455226 -0.018662129 0.024274806
v -0.0013455226 -0.015662128 0.024274806
v -0.0013455226 -0.012662129 0.024274806
v -0.0013455226 -0.0096621281 0.024274806
v -0.0013455226 -0.006662128 0.024274806
v -0.0013455226 -0.003662128 0.024274806
v -0.0013455226 -0.00066212809 0.024274806
v -0.0013455226 0.0023378718 0.024274806
v -0.0013455226 0.0053378721 0.024274806
v -0.0013455226 0.0083378721 0.024274806
v -0.0013455226 0.011337872 0.024274806
v -0.0013455226 0.014337872 0.024274806
v -0.0013455226 0.017337872 0.024274806
v -0.0013455226 0.020337872 0.024274806
v -0.0013455226 0.023337873 0.024274806
v -0.0013455226 0.026337871 0.024274806
v -0.0013455226 0.029337872 0.024274806
v -0.0013202716 -0.030152969 0.024041463
v -0.0013202716 -0.027152969 0.024041463
v -0.0013202716 -0.024152968 0.024041463
v -0.0013202716 -0.021152969 0.024041463
v -0.0013202716 -0.018152969 0.024041463
v -0.0013202716 -0.015152968 0.024041463
v -0.0013202716 -0.012152969 0.024041463
v -0.0013202716 -0.0091529684 0.024041463
v -0.0013202716 -0.0061529684 0.024041463
v -0.0013202716 -0.0031529686 0.024041463
v -0.0013202716 -0.00015296857 0.024041463
v -0.0013202716 0.0028470315 0.024041463
v -0.0013202716 0.0058470313 0.024041463
v -0.0013202716 0.0088470317 0.024041463
v -0.0013202716 0.011847031 0.024041463
v -0.0013202716 0.014847032 0.024041463
v -0.0013202716 0.017847031 0.024041463
v -0.0013202716 0.020847032 0.024041463
v -0.0013202716 0.023847032 0.024041463
v -0.0013202716 0.026847031 0.024041463
v -0.0013202716 0.029847031 0.024041463
v -0.0013107423 -0.029903485 0.02403973
v -0.0013107423 -0.026903484 0.02403973
v -0.0013107423 -0.023903485 0.02403973
v -0.0013107423 -0.020903485 0.02403973
v -0.0013107423 -0.017903484 0.02403973
v -0.0013107423 -0.014903485 0.02403973
v -0.0013107423 -0.011903484 0.02403973
v -0.0013107423 -0.0089034848 0.02403973
v -0.0013107423 -0.0059034848 0.02403973
v -0.0013107423 -0.0029034847 0.02403973
v -0.0013107423 9.6515309e-05 0.02403973
v -0.0013107423 0.0030965153 0.02403973
v -0.0013107423 0.0060965153 0.02403973
v -0.0013107423 0.0090965154 0.02403973
v -0.0013107423 0.012096515 0.02403973
v -0.0013107423 0.015096515 0.02403973
v -0.0013107423 0.018096516 0.02403973
v -0.0013107423 0.021096515 0.02403973
v -0.0013107423 0.024096515 0.02403973
v -0.0013107423 0.027096516 0.02403973
v -0.0013107423 0.030096516 0.02403973
v -0.0013076187 0.029142434 0.00043221639
v -0.0013045062 -0.030000012 0.024038594
v -0.0013045062 -0.029999999 0.023800001
v -0.0013045062 -0.027000012 0.024038594
v -0.0013045062 -0.027000001 0.0002000004
v -0.0013045062 -0.027000001 0.00075000041
v -0.0013045062 -0.027000001 0.023800001
v -0.0013045062 -0.024000013 0.024038594
v -0.0013045062 -0.024 0.0002000004
v -0.0013045062 -0.024 0.00075000041
v -0.0013045062 -0.024 0.023800001
v -0.0013045062 -0.021000013 0.024038594
v -0.0013045062 -0.021 0.0002000004
v -0.0013045062 -0.021 0.00075000041
v -0.0013045062 -0.021 0.023800001
v -0.0013045062 -0.018000012 0.024038594
v -0.0013045062 -0.017999999 0.0002000004
v -0.0013045062 -0.017999999 0.00075000041
v -0.0013045062 -0.017999999 0.023800001
v -0.0013045062 -0.015000013 0.024038594
v -0.0013045062 -0.015 0.0002000004
v -0.0013045062 -0.015 0.00075000041
v -0.0013045062 -0.015 0.023800001
v -0.0013045062 -0.012000012 0.024038594
v -0.0013045062 -0.012 0.0002000004
v -0.0013045062 -0.012 0.00075000041
v -0.0013045062 -0.012 0.023800001
v -0.0013045062 -0.0090000127 0.024038594
v -0.0013045062 -0.0089999996 0.0002000004
v -0.0013045062 -0.0089999996 0.00075000041
v -0.0013045062 -0.0089999996 0.023800001
v -0.0013045062 -0.0060000126 0.024038594
v -0.0013045062 -0.0060000001 0.0002000004
v -0.0013045062 -0.0060000001 0.00075000041
v -0.0013045062 -0.0060000001 0.023800001
v -0.0013045062 -0.0030000126 0.024038594
v -0.0013045062 -0.003 0.023800001
v -0.0013045062 -1.2533061e-08 0.024038594
v -0.0013045062 -3.5613179e-13 0.023800001
v -0.0013045062 0.0029999875 0.024038594
v -0.0013045062 0.003 0.023800001
v -0.0013045062 0.0059999875 0.024038594
v -0.0013045062 0.0060000001 0.0002000004
v -0.0013045062 0.0060000001 0.00075000041
v -0.0013045062 0.0060000001 0.023800001
v -0.0013045062 0.0089999875 0.024038594
v -0.0013045062 0.0089999996 0.0002000004
v -0.0013045062 0.0089999996 0.00075000041
v -0.0013045062 0.0089999996 0.023800001
v -0.0013045062 0.011999987 0.024038594
v -0.0013045062 0.012 0.0002000004
v -0.0013045062 0.012 0.00075000041
v -0.0013045062 0.012 0.023800001
v -0.0013045062 0.014999988 0.024038594
v -0.0013045062 0.015 0.0002000004
v -0.0013045062 0.015 0.00075000041
v -0.0013045062 0.015 0.023800001
v -0.0013045062 0.017999988 0.024038594
v -0.0013045062 0.017999999 0.0002000004
v -0.0013045062 0.017999999 0.00075000041
v -0.0013045062 0.017999999 0.023800001
v -0.0013045062 0.020999987 0.024038594
v -0.0013045062 0.021 0.0002000004
v -0.0013045062 0.021 0.00075000041
v -0.0013045062 0.021 0.023800001
v -0.0013045062 0.023999987 0.024038594
v -0.0013045062 0.024 0.0002000004
v -0.0013045062 0.024 0.00075000041
v -0.0013045062 0.024 0.023800001
v -0.0013045062 0.026999988 0.024038594
v -0.0013045062 0.027000001 0.0002000004
v -0.0013045062 0.027000001 0.00075000041
v -0.0013045062 0.027000001 0.023800001
v -0.0013045062 0.029999988 0.024038594
v -0.0013045062 0.029999999 0.023800001
v -0.0012974524 0.029102003 0.00025219639
v -0.001231782 -0.027474999 -1.8626456e-10
v -0.001231782 -0.026525 -1.8626456e-10
v -0.001231782 -0.024475001 -1.8626456e-10
v -0.001231782 -0.023525 -1.8626456e-10
v -0.001231782 -0.021475 -1.862645e-10
v -0.001231782 -0.020524999 -1.8626456e-10
v -0.001231782 -0.018475 -1.8626456e-10
v -0.001231782 -0.017525 -1.8626456e-10
v -0.001231782 -0.015475 -1.8626456e-10
v -0.001231782 -0.014525 -1.8626456e-10
v -0.001231782 -0.012475 -1.8626456e-10
v -0.001231782 -0.011525 -1.8626456e-10
v -0.001231782 -0.0094750002 -1.8626461e-10
v -0.001231782 -0.008525 -1.8626456e-10
v -0.001231782 -0.0064750002 -1.8626456e-10
v -0.001231782 -0.0055249999 -1.8626456e-10
v -0.001231782 0.0055249999 -1.8626456e-10
v -0.001231782 0.0064750002 -1.8626456e-10
v -0.001231782 0.008525 -1.8626456e-10
v -0.001231782 0.0094750002 -1.8626456e-10
v -0.001231782 0.011525 -1.8626456e-10
v -0.001231782 0.012475 -1.8626456e-10
v -0.001231782 0.014525 -1.8626456e-10
v -0.001231782 0.015475 -1.8626456e-10
v -0.001231782 0.017525 -1.8626456e-10
v -0.001231782 0.018475 -1.8626461e-10
v -0.001231782 0.020524999 -1.8626456e-10
v -0.001231782 0.021475 -1.8626461e-10
v -0.001231782 0.023525 -1.8626456e-10
v -0.001231782 0.024475001 -1.8626456e-10
v -0.001231782 0.026525 -1.8626456e-10
v -0.001231782 0.027474999 -1.862645e-10
v -0.0012257023 -0.029488808 0.024257923
v -0.0012257023 -0.026488809 0.024257923
v -0.0012257023 -0.023488808 0.024257923
v -0.0012257023 -0.020488808 0.024257923
v -0.0012257023 -0.017488807 0.024257923
v -0.0012257023 -0.014488808 0.024257923
v -0.0012257023 -0.011488808 0.024257923
v -0.0012257023 -0.0084888078 0.024257923
v -0.0012257023 -0.0054888083 0.024257923
v -0.0012257023 -0.0024888082 0.024257923
v -0.0012257023 0.00051119184 0.024257923
v -0.0012257023 0.0035111918 0.024257923
v -0.0012257023 0.0065111918 0.024257923
v -0.0012257023 0.0095111923 0.024257923
v -0.0012257023 0.012511192 0.024257923
v -0.0012257023 0.015511191 0.024257923
v -0.0012257023 0.018511191 0.024257923
v -0.0012257023 0.021511192 0.024257923
v -0.0012257023 0.024511192 0.024257923
v -0.0012257023 0.027511192 0.024257923
v -0.0012257023 0.030511191 0.024257923
v -0.0011661731 -0.030403376 0.024249462
v -0.0011661731 -0.027403375 0.024249462
v -0.0011661731 -0.024403377 0.024249462
v -0.0011661731 -0.021403376 0.024249462
v -0.0011661731 -0.018403376 0.024249462
v -0.0011661731 -0.015403376 0.024249462
v -0.0011661731 -0.012403375 0.024249462
v -0.0011661731 -0.0094033759 0.024249462
v -0.0011661731 -0.0064033759 0.024249462
v -0.0011661731 -0.0034033759 0.024249462
v -0.0011661731 -0.00040337574 0.024249462
v -0.0011661731 0.0025966242 0.024249462
v -0.0011661731 0.0055966242 0.024249462
v -0.0011661731 0.0085966242 0.024249462
v -0.0011661731 0.011596624 0.024249462
v -0.0011661731 0.014596624 0.024249462
v -0.0011661731 0.017596625 0.024249462
v -0.0011661731 0.020596623 0.024249462
v -0.0011661731 0.023596624 0.024249462
v -0.0011661731 0.026596624 0.024249462
v -0.0011661731 0.029596625 0.024249462
v -0.0011076591 -0.028850745 -1.8626456e-10
v -0.0011076591 0.028850745 -1.8626461e-10
v -0.0011045056 -0.027000001 -1.8626456e-10
v -0.0011045056 -0.024 -1.8626456e-10
v -0.0011045056 -0.021 -1.8626456e-10
v -0.0011045056 -0.017999999 -1.8626456e-10
v -0.0011045056 -0.015 -1.8626456e-10
v -0.0011045056 -0.012 -1.8626456e-10
v -0.0011045056 -0.0089999996 -1.8626456e-10
v -0.0011045056 -0.0060000001 -1.8626456e-10
v -0.0011045056 0.0060000001 -1.8626456e-10
v -0.0011045056 0.0089999996 -1.8626456e-10
v -0.0011045056 0.012 -1.8626456e-10
v -0.0011045056 0.015 -1.8626456e-10
v -0.0011045056 0.017999999 -1.8626456e-10
v -0.0011045056 0.021 -1.8626456e-10
v -0.0011045056 0.024 -1.8626456e-10
v -0.0011045056 0.027000001 -1.8626461e-10
v -0.0011010336 -0.029783815 0.024240147
v -0.0011010336 -0.026783815 0.024240147
v -0.0011010336 -0.023783814 0.024240147
v -0.0011010336 -0.020783816 0.024240147
v -0.0011010336 -0.017783815 0.024240147
v -0.0011010336 -0.014783815 0.024240147
v -0.0011010336 -0.011783815 0.024240147
v -0.0011010336 -0.0087838145 0.024240147
v -0.0011010336 -0.0057838149 0.024240147
v -0.0011010336 -0.0027838149 0.024240147
v -0.0011010336 0.00021618506 0.024240147
v -0.0011010336 0.0032161851 0.024240147
v -0.0011010336 0.0062161852 0.024240147
v -0.0011010336 0.0092161847 0.024240147
v -0.0011010336 0.012216185 0.024240147
v -0.0011010336 0.015216185 0.024240147
v -0.0011010336 0.018216185 0.024240147
v -0.0011010336 0.021216186 0.024240147
v -0.0011010336 0.024216184 0.024240147
v -0.0011010336 0.027216185 0.024240147
v -0.0011010336 0.030216185 0.024240147
v -0.0010836123 -0.028895594 8.8958068e-06
v -0.0010831262 0.028896501 9.2711298e-06
v -0.0010813557 -0.030100208 0.024237322
v -0.0010813557 -0.027100207 0.024237322
v -0.0010813557 -0.024100207 0.024237322
v -0.0010813557 -0.021100208 0.024237322
v -0.0010813557 -0.018100208 0.024237322
v -0.0010813557 -0.015100207 0.024237322
v -0.0010813557 -0.012100208 0.024237322
v -0.0010813557 -0.0091002071 0.024237322
v -0.0010813557 -0.0061002071 0.024237322
v -0.0010813557 -0.0031002073 0.024237322
v -0.0010813557 -0.00010020725 0.024237322
v -0.0010813557 0.0028997927 0.024237322
v -0.0010813557 0.0058997925 0.024237322
v -0.0010813557 0.008899793 0.024237322
v -0.0010813557 0.011899793 0.024237322
v -0.0010813557 0.014899793 0.024237322
v -0.0010813557 0.017899793 0.024237322
v -0.0010813557 0.020899793 0.024237322
v -0.0010813557 0.023899794 0.024237322
v -0.0010813557 0.026899792 0.024237322
v -0.0010813557 0.029899793 0.024237322
v -0.0010577746 -0.028943781 4.3435768e-05
v -0.0010575381 0.028944222 4.3934026e-05
v -0.0010412111 -0.028974673 9.7784025e-05
v -0.0010411589 0.028974771 9.8082048e-05
v -0.001036778 -0.028982941 0.00014999956
v -0.001036778 0.028982941 0.00014999956
v -0.0010009276 -0.029002473 0.00048537814
v -0.00099750597 -0.028961379 0.00030525384
v -0.00096656935 -0.029107165 0.00065171142
v -0.00096306944 -0.029470218 0.00077977293
v -0.00092466263 0.028958678 0.00049886649
v -0.00089812552 -0.029258046 0.00076287781
v -0.00088606303 0.029061822 0.00066523795
v -0.00082535384 -0.029397255 0.00079991837
v -0.00081171555 0.029209865 0.00077642855
v -0.0007934309 -0.028831769 0.00034240243
v -0.00079312263 -0.028831549 0.00014999956
v -0.00079312263 0.028831549 0.00014999956
v -0.00078884227 0.029376214 0.00080530328
v -0.00070606259 0.028766192 0.0003585674
v -0.0004882784 -0.028346237 -1.8626456e-10
v -0.0004882784 0.028346237 -1.8626456e-10
v -0.00044922245 -0.028378859 8.8958068e-06
v -0.00044843176 0.028379519 9.2711298e-06
v -0.00040725892 -0.02841391 4.3435768e-05
v -0.00040687429 0.028414233 4.3934026e-05
v -0.00039279176 -0.029094135 0.00086489489
v -0.00038035581 -0.028436381 9.7784025e-05
v -0.00038027106 0.028436452 9.8082048e-05
v -0.00037570385 0.028445443 0.00042110292
v -0.00037570106 -0.028445438 0.00042110385
v -0.00037315482 -0.028442396 0.00014999956
v -0.00037315482 0.028442396 0.00014999956
v -0.00036129163 0.028481402 0.00060178136
v -0.00036128884 -0.028481398 0.00060178229
v -0.00028930599 0.028563796 0.00076862593
v -0.00028930226 -0.028563792 0.00076862593
v -0.00025901472 0.028971439 0.00088551251
v -0.00017006315 0.02867849 0.00088013319
v -0.00017005943 -0.028678486 0.00088013412
v -0.00010212597 -0.027646916 -1.8626456e-10
v -0.00010212597 0.027646916 -1.8626456e-10
v -7.0408852e-05 0.028766673 0.00091500097
v -7.0375325e-05 -0.028766634 0.00091500563
v -6.5194377e-05 -0.027960243 0.00048192387
v -6.500625e-05 -0.027959844 0.00014999956
v -6.500625e-05 0.027959844 0.00014999956
v -5.3713033e-05 -0.027662592 8.8958068e-06
v -5.2733281e-05 0.027662911 9.2711298e-06
v -4.0232138e-05 0.027905459 0.00048689992
v -1.6949406e-06 -0.027679436 4.3435768e-05
v -1.2181034e-06 0.027679591 4.3934026e-05
v 6.6477546e-11 -0.027000001 -1.8626456e-10
v 6.6477546e-11 -0.0255 -1.8626456e-10
v 6.6477546e-11 -0.0195 -1.8626456e-10
v 6.6477546e-11 -0.0165 -1.8626456e-10
v 6.6477546e-11 -0.0105 -1.8626456e-10
v 6.6477546e-11 0.0074999998 -1.8626456e-10
v 6.6477546e-11 0.0105 -1.8626456e-10
v 6.6477546e-11 0.0165 -1.8626456e-10
v 6.6477546e-11 0.0195 -1.8626456e-10
v 6.6477546e-11 0.0255 -1.8626456e-10
v 6.6477573e-11 -0.022500001 -1.862645e-10
v 6.6477573e-11 -0.0135 -1.8626456e-10
v 6.6477573e-11 -3.3707759e-13 -1.8626456e-10
v 6.6477573e-11 0.0135 -1.8626456e-10
v 6.6477573e-11 0.022500001 -1.8626456e-10
v 6.6477573e-11 0.027000001 -1.8626456e-10
v 1.0661847e-05 -0.02777949 0.00049708394
v 3.1653857e-05 -0.027690234 9.7784025e-05
v 3.1758165e-05 0.027690269 9.8082048e-05
v 3.9121202e-05 -0.027800992 0.00067839382
v 4.0578721e-05 -0.027693124 0.00014999956
v 4.0578721e-05 0.027693124 0.00014999956
v 5.0888462e-05 -0.027000001 8.8958068e-06
v 5.1917574e-05 0.027000001 9.2711298e-06
v 5.8538346e-05 0.027747078 0.0006821815
v 7.5000404e-05 -0.027000001 2.0095893e-05
v 7.5000404e-05 0.027000001 2.0095893e-05
v 0.00010556548 -0.027000001 4.3435768e-05
v 0.0001060656 0.027000001 4.3934026e-05
v 0.00010635431 -0.028529922 0.00094308407
v 0.00012990374 -0.027000001 7.5000149e-05
v 0.00012990374 0.027000001 7.5000149e-05
v 0.00013722673 -0.027847372 0.00084582047
v 0.00014061861 -0.027000001 9.7784025e-05
v 0.0001407285 0.027000001 9.8082048e-05
v 0.00014999982 -0.027000001 0.00014999956
v 0.00014999982 -0.027000001 0.00052523875
v 0.00014999982 0.027000001 0.00014999956
v 0.00014999982 0.027000001 0.00052523875
v 0.00015796542 0.027790422 0.00084964262
v 0.00018414583 -0.027000001 0.00070684199
v 0.00018414583 0.027000001 0.00070684199
v 0.00020232897 0.028374856 0.00095851236
v 0.00020263724 -0.027000001 0.00074854755
v 0.00020263724 0.027000001 0.00074854755
v 0.00027211109 -0.0195 0.00085265358
v 0.00027211109 0.0195 0.00085265358
v 0.00028625695 -0.019630432 0.00086830073
v 0.00028627651 0.01963052 0.00086832122
v 0.0002898649 -0.027910527 0.00095771794
v 0.00029224349 -0.027000001 0.00087453966
v 0.00029224349 0.027000001 0.00087453966
v 0.0003038664 -0.0195 0.00071557594
v 0.0003038664 0.0195 0.00071557594
v 0.00031225575 0.02784938 0.00096156244
v 0.0003280901 0.019750001 0.00090782793
v 0.00032820652 -0.019750234 0.00090792571
v 0.00035284745 -0.027000001 0.00092735869
v 0.00035284745 -0.019793922 0.00092735869
v 0.00035284745 0.019793922 0.00092735869
v 0.00035284745 0.027000001 0.00092735869
v 0.0003691251 -0.019750001 0.0007306941
v 0.0003691251 0.019750001 0.0007306941
v 0.00040603156 -0.027932497 0.00099168322
v 0.00042139745 0.02788843 0.00099420897
v 0.00046528602 0.027747054 0.0010014407
v 0.00049449509 -0.019933013 0.0010004423
v 0.00049449509 0.019933013 0.0010004423
v 0.00054741657 -0.019933013 0.00077199732
v 0.00054741657 0.019933013 0.00077199732
v 0.00056125602 -0.027193259 0.0010173467
v 0.00056788052 -0.027000001 0.0010184494
v 0.00056788052 -0.019968582 0.0010184494
v 0.00056788052 0.019968582 0.0010184494
v 0.00056788052 0.027000001 0.0010184494
v 0.00074024784 -0.02 0.0010473549
v 0.00074024784 0.02 0.0010473549
v 0.00079096673 -0.02 0.00082841777
v 0.00079096673 0.02 0.00082841777
v 0.0021954938 -0.043692082 0.0125
v 0.0021954938 -0.043644339 0.011467325
v 0.0021954938 -0.043644339 0.013532675
v 0.0021954938 -0.043477032 0.010316533
v 0.0021954938 -0.043477032 0.014683467
v 0.0021954938 -0.043264832 0.009437141
v 0.0021954938 -0.043264832 0.015562859
v 0.0021954938 -0.042518742 0.0075112591
v 0.0021954938 -0.042518742 0.01748874
v 0.0021954938 -0.041431475 0.0057552629
v 0.0021954938 -0.041431475 0.019244738
v 0.0021954938 -0.040040057 0.0042289505
v 0.0021954938 -0.040040057 0.020771049
v 0.0021954938 -0.038391873 0.0029842991
v 0.0021954938 -0.038391873 0.0220157
v 0.0021954938 -0.036543045 0.0020636923
v 0.0021954938 -0.036543045 0.022936307
v 0.0021954938 -0.034556542 0.0014984829
v 0.0021954938 -0.034556542 0.023501517
v 0.0021954938 -0.032499999 0.0013079166
v 0.0021954938 -0.032499999 0.023692083
v 0.0021954938 -0.02 0.0013079166
v 0.0021954938 -0.010833333 0.023692083
v 0.0021954938 0.010833333 0.023692083
v 0.0021954938 0.02 0.0013079166
v 0.0021954938 0.032499999 0.0013079166
v 0.0021954938 0.032499999 0.023692083
v 0.0021954938 0.034556542 0.0014984829
v 0.0021954938 0.034556542 0.023501517
v 0.0021954938 0.036543045 0.0020636923
v 0.0021954938 0.036543045 0.022936307
v 0.0021954938 0.038391873 0.0029842991
v 0.0021954938 0.038391873 0.0220157
v 0.0021954938 0.040040057 0.0042289505
v 0.0021954938 0.040040057 0.020771049
v 0.0021954938 0.041431475 0.0057552629
v 0.0021954938 0.041431475 0.019244738
v 0.0021954938 0.042518742 0.0075112591
v 0.0021954938 0.042518742 0.01748874
v 0.0021954938 0.043264832 0.009437141
v 0.0021954938 0.043264832 0.015562859
v 0.0021954938 0.043477032 0.010316533
v 0.0021954938 0.043477032 0.014683467
v 0.0021954938 0.043644339 0.011467325
v 0.0021954938 0.043644339 0.013532675
v 0.0021954938 0.043692082 0.0125
v 0.003690334 -0.02 0.0016057647
v 0.003690334 0.02 0.0016057647
v 0.0037135691 -0.02 0.0015054659
v 0.0037135691 0.02 0.0015054659
v 0.0038776076 -0.01996194 0.0016451988
v 0.0038776076 0.01996194 0.0016451988
v 0.0038999743 -0.01996194 0.0015486486
v 0.0038999743 0.01996194 0.0015486486
v 0.0040362887 -0.019853553 0.0016789825
v 0.0040362887 0.019853553 0.0016789825
v 0.0040580011 -0.019853553 0.0015852561
v 0.0040580011 0.019853553 0.0015852561
v 0.0041422741 -0.019691342 0.0017017366
v 0.0041422741 0.019691342 0.0017017366
v 0.0041635912 -0.019691342 0.0016097173
v 0.0041635912 0.019691342 0.0016097173
v 0.0041794833 -0.0195 0.0017097618
v 0.0041794833 0.0195 0.0017097618
v 0.0042006695 -0.0195 0.0016183069
v 0.0042006695 0.0195 0.0016183069
v 0.0055325469 -0.042985633 0.0125
v 0.0055325469 -0.042784154 0.010454355
v 0.0055325469 -0.042784154 0.014545646
v 0.0055325469 -0.042187463 0.0084873214
v 0.0055325469 -0.042187463 0.016512679
v 0.0055325469 -0.041218486 0.0066744946
v 0.0055325469 -0.041218486 0.018325506
v 0.0055325469 -0.039914463 0.0050855377
v 0.0055325469 -0.039914463 0.019914463
v 0.0055325469 -0.038325507 0.003781514
v 0.0055325469 -0.038325507 0.021218486
v 0.0055325469 -0.036512677 0.0028125381
v 0.0055325469 -0.036512677 0.022187462
v 0.0055325469 -0.034545645 0.0022158453
v 0.0055325469 -0.034545645 0.022784155
v 0.0055325469 -0.032499999 0.0020143667
v 0.0055325469 -0.032499999 0.022985633
v 0.0055325469 0.032499999 0.0020143667
v 0.0055325469 0.032499999 0.022985633
v 0.0055325469 0.034545645 0.0022158453
v 0.0055325469 0.034545645 0.022784155
v 0.0055325469 0.036512677 0.0028125381
v 0.0055325469 0.036512677 0.022187462
v 0.0055325469 0.038325507 0.003781514
v 0.0055325469 0.038325507 0.021218486
v 0.0055325469 0.039914463 0.0050855377
v 0.0055325469 0.039914463 0.019914463
v 0.0055325469 0.041218486 0.0066744946
v 0.0055325469 0.041218486 0.018325506
v 0.0055325469 0.042187463 0.0084873214
v 0.0055325469 0.042187463 0.016512679
v 0.0055325469 0.042784154 0.010454355
v 0.0055325469 0.042784154 0.014545646
v 0.0055325469 0.042985633 0.0125
v 0.0081404941 -0.040605001 0.0125
v 0.0081404941 -0.040495001 0.0125
v 0.0081404941 -0.040208314 0.0099954177
v 0.0081404941 -0.040208314 0.015004583
v 0.0081404941 -0.040103696 0.010029409
v 0.0081404941 -0.040103696 0.014970591
v 0.0081404941 -0.039057083 0.0077360007
v 0.0081404941 -0.039057083 0.017263999
v 0.0081404941 -0.03896809 0.0078006573
v 0.0081404941 -0.03896809 0.017199343
v 0.0081404941 -0.037264001 0.0059429174
v 0.0081404941 -0.037264001 0.019057082
v 0.0081404941 -0.037199344 0.0060319095
v 0.0081404941 -0.037199344 0.01896809
v 0.0081404941 -0.035004582 0.0047916872
v 0.0081404941 -0.035004582 0.020208312
v 0.0081404941 -0.034970593 0.0048963032
v 0.0081404941 -0.034970593 0.020103697
v 0.0081404941 -0.032499999 0.0043950006
v 0.0081404941 -0.032499999 0.0045050001
v 0.0081404941 -0.032499999 0.020494999
v 0.0081404941 -0.032499999 0.020605
v 0.0081404941 0.032499999 0.0043950006
v 0.0081404941 0.032499999 0.0045050001
v 0.0081404941 0.032499999 0.020494999
v 0.0081404941 0.032499999 0.020605
v 0.0081404941 0.034970593 0.0048963032
v 0.0081404941 0.034970593 0.020103697
v 0.0081404941 0.035004582 0.0047916872
v 0.0081404941 0.035004582 0.020208312
v 0.0081404941 0.037199344 0.0060319095
v 0.0081404941 0.037199344 0.01896809
v 0.0081404941 0.037264001 0.0059429174
v 0.0081404941 0.037264001 0.019057082
v 0.0081404941 0.03896809 0.0078006573
v 0.0081404941 0.03896809 0.017199343
v 0.0081404941 0.039057083 0.0077360007
v 0.0081404941 0.039057083 0.017263999
v 0.0081404941 0.040103696 0.010029409
v 0.0081404941 0.040103696 0.014970591
v 0.0081404941 0.040208314 0.0099954177
v 0.0081404941 0.040208314 0.015004583
v 0.0081404941 0.040495001 0.0125
v 0.0081404941 0.040605001 0.0125
v 0.0087454943 -0.040495001 0.0125
v 0.0087454943 -0.040103696 0.010029409
v 0.0087454943 -0.040103696 0.014970591
v 0.0087454943 -0.03896809 0.0078006573
v 0.0087454943 -0.03896809 0.017199343
v 0.0087454943 -0.037199344 0.0060319095
v 0.0087454943 -0.037199344 0.01896809
v 0.0087454943 -0.034970593 0.0048963032
v 0.0087454943 -0.034970593 0.020103697
v 0.0087454943 -0.032499999 0.0045050001
v 0.0087454943 -0.032499999 0.020494999
v 0.0087454943 0.032499999 0.0045050001
v 0.0087454943 0.032499999 0.020494999
v 0.0087454943 0.034970593 0.0048963032
v 0.0087454943 0.034970593 0.020103697
v 0.0087454943 0.037199344 0.0060319095
v 0.0087454943 0.037199344 0.01896809
v 0.0087454943 0.03896809 0.0078006573
v 0.0087454943 0.03896809 0.017199343
v 0.0087454943 0.040103696 0.010029409
v 0.0087454943 0.040103696 0.014970591
v 0.0087454943 0.040495001 0.0125
v 0.0088359937 -0.04213579 0.0125
v 0.0088359937 -0.041911911 0.010434962
v 0.0088359937 -0.041911911 0.014565038
v 0.0088359937 -0.041250676 0.0084658824
v 0.0088359937 -0.041250676 0.016534118
v 0.0088359937 -0.040182814 0.0066842618
v 0.0088359937 -0.040182814 0.018315738
v 0.0088359937 -0.038757946 0.0051728878
v 0.0088359937 -0.038757946 0.019827113
v 0.0088359937 -0.037853356 0.0044881338
v 0.0088359937 -0.037853356 0.020511866
v 0.0088359937 -0.037042279 0.0040019918
v 0.0088359937 -0.037042279 0.020998009
v 0.0088359937 -0.036187459 0.0035976905
v 0.0088359937 -0.036187459 0.021402309
v 0.0088359937 -0.035115544 0.0032259829
v 0.0088359937 -0.035115544 0.021774016
v 0.0088359937 -0.033067267 0.0028809223
v 0.0088359937 -0.033067267 0.022119077
v 0.0088359937 -0.032499999 0.0028642097
v 0.0088359937 -0.032499999 0.02213579
v 0.0088359937 0.032499999 0.0028642097
v 0.0088359937 0.032499999 0.02213579
v 0.0088359937 0.033067267 0.0028809223
v 0.0088359937 0.033067267 0.022119077
v 0.0088359937 0.035115544 0.0032259829
v 0.0088359937 0.035115544 0.021774016
v 0.0088359937 0.036187459 0.0035976905
v 0.0088359937 0.036187459 0.021402309
v 0.0088359937 0.037042279 0.0040019918
v 0.0088359937 0.037042279 0.020998009
v 0.0088359937 0.037853356 0.0044881338
v 0.0088359937 0.037853356 0.020511866
v 0.0088359937 0.038757946 0.0051728878
v 0.0088359937 0.038757946 0.019827113
v 0.0088359937 0.040182814 0.0066842618
v 0.0088359937 0.040182814 0.018315738
v 0.0088359937 0.041250676 0.0084658824
v 0.0088359937 0.041250676 0.016534118
v 0.0088359937 0.041911911 0.010434962
v 0.0088359937 0.041911911 0.014565038
v 0.0088359937 0.04213579 0.0125
v 0.0088454941 -0.040394999 0.0125
v 0.0088454941 -0.040194999 0.0125
v 0.0088454941 -0.04000859 0.010060311
v 0.0088454941 -0.04000859 0.014939689
v 0.0088454941 -0.03981838 0.010122114
v 0.0088454941 -0.03981838 0.014877886
v 0.0088454941 -0.038887188 0.0078594349
v 0.0088454941 -0.038887188 0.017140565
v 0.0088454941 -0.038725387 0.0079769921
v 0.0088454941 -0.038725387 0.017023008
v 0.0088454941 -0.037140563 0.0061128112
v 0.0088454941 -0.037140563 0.018887188
v 0.0088454941 -0.037023008 0.0062746145
v 0.0088454941 -0.037023008 0.018725386
v 0.0088454941 -0.034939688 0.0049914089
v 0.0088454941 -0.034939688 0.020008592
v 0.0088454941 -0.034877885 0.0051816204
v 0.0088454941 -0.034877885 0.01981838
v 0.0088454941 -0.032499999 0.0046049999
v 0.0088454941 -0.032499999 0.004805
v 0.0088454941 -0.032499999 0.020195
v 0.0088454941 -0.032499999 0.020395
v 0.0088454941 0.032499999 0.0046049999
v 0.0088454941 0.032499999 0.004805
v 0.0088454941 0.032499999 0.020195
v 0.0088454941 0.032499999 0.020395
v 0.0088454941 0.034441799 0.0050540324
v 0.0088454941 0.034441799 0.019945968
v 0.0088454941 0.034939688 0.0049914089
v 0.0088454941 0.034939688 0.020008592
v 0.0088454941 0.036257915 0.0057850103
v 0.0088454941 0.036257915 0.01921499
v 0.0088454941 0.037140563 0.0061128112
v 0.0088454941 0.037140563 0.018887188
v 0.0088454941 0.0378308 0.006950621
v 0.0088454941 0.0378308 0.01804938
v 0.0088454941 0.038887188 0.0078594349
v 0.0088454941 0.038887188 0.017140565
v 0.0088454941 0.039058641 0.0084754191
v 0.0088454941 0.039058641 0.016524581
v 0.0088454941 0.04000859 0.010060311
v 0.0088454941 0.04000859 0.014939689
v 0.0088454941 0.040394999 0.0125
v 0.0088454941 0.040773254 0.0089011909
v 0.0088454941 0.040773254 0.016098808
v 0.0088454941 0.042140447 0.010020106
v 0.0088454941 0.042140447 0.014979894
v 0.0088454941 0.042896885 0.011616657
v 0.0088454941 0.042896885 0.013383343
v 0.0088903056 -0.042107597 0.0125
v 0.0088903056 -0.041884374 0.010441004
v 0.0088903056 -0.041884374 0.014558996
v 0.0088903056 -0.041225072 0.008477686
v 0.0088903056 -0.041225072 0.016522314
v 0.0088903056 -0.040160336 0.0067012785
v 0.0088903056 -0.040160336 0.018298721
v 0.0088903056 -0.038739637 0.0051943264
v 0.0088903056 -0.038739637 0.019805674
v 0.0088903056 -0.037028991 0.0040268563
v 0.0088903056 -0.037028991 0.020973144
v 0.0088903056 -0.035107892 0.0032531188
v 0.0088903056 -0.035107892 0.021746881
v 0.0088903056 -0.033065606 0.0029090669
v 0.0088903056 -0.033065606 0.022090932
v 0.0088903056 -0.032499999 0.0028924036
v 0.0088903056 -0.032499999 0.022107596
v 0.0088903056 0.032499999 0.0028924036
v 0.0088903056 0.032499999 0.022107596
v 0.0088903056 0.033065606 0.0029090669
v 0.0088903056 0.033065606 0.022090932
v 0.0088903056 0.035107892 0.0032531188
v 0.0088903056 0.035107892 0.021746881
v 0.0088903056 0.037028991 0.0040268563
v 0.0088903056 0.037028991 0.020973144
v 0.0088903056 0.038739637 0.0051943264
v 0.0088903056 0.038739637 0.019805674
v 0.0088903056 0.040160336 0.0067012785
v 0.0088903056 0.040160336 0.018298721
v 0.0088903056 0.041225072 0.008477686
v 0.0088903056 0.041225072 0.016522314
v 0.0088903056 0.041884374 0.010441004
v 0.0088903056 0.041884374 0.014558996
v 0.0088903056 0.042107597 0.0125
v 0.0088927969 -0.032499999 0.0028944805
v 0.0088927969 -0.032499999 0.022105519
v 0.0088927969 0.032499999 0.0028944805
v 0.0088927969 0.032499999 0.022105519
v 0.0089114942 -0.040194999 0.0125
v 0.0089114942 -0.03981838 0.010122114
v 0.0089114942 -0.03981838 0.014877886
v 0.0089114942 -0.038725387 0.0079769921
v 0.0089114942 -0.038725387 0.017023008
v 0.0089114942 -0.037023008 0.0062746145
v 0.0089114942 -0.037023008 0.018725386
v 0.0089114942 -0.034877885 0.0051816204
v 0.0089114942 -0.034877885 0.01981838
v 0.0089114942 -0.032499999 0.004805
v 0.0089114942 -0.032499999 0.020195
v 0.0089114942 0.032499999 0.004805
v 0.0089114942 0.032499999 0.020195
v 0.0089114942 0.034441799 0.0050540324
v 0.0089114942 0.034441799 0.019945968
v 0.0089114942 0.036257915 0.0057850103
v 0.0089114942 0.036257915 0.01921499
v 0.0089114942 0.0378308 0.006950621
v 0.0089114942 0.0378308 0.01804938
v 0.0089114942 0.039058641 0.0084754191
v 0.0089114942 0.039058641 0.016524581
v 0.0089114942 0.040773254 0.0089011909
v 0.0089114942 0.040773254 0.016098808
v 0.0089114942 0.042140447 0.010020106
v 0.0089114942 0.042140447 0.014979894
v 0.0089114942 0.042896885 0.011616657
v 0.0089114942 0.042896885 0.013383343
v 0.0089316843 -0.032499999 0.0029457721
v 0.0089316843 -0.032499999 0.022054227
v 0.0089316843 0.032499999 0.0029457721
v 0.0089316843 0.032499999 0.022054227
v 0.0089330114 -0.042051267 0.0125
v 0.0089330114 -0.041829355 0.010453076
v 0.0089330114 -0.041829355 0.014546924
v 0.0089330114 -0.04117392 0.008501268
v 0.0089330114 -0.04117392 0.016498731
v 0.0089330114 -0.040115424 0.006735275
v 0.0089330114 -0.040115424 0.018264726
v 0.0089330114 -0.038703054 0.0052371584
v 0.0089330114 -0.038703054 0.019762842
v 0.0089330114 -0.037002437 0.004076533
v 0.0089330114 -0.037002437 0.020923467
v 0.0089330114 -0.0350926 0.0033073311
v 0.0089330114 -0.0350926 0.021692669
v 0.0089330114 -0.03306229 0.0029652973
v 0.0089330114 -0.03306229 0.022034703
v 0.0089330114 -0.032499999 0.002948731
v 0.0089330114 -0.032499999 0.022051269
v 0.0089330114 0.032499999 0.002948731
v 0.0089330114 0.032499999 0.022051269
v 0.0089330114 0.03306229 0.0029652973
v 0.0089330114 0.03306229 0.022034703
v 0.0089330114 0.0350926 0.0033073311
v 0.0089330114 0.0350926 0.021692669
v 0.0089330114 0.037002437 0.004076533
v 0.0089330114 0.037002437 0.020923467
v 0.0089330114 0.038703054 0.0052371584
v 0.0089330114 0.038703054 0.019762842
v 0.0089330114 0.040115424 0.006735275
v 0.0089330114 0.040115424 0.018264726
v 0.0089330114 0.04117392 0.008501268
v 0.0089330114 0.04117392 0.016498731
v 0.0089330114 0.041829355 0.010453076
v 0.0089330114 0.041829355 0.014546924
v 0.0089330114 0.042051267 0.0125
v 0.008945494 -0.04199136 0.0125
v 0.008945494 -0.041770838 0.010465914
v 0.008945494 -0.041770838 0.014534086
v 0.008945494 -0.041119516 0.0085263494
v 0.008945494 -0.041119516 0.016473651
v 0.008945494 -0.040605001 0.0125
v 0.008945494 -0.040208314 0.0099954177
v 0.008945494 -0.040208314 0.015004583
v 0.008945494 -0.040067658 0.0067714327
v 0.008945494 -0.040067658 0.018228568
v 0.008945494 -0.039057083 0.0077360007
v 0.008945494 -0.039057083 0.017263999
v 0.008945494 -0.038664147 0.0052827126
v 0.008945494 -0.038664147 0.019717287
v 0.008945494 -0.037264001 0.0059429174
v 0.008945494 -0.037264001 0.019057082
v 0.008945494 -0.036974195 0.0041293669
v 0.008945494 -0.036974195 0.020870633
v 0.008945494 -0.035076339 0.0033649902
v 0.008945494 -0.035076339 0.021635009
v 0.008945494 -0.035004582 0.0047916872
v 0.008945494 -0.035004582 0.020208312
v 0.008945494 -0.033058763 0.0030251003
v 0.008945494 -0.033058763 0.021974899
v 0.008945494 -0.032499999 0.0030086392
v 0.008945494 -0.032499999 0.0043950006
v 0.008945494 -0.032499999 0.020605
v 0.008945494 -0.032499999 0.021991361
v 0.008945494 0.032499999 0.0030086392
v 0.008945494 0.032499999 0.0043950006
v 0.008945494 0.032499999 0.020605
v 0.008945494 0.032499999 0.021991361
v 0.008945494 0.033058763 0.0030251003
v 0.008945494 0.033058763 0.021974899
v 0.008945494 0.035004582 0.0047916872
v 0.008945494 0.035004582 0.020208312
v 0.008945494 0.035076339 0.0033649902
v 0.008945494 0.035076339 0.021635009
v 0.008945494 0.036974195 0.0041293669
v 0.008945494 0.036974195 0.020870633
v 0.008945494 0.037264001 0.0059429174
v 0.008945494 0.037264001 0.019057082
v 0.008945494 0.038664147 0.0052827126
v 0.008945494 0.038664147 0.019717287
v 0.008945494 0.039057083 0.0077360007
v 0.008945494 0.039057083 0.017263999
v 0.008945494 0.040067658 0.0067714327
v 0.008945494 0.040067658 0.018228568
v 0.008945494 0.040208314 0.0099954177
v 0.008945494 0.040208314 0.015004583
v 0.008945494 0.040605001 0.0125
v 0.008945494 0.041119516 0.0085263494
v 0.008945494 0.041119516 0.016473651
v 0.008945494 0.041770838 0.010465914
v 0.008945494 0.041770838 0.014534086
v 0.008945494 0.04199136 0.0125
s 1
f 5134// 5132// 5133//
f 5124// 5125// 5127//
f 5120// 5118// 5113//
f 5128// 5126// 5131//
f 5131// 5126// 5124//
f 5131// 5124// 5129//
f 5129// 5124// 5127//
f 5137// 5138// 5136//
f 5133// 5132// 5131//
f 5131// 5132// 5130//
f 5131// 5130// 5128//
f 5120// 5113// 5122//
f 5122// 5113// 5115//
f 5122// 5115// 5117//
f 5118// 5116// 5113//
f 5113// 5116// 5114//
f 5113// 5114// 5112//
f 5117// 5119// 5122//
f 5122// 5119// 5121//
f 5122// 5121// 5124//
f 5124// 5121// 5123//
f 5124// 5123// 5125//
f 5134// 5133// 5136//
f 5136// 5133// 5135//
f 5136// 5135// 5137//
f 5063// 5131// 5129//
f 5063// 5129// 5059//
f 5059// 5129// 5127//
f 5059// 5127// 5055//
f 5055// 5127// 5125//
f 5055// 5125// 5051//
f 5051// 5125// 5123//
f 5051// 5123// 5048//
f 5064// 5132// 5134//
f 5064// 5134// 5069//
f 5069// 5134// 5136//
f 5069// 5136// 5071//
f 5071// 5136// 5138//
f 5071// 5138// 5073//
f 5073// 5138// 5137//
f 5073// 5137// 5072//
f 5072// 5137// 5135//
f 5072// 5135// 5070//
f 5070// 5135// 5133//
f 5070// 5133// 5068//
f 5068// 5133// 5131//
f 5068// 5131// 5063//
f 5049// 5124// 5126//
f 5049// 5126// 5052//
f 5052// 5126// 5128//
f 5052// 5128// 5056//
f 5056// 5128// 5130//
f 5056// 5130// 5060//
f 5060// 5130// 5132//
f 5060// 5132// 5064//
f 5045// 5122// 5049//
f 5049// 5122// 5124//
f 5044// 5121// 5119//
f 5044// 5119// 5041//
f 5041// 5119// 5117//
f 5041// 5117// 5037//
f 5037// 5117// 5115//
f 5037// 5115// 5033//
f 5033// 5115// 5113//
f 5033// 5113// 5029//
f 5029// 5113// 5112//
f 5029// 5112// 5026//
f 5026// 5112// 5114//
f 5026// 5114// 5030//
f 5030// 5114// 5116//
f 5030// 5116// 5034//
f 5034// 5116// 5118//
f 5034// 5118// 5038//
f 5038// 5118// 5120//
f 5038// 5120// 5042//
f 5042// 5120// 5122//
f 5042// 5122// 5045//
f 5048// 5123// 5044//
f 5044// 5123// 5121//
f 5068// 5063// 5064//
f 5072// 5070// 5068//
f 5049// 5052// 5048//
f 5048// 5052// 5056//
f 5056// 5060// 5048//
f 5048// 5060// 5064//
f 5048// 5064// 5051//
f 5063// 5059// 5064//
f 5064// 5059// 5055//
f 5064// 5055// 5051//
f 5049// 5048// 5045//
f 5045// 5048// 5044//
f 5045// 5044// 5041//
f 5041// 5037// 5045//
f 5045// 5037// 5033//
f 5045// 5033// 5029//
f 5030// 5034// 5038//
f 5029// 5026// 5045//
f 5045// 5026// 5030//
f 5045// 5030// 5042//
f 5042// 5030// 5038//
f 5073// 5072// 5071//
f 5071// 5072// 5068//
f 5071// 5068// 5069//
f 5069// 5068// 5064//
f 5039// 5043// 5046//
f 5036// 5032// 5035//
f 5046// 5043// 5050//
f 5050// 5043// 5047//
f 5050// 5047// 5054//
f 5039// 5046// 5035//
f 5035// 5046// 5040//
f 5035// 5040// 5036//
f 5032// 5028// 5035//
f 5035// 5028// 5025//
f 5035// 5025// 5031//
f 5031// 5025// 5027//
f 5061// 5047// 5057//
f 5057// 5047// 5053//
f 5061// 5065// 5047//
f 5047// 5065// 5067//
f 5047// 5067// 5066//
f 5066// 5062// 5047//
f 5047// 5062// 5058//
f 5047// 5058// 5054//
f 4972// 5047// 4970//
f 4970// 5047// 5043//
f 5047// 4972// 4974//
f 5047// 4974// 5053//
f 5053// 4974// 4976//
f 5053// 4976// 5057//
f 5057// 4976// 4978//
f 5057// 4978// 5061//
f 5061// 4978// 4980//
f 5061// 4980// 5065//
f 5065// 4980// 4982//
f 5065// 4982// 5067//
f 5067// 4982// 4981//
f 5067// 4981// 5066//
f 5066// 4981// 4979//
f 5066// 4979// 5062//
f 5062// 4979// 4977//
f 5062// 4977// 5058//
f 5058// 4977// 4975//
f 5058// 4975// 5054//
f 5054// 4975// 4973//
f 5054// 4973// 5050//
f 4971// 5046// 4973//
f 4973// 5046// 5050//
f 5046// 4971// 4969//
f 5046// 4969// 5040//
f 5040// 4969// 4967//
f 5040// 4967// 5036//
f 5036// 4967// 4965//
f 5036// 4965// 5032//
f 5032// 4965// 4963//
f 5032// 4963// 5028//
f 5028// 4963// 4961//
f 5028// 4961// 5025//
f 5025// 4961// 4962//
f 5025// 4962// 5027//
f 5027// 4962// 4964//
f 5027// 4964// 5031//
f 5031// 4964// 4966//
f 5031// 4966// 5035//
f 5035// 4966// 4968//
f 5035// 4968// 5039//
f 5039// 4968// 4970//
f 5039// 4970// 5043//
f 4972// 4970// 4940//
f 4940// 4970// 4936//
f 4941// 4973// 4975//
f 4941// 4975// 4944//
f 4944// 4975// 4977//
f 4944// 4977// 4948//
f 4948// 4977// 4979//
f 4948// 4979// 4952//
f 4952// 4979// 4981//
f 4952// 4981// 4956//
f 4956// 4981// 4982//
f 4956// 4982// 4959//
f 4959// 4982// 4980//
f 4959// 4980// 4955//
f 4955// 4980// 4978//
f 4955// 4978// 4951//
f 4951// 4978// 4976//
f 4951// 4976// 4947//
f 4947// 4976// 4974//
f 4947// 4974// 4943//
f 4943// 4974// 4972//
f 4943// 4972// 4940//
f 4971// 4973// 4937//
f 4937// 4973// 4941//
f 4936// 4970// 4968//
f 4936// 4968// 4933//
f 4933// 4968// 4966//
f 4933// 4966// 4929//
f 4929// 4966// 4964//
f 4929// 4964// 4925//
f 4925// 4964// 4962//
f 4925// 4962// 4921//
f 4921// 4962// 4961//
f 4921// 4961// 4918//
f 4918// 4961// 4963//
f 4918// 4963// 4922//
f 4922// 4963// 4965//
f 4922// 4965// 4926//
f 4926// 4965// 4967//
f 4926// 4967// 4930//
f 4930// 4967// 4969//
f 4930// 4969// 4934//
f 4934// 4969// 4971//
f 4934// 4971// 4937//
f 762// 763// 765//
f 765// 763// 767//
f 765// 767// 784//
f 784// 767// 777//
f 784// 777// 779//
f 785// 779// 782//
f 782// 779// 780//
f 782// 780// 781//
f 785// 786// 779//
f 779// 786// 788//
f 779// 788// 784//
f 784// 788// 787//
f 784// 787// 783//
f 795// 794// 913//
f 913// 794// 935//
f 1039// 1067// 1068//
f 1068// 1051// 1039//
f 1039// 1051// 1037//
f 1039// 1037// 1015//
f 1015// 1037// 974//
f 1015// 974// 935//
f 935// 974// 937//
f 935// 937// 913//
f 1066// 1068// 1065//
f 1065// 1068// 1067//
f 1066// 1065// 1044//
f 1044// 1065// 1038//
f 1044// 1038// 1036//
f 1036// 1038// 1012//
f 1036// 1012// 975//
f 975// 1012// 936//
f 936// 1012// 934//
f 936// 934// 904//
f 904// 934// 787//
f 904// 787// 788//
f 804// 814// 816//
f 798// 794// 799//
f 799// 794// 795//
f 841// 842// 837//
f 837// 842// 839//
f 837// 839// 833//
f 833// 839// 835//
f 833// 835// 829//
f 819// 817// 815//
f 815// 817// 813//
f 816// 814// 820//
f 835// 831// 829//
f 829// 831// 827//
f 829// 827// 823//
f 823// 827// 825//
f 823// 825// 819//
f 819// 825// 821//
f 819// 821// 817//
f 814// 818// 820//
f 820// 818// 822//
f 820// 822// 824//
f 824// 822// 826//
f 824// 826// 830//
f 826// 828// 830//
f 830// 828// 832//
f 830// 832// 834//
f 834// 832// 836//
f 834// 836// 838//
f 838// 836// 840//
f 838// 840// 841//
f 841// 840// 843//
f 841// 843// 842//
f 813// 812// 815//
f 815// 812// 811//
f 815// 811// 809//
f 809// 811// 810//
f 796// 797// 800//
f 809// 808// 815//
f 815// 808// 807//
f 815// 807// 792//
f 792// 807// 806//
f 792// 806// 805//
f 816// 799// 804//
f 804// 799// 795//
f 804// 795// 802//
f 802// 795// 796//
f 802// 796// 801//
f 801// 796// 800//
f 805// 803// 792//
f 792// 803// 793//
f 792// 793// 791//
f 266// 260// 259//
f 266// 259// 272//
f 272// 259// 288//
f 272// 288// 304//
f 401// 403// 372//
f 401// 372// 288//
f 288// 372// 316//
f 288// 316// 304//
f 513// 435// 401//
f 401// 435// 421//
f 401// 421// 403//
f 610// 564// 611//
f 611// 564// 560//
f 611// 560// 513//
f 513// 560// 504//
f 513// 504// 435//
f 259// 260// 258//
f 259// 258// 255//
f 255// 258// 257//
f 255// 257// 256//
f 608// 606// 508//
f 508// 606// 512//
f 508// 512// 446//
f 400// 404// 407//
f 400// 407// 512//
f 512// 407// 439//
f 512// 439// 446//
f 274// 287// 265//
f 265// 287// 255//
f 265// 255// 263//
f 263// 255// 256//
f 274// 319// 287//
f 287// 319// 359//
f 287// 359// 400//
f 400// 359// 378//
f 400// 378// 404//
f 625// 623// 612//
f 623// 620// 612//
f 612// 620// 617//
f 612// 617// 616//
f 641// 644// 646//
f 621// 619// 624//
f 625// 612// 626//
f 626// 612// 622//
f 626// 622// 629//
f 641// 646// 648//
f 634// 637// 641//
f 641// 637// 640//
f 641// 640// 644//
f 621// 624// 628//
f 592// 591// 595//
f 595// 591// 597//
f 616// 615// 612//
f 612// 615// 614//
f 612// 614// 613//
f 662// 663// 657//
f 657// 663// 660//
f 657// 660// 654//
f 646// 650// 648//
f 648// 650// 652//
f 648// 652// 653//
f 624// 627// 628//
f 628// 627// 631//
f 628// 631// 634//
f 634// 631// 633//
f 634// 633// 637//
f 613// 610// 612//
f 612// 610// 611//
f 652// 656// 653//
f 653// 656// 659//
f 653// 659// 657//
f 657// 659// 661//
f 657// 661// 662//
f 597// 599// 595//
f 595// 599// 609//
f 595// 609// 621//
f 621// 609// 618//
f 621// 618// 619//
f 638// 636// 635//
f 635// 636// 632//
f 635// 632// 629//
f 629// 632// 630//
f 629// 630// 626//
f 642// 649// 647//
f 660// 658// 654//
f 654// 658// 655//
f 654// 655// 649//
f 649// 655// 651//
f 649// 651// 647//
f 647// 645// 642//
f 642// 645// 643//
f 642// 643// 635//
f 635// 643// 639//
f 635// 639// 638//
f 594// 593// 598//
f 598// 593// 596//
f 598// 596// 600//
f 600// 596// 607//
f 600// 607// 608//
f 608// 607// 606//
f 608// 605// 600//
f 600// 605// 604//
f 600// 604// 601//
f 601// 604// 603//
f 601// 603// 602//
f 4836// 3610// 4123//
f 4123// 4695// 4836//
f 4836// 4695// 4699//
f 4836// 4699// 4712//
f 4712// 4729// 4836//
f 4836// 4729// 4767//
f 4836// 4767// 4801//
f 4809// 4810// 4813//
f 4813// 4838// 4809//
f 4809// 4838// 4836//
f 4809// 4836// 4808//
f 4808// 4836// 4801//
f 766// 768// 2757//
f 2757// 768// 2066//
f 2757// 2066// 3201//
f 3201// 2066// 2870//
f 3201// 2870// 3610//
f 3610// 2870// 3571//
f 3610// 3571// 4123//
f 1727// 1726// 2571//
f 1727// 2571// 2572//
f 2572// 2571// 2671//
f 2572// 2671// 2672//
f 2672// 2671// 2819//
f 2672// 2819// 2818//
f 2818// 2819// 2845//
f 2818// 2845// 2846//
f 1726// 1727// 924//
f 924// 1727// 925//
f 922// 923// 893//
f 922// 893// 892//
f 892// 893// 862//
f 892// 862// 861//
f 861// 862// 845//
f 861// 845// 844//
f 844// 845// 761//
f 844// 761// 760//
f 760// 761// 766//
f 766// 761// 764//
f 766// 764// 768//
f 789// 778// 790//
f 790// 778// 776//
f 776// 775// 790//
f 790// 775// 774//
f 790// 774// 764//
f 774// 773// 764//
f 764// 773// 772//
f 764// 772// 771//
f 771// 770// 764//
f 764// 770// 769//
f 764// 769// 768//
f 962// 960// 933//
f 933// 960// 931//
f 958// 956// 929//
f 929// 956// 927//
f 961// 963// 2869//
f 2869// 963// 2865//
f 2869// 2865// 3543//
f 3543// 2865// 3548//
f 3543// 3548// 3579//
f 3579// 3548// 3583//
f 3579// 3583// 3855//
f 3855// 3583// 3891//
f 3855// 3891// 3853//
f 3853// 3891// 3889//
f 3853// 3889// 3577//
f 3577// 3889// 3581//
f 3577// 3581// 3541//
f 3541// 3581// 3546//
f 3541// 3546// 2867//
f 2867// 3546// 2863//
f 2867// 2863// 959//
f 959// 2863// 957//
f 962// 963// 960//
f 960// 963// 961//
f 957// 956// 959//
f 959// 956// 958//
f 2779// 2871// 2876//
f 3196// 3589// 3048//
f 3048// 3589// 3588//
f 3587// 2779// 3588//
f 3588// 2779// 2876//
f 3588// 2876// 3048//
f 2633// 2626// 2627//
f 2777// 2653// 2673//
f 2673// 2653// 2637//
f 2673// 2637// 2633//
f 2633// 2627// 2673//
f 2673// 2627// 2630//
f 2673// 2630// 2638//
f 2638// 2648// 2673//
f 2673// 2648// 2779//
f 2673// 2779// 2777//
f 2777// 2779// 3587//
f 2777// 3587// 3335//
f 3335// 3587// 3586//
f 3587// 3588// 3586//
f 3586// 3588// 3589//
f 3591// 3592// 3590//
f 3590// 3592// 3593//
f 4763// 4765// 4736//
f 4768// 4771// 4755//
f 3969// 4688// 3971//
f 3971// 4688// 4690//
f 4690// 4688// 4702//
f 4702// 4688// 4713//
f 4702// 4713// 4717//
f 4717// 4713// 4731//
f 4731// 4713// 4755//
f 4731// 4755// 4758//
f 4758// 4755// 4771//
f 4758// 4771// 4773//
f 4726// 4738// 4760//
f 4760// 4733// 4726//
f 4726// 4733// 4708//
f 4726// 4708// 4706//
f 4706// 4708// 4663//
f 4706// 4663// 4624//
f 4624// 4663// 3961//
f 4624// 3961// 3955//
f 4760// 4763// 4733//
f 4733// 4763// 4736//
f 4733// 4736// 4708//
f 4708// 4736// 4710//
f 4708// 4710// 4663//
f 4663// 4710// 4686//
f 4663// 4686// 3961//
f 3961// 4686// 3964//
f 4765// 4768// 4736//
f 4736// 4768// 4755//
f 4736// 4755// 4710//
f 4710// 4755// 4713//
f 4710// 4713// 4686//
f 4686// 4713// 4688//
f 4686// 4688// 3964//
f 3964// 4688// 3969//
f 4775// 4773// 4772//
f 4772// 4773// 4771//
f 4772// 4771// 4769//
f 4769// 4771// 4768//
f 4769// 4768// 4766//
f 4766// 4768// 4765//
f 4766// 4765// 4764//
f 4764// 4765// 4763//
f 4748// 4763// 4739//
f 4739// 4763// 4760//
f 4739// 4760// 4738//
f 4748// 4740// 4763//
f 4763// 4740// 4741//
f 4763// 4741// 4749//
f 4749// 4742// 4763//
f 4763// 4742// 4750//
f 4763// 4750// 4764//
f 4764// 4750// 4743//
f 4764// 4743// 4744//
f 4744// 4751// 4764//
f 4764// 4751// 4745//
f 4764// 4745// 4746//
f 4746// 4752// 4764//
f 4764// 4752// 4747//
f 4764// 4747// 4761//
f 4761// 4747// 4753//
f 4769// 4766// 4737//
f 4764// 4761// 4734//
f 4772// 4756// 4775//
f 4775// 4756// 4759//
f 4759// 4756// 4732//
f 4732// 4756// 4714//
f 4732// 4714// 4718//
f 4718// 4714// 4703//
f 4703// 4714// 4689//
f 4703// 4689// 4691//
f 4691// 4689// 3970//
f 4691// 3970// 3973//
f 4625// 3956// 3963//
f 3963// 4664// 4625//
f 4625// 4664// 4709//
f 4625// 4709// 4707//
f 4707// 4709// 4734//
f 4707// 4734// 4727//
f 4727// 4734// 4761//
f 4727// 4761// 4753//
f 3963// 3965// 4664//
f 4664// 3965// 4687//
f 4664// 4687// 4709//
f 4709// 4687// 4711//
f 4709// 4711// 4734//
f 4734// 4711// 4737//
f 4734// 4737// 4764//
f 4764// 4737// 4766//
f 3965// 3970// 4687//
f 4687// 3970// 4689//
f 4687// 4689// 4711//
f 4711// 4689// 4714//
f 4711// 4714// 4737//
f 4737// 4714// 4756//
f 4737// 4756// 4769//
f 4769// 4756// 4772//
f 3963// 3956// 3857//
f 3857// 3880// 3963//
f 3963// 3880// 3882//
f 3963// 3882// 3965//
f 3965// 3882// 3884//
f 3965// 3884// 3970//
f 3970// 3884// 3886//
f 3970// 3886// 3973//
f 3649// 3653// 4028//
f 4028// 3653// 4170//
f 4028// 4170// 4295//
f 4295// 4170// 4553//
f 4295// 4553// 4482//
f 4482// 4553// 4627//
f 4482// 4627// 4292//
f 4292// 4627// 4552//
f 4292// 4552// 4025//
f 4025// 4552// 4169//
f 4025// 4169// 3645//
f 3645// 4169// 3644//
f 3659// 3663// 4034//
f 4034// 3663// 4172//
f 4034// 4172// 4301//
f 4301// 4172// 4555//
f 4301// 4555// 4486//
f 4486// 4555// 4628//
f 4486// 4628// 4298//
f 4298// 4628// 4554//
f 4298// 4554// 4031//
f 4031// 4554// 4171//
f 4031// 4171// 3655//
f 3655// 4171// 3654//
f 3669// 3673// 4040//
f 4040// 3673// 4174//
f 4040// 4174// 4307//
f 4307// 4174// 4557//
f 4307// 4557// 4490//
f 4490// 4557// 4629//
f 4490// 4629// 4304//
f 4304// 4629// 4556//
f 4304// 4556// 4037//
f 4037// 4556// 4173//
f 4037// 4173// 3665//
f 3665// 4173// 3664//
f 3679// 3683// 4046//
f 4046// 3683// 4176//
f 4046// 4176// 4313//
f 4313// 4176// 4559//
f 4313// 4559// 4494//
f 4494// 4559// 4630//
f 4494// 4630// 4310//
f 4310// 4630// 4558//
f 4310// 4558// 4043//
f 4043// 4558// 4175//
f 4043// 4175// 3675//
f 3675// 4175// 3674//
f 3689// 3693// 4052//
f 4052// 3693// 4178//
f 4052// 4178// 4319//
f 4319// 4178// 4561//
f 4319// 4561// 4498//
f 4498// 4561// 4631//
f 4498// 4631// 4316//
f 4316// 4631// 4560//
f 4316// 4560// 4049//
f 4049// 4560// 4177//
f 4049// 4177// 3685//
f 3685// 4177// 3684//
f 3699// 3703// 4058//
f 4058// 3703// 4180//
f 4058// 4180// 4325//
f 4325// 4180// 4563//
f 4325// 4563// 4502//
f 4502// 4563// 4632//
f 4502// 4632// 4322//
f 4322// 4632// 4562//
f 4322// 4562// 4055//
f 4055// 4562// 4179//
f 4055// 4179// 3695//
f 3695// 4179// 3694//
f 3709// 3713// 4064//
f 4064// 3713// 4182//
f 4064// 4182// 4331//
f 4331// 4182// 4565//
f 4331// 4565// 4506//
f 4506// 4565// 4633//
f 4506// 4633// 4328//
f 4328// 4633// 4564//
f 4328// 4564// 4061//
f 4061// 4564// 4181//
f 4061// 4181// 3705//
f 3705// 4181// 3704//
f 3731// 3735// 4076//
f 4076// 3735// 4184//
f 4076// 4184// 4343//
f 4343// 4184// 4567//
f 4343// 4567// 4516//
f 4516// 4567// 4634//
f 4516// 4634// 4340//
f 4340// 4634// 4566//
f 4340// 4566// 4073//
f 4073// 4566// 4183//
f 4073// 4183// 3727//
f 3727// 4183// 3726//
f 3741// 3745// 4082//
f 4082// 3745// 4186//
f 4082// 4186// 4349//
f 4349// 4186// 4569//
f 4349// 4569// 4520//
f 4520// 4569// 4635//
f 4520// 4635// 4346//
f 4346// 4635// 4568//
f 4346// 4568// 4079//
f 4079// 4568// 4185//
f 4079// 4185// 3737//
f 3737// 4185// 3736//
f 3751// 3755// 4088//
f 4088// 3755// 4188//
f 4088// 4188// 4355//
f 4355// 4188// 4571//
f 4355// 4571// 4524//
f 4524// 4571// 4636//
f 4524// 4636// 4352//
f 4352// 4636// 4570//
f 4352// 4570// 4085//
f 4085// 4570// 4187//
f 4085// 4187// 3747//
f 3747// 4187// 3746//
f 3761// 3765// 4094//
f 4094// 3765// 4190//
f 4094// 4190// 4361//
f 4361// 4190// 4573//
f 4361// 4573// 4528//
f 4528// 4573// 4637//
f 4528// 4637// 4358//
f 4358// 4637// 4572//
f 4358// 4572// 4091//
f 4091// 4572// 4189//
f 4091// 4189// 3757//
f 3757// 4189// 3756//
f 3771// 3775// 4100//
f 4100// 3775// 4192//
f 4100// 4192// 4367//
f 4367// 4192// 4575//
f 4367// 4575// 4532//
f 4532// 4575// 4638//
f 4532// 4638// 4364//
f 4364// 4638// 4574//
f 4364// 4574// 4097//
f 4097// 4574// 4191//
f 4097// 4191// 3767//
f 3767// 4191// 3766//
f 3781// 3785// 4106//
f 4106// 3785// 4194//
f 4106// 4194// 4373//
f 4373// 4194// 4577//
f 4373// 4577// 4536//
f 4536// 4577// 4639//
f 4536// 4639// 4370//
f 4370// 4639// 4576//
f 4370// 4576// 4103//
f 4103// 4576// 4193//
f 4103// 4193// 3777//
f 3777// 4193// 3776//
f 3791// 3795// 4112//
f 4112// 3795// 4196//
f 4112// 4196// 4379//
f 4379// 4196// 4579//
f 4379// 4579// 4540//
f 4540// 4579// 4640//
f 4540// 4640// 4376//
f 4376// 4640// 4578//
f 4376// 4578// 4109//
f 4109// 4578// 4195//
f 4109// 4195// 3787//
f 3787// 4195// 3786//
f 3801// 3805// 4118//
f 4118// 3805// 4198//
f 4118// 4198// 4385//
f 4385// 4198// 4581//
f 4385// 4581// 4544//
f 4544// 4581// 4641//
f 4544// 4641// 4382//
f 4382// 4641// 4580//
f 4382// 4580// 4115//
f 4115// 4580// 4197//
f 4115// 4197// 3797//
f 3797// 4197// 3796//
f 3639// 3643// 4022//
f 4022// 3643// 4168//
f 4022// 4168// 4289//
f 4289// 4168// 4551//
f 4289// 4551// 4478//
f 4478// 4551// 4626//
f 4478// 4626// 4286//
f 4286// 4626// 4550//
f 4286// 4550// 4019//
f 4019// 4550// 4167//
f 4019// 4167// 3635//
f 3635// 4167// 3634//
f 3879// 3856// 3955//
f 3955// 3961// 3879//
f 3879// 3961// 3964//
f 3879// 3964// 3881//
f 3881// 3964// 3969//
f 3881// 3969// 3883//
f 3883// 3969// 3971//
f 3883// 3971// 3885//
f 2098// 2102// 3649//
f 3649// 2102// 3653//
f 2094// 2093// 1926//
f 1926// 2093// 1782//
f 1926// 1782// 1568//
f 1568// 1782// 1261//
f 1568// 1261// 1318//
f 1318// 1261// 1104//
f 1318// 1104// 1320//
f 1320// 1104// 1105//
f 1320// 1105// 1570//
f 1570// 1105// 1262//
f 1570// 1262// 1928//
f 1928// 1262// 1783//
f 1928// 1783// 2098//
f 2098// 1783// 2102//
f 3645// 3644// 2094//
f 2094// 3644// 2093//
f 3645// 3646// 4025//
f 4025// 3646// 4026//
f 4025// 4026// 4292//
f 4292// 4026// 4293//
f 4292// 4293// 4482//
f 4482// 4293// 4483//
f 4482// 4483// 4295//
f 4295// 4483// 4296//
f 4295// 4296// 4028//
f 4028// 4296// 4029//
f 4028// 4029// 3649//
f 3649// 4029// 3650//
f 3646// 2888// 3136//
f 4029// 4296// 3650//
f 3650// 4296// 4483//
f 4293// 4026// 4483//
f 4483// 4026// 3646//
f 3136// 3341// 3646//
f 3646// 3341// 3498//
f 3646// 3498// 4483//
f 4483// 3498// 3343//
f 4483// 3343// 3650//
f 3650// 3343// 3138//
f 3650// 3138// 2893//
f 2108// 2112// 3659//
f 3659// 2112// 3663//
f 2104// 2103// 1930//
f 1930// 2103// 1784//
f 1930// 1784// 1572//
f 1572// 1784// 1263//
f 1572// 1263// 1322//
f 1322// 1263// 1106//
f 1322// 1106// 1324//
f 1324// 1106// 1107//
f 1324// 1107// 1574//
f 1574// 1107// 1264//
f 1574// 1264// 1932//
f 1932// 1264// 1785//
f 1932// 1785// 2108//
f 2108// 1785// 2112//
f 3655// 3654// 2104//
f 2104// 3654// 2103//
f 3655// 3656// 4031//
f 4031// 3656// 4032//
f 4031// 4032// 4298//
f 4298// 4032// 4299//
f 4298// 4299// 4486//
f 4486// 4299// 4487//
f 4486// 4487// 4301//
f 4301// 4487// 4302//
f 4301// 4302// 4034//
f 4034// 4302// 4035//
f 4034// 4035// 3659//
f 3659// 4035// 3660//
f 2897// 3140// 3656//
f 3656// 3140// 3345//
f 2902// 3660// 3142//
f 3142// 3660// 3347//
f 3345// 3500// 3656//
f 3656// 3500// 4487//
f 3656// 4487// 4032//
f 4032// 4487// 4299//
f 4035// 4302// 3660//
f 3660// 4302// 4487//
f 3660// 4487// 3347//
f 3347// 4487// 3500//
f 2118// 2122// 3669//
f 3669// 2122// 3673//
f 2114// 2113// 1934//
f 1934// 2113// 1786//
f 1934// 1786// 1576//
f 1576// 1786// 1265//
f 1576// 1265// 1326//
f 1326// 1265// 1108//
f 1326// 1108// 1328//
f 1328// 1108// 1109//
f 1328// 1109// 1578//
f 1578// 1109// 1266//
f 1578// 1266// 1936//
f 1936// 1266// 1787//
f 1936// 1787// 2118//
f 2118// 1787// 2122//
f 3665// 3664// 2114//
f 2114// 3664// 2113//
f 3665// 3666// 4037//
f 4037// 3666// 4038//
f 4037// 4038// 4304//
f 4304// 4038// 4305//
f 4304// 4305// 4490//
f 4490// 4305// 4491//
f 4490// 4491// 4307//
f 4307// 4491// 4308//
f 4307// 4308// 4040//
f 4040// 4308// 4041//
f 4040// 4041// 3669//
f 3669// 4041// 3670//
f 3146// 2911// 3670//
f 3146// 3670// 3351//
f 3349// 3666// 3144//
f 3144// 3666// 2906//
f 3349// 3502// 3666//
f 3666// 3502// 4491//
f 3666// 4491// 4038//
f 4038// 4491// 4305//
f 4041// 4308// 3670//
f 3670// 4308// 4491//
f 3670// 4491// 3351//
f 3351// 4491// 3502//
f 2128// 2132// 3679//
f 3679// 2132// 3683//
f 2124// 2123// 1938//
f 1938// 2123// 1788//
f 1938// 1788// 1580//
f 1580// 1788// 1267//
f 1580// 1267// 1330//
f 1330// 1267// 1110//
f 1330// 1110// 1332//
f 1332// 1110// 1111//
f 1332// 1111// 1582//
f 1582// 1111// 1268//
f 1582// 1268// 1940//
f 1940// 1268// 1789//
f 1940// 1789// 2128//
f 2128// 1789// 2132//
f 3675// 3674// 2124//
f 2124// 3674// 2123//
f 3675// 3676// 4043//
f 4043// 3676// 4044//
f 4043// 4044// 4310//
f 4310// 4044// 4311//
f 4310// 4311// 4494//
f 4494// 4311// 4495//
f 4494// 4495// 4313//
f 4313// 4495// 4314//
f 4313// 4314// 4046//
f 4046// 4314// 4047//
f 4046// 4047// 3679//
f 3679// 4047// 3680//
f 3150// 2920// 3680//
f 3150// 3680// 3355//
f 2915// 3148// 3676//
f 3676// 3148// 3353//
f 3353// 3504// 3676//
f 3676// 3504// 4495//
f 3676// 4495// 4044//
f 4044// 4495// 4311//
f 4047// 4314// 3680//
f 3680// 4314// 4495//
f 3680// 4495// 3355//
f 3355// 4495// 3504//
f 2138// 2142// 3689//
f 3689// 2142// 3693//
f 2134// 2133// 1942//
f 1942// 2133// 1790//
f 1942// 1790// 1584//
f 1584// 1790// 1269//
f 1584// 1269// 1334//
f 1334// 1269// 1112//
f 1334// 1112// 1336//
f 1336// 1112// 1113//
f 1336// 1113// 1586//
f 1586// 1113// 1270//
f 1586// 1270// 1944//
f 1944// 1270// 1791//
f 1944// 1791// 2138//
f 2138// 1791// 2142//
f 3685// 3684// 2134//
f 2134// 3684// 2133//
f 3685// 3686// 4049//
f 4049// 3686// 4050//
f 4049// 4050// 4316//
f 4316// 4050// 4317//
f 4316// 4317// 4498//
f 4498// 4317// 4499//
f 4498// 4499// 4319//
f 4319// 4499// 4320//
f 4319// 4320// 4052//
f 4052// 4320// 4053//
f 4052// 4053// 3689//
f 3689// 4053// 3690//
f 2924// 3152// 3686//
f 3686// 3152// 3357//
f 2929// 3690// 3154//
f 3154// 3690// 3359//
f 3357// 3506// 3686//
f 3686// 3506// 4499//
f 3686// 4499// 4050//
f 4050// 4499// 4317//
f 4053// 4320// 3690//
f 3690// 4320// 4499//
f 3690// 4499// 3359//
f 3359// 4499// 3506//
f 2148// 2152// 3699//
f 3699// 2152// 3703//
f 2144// 2143// 1946//
f 1946// 2143// 1792//
f 1946// 1792// 1588//
f 1588// 1792// 1271//
f 1588// 1271// 1338//
f 1338// 1271// 1114//
f 1338// 1114// 1340//
f 1340// 1114// 1115//
f 1340// 1115// 1590//
f 1590// 1115// 1272//
f 1590// 1272// 1948//
f 1948// 1272// 1793//
f 1948// 1793// 2148//
f 2148// 1793// 2152//
f 3695// 3694// 2144//
f 2144// 3694// 2143//
f 3695// 3696// 4055//
f 4055// 3696// 4056//
f 4055// 4056// 4322//
f 4322// 4056// 4323//
f 4322// 4323// 4502//
f 4502// 4323// 4503//
f 4502// 4503// 4325//
f 4325// 4503// 4326//
f 4325// 4326// 4058//
f 4058// 4326// 4059//
f 4058// 4059// 3699//
f 3699// 4059// 3700//
f 3158// 2938// 3700//
f 3158// 3700// 3363//
f 3361// 3696// 3156//
f 3156// 3696// 2933//
f 3361// 3508// 3696//
f 3696// 3508// 4503//
f 3696// 4503// 4056//
f 4056// 4503// 4323//
f 4059// 4326// 3700//
f 3700// 4326// 4503//
f 3700// 4503// 3363//
f 3363// 4503// 3508//
f 2158// 2162// 3709//
f 3709// 2162// 3713//
f 2154// 2153// 1950//
f 1950// 2153// 1794//
f 1950// 1794// 1592//
f 1592// 1794// 1273//
f 1592// 1273// 1342//
f 1342// 1273// 1116//
f 1342// 1116// 1344//
f 1344// 1116// 1117//
f 1344// 1117// 1594//
f 1594// 1117// 1274//
f 1594// 1274// 1952//
f 1952// 1274// 1795//
f 1952// 1795// 2158//
f 2158// 1795// 2162//
f 3705// 3704// 2154//
f 2154// 3704// 2153//
f 3705// 3706// 4061//
f 4061// 3706// 4062//
f 4061// 4062// 4328//
f 4328// 4062// 4329//
f 4328// 4329// 4506//
f 4506// 4329// 4507//
f 4506// 4507// 4331//
f 4331// 4507// 4332//
f 4331// 4332// 4064//
f 4064// 4332// 4065//
f 4064// 4065// 3709//
f 3709// 4065// 3710//
f 2942// 3160// 3706//
f 3706// 3160// 3365//
f 2947// 3710// 3162//
f 3162// 3710// 3367//
f 3365// 3510// 3706//
f 3706// 3510// 4507//
f 3706// 4507// 4062//
f 4062// 4507// 4329//
f 4065// 4332// 3710//
f 3710// 4332// 4507//
f 3710// 4507// 3367//
f 3367// 4507// 3510//
f 2181// 2185// 3731//
f 3731// 2185// 3735//
f 2177// 2176// 1954//
f 1954// 2176// 1796//
f 1954// 1796// 1596//
f 1596// 1796// 1275//
f 1596// 1275// 1346//
f 1346// 1275// 1118//
f 1346// 1118// 1348//
f 1348// 1118// 1119//
f 1348// 1119// 1598//
f 1598// 1119// 1276//
f 1598// 1276// 1956//
f 1956// 1276// 1797//
f 1956// 1797// 2181//
f 2181// 1797// 2185//
f 3727// 3726// 2177//
f 2177// 3726// 2176//
f 3727// 3728// 4073//
f 4073// 3728// 4074//
f 4073// 4074// 4340//
f 4340// 4074// 4341//
f 4340// 4341// 4516//
f 4516// 4341// 4517//
f 4516// 4517// 4343//
f 4343// 4517// 4344//
f 4343// 4344// 4076//
f 4076// 4344// 4077//
f 4076// 4077// 3731//
f 3731// 4077// 3732//
f 3166// 2970// 3732//
f 3166// 3732// 3371//
f 3369// 3728// 3164//
f 3164// 3728// 2965//
f 3369// 3513// 3728//
f 3728// 3513// 4517//
f 3728// 4517// 4074//
f 4074// 4517// 4341//
f 4077// 4344// 3732//
f 3732// 4344// 4517//
f 3732// 4517// 3371//
f 3371// 4517// 3513//
f 2191// 2195// 3741//
f 3741// 2195// 3745//
f 2187// 2186// 1958//
f 1958// 2186// 1798//
f 1958// 1798// 1600//
f 1600// 1798// 1277//
f 1600// 1277// 1350//
f 1350// 1277// 1120//
f 1350// 1120// 1352//
f 1352// 1120// 1121//
f 1352// 1121// 1602//
f 1602// 1121// 1278//
f 1602// 1278// 1960//
f 1960// 1278// 1799//
f 1960// 1799// 2191//
f 2191// 1799// 2195//
f 3737// 3736// 2187//
f 2187// 3736// 2186//
f 3737// 3738// 4079//
f 4079// 3738// 4080//
f 4079// 4080// 4346//
f 4346// 4080// 4347//
f 4346// 4347// 4520//
f 4520// 4347// 4521//
f 4520// 4521// 4349//
f 4349// 4521// 4350//
f 4349// 4350// 4082//
f 4082// 4350// 4083//
f 4082// 4083// 3741//
f 3741// 4083// 3742//
f 2974// 3168// 3738//
f 3738// 3168// 3373//
f 2979// 3742// 3170//
f 3170// 3742// 3375//
f 3373// 3515// 3738//
f 3738// 3515// 4521//
f 3738// 4521// 4080//
f 4080// 4521// 4347//
f 4083// 4350// 3742//
f 3742// 4350// 4521//
f 3742// 4521// 3375//
f 3375// 4521// 3515//
f 2201// 2205// 3751//
f 3751// 2205// 3755//
f 2197// 2196// 1962//
f 1962// 2196// 1800//
f 1962// 1800// 1604//
f 1604// 1800// 1279//
f 1604// 1279// 1354//
f 1354// 1279// 1122//
f 1354// 1122// 1356//
f 1356// 1122// 1123//
f 1356// 1123// 1606//
f 1606// 1123// 1280//
f 1606// 1280// 1964//
f 1964// 1280// 1801//
f 1964// 1801// 2201//
f 2201// 1801// 2205//
f 3747// 3746// 2197//
f 2197// 3746// 2196//
f 3747// 3748// 4085//
f 4085// 3748// 4086//
f 4085// 4086// 4352//
f 4352// 4086// 4353//
f 4352// 4353// 4524//
f 4524// 4353// 4525//
f 4524// 4525// 4355//
f 4355// 4525// 4356//
f 4355// 4356// 4088//
f 4088// 4356// 4089//
f 4088// 4089// 3751//
f 3751// 4089// 3752//
f 3174// 2988// 3752//
f 3174// 3752// 3379//
f 3377// 3748// 3172//
f 3172// 3748// 2983//
f 3377// 3517// 3748//
f 3748// 3517// 4525//
f 3748// 4525// 4086//
f 4086// 4525// 4353//
f 4089// 4356// 3752//
f 3752// 4356// 4525//
f 3752// 4525// 3379//
f 3379// 4525// 3517//
f 2211// 2215// 3761//
f 3761// 2215// 3765//
f 2207// 2206// 1966//
f 1966// 2206// 1802//
f 1966// 1802// 1608//
f 1608// 1802// 1281//
f 1608// 1281// 1358//
f 1358// 1281// 1124//
f 1358// 1124// 1360//
f 1360// 1124// 1125//
f 1360// 1125// 1610//
f 1610// 1125// 1282//
f 1610// 1282// 1968//
f 1968// 1282// 1803//
f 1968// 1803// 2211//
f 2211// 1803// 2215//
f 3757// 3756// 2207//
f 2207// 3756// 2206//
f 3757// 3758// 4091//
f 4091// 3758// 4092//
f 4091// 4092// 4358//
f 4358// 4092// 4359//
f 4358// 4359// 4528//
f 4528// 4359// 4529//
f 4528// 4529// 4361//
f 4361// 4529// 4362//
f 4361// 4362// 4094//
f 4094// 4362// 4095//
f 4094// 4095// 3761//
f 3761// 4095// 3762//
f 3178// 2997// 3762//
f 3178// 3762// 3383//
f 2992// 3176// 3758//
f 3758// 3176// 3381//
f 3381// 3519// 3758//
f 3758// 3519// 4529//
f 3758// 4529// 4092//
f 4092// 4529// 4359//
f 4095// 4362// 3762//
f 3762// 4362// 4529//
f 3762// 4529// 3383//
f 3383// 4529// 3519//
f 2221// 2225// 3771//
f 3771// 2225// 3775//
f 2217// 2216// 1970//
f 1970// 2216// 1804//
f 1970// 1804// 1612//
f 1612// 1804// 1283//
f 1612// 1283// 1362//
f 1362// 1283// 1126//
f 1362// 1126// 1364//
f 1364// 1126// 1127//
f 1364// 1127// 1614//
f 1614// 1127// 1284//
f 1614// 1284// 1972//
f 1972// 1284// 1805//
f 1972// 1805// 2221//
f 2221// 1805// 2225//
f 3767// 3766// 2217//
f 2217// 3766// 2216//
f 3767// 3768// 4097//
f 4097// 3768// 4098//
f 4097// 4098// 4364//
f 4364// 4098// 4365//
f 4364// 4365// 4532//
f 4532// 4365// 4533//
f 4532// 4533// 4367//
f 4367// 4533// 4368//
f 4367// 4368// 4100//
f 4100// 4368// 4101//
f 4100// 4101// 3771//
f 3771// 4101// 3772//
f 3182// 3006// 3772//
f 3182// 3772// 3387//
f 3001// 3180// 3768//
f 3768// 3180// 3385//
f 3385// 3521// 3768//
f 3768// 3521// 4533//
f 3768// 4533// 4098//
f 4098// 4533// 4365//
f 4101// 4368// 3772//
f 3772// 4368// 4533//
f 3772// 4533// 3387//
f 3387// 4533// 3521//
f 2231// 2235// 3781//
f 3781// 2235// 3785//
f 2227// 2226// 1974//
f 1974// 2226// 1806//
f 1974// 1806// 1616//
f 1616// 1806// 1285//
f 1616// 1285// 1366//
f 1366// 1285// 1128//
f 1366// 1128// 1368//
f 1368// 1128// 1129//
f 1368// 1129// 1618//
f 1618// 1129// 1286//
f 1618// 1286// 1976//
f 1976// 1286// 1807//
f 1976// 1807// 2231//
f 2231// 1807// 2235//
f 3777// 3776// 2227//
f 2227// 3776// 2226//
f 3777// 3778// 4103//
f 4103// 3778// 4104//
f 4103// 4104// 4370//
f 4370// 4104// 4371//
f 4370// 4371// 4536//
f 4536// 4371// 4537//
f 4536// 4537// 4373//
f 4373// 4537// 4374//
f 4373// 4374// 4106//
f 4106// 4374// 4107//
f 4106// 4107// 3781//
f 3781// 4107// 3782//
f 3778// 3010// 3184//
f 4107// 4374// 3782//
f 3782// 4374// 4537//
f 4371// 4104// 4537//
f 4537// 4104// 3778//
f 3184// 3389// 3778//
f 3778// 3389// 3523//
f 3778// 3523// 4537//
f 4537// 3523// 3391//
f 4537// 3391// 3782//
f 3782// 3391// 3186//
f 3782// 3186// 3015//
f 2242// 2246// 3791//
f 3791// 2246// 3795//
f 2237// 2236// 1978//
f 1978// 2236// 1808//
f 1978// 1808// 1620//
f 1620// 1808// 1287//
f 1620// 1287// 1370//
f 1370// 1287// 1130//
f 1370// 1130// 1373//
f 1373// 1130// 1131//
f 1373// 1131// 1623//
f 1623// 1131// 1288//
f 1623// 1288// 1981//
f 1981// 1288// 1809//
f 1981// 1809// 2242//
f 2242// 1809// 2246//
f 3787// 3786// 2237//
f 2237// 3786// 2236//
f 3787// 3788// 4109//
f 4109// 3788// 4110//
f 4109// 4110// 4376//
f 4376// 4110// 4377//
f 4376// 4377// 4540//
f 4540// 4377// 4541//
f 4540// 4541// 4379//
f 4379// 4541// 4380//
f 4379// 4380// 4112//
f 4112// 4380// 4113//
f 4112// 4113// 3791//
f 3791// 4113// 3792//
f 3190// 3023// 3792//
f 3393// 3788// 3188//
f 3188// 3788// 3019//
f 3190// 3792// 3395//
f 3393// 3525// 3788//
f 3788// 3525// 4541//
f 3788// 4541// 4110//
f 4110// 4541// 4377//
f 4113// 4380// 3792//
f 3792// 4380// 4541//
f 3792// 4541// 3395//
f 3395// 4541// 3525//
f 2253// 2257// 3801//
f 3801// 2257// 3805//
f 2248// 2247// 1984//
f 1984// 2247// 1810//
f 1984// 1810// 1626//
f 1626// 1810// 1289//
f 1626// 1289// 1376//
f 1376// 1289// 1132//
f 1376// 1132// 1379//
f 1379// 1132// 1133//
f 1379// 1133// 1629//
f 1629// 1133// 1290//
f 1629// 1290// 1987//
f 1987// 1290// 1811//
f 1987// 1811// 2253//
f 2253// 1811// 2257//
f 3797// 3796// 2248//
f 2248// 3796// 2247//
f 3797// 3798// 4115//
f 4115// 3798// 4116//
f 4115// 4116// 4382//
f 4382// 4116// 4383//
f 4382// 4383// 4544//
f 4544// 4383// 4545//
f 4544// 4545// 4385//
f 4385// 4545// 4386//
f 4385// 4386// 4118//
f 4118// 4386// 4119//
f 4118// 4119// 3801//
f 3801// 4119// 3802//
f 3194// 3031// 3802//
f 3397// 3798// 3192//
f 3192// 3798// 3027//
f 3194// 3802// 3399//
f 3397// 3527// 3798//
f 3798// 3527// 4545//
f 3798// 4545// 4116//
f 4116// 4545// 4383//
f 4119// 4386// 3802//
f 3802// 4386// 4545//
f 3802// 4545// 3399//
f 3399// 4545// 3527//
f 2088// 2092// 3639//
f 3639// 2092// 3643//
f 2083// 2082// 1922//
f 1922// 2082// 1780//
f 1922// 1780// 1564//
f 1564// 1780// 1259//
f 1564// 1259// 1314//
f 1314// 1259// 1102//
f 1314// 1102// 1316//
f 1316// 1102// 1103//
f 1316// 1103// 1566//
f 1566// 1103// 1260//
f 1566// 1260// 1924//
f 1924// 1260// 1781//
f 1924// 1781// 2088//
f 2088// 1781// 2092//
f 3635// 3634// 2083//
f 2083// 3634// 2082//
f 3635// 3636// 4019//
f 4019// 3636// 4020//
f 4019// 4020// 4286//
f 4286// 4020// 4287//
f 4286// 4287// 4478//
f 4478// 4287// 4479//
f 4478// 4479// 4289//
f 4289// 4479// 4290//
f 4289// 4290// 4022//
f 4022// 4290// 4023//
f 4022// 4023// 3639//
f 3639// 4023// 3640//
f 3636// 2880// 3132//
f 4023// 4290// 3640//
f 3640// 4290// 4479//
f 4287// 4020// 4479//
f 4479// 4020// 3636//
f 3132// 3337// 3636//
f 3636// 3337// 3496//
f 3636// 3496// 4479//
f 4479// 3496// 3339//
f 4479// 3339// 3640//
f 3640// 3339// 3134//
f 3640// 3134// 2884//
f 4773// 4774// 4758//
f 4758// 4774// 4754//
f 4758// 4754// 4731//
f 4731// 4754// 4730//
f 4731// 4730// 4717//
f 4717// 4730// 4716//
f 4717// 4716// 4702//
f 4702// 4716// 4701//
f 4702// 4701// 4690//
f 4690// 4701// 4693//
f 4690// 4693// 3971//
f 3971// 4693// 3972//
f 4773// 4775// 4774//
f 4774// 4775// 4776//
f 4735// 4776// 4775//
f 4775// 4759// 4735//
f 4735// 4759// 4732//
f 4735// 4732// 4715//
f 4715// 4732// 4718//
f 4715// 4718// 4705//
f 4691// 3973// 3974//
f 4718// 4703// 4705//
f 4705// 4703// 4691//
f 4705// 4691// 4549//
f 4549// 4691// 3974//
f 3544// 3565// 3532//
f 3544// 3561// 3565//
f 3565// 3561// 3566//
f 3565// 3566// 3884//
f 3884// 3566// 3574//
f 3884// 3574// 3886//
f 3041// 3043// 3532//
f 3532// 3043// 3533//
f 3532// 3533// 3544//
f 2875// 3531// 2847//
f 2847// 3531// 2815//
f 2812// 1422// 1660//
f 1134// 1385// 1008//
f 1134// 1008// 1009//
f 1009// 1008// 911//
f 1009// 911// 912//
f 912// 911// 810//
f 912// 810// 811//
f 3884// 3882// 3565//
f 3565// 3882// 3564//
f 3565// 3564// 3532//
f 3532// 3564// 3531//
f 3532// 3531// 3041//
f 3041// 3531// 2875//
f 1660// 2724// 2812//
f 2812// 2724// 2815//
f 2812// 2815// 3530//
f 3530// 2815// 3531//
f 3530// 3531// 3563//
f 3563// 3531// 3564//
f 3563// 3564// 3880//
f 3880// 3564// 3882//
f 1134// 1178// 1385//
f 1385// 1178// 1422//
f 1385// 1422// 2811//
f 2811// 1422// 2812//
f 2811// 2812// 3529//
f 3529// 2812// 3530//
f 3529// 3530// 3562//
f 3562// 3530// 3563//
f 3562// 3563// 3857//
f 3857// 3563// 3880//
f 3974// 3973// 3886//
f 1268// 1111// 986//
f 2810// 1560// 981//
f 981// 1560// 953//
f 981// 953// 770//
f 4626// 4551// 4739//
f 4739// 4738// 4626//
f 4626// 4738// 4726//
f 4626// 4726// 4550//
f 4550// 4726// 4706//
f 4550// 4706// 4167//
f 1781// 1260// 982//
f 982// 1260// 1103//
f 982// 1103// 981//
f 981// 1103// 1102//
f 4706// 4624// 4167//
f 4167// 4624// 3955//
f 4167// 3955// 3634//
f 3634// 3955// 3856//
f 3634// 3856// 2082//
f 2082// 3856// 2810//
f 2082// 2810// 1780//
f 1780// 2810// 981//
f 1780// 981// 1259//
f 1259// 981// 1102//
f 4551// 4168// 4739//
f 4739// 4168// 3643//
f 4739// 3643// 982//
f 982// 3643// 2092//
f 982// 2092// 1781//
f 1133// 1132// 996//
f 996// 1132// 1289//
f 996// 1289// 1810//
f 4747// 4580// 4753//
f 4753// 4580// 4641//
f 4753// 4641// 4727//
f 4727// 4641// 4581//
f 4727// 4581// 4707//
f 1810// 2247// 996//
f 996// 2247// 3796//
f 996// 3796// 4747//
f 4747// 3796// 4197//
f 4747// 4197// 4580//
f 4707// 4581// 4625//
f 4625// 4581// 4198//
f 4625// 4198// 3956//
f 3956// 4198// 3805//
f 3956// 3805// 3857//
f 1290// 911// 1811//
f 1811// 911// 1008//
f 1811// 1008// 2257//
f 2257// 1008// 1385//
f 1385// 2811// 2257//
f 2257// 2811// 3529//
f 2257// 3529// 3805//
f 3805// 3529// 3562//
f 3805// 3562// 3857//
f 809// 810// 911//
f 990// 989// 791//
f 4743// 4634// 4567//
f 1797// 1276// 990//
f 990// 1276// 1119//
f 990// 1119// 989//
f 989// 1119// 1118//
f 989// 1118// 1275//
f 4567// 4184// 4743//
f 4743// 4184// 3735//
f 4743// 3735// 990//
f 990// 3735// 2185//
f 990// 2185// 1797//
f 4750// 3967// 3890//
f 3726// 4183// 3582//
f 4634// 4743// 4566//
f 4566// 4743// 4750//
f 4566// 4750// 4183//
f 4183// 4750// 3890//
f 4183// 3890// 3582//
f 1275// 1796// 989//
f 989// 1796// 2176//
f 989// 2176// 2864//
f 2864// 2176// 3726//
f 2864// 3726// 3547//
f 3547// 3726// 3582//
f 1115// 1114// 987//
f 987// 1114// 1271//
f 987// 1271// 1792//
f 1793// 1272// 1794//
f 4563// 4633// 4750//
f 4750// 4633// 4565//
f 4750// 4565// 4182//
f 4563// 4750// 4632//
f 4632// 4750// 4742//
f 4632// 4742// 4562//
f 1795// 1274// 988//
f 1792// 2143// 987//
f 987// 2143// 3694//
f 987// 3694// 4742//
f 4742// 3694// 4179//
f 4742// 4179// 4562//
f 1274// 1117// 988//
f 988// 1117// 1116//
f 988// 1116// 1272//
f 1272// 1116// 1273//
f 1272// 1273// 1794//
f 3580// 4182// 3713//
f 1795// 988// 2162//
f 2162// 988// 2862//
f 2162// 2862// 3713//
f 3713// 2862// 3545//
f 3713// 3545// 3580//
f 4182// 3580// 4750//
f 4750// 3580// 3888//
f 4750// 3888// 3967//
f 1793// 1794// 2152//
f 2152// 1794// 2153//
f 2152// 2153// 3703//
f 3703// 2153// 3704//
f 3703// 3704// 4180//
f 4180// 3704// 4181//
f 4180// 4181// 4563//
f 4563// 4181// 4564//
f 4563// 4564// 4633//
f 778// 789// 988//
f 982// 1261// 1782//
f 1783// 1262// 983//
f 983// 1262// 1105//
f 983// 1105// 982//
f 982// 1105// 1104//
f 982// 1104// 1261//
f 4739// 4552// 4748//
f 4748// 4552// 4627//
f 4748// 4627// 4553//
f 4553// 4170// 4748//
f 4748// 4170// 3653//
f 4748// 3653// 983//
f 983// 3653// 2102//
f 983// 2102// 1783//
f 1782// 2093// 982//
f 982// 2093// 3644//
f 982// 3644// 4739//
f 4739// 3644// 4169//
f 4739// 4169// 4552//
f 983// 1263// 1784//
f 1785// 1264// 984//
f 984// 1264// 1107//
f 984// 1107// 983//
f 983// 1107// 1106//
f 983// 1106// 1263//
f 4555// 4740// 4628//
f 4628// 4740// 4748//
f 4628// 4748// 4554//
f 1784// 2103// 983//
f 983// 2103// 3654//
f 983// 3654// 4748//
f 4748// 3654// 4171//
f 4748// 4171// 4554//
f 4555// 4172// 4740//
f 4740// 4172// 3663//
f 4740// 3663// 984//
f 984// 3663// 2112//
f 984// 2112// 1785//
f 4740// 4556// 4741//
f 4741// 4556// 4629//
f 4741// 4629// 4557//
f 984// 1265// 1786//
f 1787// 1266// 985//
f 985// 1266// 1109//
f 985// 1109// 984//
f 984// 1109// 1108//
f 984// 1108// 1265//
f 1786// 2113// 984//
f 984// 2113// 3664//
f 984// 3664// 4740//
f 4740// 3664// 4173//
f 4740// 4173// 4556//
f 4557// 4174// 4741//
f 4741// 4174// 3673//
f 4741// 3673// 985//
f 985// 3673// 2122//
f 985// 2122// 1787//
f 4749// 4559// 4176//
f 4741// 4558// 4749//
f 4749// 4558// 4630//
f 4749// 4630// 4559//
f 985// 1267// 1788//
f 986// 1111// 985//
f 985// 1111// 1110//
f 985// 1110// 1267//
f 3683// 2132// 986//
f 986// 2132// 1789//
f 986// 1789// 1268//
f 1788// 2123// 985//
f 985// 2123// 3674//
f 985// 3674// 4741//
f 4741// 3674// 4175//
f 4741// 4175// 4558//
f 3684// 4177// 4749//
f 1791// 1270// 987//
f 987// 1270// 1113//
f 987// 1113// 986//
f 986// 1113// 1112//
f 1112// 1269// 986//
f 986// 1269// 1790//
f 986// 1790// 2133//
f 4176// 3683// 4749//
f 4749// 3683// 986//
f 4749// 986// 3684//
f 3684// 986// 2133//
f 4561// 4742// 4631//
f 4631// 4742// 4749//
f 4631// 4749// 4560//
f 4560// 4749// 4177//
f 4561// 4178// 4742//
f 4742// 4178// 3693//
f 4742// 3693// 987//
f 987// 3693// 2142//
f 987// 2142// 1791//
f 1272// 1115// 988//
f 988// 1115// 987//
f 988// 987// 778//
f 778// 987// 986//
f 778// 986// 776//
f 776// 986// 985//
f 776// 985// 775//
f 775// 985// 984//
f 775// 984// 774//
f 774// 984// 983//
f 774// 983// 773//
f 773// 983// 982//
f 773// 982// 772//
f 772// 982// 981//
f 772// 981// 771//
f 771// 981// 770//
f 1277// 1798// 990//
f 4569// 4744// 4635//
f 4635// 4744// 4743//
f 4635// 4743// 4568//
f 1799// 1278// 991//
f 991// 1278// 1121//
f 991// 1121// 990//
f 990// 1121// 1120//
f 990// 1120// 1277//
f 1798// 2186// 990//
f 990// 2186// 3736//
f 990// 3736// 4743//
f 4743// 3736// 4185//
f 4743// 4185// 4568//
f 4569// 4186// 4744//
f 4744// 4186// 3745//
f 4744// 3745// 991//
f 991// 3745// 2195//
f 991// 2195// 1799//
f 991// 1279// 1800//
f 4744// 4570// 4751//
f 4751// 4570// 4636//
f 4751// 4636// 4571//
f 1801// 1280// 992//
f 992// 1280// 1123//
f 992// 1123// 991//
f 991// 1123// 1122//
f 991// 1122// 1279//
f 4571// 4188// 4751//
f 4751// 4188// 3755//
f 4751// 3755// 992//
f 992// 3755// 2205//
f 992// 2205// 1801//
f 1800// 2196// 991//
f 991// 2196// 3746//
f 991// 3746// 4744//
f 4744// 3746// 4187//
f 4744// 4187// 4570//
f 992// 1281// 1802//
f 4751// 4572// 4745//
f 4745// 4572// 4637//
f 4745// 4637// 4573//
f 1803// 1282// 993//
f 993// 1282// 1125//
f 993// 1125// 992//
f 992// 1125// 1124//
f 992// 1124// 1281//
f 1802// 2206// 992//
f 992// 2206// 3756//
f 992// 3756// 4751//
f 4751// 3756// 4189//
f 4751// 4189// 4572//
f 4573// 4190// 4745//
f 4745// 4190// 3765//
f 4745// 3765// 993//
f 993// 3765// 2215//
f 993// 2215// 1803//
f 993// 1283// 1804//
f 4575// 4746// 4638//
f 4638// 4746// 4745//
f 4638// 4745// 4574//
f 1805// 1284// 994//
f 994// 1284// 1127//
f 994// 1127// 993//
f 993// 1127// 1126//
f 993// 1126// 1283//
f 1804// 2216// 993//
f 993// 2216// 3766//
f 993// 3766// 4745//
f 4745// 3766// 4191//
f 4745// 4191// 4574//
f 4575// 4192// 4746//
f 4746// 4192// 3775//
f 4746// 3775// 994//
f 994// 3775// 2225//
f 994// 2225// 1805//
f 1285// 1806// 994//
f 4577// 4752// 4639//
f 4639// 4752// 4746//
f 4639// 4746// 4576//
f 1807// 1286// 995//
f 995// 1286// 1129//
f 995// 1129// 994//
f 994// 1129// 1128//
f 994// 1128// 1285//
f 1806// 2226// 994//
f 994// 2226// 3776//
f 994// 3776// 4746//
f 4746// 3776// 4193//
f 4746// 4193// 4576//
f 4577// 4194// 4752//
f 4752// 4194// 3785//
f 4752// 3785// 995//
f 995// 3785// 2235//
f 995// 2235// 1807//
f 1809// 1288// 996//
f 996// 1288// 1131//
f 996// 1131// 995//
f 1131// 1130// 995//
f 995// 1130// 1287//
f 995// 1287// 1808//
f 4579// 4747// 4640//
f 4640// 4747// 4752//
f 4640// 4752// 4578//
f 1808// 2236// 995//
f 995// 2236// 3786//
f 995// 3786// 4752//
f 4752// 3786// 4195//
f 4752// 4195// 4578//
f 4579// 4196// 4747//
f 4747// 4196// 3795//
f 4747// 3795// 996//
f 996// 3795// 2246//
f 996// 2246// 1809//
f 1290// 1133// 911//
f 911// 1133// 996//
f 911// 996// 809//
f 809// 996// 995//
f 809// 995// 808//
f 808// 995// 994//
f 808// 994// 807//
f 807// 994// 993//
f 807// 993// 806//
f 806// 993// 992//
f 806// 992// 805//
f 805// 992// 991//
f 805// 991// 803//
f 803// 991// 990//
f 803// 990// 793//
f 793// 990// 791//
f 2810// 3856// 3879//
f 769// 770// 953//
f 1560// 1156// 953//
f 953// 1156// 954//
f 953// 954// 769//
f 2848// 2814// 2813//
f 2813// 2814// 1638//
f 2813// 1638// 1560//
f 1560// 1638// 1561//
f 1560// 1561// 1156//
f 3883// 3885// 3551//
f 2854// 3881// 3538//
f 3538// 3881// 3883//
f 3538// 3883// 3539//
f 3539// 3883// 3551//
f 1560// 2810// 2813//
f 2813// 2810// 3879//
f 2813// 3879// 2848//
f 2848// 3879// 3881//
f 2848// 3881// 2853//
f 2853// 3881// 2854//
f 3885// 3971// 3887//
f 3887// 3971// 3972//
f 956// 957// 2863//
f 789// 790// 988//
f 988// 790// 926//
f 926// 927// 988//
f 988// 927// 956//
f 988// 956// 2862//
f 2862// 956// 2863//
f 2862// 2863// 3545//
f 3545// 2863// 3546//
f 3545// 3546// 3580//
f 3580// 3546// 3581//
f 3580// 3581// 3888//
f 3888// 3581// 3889//
f 2865// 2864// 3548//
f 3548// 2864// 3547//
f 3548// 3547// 3583//
f 3583// 3547// 3582//
f 3583// 3582// 3891//
f 3891// 3582// 3890//
f 3891// 3890// 3889//
f 3889// 3890// 3967//
f 3889// 3967// 3888//
f 2888// 2889// 3136//
f 3136// 2889// 3137//
f 3136// 3137// 3341//
f 3341// 3137// 3342//
f 3341// 3342// 3498//
f 3498// 3342// 3499//
f 3498// 3499// 3343//
f 3343// 3499// 3344//
f 3343// 3344// 3138//
f 3138// 3344// 3139//
f 3138// 3139// 2893//
f 2893// 3139// 2894//
f 3649// 3650// 2893//
f 2894// 2099// 2893//
f 2893// 2099// 2098//
f 2893// 2098// 3649//
f 2098// 2099// 1928//
f 1928// 2099// 1929//
f 1928// 1929// 1570//
f 1570// 1929// 1571//
f 1570// 1571// 1320//
f 1320// 1571// 1321//
f 1320// 1321// 1318//
f 1318// 1321// 1319//
f 1318// 1319// 1568//
f 1568// 1319// 1569//
f 1568// 1569// 1926//
f 1926// 1569// 1927//
f 1926// 1927// 2094//
f 2094// 1927// 2095//
f 3646// 3645// 2888//
f 2888// 3645// 2094//
f 2888// 2094// 2889//
f 2889// 2094// 2095//
f 2897// 2898// 3140//
f 3140// 2898// 3141//
f 3140// 3141// 3345//
f 3345// 3141// 3346//
f 3345// 3346// 3500//
f 3500// 3346// 3501//
f 3500// 3501// 3347//
f 3347// 3501// 3348//
f 3347// 3348// 3142//
f 3142// 3348// 3143//
f 3142// 3143// 2902//
f 2902// 3143// 2903//
f 3659// 3660// 2902//
f 2903// 2109// 2902//
f 2902// 2109// 2108//
f 2902// 2108// 3659//
f 2108// 2109// 1932//
f 1932// 2109// 1933//
f 1932// 1933// 1574//
f 1574// 1933// 1575//
f 1574// 1575// 1324//
f 1324// 1575// 1325//
f 1324// 1325// 1322//
f 1322// 1325// 1323//
f 1322// 1323// 1572//
f 1572// 1323// 1573//
f 1572// 1573// 1930//
f 1930// 1573// 1931//
f 1930// 1931// 2104//
f 2104// 1931// 2105//
f 3656// 3655// 2897//
f 2897// 3655// 2104//
f 2897// 2104// 2898//
f 2898// 2104// 2105//
f 2906// 2907// 3144//
f 3144// 2907// 3145//
f 3144// 3145// 3349//
f 3349// 3145// 3350//
f 3349// 3350// 3502//
f 3502// 3350// 3503//
f 3502// 3503// 3351//
f 3351// 3503// 3352//
f 3351// 3352// 3146//
f 3146// 3352// 3147//
f 3146// 3147// 2911//
f 2911// 3147// 2912//
f 3669// 3670// 2911//
f 2912// 2119// 2911//
f 2911// 2119// 2118//
f 2911// 2118// 3669//
f 2118// 2119// 1936//
f 1936// 2119// 1937//
f 1936// 1937// 1578//
f 1578// 1937// 1579//
f 1578// 1579// 1328//
f 1328// 1579// 1329//
f 1328// 1329// 1326//
f 1326// 1329// 1327//
f 1326// 1327// 1576//
f 1576// 1327// 1577//
f 1576// 1577// 1934//
f 1934// 1577// 1935//
f 1934// 1935// 2114//
f 2114// 1935// 2115//
f 3666// 3665// 2906//
f 2906// 3665// 2114//
f 2906// 2114// 2907//
f 2907// 2114// 2115//
f 2915// 2916// 3148//
f 3148// 2916// 3149//
f 3148// 3149// 3353//
f 3353// 3149// 3354//
f 3353// 3354// 3504//
f 3504// 3354// 3505//
f 3504// 3505// 3355//
f 3355// 3505// 3356//
f 3355// 3356// 3150//
f 3150// 3356// 3151//
f 3150// 3151// 2920//
f 2920// 3151// 2921//
f 3679// 3680// 2920//
f 2921// 2129// 2920//
f 2920// 2129// 2128//
f 2920// 2128// 3679//
f 2128// 2129// 1940//
f 1940// 2129// 1941//
f 1940// 1941// 1582//
f 1582// 1941// 1583//
f 1582// 1583// 1332//
f 1332// 1583// 1333//
f 1332// 1333// 1330//
f 1330// 1333// 1331//
f 1330// 1331// 1580//
f 1580// 1331// 1581//
f 1580// 1581// 1938//
f 1938// 1581// 1939//
f 1938// 1939// 2124//
f 2124// 1939// 2125//
f 3676// 3675// 2915//
f 2915// 3675// 2124//
f 2915// 2124// 2916//
f 2916// 2124// 2125//
f 2924// 2925// 3152//
f 3152// 2925// 3153//
f 3152// 3153// 3357//
f 3357// 3153// 3358//
f 3357// 3358// 3506//
f 3506// 3358// 3507//
f 3506// 3507// 3359//
f 3359// 3507// 3360//
f 3359// 3360// 3154//
f 3154// 3360// 3155//
f 3154// 3155// 2929//
f 2929// 3155// 2930//
f 3689// 3690// 2929//
f 2930// 2139// 2929//
f 2929// 2139// 2138//
f 2929// 2138// 3689//
f 2138// 2139// 1944//
f 1944// 2139// 1945//
f 1944// 1945// 1586//
f 1586// 1945// 1587//
f 1586// 1587// 1336//
f 1336// 1587// 1337//
f 1336// 1337// 1334//
f 1334// 1337// 1335//
f 1334// 1335// 1584//
f 1584// 1335// 1585//
f 1584// 1585// 1942//
f 1942// 1585// 1943//
f 1942// 1943// 2134//
f 2134// 1943// 2135//
f 3686// 3685// 2924//
f 2924// 3685// 2134//
f 2924// 2134// 2925//
f 2925// 2134// 2135//
f 2933// 2934// 3156//
f 3156// 2934// 3157//
f 3156// 3157// 3361//
f 3361// 3157// 3362//
f 3361// 3362// 3508//
f 3508// 3362// 3509//
f 3508// 3509// 3363//
f 3363// 3509// 3364//
f 3363// 3364// 3158//
f 3158// 3364// 3159//
f 3158// 3159// 2938//
f 2938// 3159// 2939//
f 3699// 3700// 2938//
f 2939// 2149// 2938//
f 2938// 2149// 2148//
f 2938// 2148// 3699//
f 2148// 2149// 1948//
f 1948// 2149// 1949//
f 1948// 1949// 1590//
f 1590// 1949// 1591//
f 1590// 1591// 1340//
f 1340// 1591// 1341//
f 1340// 1341// 1338//
f 1338// 1341// 1339//
f 1338// 1339// 1588//
f 1588// 1339// 1589//
f 1588// 1589// 1946//
f 1946// 1589// 1947//
f 1946// 1947// 2144//
f 2144// 1947// 2145//
f 3696// 3695// 2933//
f 2933// 3695// 2144//
f 2933// 2144// 2934//
f 2934// 2144// 2145//
f 2942// 2943// 3160//
f 3160// 2943// 3161//
f 3160// 3161// 3365//
f 3365// 3161// 3366//
f 3365// 3366// 3510//
f 3510// 3366// 3511//
f 3510// 3511// 3367//
f 3367// 3511// 3368//
f 3367// 3368// 3162//
f 3162// 3368// 3163//
f 3162// 3163// 2947//
f 2947// 3163// 2948//
f 3709// 3710// 2947//
f 2948// 2159// 2947//
f 2947// 2159// 2158//
f 2947// 2158// 3709//
f 2158// 2159// 1952//
f 1952// 2159// 1953//
f 1952// 1953// 1594//
f 1594// 1953// 1595//
f 1594// 1595// 1344//
f 1344// 1595// 1345//
f 1344// 1345// 1342//
f 1342// 1345// 1343//
f 1342// 1343// 1592//
f 1592// 1343// 1593//
f 1592// 1593// 1950//
f 1950// 1593// 1951//
f 1950// 1951// 2154//
f 2154// 1951// 2155//
f 3706// 3705// 2942//
f 2942// 3705// 2154//
f 2942// 2154// 2943//
f 2943// 2154// 2155//
f 2965// 2966// 3164//
f 3164// 2966// 3165//
f 3164// 3165// 3369//
f 3369// 3165// 3370//
f 3369// 3370// 3513//
f 3513// 3370// 3514//
f 3513// 3514// 3371//
f 3371// 3514// 3372//
f 3371// 3372// 3166//
f 3166// 3372// 3167//
f 3166// 3167// 2970//
f 2970// 3167// 2971//
f 3731// 3732// 2970//
f 2971// 2182// 2970//
f 2970// 2182// 2181//
f 2970// 2181// 3731//
f 2181// 2182// 1956//
f 1956// 2182// 1957//
f 1956// 1957// 1598//
f 1598// 1957// 1599//
f 1598// 1599// 1348//
f 1348// 1599// 1349//
f 1348// 1349// 1346//
f 1346// 1349// 1347//
f 1346// 1347// 1596//
f 1596// 1347// 1597//
f 1596// 1597// 1954//
f 1954// 1597// 1955//
f 1954// 1955// 2177//
f 2177// 1955// 2178//
f 3728// 3727// 2965//
f 2965// 3727// 2177//
f 2965// 2177// 2966//
f 2966// 2177// 2178//
f 2974// 2975// 3168//
f 3168// 2975// 3169//
f 3168// 3169// 3373//
f 3373// 3169// 3374//
f 3373// 3374// 3515//
f 3515// 3374// 3516//
f 3515// 3516// 3375//
f 3375// 3516// 3376//
f 3375// 3376// 3170//
f 3170// 3376// 3171//
f 3170// 3171// 2979//
f 2979// 3171// 2980//
f 3741// 3742// 2979//
f 2980// 2192// 2979//
f 2979// 2192// 2191//
f 2979// 2191// 3741//
f 2191// 2192// 1960//
f 1960// 2192// 1961//
f 1960// 1961// 1602//
f 1602// 1961// 1603//
f 1602// 1603// 1352//
f 1352// 1603// 1353//
f 1352// 1353// 1350//
f 1350// 1353// 1351//
f 1350// 1351// 1600//
f 1600// 1351// 1601//
f 1600// 1601// 1958//
f 1958// 1601// 1959//
f 1958// 1959// 2187//
f 2187// 1959// 2188//
f 3738// 3737// 2974//
f 2974// 3737// 2187//
f 2974// 2187// 2975//
f 2975// 2187// 2188//
f 2983// 2984// 3172//
f 3172// 2984// 3173//
f 3172// 3173// 3377//
f 3377// 3173// 3378//
f 3377// 3378// 3517//
f 3517// 3378// 3518//
f 3517// 3518// 3379//
f 3379// 3518// 3380//
f 3379// 3380// 3174//
f 3174// 3380// 3175//
f 3174// 3175// 2988//
f 2988// 3175// 2989//
f 3751// 3752// 2988//
f 2989// 2202// 2988//
f 2988// 2202// 2201//
f 2988// 2201// 3751//
f 2201// 2202// 1964//
f 1964// 2202// 1965//
f 1964// 1965// 1606//
f 1606// 1965// 1607//
f 1606// 1607// 1356//
f 1356// 1607// 1357//
f 1356// 1357// 1354//
f 1354// 1357// 1355//
f 1354// 1355// 1604//
f 1604// 1355// 1605//
f 1604// 1605// 1962//
f 1962// 1605// 1963//
f 1962// 1963// 2197//
f 2197// 1963// 2198//
f 3748// 3747// 2983//
f 2983// 3747// 2197//
f 2983// 2197// 2984//
f 2984// 2197// 2198//
f 2992// 2993// 3176//
f 3176// 2993// 3177//
f 3176// 3177// 3381//
f 3381// 3177// 3382//
f 3381// 3382// 3519//
f 3519// 3382// 3520//
f 3519// 3520// 3383//
f 3383// 3520// 3384//
f 3383// 3384// 3178//
f 3178// 3384// 3179//
f 3178// 3179// 2997//
f 2997// 3179// 2998//
f 3761// 3762// 2997//
f 2998// 2212// 2997//
f 2997// 2212// 2211//
f 2997// 2211// 3761//
f 2211// 2212// 1968//
f 1968// 2212// 1969//
f 1968// 1969// 1610//
f 1610// 1969// 1611//
f 1610// 1611// 1360//
f 1360// 1611// 1361//
f 1360// 1361// 1358//
f 1358// 1361// 1359//
f 1358// 1359// 1608//
f 1608// 1359// 1609//
f 1608// 1609// 1966//
f 1966// 1609// 1967//
f 1966// 1967// 2207//
f 2207// 1967// 2208//
f 3758// 3757// 2992//
f 2992// 3757// 2207//
f 2992// 2207// 2993//
f 2993// 2207// 2208//
f 3001// 3002// 3180//
f 3180// 3002// 3181//
f 3180// 3181// 3385//
f 3385// 3181// 3386//
f 3385// 3386// 3521//
f 3521// 3386// 3522//
f 3521// 3522// 3387//
f 3387// 3522// 3388//
f 3387// 3388// 3182//
f 3182// 3388// 3183//
f 3182// 3183// 3006//
f 3006// 3183// 3007//
f 3771// 3772// 3006//
f 3007// 2222// 3006//
f 3006// 2222// 2221//
f 3006// 2221// 3771//
f 2221// 2222// 1972//
f 1972// 2222// 1973//
f 1972// 1973// 1614//
f 1614// 1973// 1615//
f 1614// 1615// 1364//
f 1364// 1615// 1365//
f 1364// 1365// 1362//
f 1362// 1365// 1363//
f 1362// 1363// 1612//
f 1612// 1363// 1613//
f 1612// 1613// 1970//
f 1970// 1613// 1971//
f 1970// 1971// 2217//
f 2217// 1971// 2218//
f 3768// 3767// 3001//
f 3001// 3767// 2217//
f 3001// 2217// 3002//
f 3002// 2217// 2218//
f 3010// 3011// 3184//
f 3184// 3011// 3185//
f 3184// 3185// 3389//
f 3389// 3185// 3390//
f 3389// 3390// 3523//
f 3523// 3390// 3524//
f 3523// 3524// 3391//
f 3391// 3524// 3392//
f 3391// 3392// 3186//
f 3186// 3392// 3187//
f 3186// 3187// 3015//
f 3015// 3187// 3016//
f 3781// 3782// 3015//
f 3016// 2232// 3015//
f 3015// 2232// 2231//
f 3015// 2231// 3781//
f 2231// 2232// 1976//
f 1976// 2232// 1977//
f 1976// 1977// 1618//
f 1618// 1977// 1619//
f 1618// 1619// 1368//
f 1368// 1619// 1369//
f 1368// 1369// 1366//
f 1366// 1369// 1367//
f 1366// 1367// 1616//
f 1616// 1367// 1617//
f 1616// 1617// 1974//
f 1974// 1617// 1975//
f 1974// 1975// 2227//
f 2227// 1975// 2228//
f 3778// 3777// 3010//
f 3010// 3777// 2227//
f 3010// 2227// 3011//
f 3011// 2227// 2228//
f 3019// 3020// 3188//
f 3188// 3020// 3189//
f 3188// 3189// 3393//
f 3393// 3189// 3394//
f 3393// 3394// 3525//
f 3525// 3394// 3526//
f 3525// 3526// 3395//
f 3395// 3526// 3396//
f 3395// 3396// 3190//
f 3190// 3396// 3191//
f 3190// 3191// 3023//
f 3023// 3191// 3024//
f 3791// 3792// 3023//
f 3024// 2243// 3023//
f 3023// 2243// 2242//
f 3023// 2242// 3791//
f 2242// 2243// 1981//
f 1981// 2243// 1982//
f 1981// 1982// 1623//
f 1623// 1982// 1624//
f 1623// 1624// 1373//
f 1373// 1624// 1374//
f 1373// 1374// 1370//
f 1370// 1374// 1371//
f 1370// 1371// 1620//
f 1620// 1371// 1621//
f 1620// 1621// 1978//
f 1978// 1621// 1979//
f 1978// 1979// 2237//
f 2237// 1979// 2238//
f 3788// 3787// 3019//
f 3019// 3787// 2237//
f 3019// 2237// 3020//
f 3020// 2237// 2238//
f 3027// 3028// 3192//
f 3192// 3028// 3193//
f 3192// 3193// 3397//
f 3397// 3193// 3398//
f 3397// 3398// 3527//
f 3527// 3398// 3528//
f 3527// 3528// 3399//
f 3399// 3528// 3400//
f 3399// 3400// 3194//
f 3194// 3400// 3195//
f 3194// 3195// 3031//
f 3031// 3195// 3032//
f 3801// 3802// 3031//
f 3032// 2254// 3031//
f 3031// 2254// 2253//
f 3031// 2253// 3801//
f 2253// 2254// 1987//
f 1987// 2254// 1988//
f 1987// 1988// 1629//
f 1629// 1988// 1630//
f 1629// 1630// 1379//
f 1379// 1630// 1380//
f 1379// 1380// 1376//
f 1376// 1380// 1377//
f 1376// 1377// 1626//
f 1626// 1377// 1627//
f 1626// 1627// 1984//
f 1984// 1627// 1985//
f 1984// 1985// 2248//
f 2248// 1985// 2249//
f 3798// 3797// 3027//
f 3027// 3797// 2248//
f 3027// 2248// 3028//
f 3028// 2248// 2249//
f 2880// 2881// 3132//
f 3132// 2881// 3133//
f 3132// 3133// 3337//
f 3337// 3133// 3338//
f 3337// 3338// 3496//
f 3496// 3338// 3497//
f 3496// 3497// 3339//
f 3339// 3497// 3340//
f 3339// 3340// 3134//
f 3134// 3340// 3135//
f 3134// 3135// 2884//
f 2884// 3135// 2885//
f 3639// 3640// 2884//
f 2885// 2089// 2884//
f 2884// 2089// 2088//
f 2884// 2088// 3639//
f 2088// 2089// 1924//
f 1924// 2089// 1925//
f 1924// 1925// 1566//
f 1566// 1925// 1567//
f 1566// 1567// 1316//
f 1316// 1567// 1317//
f 1316// 1317// 1314//
f 1314// 1317// 1315//
f 1314// 1315// 1564//
f 1564// 1315// 1565//
f 1564// 1565// 1922//
f 1922// 1565// 1923//
f 1922// 1923// 2083//
f 2083// 1923// 2084//
f 3636// 3635// 2880//
f 2880// 3635// 2083//
f 2880// 2083// 2881//
f 2881// 2083// 2084//
f 4114// 4014// 3931//
f 4114// 3931// 3793//
f 3793// 3931// 3876//
f 3793// 3876// 3794//
f 4381// 4281// 4114//
f 4114// 4281// 4217//
f 4114// 4217// 4014//
f 4450// 4539// 4542//
f 4542// 4539// 4471//
f 4542// 4471// 4381//
f 4381// 4471// 4408//
f 4381// 4408// 4281//
f 4450// 4542// 4260//
f 4260// 4542// 4378//
f 4260// 4378// 4164//
f 4164// 4378// 4111//
f 4164// 4111// 3993//
f 3993// 4111// 3910//
f 3910// 4111// 3789//
f 3910// 3789// 3790//
f 3121// 3022// 3789//
f 3324// 3793// 3123//
f 3123// 3793// 3026//
f 3324// 3483// 3793//
f 3793// 3483// 3481//
f 3793// 3481// 3789//
f 3789// 3481// 3322//
f 3789// 3322// 3121//
f 3789// 4111// 4378//
f 4114// 3793// 4381//
f 4381// 3793// 3789//
f 4381// 3789// 4542//
f 4542// 3789// 4378//
f 4120// 4015// 3932//
f 4120// 3932// 3803//
f 3803// 3932// 3877//
f 3803// 3877// 3804//
f 4387// 4282// 4120//
f 4120// 4282// 4218//
f 4120// 4218// 4015//
f 4451// 4543// 4546//
f 4546// 4543// 4472//
f 4546// 4472// 4387//
f 4387// 4472// 4409//
f 4387// 4409// 4282//
f 4451// 4546// 4261//
f 4261// 4546// 4384//
f 4261// 4384// 4165//
f 4165// 4384// 4117//
f 4165// 4117// 3994//
f 3994// 4117// 3911//
f 3911// 4117// 3799//
f 3911// 3799// 3800//
f 3030// 3799// 3125//
f 3125// 3799// 3326//
f 4387// 4120// 3803//
f 3803// 3034// 3127//
f 3127// 3328// 3803//
f 3803// 3328// 3487//
f 3803// 3487// 3485//
f 4117// 4384// 4546//
f 4546// 4387// 4117//
f 4117// 4387// 3803//
f 4117// 3803// 3799//
f 3799// 3803// 3485//
f 3799// 3485// 3326//
f 962// 933// 932//
f 2865// 963// 2864//
f 2864// 963// 962//
f 2864// 962// 989//
f 989// 962// 932//
f 989// 932// 791//
f 791// 932// 792//
f 4018// 3996// 3913//
f 4018// 3913// 3632//
f 3632// 3913// 3858//
f 3632// 3858// 3633//
f 4285// 4263// 4018//
f 4018// 4263// 4199//
f 4018// 4199// 3996//
f 4432// 4475// 4476//
f 4476// 4475// 4453//
f 4476// 4453// 4285//
f 4285// 4453// 4390//
f 4285// 4390// 4263//
f 4432// 4476// 4242//
f 4242// 4476// 4284//
f 4242// 4284// 4146//
f 4146// 4284// 4017//
f 4146// 4017// 3975//
f 3975// 4017// 3892//
f 3892// 4017// 3630//
f 3892// 3630// 3631//
f 3412// 3250// 3630//
f 3630// 3250// 3049//
f 3630// 3049// 2877//
f 3632// 2879// 3051//
f 3051// 3252// 3632//
f 3632// 3252// 3414//
f 3632// 3414// 3412//
f 3412// 3630// 3632//
f 3632// 3630// 4017//
f 3632// 4017// 4284//
f 4284// 4476// 3632//
f 3632// 4476// 4285//
f 3632// 4285// 4018//
f 3057// 2891// 3647//
f 3260// 3651// 3059//
f 3059// 3651// 2896//
f 3260// 3421// 3651//
f 3651// 3421// 3419//
f 3651// 3419// 3647//
f 3647// 3419// 3258//
f 3647// 3258// 3057//
f 4294// 4484// 4297//
f 3647// 4027// 3651//
f 3651// 4027// 4294//
f 3651// 4294// 4030//
f 4030// 4294// 4297//
f 4030// 3998// 3915//
f 4030// 3915// 3651//
f 3651// 3915// 3860//
f 3651// 3860// 3652//
f 4297// 4265// 4030//
f 4030// 4265// 4201//
f 4030// 4201// 3998//
f 4434// 4481// 4484//
f 4484// 4481// 4455//
f 4484// 4455// 4297//
f 4297// 4455// 4392//
f 4297// 4392// 4265//
f 4434// 4484// 4244//
f 4244// 4484// 4294//
f 4244// 4294// 4148//
f 4148// 4294// 4027//
f 4148// 4027// 3977//
f 3977// 4027// 3894//
f 3894// 4027// 3647//
f 3894// 3647// 3648//
f 3061// 2900// 3657//
f 3264// 3661// 3063//
f 3063// 3661// 2905//
f 3264// 3425// 3661//
f 3661// 3425// 3423//
f 3661// 3423// 3657//
f 3657// 3423// 3262//
f 3657// 3262// 3061//
f 4300// 4488// 4303//
f 3657// 4033// 3661//
f 3661// 4033// 4300//
f 3661// 4300// 4036//
f 4036// 4300// 4303//
f 4036// 3999// 3916//
f 4036// 3916// 3661//
f 3661// 3916// 3861//
f 3661// 3861// 3662//
f 4303// 4266// 4036//
f 4036// 4266// 4202//
f 4036// 4202// 3999//
f 4435// 4485// 4488//
f 4488// 4485// 4456//
f 4488// 4456// 4303//
f 4303// 4456// 4393//
f 4303// 4393// 4266//
f 4435// 4488// 4245//
f 4245// 4488// 4300//
f 4245// 4300// 4149//
f 4149// 4300// 4033//
f 4149// 4033// 3978//
f 3978// 4033// 3895//
f 3895// 4033// 3657//
f 3895// 3657// 3658//
f 3671// 2914// 3067//
f 2909// 3667// 3065//
f 3065// 3667// 3266//
f 4309// 4042// 3671//
f 3067// 3268// 3671//
f 3671// 3268// 3429//
f 3671// 3429// 3427//
f 4039// 4306// 4492//
f 4492// 4309// 4039//
f 4039// 4309// 3671//
f 4039// 3671// 3667//
f 3667// 3671// 3427//
f 3667// 3427// 3266//
f 4042// 4000// 3917//
f 4042// 3917// 3671//
f 3671// 3917// 3862//
f 3671// 3862// 3672//
f 4309// 4267// 4042//
f 4042// 4267// 4203//
f 4042// 4203// 4000//
f 4436// 4489// 4492//
f 4492// 4489// 4457//
f 4492// 4457// 4309//
f 4309// 4457// 4394//
f 4309// 4394// 4267//
f 4436// 4492// 4246//
f 4246// 4492// 4306//
f 4246// 4306// 4150//
f 4150// 4306// 4039//
f 4150// 4039// 3979//
f 3979// 4039// 3896//
f 3896// 4039// 3667//
f 3896// 3667// 3668//
f 3681// 2923// 3071//
f 2918// 3677// 3069//
f 3069// 3677// 3270//
f 3071// 3272// 3681//
f 3681// 3272// 3433//
f 3681// 3433// 3431//
f 4496// 4315// 4312//
f 4312// 4315// 4048//
f 4312// 4048// 4045//
f 4045// 4048// 3681//
f 4045// 3681// 3677//
f 3677// 3681// 3431//
f 3677// 3431// 3270//
f 4048// 4001// 3918//
f 4048// 3918// 3681//
f 3681// 3918// 3863//
f 3681// 3863// 3682//
f 4315// 4268// 4048//
f 4048// 4268// 4204//
f 4048// 4204// 4001//
f 4437// 4493// 4496//
f 4496// 4493// 4458//
f 4496// 4458// 4315//
f 4315// 4458// 4395//
f 4315// 4395// 4268//
f 4437// 4496// 4247//
f 4247// 4496// 4312//
f 4247// 4312// 4151//
f 4151// 4312// 4045//
f 4151// 4045// 3980//
f 3980// 4045// 3897//
f 3897// 4045// 3677//
f 3897// 3677// 3678//
f 2932// 3075// 3691//
f 3691// 3075// 3276//
f 3691// 3276// 3437//
f 3435// 3274// 3687//
f 3687// 3274// 3073//
f 3687// 3073// 2927//
f 3437// 3435// 3691//
f 3691// 3435// 3687//
f 3691// 3687// 4054//
f 4054// 3687// 4051//
f 4051// 4318// 4054//
f 4054// 4318// 4500//
f 4054// 4500// 4321//
f 4054// 4002// 3919//
f 4054// 3919// 3691//
f 3691// 3919// 3864//
f 3691// 3864// 3692//
f 4321// 4269// 4054//
f 4054// 4269// 4205//
f 4054// 4205// 4002//
f 4438// 4497// 4500//
f 4500// 4497// 4459//
f 4500// 4459// 4321//
f 4321// 4459// 4396//
f 4321// 4396// 4269//
f 4438// 4500// 4248//
f 4248// 4500// 4318//
f 4248// 4318// 4152//
f 4152// 4318// 4051//
f 4152// 4051// 3981//
f 3981// 4051// 3898//
f 3898// 4051// 3687//
f 3898// 3687// 3688//
f 3701// 2941// 3079//
f 3439// 3278// 3697//
f 3697// 3278// 3077//
f 3697// 3077// 2936//
f 3079// 3280// 3701//
f 3701// 3280// 3441//
f 3701// 3441// 3439//
f 4504// 4327// 4060//
f 3439// 3697// 3701//
f 3701// 3697// 4057//
f 3701// 4057// 4060//
f 4060// 4057// 4324//
f 4060// 4324// 4504//
f 4060// 4003// 3920//
f 4060// 3920// 3701//
f 3701// 3920// 3865//
f 3701// 3865// 3702//
f 4327// 4270// 4060//
f 4060// 4270// 4206//
f 4060// 4206// 4003//
f 4439// 4501// 4504//
f 4504// 4501// 4460//
f 4504// 4460// 4327//
f 4327// 4460// 4397//
f 4327// 4397// 4270//
f 4439// 4504// 4249//
f 4249// 4504// 4324//
f 4249// 4324// 4153//
f 4153// 4324// 4057//
f 4153// 4057// 3982//
f 3982// 4057// 3899//
f 3899// 4057// 3697//
f 3899// 3697// 3698//
f 3443// 3282// 3707//
f 3707// 3282// 3081//
f 3707// 3081// 2945//
f 3711// 2950// 3083//
f 3083// 3284// 3711//
f 3711// 3284// 3445//
f 3711// 3445// 3443//
f 3443// 3707// 3711//
f 3711// 3707// 4063//
f 3711// 4063// 4330//
f 4330// 4508// 3711//
f 3711// 4508// 4333//
f 3711// 4333// 4066//
f 4066// 4004// 3921//
f 4066// 3921// 3711//
f 3711// 3921// 3866//
f 3711// 3866// 3712//
f 4333// 4271// 4066//
f 4066// 4271// 4207//
f 4066// 4207// 4004//
f 4440// 4505// 4508//
f 4508// 4505// 4461//
f 4508// 4461// 4333//
f 4333// 4461// 4398//
f 4333// 4398// 4271//
f 4440// 4508// 4250//
f 4250// 4508// 4330//
f 4250// 4330// 4154//
f 4154// 4330// 4063//
f 4154// 4063// 3983//
f 3983// 4063// 3900//
f 3900// 4063// 3707//
f 3900// 3707// 3708//
f 2955// 3087// 3716//
f 3716// 3087// 3288//
f 3716// 3288// 3449//
f 3447// 3286// 3714//
f 3714// 3286// 3085//
f 3714// 3085// 2952//
f 3449// 3447// 3716//
f 3716// 3447// 3714//
f 3716// 3714// 4068//
f 4068// 3714// 4067//
f 4067// 4334// 4068//
f 4068// 4334// 4510//
f 4068// 4510// 4335//
f 4068// 4005// 3922//
f 4068// 3922// 3716//
f 3716// 3922// 3867//
f 3716// 3867// 3717//
f 4335// 4272// 4068//
f 4068// 4272// 4208//
f 4068// 4208// 4005//
f 4441// 4509// 4510//
f 4510// 4509// 4462//
f 4510// 4462// 4335//
f 4335// 4462// 4399//
f 4335// 4399// 4272//
f 4441// 4510// 4251//
f 4251// 4510// 4334//
f 4251// 4334// 4155//
f 4155// 4334// 4067//
f 4155// 4067// 3984//
f 3984// 4067// 3901//
f 3901// 4067// 3714//
f 3901// 3714// 3715//
f 3720// 2959// 3091//
f 4337// 4070// 3720//
f 2957// 3718// 3089//
f 3089// 3718// 3290//
f 3091// 3292// 3720//
f 3720// 3292// 3451//
f 3720// 3451// 3450//
f 4069// 4336// 4512//
f 4512// 4337// 4069//
f 4069// 4337// 3720//
f 4069// 3720// 3718//
f 3718// 3720// 3450//
f 3718// 3450// 3290//
f 4070// 4006// 3923//
f 4070// 3923// 3720//
f 3720// 3923// 3868//
f 3720// 3868// 3721//
f 4337// 4273// 4070//
f 4070// 4273// 4209//
f 4070// 4209// 4006//
f 4442// 4511// 4512//
f 4512// 4511// 4463//
f 4512// 4463// 4337//
f 4337// 4463// 4400//
f 4337// 4400// 4273//
f 4442// 4512// 4252//
f 4252// 4512// 4336//
f 4252// 4336// 4156//
f 4156// 4336// 4069//
f 4156// 4069// 3985//
f 3985// 4069// 3902//
f 3902// 4069// 3718//
f 3902// 3718// 3719//
f 3453// 3294// 3722//
f 3722// 3294// 3093//
f 3722// 3093// 2961//
f 3724// 2964// 3095//
f 3095// 3296// 3724//
f 3724// 3296// 3455//
f 3724// 3455// 3453//
f 3453// 3722// 3724//
f 3724// 3722// 4071//
f 3724// 4071// 4338//
f 4338// 4514// 3724//
f 3724// 4514// 4339//
f 3724// 4339// 4072//
f 4072// 4007// 3924//
f 4072// 3924// 3724//
f 3724// 3924// 3869//
f 3724// 3869// 3725//
f 4339// 4274// 4072//
f 4072// 4274// 4210//
f 4072// 4210// 4007//
f 4443// 4513// 4514//
f 4514// 4513// 4464//
f 4514// 4464// 4339//
f 4339// 4464// 4401//
f 4339// 4401// 4274//
f 4443// 4514// 4253//
f 4253// 4514// 4338//
f 4253// 4338// 4157//
f 4157// 4338// 4071//
f 4157// 4071// 3986//
f 3986// 4071// 3903//
f 3903// 4071// 3722//
f 3903// 3722// 3723//
f 2973// 3099// 3733//
f 3733// 3099// 3300//
f 3733// 3300// 3459//
f 3457// 3298// 3729//
f 3729// 3298// 3097//
f 3729// 3097// 2968//
f 3459// 3457// 3733//
f 3733// 3457// 3729//
f 3733// 3729// 4078//
f 4078// 3729// 4075//
f 4075// 4342// 4078//
f 4078// 4342// 4518//
f 4078// 4518// 4345//
f 4078// 4008// 3925//
f 4078// 3925// 3733//
f 3733// 3925// 3870//
f 3733// 3870// 3734//
f 4345// 4275// 4078//
f 4078// 4275// 4211//
f 4078// 4211// 4008//
f 4444// 4515// 4518//
f 4518// 4515// 4465//
f 4518// 4465// 4345//
f 4345// 4465// 4402//
f 4345// 4402// 4275//
f 4444// 4518// 4254//
f 4254// 4518// 4342//
f 4254// 4342// 4158//
f 4158// 4342// 4075//
f 4158// 4075// 3987//
f 3987// 4075// 3904//
f 3904// 4075// 3729//
f 3904// 3729// 3730//
f 3101// 2977// 3739//
f 3304// 3743// 3103//
f 3103// 3743// 2982//
f 3304// 3463// 3743//
f 3743// 3463// 3461//
f 3743// 3461// 3739//
f 3739// 3461// 3302//
f 3739// 3302// 3101//
f 3739// 4081// 4348//
f 4084// 3743// 4351//
f 4351// 3743// 3739//
f 4351// 3739// 4522//
f 4522// 3739// 4348//
f 4084// 4009// 3926//
f 4084// 3926// 3743//
f 3743// 3926// 3871//
f 3743// 3871// 3744//
f 4351// 4276// 4084//
f 4084// 4276// 4212//
f 4084// 4212// 4009//
f 4445// 4519// 4522//
f 4522// 4519// 4466//
f 4522// 4466// 4351//
f 4351// 4466// 4403//
f 4351// 4403// 4276//
f 4445// 4522// 4255//
f 4255// 4522// 4348//
f 4255// 4348// 4159//
f 4159// 4348// 4081//
f 4159// 4081// 3988//
f 3988// 4081// 3905//
f 3905// 4081// 3739//
f 3905// 3739// 3740//
f 3753// 2991// 3107//
f 2986// 3749// 3105//
f 3105// 3749// 3306//
f 4357// 4090// 3753//
f 3107// 3308// 3753//
f 3753// 3308// 3467//
f 3753// 3467// 3465//
f 4087// 4354// 4526//
f 4526// 4357// 4087//
f 4087// 4357// 3753//
f 4087// 3753// 3749//
f 3749// 3753// 3465//
f 3749// 3465// 3306//
f 4090// 4010// 3927//
f 4090// 3927// 3753//
f 3753// 3927// 3872//
f 3753// 3872// 3754//
f 4357// 4277// 4090//
f 4090// 4277// 4213//
f 4090// 4213// 4010//
f 4446// 4523// 4526//
f 4526// 4523// 4467//
f 4526// 4467// 4357//
f 4357// 4467// 4404//
f 4357// 4404// 4277//
f 4446// 4526// 4256//
f 4256// 4526// 4354//
f 4256// 4354// 4160//
f 4160// 4354// 4087//
f 4160// 4087// 3989//
f 3989// 4087// 3906//
f 3906// 4087// 3749//
f 3906// 3749// 3750//
f 3763// 3000// 3111//
f 2995// 3759// 3109//
f 3109// 3759// 3310//
f 4363// 4096// 3763//
f 3111// 3312// 3763//
f 3763// 3312// 3471//
f 3763// 3471// 3469//
f 4093// 4360// 4530//
f 4530// 4363// 4093//
f 4093// 4363// 3763//
f 4093// 3763// 3759//
f 3759// 3763// 3469//
f 3759// 3469// 3310//
f 4096// 4011// 3928//
f 4096// 3928// 3763//
f 3763// 3928// 3873//
f 3763// 3873// 3764//
f 4363// 4278// 4096//
f 4096// 4278// 4214//
f 4096// 4214// 4011//
f 4447// 4527// 4530//
f 4530// 4527// 4468//
f 4530// 4468// 4363//
f 4363// 4468// 4405//
f 4363// 4405// 4278//
f 4447// 4530// 4257//
f 4257// 4530// 4360//
f 4257// 4360// 4161//
f 4161// 4360// 4093//
f 4161// 4093// 3990//
f 3990// 4093// 3907//
f 3907// 4093// 3759//
f 3907// 3759// 3760//
f 3773// 3009// 3115//
f 3004// 3769// 3113//
f 3113// 3769// 3314//
f 4369// 4102// 3773//
f 3115// 3316// 3773//
f 3773// 3316// 3475//
f 3773// 3475// 3473//
f 4099// 4366// 4534//
f 4534// 4369// 4099//
f 4099// 4369// 3773//
f 4099// 3773// 3769//
f 3769// 3773// 3473//
f 3769// 3473// 3314//
f 4102// 4012// 3929//
f 4102// 3929// 3773//
f 3773// 3929// 3874//
f 3773// 3874// 3774//
f 4369// 4279// 4102//
f 4102// 4279// 4215//
f 4102// 4215// 4012//
f 4448// 4531// 4534//
f 4534// 4531// 4469//
f 4534// 4469// 4369//
f 4369// 4469// 4406//
f 4369// 4406// 4279//
f 4448// 4534// 4258//
f 4258// 4534// 4366//
f 4258// 4366// 4162//
f 4162// 4366// 4099//
f 4162// 4099// 3991//
f 3991// 4099// 3908//
f 3908// 4099// 3769//
f 3908// 3769// 3770//
f 3783// 3018// 3119//
f 3013// 3779// 3117//
f 3117// 3779// 3318//
f 4375// 4108// 3783//
f 3119// 3320// 3783//
f 3783// 3320// 3479//
f 3783// 3479// 3477//
f 4105// 4372// 4538//
f 4538// 4375// 4105//
f 4105// 4375// 3783//
f 4105// 3783// 3779//
f 3779// 3783// 3477//
f 3779// 3477// 3318//
f 4108// 4013// 3930//
f 4108// 3930// 3783//
f 3783// 3930// 3875//
f 3783// 3875// 3784//
f 4375// 4280// 4108//
f 4108// 4280// 4216//
f 4108// 4216// 4013//
f 4449// 4535// 4538//
f 4538// 4535// 4470//
f 4538// 4470// 4375//
f 4375// 4470// 4407//
f 4375// 4407// 4280//
f 4449// 4538// 4259//
f 4259// 4538// 4372//
f 4259// 4372// 4163//
f 4163// 4372// 4105//
f 4163// 4105// 3992//
f 3992// 4105// 3909//
f 3909// 4105// 3779//
f 3909// 3779// 3780//
f 3129// 3036// 3806//
f 3332// 3808// 3131//
f 3131// 3808// 3039//
f 4122// 3808// 3806//
f 3332// 3491// 3808//
f 3808// 3491// 3489//
f 3808// 3489// 3806//
f 3806// 3489// 3330//
f 3806// 3330// 3129//
f 4548// 4389// 4388//
f 4388// 4389// 4122//
f 4388// 4122// 4121//
f 4121// 4122// 3806//
f 4122// 4016// 3933//
f 4122// 3933// 3808//
f 3808// 3933// 3878//
f 3808// 3878// 3809//
f 4389// 4283// 4122//
f 4122// 4283// 4219//
f 4122// 4219// 4016//
f 4452// 4547// 4548//
f 4548// 4547// 4473//
f 4548// 4473// 4389//
f 4389// 4473// 4410//
f 4389// 4410// 4283//
f 4452// 4548// 4262//
f 4262// 4548// 4388//
f 4262// 4388// 4166//
f 4166// 4388// 4121//
f 4166// 4121// 3995//
f 3995// 4121// 3912//
f 3912// 4121// 3806//
f 3912// 3806// 3807//
f 3053// 2883// 3637//
f 3256// 3641// 3055//
f 3055// 3641// 2887//
f 3256// 3417// 3641//
f 3641// 3417// 3416//
f 3641// 3416// 3637//
f 3637// 3416// 3254//
f 3637// 3254// 3053//
f 4288// 4480// 4291//
f 3637// 4021// 3641//
f 3641// 4021// 4288//
f 3641// 4288// 4024//
f 4024// 4288// 4291//
f 4024// 3997// 3914//
f 4024// 3914// 3641//
f 3641// 3914// 3859//
f 3641// 3859// 3642//
f 4291// 4264// 4024//
f 4024// 4264// 4200//
f 4024// 4200// 3997//
f 4433// 4477// 4480//
f 4480// 4477// 4454//
f 4480// 4454// 4291//
f 4291// 4454// 4391//
f 4291// 4391// 4264//
f 4433// 4480// 4243//
f 4243// 4480// 4288//
f 4243// 4288// 4147//
f 4147// 4288// 4021//
f 4147// 4021// 3976//
f 3976// 4021// 3893//
f 3893// 4021// 3637//
f 3893// 3637// 3638//
f 1053// 1051// 1068//
f 977// 974// 1037//
f 914// 913// 937//
f 796// 795// 913//
f 913// 914// 796//
f 796// 914// 915//
f 796// 915// 797//
f 797// 915// 916//
f 797// 916// 800//
f 800// 916// 917//
f 800// 917// 801//
f 802// 801// 909//
f 909// 801// 917//
f 909// 917// 998//
f 1060// 998// 1002//
f 1076// 1079// 1077//
f 1068// 1070// 1053//
f 1053// 1070// 1072//
f 1053// 1072// 1058//
f 1058// 1072// 1074//
f 1058// 1074// 1061//
f 1061// 1074// 1076//
f 1061// 1076// 1063//
f 1063// 1076// 1077//
f 1063// 1077// 1060//
f 1060// 1002// 1063//
f 1063// 1002// 1000//
f 1063// 1000// 1061//
f 1061// 1000// 979//
f 1061// 979// 1058//
f 1058// 979// 977//
f 1058// 977// 1053//
f 1053// 977// 1037//
f 1053// 1037// 1051//
f 998// 917// 1002//
f 1002// 917// 916//
f 1002// 916// 1000//
f 1000// 916// 915//
f 1000// 915// 979//
f 979// 915// 914//
f 979// 914// 977//
f 977// 914// 937//
f 977// 937// 974//
f 1066// 1069// 1068//
f 1068// 1069// 1070//
f 1070// 1069// 1072//
f 1072// 1069// 1071//
f 1072// 1071// 1074//
f 1071// 1073// 1074//
f 1074// 1073// 1075//
f 1074// 1075// 1076//
f 1076// 1075// 1078//
f 1076// 1078// 1079//
f 1062// 1064// 1078//
f 1064// 1062// 1010//
f 938// 1010// 1003//
f 860// 938// 910//
f 779// 860// 780//
f 780// 860// 910//
f 780// 910// 908//
f 785// 782// 908//
f 908// 782// 781//
f 908// 781// 780//
f 908// 906// 785//
f 785// 906// 905//
f 785// 905// 786//
f 786// 905// 904//
f 786// 904// 788//
f 978// 975// 936//
f 1069// 1066// 1044//
f 938// 1003// 910//
f 910// 1003// 1001//
f 910// 1001// 908//
f 908// 1001// 980//
f 908// 980// 906//
f 906// 980// 978//
f 906// 978// 905//
f 905// 978// 936//
f 905// 936// 904//
f 1010// 1062// 1003//
f 1003// 1062// 1059//
f 1003// 1059// 1001//
f 1001// 1059// 1048//
f 1001// 1048// 980//
f 980// 1048// 1045//
f 980// 1045// 978//
f 978// 1045// 1036//
f 978// 1036// 975//
f 1078// 1075// 1062//
f 1062// 1075// 1073//
f 1062// 1073// 1059//
f 1059// 1073// 1071//
f 1059// 1071// 1048//
f 1048// 1071// 1069//
f 1048// 1069// 1045//
f 1045// 1069// 1044//
f 1045// 1044// 1036//
f 2265// 2091// 3206//
f 3206// 2091// 3642//
f 3206// 3642// 3813//
f 3976// 3893// 4126//
f 4126// 3893// 3638//
f 4126// 3638// 3812//
f 3976// 4126// 4147//
f 4147// 4126// 4412//
f 4147// 4412// 4243//
f 4243// 4412// 4604//
f 4243// 4604// 4433//
f 4433// 4604// 4477//
f 4477// 4604// 4666//
f 4477// 4666// 4454//
f 4454// 4666// 4643//
f 4454// 4643// 4391//
f 4391// 4643// 4264//
f 4264// 4643// 4583//
f 4264// 4583// 4200//
f 4200// 4583// 4222//
f 4200// 4222// 3997//
f 3997// 4222// 3914//
f 3914// 4222// 3935//
f 3914// 3935// 3859//
f 3859// 3935// 3813//
f 3859// 3813// 3642//
f 3812// 3638// 3205//
f 3205// 3638// 2086//
f 3205// 2086// 2264//
f 1851// 1994// 1760//
f 1760// 1994// 2091//
f 1760// 2091// 2265//
f 1851// 1760// 1698//
f 1698// 1760// 1424//
f 1698// 1424// 1521//
f 1521// 1424// 1158//
f 1521// 1158// 1447//
f 1447// 1158// 1082//
f 1447// 1082// 1239//
f 1180// 1503// 1136//
f 1136// 1503// 1292//
f 1136// 1292// 1082//
f 1082// 1292// 1203//
f 1082// 1203// 1239//
f 2043// 1869// 1640//
f 1640// 1869// 1729//
f 1640// 1729// 1180//
f 1180// 1729// 1540//
f 1180// 1540// 1503//
f 1640// 2018// 2043//
f 2043// 2018// 2264//
f 2043// 2264// 2086//
f 2267// 2101// 3208//
f 3208// 2101// 3652//
f 3208// 3652// 3815//
f 3977// 3894// 4127//
f 4127// 3894// 3648//
f 4127// 3648// 3814//
f 3977// 4127// 4148//
f 4148// 4127// 4413//
f 4148// 4413// 4244//
f 4244// 4413// 4605//
f 4244// 4605// 4434//
f 4434// 4605// 4481//
f 4481// 4605// 4667//
f 4481// 4667// 4455//
f 4455// 4667// 4644//
f 4455// 4644// 4392//
f 4392// 4644// 4265//
f 4265// 4644// 4584//
f 4265// 4584// 4201//
f 4201// 4584// 4223//
f 4201// 4223// 3998//
f 3998// 4223// 3915//
f 3915// 4223// 3936//
f 3915// 3936// 3860//
f 3860// 3936// 3815//
f 3860// 3815// 3652//
f 3814// 3648// 3207//
f 3207// 3648// 2097//
f 3207// 2097// 2266//
f 1852// 1995// 1761//
f 1761// 1995// 2101//
f 1761// 2101// 2267//
f 1852// 1761// 1699//
f 1699// 1761// 1425//
f 1699// 1425// 1522//
f 1522// 1425// 1159//
f 1522// 1159// 1448//
f 1448// 1159// 1083//
f 1448// 1083// 1240//
f 1181// 1504// 1137//
f 1137// 1504// 1293//
f 1137// 1293// 1083//
f 1083// 1293// 1205//
f 1083// 1205// 1240//
f 2044// 1870// 1641//
f 1641// 1870// 1730//
f 1641// 1730// 1181//
f 1181// 1730// 1541//
f 1181// 1541// 1504//
f 1641// 2019// 2044//
f 2044// 2019// 2266//
f 2044// 2266// 2097//
f 2269// 2111// 3210//
f 3210// 2111// 3662//
f 3210// 3662// 3817//
f 3978// 3895// 4128//
f 4128// 3895// 3658//
f 4128// 3658// 3816//
f 3978// 4128// 4149//
f 4149// 4128// 4414//
f 4149// 4414// 4245//
f 4245// 4414// 4606//
f 4245// 4606// 4435//
f 4435// 4606// 4485//
f 4485// 4606// 4668//
f 4485// 4668// 4456//
f 4456// 4668// 4645//
f 4456// 4645// 4393//
f 4393// 4645// 4266//
f 4266// 4645// 4585//
f 4266// 4585// 4202//
f 4202// 4585// 4224//
f 4202// 4224// 3999//
f 3999// 4224// 3916//
f 3916// 4224// 3937//
f 3916// 3937// 3861//
f 3861// 3937// 3817//
f 3861// 3817// 3662//
f 3816// 3658// 3209//
f 3209// 3658// 2107//
f 3209// 2107// 2268//
f 1853// 1996// 1762//
f 1762// 1996// 2111//
f 1762// 2111// 2269//
f 1853// 1762// 1700//
f 1700// 1762// 1426//
f 1700// 1426// 1523//
f 1523// 1426// 1160//
f 1523// 1160// 1449//
f 1449// 1160// 1084//
f 1449// 1084// 1241//
f 1182// 1505// 1138//
f 1138// 1505// 1294//
f 1138// 1294// 1084//
f 1084// 1294// 1206//
f 1084// 1206// 1241//
f 2045// 1871// 1642//
f 1642// 1871// 1731//
f 1642// 1731// 1182//
f 1182// 1731// 1542//
f 1182// 1542// 1505//
f 1642// 2020// 2045//
f 2045// 2020// 2268//
f 2045// 2268// 2107//
f 2271// 2121// 3212//
f 3212// 2121// 3672//
f 3212// 3672// 3819//
f 3979// 3896// 4129//
f 4129// 3896// 3668//
f 4129// 3668// 3818//
f 3979// 4129// 4150//
f 4150// 4129// 4415//
f 4150// 4415// 4246//
f 4246// 4415// 4607//
f 4246// 4607// 4436//
f 4436// 4607// 4489//
f 4489// 4607// 4669//
f 4489// 4669// 4457//
f 4457// 4669// 4646//
f 4457// 4646// 4394//
f 4394// 4646// 4267//
f 4267// 4646// 4586//
f 4267// 4586// 4203//
f 4203// 4586// 4225//
f 4203// 4225// 4000//
f 4000// 4225// 3917//
f 3917// 4225// 3938//
f 3917// 3938// 3862//
f 3862// 3938// 3819//
f 3862// 3819// 3672//
f 3818// 3668// 3211//
f 3211// 3668// 2117//
f 3211// 2117// 2270//
f 1854// 1997// 1763//
f 1763// 1997// 2121//
f 1763// 2121// 2271//
f 1854// 1763// 1701//
f 1701// 1763// 1427//
f 1701// 1427// 1524//
f 1524// 1427// 1161//
f 1524// 1161// 1450//
f 1450// 1161// 1085//
f 1450// 1085// 1242//
f 1183// 1506// 1139//
f 1139// 1506// 1295//
f 1139// 1295// 1085//
f 1085// 1295// 1208//
f 1085// 1208// 1242//
f 2046// 1872// 1643//
f 1643// 1872// 1732//
f 1643// 1732// 1183//
f 1183// 1732// 1543//
f 1183// 1543// 1506//
f 1643// 2021// 2046//
f 2046// 2021// 2270//
f 2046// 2270// 2117//
f 2273// 2131// 3214//
f 3214// 2131// 3682//
f 3214// 3682// 3821//
f 3980// 3897// 4130//
f 4130// 3897// 3678//
f 4130// 3678// 3820//
f 3980// 4130// 4151//
f 4151// 4130// 4416//
f 4151// 4416// 4247//
f 4247// 4416// 4608//
f 4247// 4608// 4437//
f 4437// 4608// 4493//
f 4493// 4608// 4670//
f 4493// 4670// 4458//
f 4458// 4670// 4647//
f 4458// 4647// 4395//
f 4395// 4647// 4268//
f 4268// 4647// 4587//
f 4268// 4587// 4204//
f 4204// 4587// 4226//
f 4204// 4226// 4001//
f 4001// 4226// 3918//
f 3918// 4226// 3939//
f 3918// 3939// 3863//
f 3863// 3939// 3821//
f 3863// 3821// 3682//
f 3820// 3678// 3213//
f 3213// 3678// 2127//
f 3213// 2127// 2272//
f 1855// 1998// 1764//
f 1764// 1998// 2131//
f 1764// 2131// 2273//
f 1855// 1764// 1702//
f 1702// 1764// 1428//
f 1702// 1428// 1525//
f 1525// 1428// 1162//
f 1525// 1162// 1451//
f 1451// 1162// 1086//
f 1451// 1086// 1243//
f 1184// 1507// 1140//
f 1140// 1507// 1296//
f 1140// 1296// 1086//
f 1086// 1296// 1210//
f 1086// 1210// 1243//
f 2047// 1873// 1644//
f 1644// 1873// 1733//
f 1644// 1733// 1184//
f 1184// 1733// 1544//
f 1184// 1544// 1507//
f 1644// 2022// 2047//
f 2047// 2022// 2272//
f 2047// 2272// 2127//
f 2275// 2141// 3216//
f 3216// 2141// 3692//
f 3216// 3692// 3823//
f 3981// 3898// 4131//
f 4131// 3898// 3688//
f 4131// 3688// 3822//
f 3981// 4131// 4152//
f 4152// 4131// 4417//
f 4152// 4417// 4248//
f 4248// 4417// 4609//
f 4248// 4609// 4438//
f 4438// 4609// 4497//
f 4497// 4609// 4671//
f 4497// 4671// 4459//
f 4459// 4671// 4648//
f 4459// 4648// 4396//
f 4396// 4648// 4269//
f 4269// 4648// 4588//
f 4269// 4588// 4205//
f 4205// 4588// 4227//
f 4205// 4227// 4002//
f 4002// 4227// 3919//
f 3919// 4227// 3940//
f 3919// 3940// 3864//
f 3864// 3940// 3823//
f 3864// 3823// 3692//
f 3822// 3688// 3215//
f 3215// 3688// 2137//
f 3215// 2137// 2274//
f 1856// 1999// 1765//
f 1765// 1999// 2141//
f 1765// 2141// 2275//
f 1856// 1765// 1703//
f 1703// 1765// 1429//
f 1703// 1429// 1526//
f 1526// 1429// 1163//
f 1526// 1163// 1452//
f 1452// 1163// 1087//
f 1452// 1087// 1244//
f 1185// 1508// 1141//
f 1141// 1508// 1297//
f 1141// 1297// 1087//
f 1087// 1297// 1212//
f 1087// 1212// 1244//
f 2048// 1874// 1645//
f 1645// 1874// 1734//
f 1645// 1734// 1185//
f 1185// 1734// 1545//
f 1185// 1545// 1508//
f 1645// 2023// 2048//
f 2048// 2023// 2274//
f 2048// 2274// 2137//
f 2277// 2151// 3219//
f 3219// 2151// 3702//
f 3219// 3702// 3825//
f 3982// 3899// 4132//
f 4132// 3899// 3698//
f 4132// 3698// 3824//
f 3982// 4132// 4153//
f 4153// 4132// 4418//
f 4153// 4418// 4249//
f 4249// 4418// 4610//
f 4249// 4610// 4439//
f 4439// 4610// 4501//
f 4501// 4610// 4672//
f 4501// 4672// 4460//
f 4460// 4672// 4649//
f 4460// 4649// 4397//
f 4397// 4649// 4270//
f 4270// 4649// 4589//
f 4270// 4589// 4206//
f 4206// 4589// 4228//
f 4206// 4228// 4003//
f 4003// 4228// 3920//
f 3920// 4228// 3941//
f 3920// 3941// 3865//
f 3865// 3941// 3825//
f 3865// 3825// 3702//
f 3824// 3698// 3218//
f 3218// 3698// 2147//
f 3218// 2147// 2276//
f 1857// 2000// 1766//
f 1766// 2000// 2151//
f 1766// 2151// 2277//
f 1857// 1766// 1704//
f 1704// 1766// 1430//
f 1704// 1430// 1527//
f 1527// 1430// 1164//
f 1527// 1164// 1453//
f 1453// 1164// 1088//
f 1453// 1088// 1245//
f 1186// 1509// 1142//
f 1142// 1509// 1298//
f 1142// 1298// 1088//
f 1088// 1298// 1214//
f 1088// 1214// 1245//
f 2049// 1875// 1646//
f 1646// 1875// 1735//
f 1646// 1735// 1186//
f 1186// 1735// 1546//
f 1186// 1546// 1509//
f 1646// 2024// 2049//
f 2049// 2024// 2276//
f 2049// 2276// 2147//
f 2279// 2161// 3221//
f 3221// 2161// 3712//
f 3221// 3712// 3827//
f 3983// 3900// 4133//
f 4133// 3900// 3708//
f 4133// 3708// 3826//
f 3983// 4133// 4154//
f 4154// 4133// 4419//
f 4154// 4419// 4250//
f 4250// 4419// 4611//
f 4250// 4611// 4440//
f 4440// 4611// 4505//
f 4505// 4611// 4673//
f 4505// 4673// 4461//
f 4461// 4673// 4650//
f 4461// 4650// 4398//
f 4398// 4650// 4271//
f 4271// 4650// 4590//
f 4271// 4590// 4207//
f 4207// 4590// 4229//
f 4207// 4229// 4004//
f 4004// 4229// 3921//
f 3921// 4229// 3942//
f 3921// 3942// 3866//
f 3866// 3942// 3827//
f 3866// 3827// 3712//
f 3826// 3708// 3220//
f 3220// 3708// 2157//
f 3220// 2157// 2278//
f 1858// 2001// 1767//
f 1767// 2001// 2161//
f 1767// 2161// 2279//
f 1858// 1767// 1705//
f 1705// 1767// 1431//
f 1705// 1431// 1528//
f 1528// 1431// 1165//
f 1528// 1165// 1454//
f 1454// 1165// 1089//
f 1454// 1089// 1246//
f 1187// 1510// 1143//
f 1143// 1510// 1299//
f 1143// 1299// 1089//
f 1089// 1299// 1216//
f 1089// 1216// 1246//
f 2050// 1876// 1647//
f 1647// 1876// 1736//
f 1647// 1736// 1187//
f 1187// 1736// 1547//
f 1187// 1547// 1510//
f 1647// 2025// 2050//
f 2050// 2025// 2278//
f 2050// 2278// 2157//
f 2281// 2166// 3223//
f 3223// 2166// 3717//
f 3223// 3717// 3829//
f 3984// 3901// 4134//
f 4134// 3901// 3715//
f 4134// 3715// 3828//
f 3984// 4134// 4155//
f 4155// 4134// 4420//
f 4155// 4420// 4251//
f 4251// 4420// 4612//
f 4251// 4612// 4441//
f 4441// 4612// 4509//
f 4509// 4612// 4674//
f 4509// 4674// 4462//
f 4462// 4674// 4651//
f 4462// 4651// 4399//
f 4399// 4651// 4272//
f 4272// 4651// 4591//
f 4272// 4591// 4208//
f 4208// 4591// 4230//
f 4208// 4230// 4005//
f 4005// 4230// 3922//
f 3922// 4230// 3943//
f 3922// 3943// 3867//
f 3867// 3943// 3829//
f 3867// 3829// 3717//
f 3828// 3715// 3222//
f 3222// 3715// 2164//
f 3222// 2164// 2280//
f 1859// 2002// 1768//
f 1768// 2002// 2166//
f 1768// 2166// 2281//
f 1859// 1768// 1706//
f 1706// 1768// 1432//
f 1706// 1432// 1529//
f 1529// 1432// 1166//
f 1529// 1166// 1455//
f 1455// 1166// 1090//
f 1455// 1090// 1247//
f 1188// 1511// 1144//
f 1144// 1511// 1300//
f 1144// 1300// 1090//
f 1090// 1300// 1218//
f 1090// 1218// 1247//
f 2051// 1877// 1648//
f 1648// 1877// 1737//
f 1648// 1737// 1188//
f 1188// 1737// 1548//
f 1188// 1548// 1511//
f 1648// 2026// 2051//
f 2051// 2026// 2280//
f 2051// 2280// 2164//
f 2283// 2171// 3225//
f 3225// 2171// 3721//
f 3225// 3721// 3831//
f 3985// 3902// 4135//
f 4135// 3902// 3719//
f 4135// 3719// 3830//
f 3985// 4135// 4156//
f 4156// 4135// 4421//
f 4156// 4421// 4252//
f 4252// 4421// 4613//
f 4252// 4613// 4442//
f 4442// 4613// 4511//
f 4511// 4613// 4675//
f 4511// 4675// 4463//
f 4463// 4675// 4652//
f 4463// 4652// 4400//
f 4400// 4652// 4273//
f 4273// 4652// 4592//
f 4273// 4592// 4209//
f 4209// 4592// 4231//
f 4209// 4231// 4006//
f 4006// 4231// 3923//
f 3923// 4231// 3944//
f 3923// 3944// 3868//
f 3868// 3944// 3831//
f 3868// 3831// 3721//
f 3830// 3719// 3224//
f 3224// 3719// 2168//
f 3224// 2168// 2282//
f 1860// 2003// 1769//
f 1769// 2003// 2171//
f 1769// 2171// 2283//
f 1860// 1769// 1707//
f 1707// 1769// 1433//
f 1707// 1433// 1530//
f 1530// 1433// 1167//
f 1530// 1167// 1456//
f 1456// 1167// 1091//
f 1456// 1091// 1248//
f 1189// 1512// 1145//
f 1145// 1512// 1301//
f 1145// 1301// 1091//
f 1091// 1301// 1220//
f 1091// 1220// 1248//
f 2052// 1878// 1649//
f 1649// 1878// 1738//
f 1649// 1738// 1189//
f 1189// 1738// 1549//
f 1189// 1549// 1512//
f 1649// 2027// 2052//
f 2052// 2027// 2282//
f 2052// 2282// 2168//
f 2285// 2175// 3227//
f 3227// 2175// 3725//
f 3227// 3725// 3833//
f 3986// 3903// 4136//
f 4136// 3903// 3723//
f 4136// 3723// 3832//
f 3986// 4136// 4157//
f 4157// 4136// 4422//
f 4157// 4422// 4253//
f 4253// 4422// 4614//
f 4253// 4614// 4443//
f 4443// 4614// 4513//
f 4513// 4614// 4676//
f 4513// 4676// 4464//
f 4464// 4676// 4653//
f 4464// 4653// 4401//
f 4401// 4653// 4274//
f 4274// 4653// 4593//
f 4274// 4593// 4210//
f 4210// 4593// 4232//
f 4210// 4232// 4007//
f 4007// 4232// 3924//
f 3924// 4232// 3945//
f 3924// 3945// 3869//
f 3869// 3945// 3833//
f 3869// 3833// 3725//
f 3832// 3723// 3226//
f 3226// 3723// 2173//
f 3226// 2173// 2284//
f 1861// 2004// 1770//
f 1770// 2004// 2175//
f 1770// 2175// 2285//
f 1861// 1770// 1708//
f 1708// 1770// 1434//
f 1708// 1434// 1531//
f 1531// 1434// 1168//
f 1531// 1168// 1457//
f 1457// 1168// 1092//
f 1457// 1092// 1249//
f 1190// 1513// 1146//
f 1146// 1513// 1302//
f 1146// 1302// 1092//
f 1092// 1302// 1222//
f 1092// 1222// 1249//
f 2053// 1879// 1650//
f 1650// 1879// 1739//
f 1650// 1739// 1190//
f 1190// 1739// 1550//
f 1190// 1550// 1513//
f 1650// 2028// 2053//
f 2053// 2028// 2284//
f 2053// 2284// 2173//
f 2287// 2184// 3229//
f 3229// 2184// 3734//
f 3229// 3734// 3835//
f 3987// 3904// 4137//
f 4137// 3904// 3730//
f 4137// 3730// 3834//
f 3987// 4137// 4158//
f 4158// 4137// 4423//
f 4158// 4423// 4254//
f 4254// 4423// 4615//
f 4254// 4615// 4444//
f 4444// 4615// 4515//
f 4515// 4615// 4677//
f 4515// 4677// 4465//
f 4465// 4677// 4654//
f 4465// 4654// 4402//
f 4402// 4654// 4275//
f 4275// 4654// 4594//
f 4275// 4594// 4211//
f 4211// 4594// 4233//
f 4211// 4233// 4008//
f 4008// 4233// 3925//
f 3925// 4233// 3946//
f 3925// 3946// 3870//
f 3870// 3946// 3835//
f 3870// 3835// 3734//
f 3834// 3730// 3228//
f 3228// 3730// 2180//
f 3228// 2180// 2286//
f 1862// 2005// 1771//
f 1771// 2005// 2184//
f 1771// 2184// 2287//
f 1862// 1771// 1709//
f 1709// 1771// 1435//
f 1709// 1435// 1532//
f 1532// 1435// 1169//
f 1532// 1169// 1458//
f 1458// 1169// 1093//
f 1458// 1093// 1250//
f 1191// 1514// 1147//
f 1147// 1514// 1303//
f 1147// 1303// 1093//
f 1093// 1303// 1224//
f 1093// 1224// 1250//
f 2054// 1880// 1651//
f 1651// 1880// 1740//
f 1651// 1740// 1191//
f 1191// 1740// 1551//
f 1191// 1551// 1514//
f 1651// 2029// 2054//
f 2054// 2029// 2286//
f 2054// 2286// 2180//
f 2289// 2194// 3231//
f 3231// 2194// 3744//
f 3231// 3744// 3837//
f 3988// 3905// 4138//
f 4138// 3905// 3740//
f 4138// 3740// 3836//
f 3988// 4138// 4159//
f 4159// 4138// 4424//
f 4159// 4424// 4255//
f 4255// 4424// 4616//
f 4255// 4616// 4445//
f 4445// 4616// 4519//
f 4519// 4616// 4678//
f 4519// 4678// 4466//
f 4466// 4678// 4655//
f 4466// 4655// 4403//
f 4403// 4655// 4276//
f 4276// 4655// 4595//
f 4276// 4595// 4212//
f 4212// 4595// 4234//
f 4212// 4234// 4009//
f 4009// 4234// 3926//
f 3926// 4234// 3947//
f 3926// 3947// 3871//
f 3871// 3947// 3837//
f 3871// 3837// 3744//
f 3836// 3740// 3230//
f 3230// 3740// 2190//
f 3230// 2190// 2288//
f 1863// 2006// 1772//
f 1772// 2006// 2194//
f 1772// 2194// 2289//
f 1863// 1772// 1710//
f 1710// 1772// 1436//
f 1710// 1436// 1533//
f 1533// 1436// 1170//
f 1533// 1170// 1459//
f 1459// 1170// 1094//
f 1459// 1094// 1251//
f 1192// 1515// 1148//
f 1148// 1515// 1304//
f 1148// 1304// 1094//
f 1094// 1304// 1227//
f 1094// 1227// 1251//
f 2055// 1881// 1652//
f 1652// 1881// 1741//
f 1652// 1741// 1192//
f 1192// 1741// 1552//
f 1192// 1552// 1515//
f 1652// 2030// 2055//
f 2055// 2030// 2288//
f 2055// 2288// 2190//
f 2291// 2204// 3234//
f 3234// 2204// 3754//
f 3234// 3754// 3839//
f 3989// 3906// 4139//
f 4139// 3906// 3750//
f 4139// 3750// 3838//
f 3989// 4139// 4160//
f 4160// 4139// 4425//
f 4160// 4425// 4256//
f 4256// 4425// 4617//
f 4256// 4617// 4446//
f 4446// 4617// 4523//
f 4523// 4617// 4679//
f 4523// 4679// 4467//
f 4467// 4679// 4656//
f 4467// 4656// 4404//
f 4404// 4656// 4277//
f 4277// 4656// 4596//
f 4277// 4596// 4213//
f 4213// 4596// 4235//
f 4213// 4235// 4010//
f 4010// 4235// 3927//
f 3927// 4235// 3948//
f 3927// 3948// 3872//
f 3872// 3948// 3839//
f 3872// 3839// 3754//
f 3838// 3750// 3233//
f 3233// 3750// 2200//
f 3233// 2200// 2290//
f 1864// 2007// 1773//
f 1773// 2007// 2204//
f 1773// 2204// 2291//
f 1864// 1773// 1711//
f 1711// 1773// 1437//
f 1711// 1437// 1534//
f 1534// 1437// 1171//
f 1534// 1171// 1460//
f 1460// 1171// 1095//
f 1460// 1095// 1252//
f 1193// 1516// 1149//
f 1149// 1516// 1305//
f 1149// 1305// 1095//
f 1095// 1305// 1228//
f 1095// 1228// 1252//
f 2056// 1882// 1653//
f 1653// 1882// 1742//
f 1653// 1742// 1193//
f 1193// 1742// 1553//
f 1193// 1553// 1516//
f 1653// 2031// 2056//
f 2056// 2031// 2290//
f 2056// 2290// 2200//
f 2293// 2214// 3236//
f 3236// 2214// 3764//
f 3236// 3764// 3841//
f 3990// 3907// 4140//
f 4140// 3907// 3760//
f 4140// 3760// 3840//
f 3990// 4140// 4161//
f 4161// 4140// 4426//
f 4161// 4426// 4257//
f 4257// 4426// 4618//
f 4257// 4618// 4447//
f 4447// 4618// 4527//
f 4527// 4618// 4680//
f 4527// 4680// 4468//
f 4468// 4680// 4657//
f 4468// 4657// 4405//
f 4405// 4657// 4278//
f 4278// 4657// 4597//
f 4278// 4597// 4214//
f 4214// 4597// 4236//
f 4214// 4236// 4011//
f 4011// 4236// 3928//
f 3928// 4236// 3949//
f 3928// 3949// 3873//
f 3873// 3949// 3841//
f 3873// 3841// 3764//
f 3840// 3760// 3235//
f 3235// 3760// 2210//
f 3235// 2210// 2292//
f 1865// 2008// 1774//
f 1774// 2008// 2214//
f 1774// 2214// 2293//
f 1865// 1774// 1712//
f 1712// 1774// 1438//
f 1712// 1438// 1535//
f 1535// 1438// 1172//
f 1535// 1172// 1461//
f 1461// 1172// 1096//
f 1461// 1096// 1253//
f 1194// 1517// 1150//
f 1150// 1517// 1306//
f 1150// 1306// 1096//
f 1096// 1306// 1231//
f 1096// 1231// 1253//
f 2057// 1883// 1654//
f 1654// 1883// 1743//
f 1654// 1743// 1194//
f 1194// 1743// 1554//
f 1194// 1554// 1517//
f 1654// 2032// 2057//
f 2057// 2032// 2292//
f 2057// 2292// 2210//
f 2295// 2224// 3238//
f 3238// 2224// 3774//
f 3238// 3774// 3843//
f 3991// 3908// 4141//
f 4141// 3908// 3770//
f 4141// 3770// 3842//
f 3991// 4141// 4162//
f 4162// 4141// 4427//
f 4162// 4427// 4258//
f 4258// 4427// 4619//
f 4258// 4619// 4448//
f 4448// 4619// 4531//
f 4531// 4619// 4681//
f 4531// 4681// 4469//
f 4469// 4681// 4658//
f 4469// 4658// 4406//
f 4406// 4658// 4279//
f 4279// 4658// 4598//
f 4279// 4598// 4215//
f 4215// 4598// 4237//
f 4215// 4237// 4012//
f 4012// 4237// 3929//
f 3929// 4237// 3950//
f 3929// 3950// 3874//
f 3874// 3950// 3843//
f 3874// 3843// 3774//
f 3842// 3770// 3237//
f 3237// 3770// 2220//
f 3237// 2220// 2294//
f 1866// 2009// 1775//
f 1775// 2009// 2224//
f 1775// 2224// 2295//
f 1866// 1775// 1713//
f 1713// 1775// 1439//
f 1713// 1439// 1536//
f 1536// 1439// 1173//
f 1536// 1173// 1462//
f 1462// 1173// 1097//
f 1462// 1097// 1254//
f 1195// 1518// 1151//
f 1151// 1518// 1307//
f 1151// 1307// 1097//
f 1097// 1307// 1233//
f 1097// 1233// 1254//
f 2058// 1884// 1655//
f 1655// 1884// 1744//
f 1655// 1744// 1195//
f 1195// 1744// 1555//
f 1195// 1555// 1518//
f 1655// 2033// 2058//
f 2058// 2033// 2294//
f 2058// 2294// 2220//
f 2297// 2234// 3240//
f 3240// 2234// 3784//
f 3240// 3784// 3845//
f 3992// 3909// 4142//
f 4142// 3909// 3780//
f 4142// 3780// 3844//
f 3992// 4142// 4163//
f 4163// 4142// 4428//
f 4163// 4428// 4259//
f 4259// 4428// 4620//
f 4259// 4620// 4449//
f 4449// 4620// 4535//
f 4535// 4620// 4682//
f 4535// 4682// 4470//
f 4470// 4682// 4659//
f 4470// 4659// 4407//
f 4407// 4659// 4280//
f 4280// 4659// 4599//
f 4280// 4599// 4216//
f 4216// 4599// 4238//
f 4216// 4238// 4013//
f 4013// 4238// 3930//
f 3930// 4238// 3951//
f 3930// 3951// 3875//
f 3875// 3951// 3845//
f 3875// 3845// 3784//
f 3844// 3780// 3239//
f 3239// 3780// 2230//
f 3239// 2230// 2296//
f 1867// 2010// 1776//
f 1776// 2010// 2234//
f 1776// 2234// 2297//
f 1867// 1776// 1714//
f 1714// 1776// 1440//
f 1714// 1440// 1537//
f 1537// 1440// 1174//
f 1537// 1174// 1463//
f 1463// 1174// 1098//
f 1463// 1098// 1255//
f 1196// 1519// 1152//
f 1152// 1519// 1308//
f 1152// 1308// 1098//
f 1098// 1308// 1235//
f 1098// 1235// 1255//
f 2059// 1885// 1656//
f 1656// 1885// 1745//
f 1656// 1745// 1196//
f 1196// 1745// 1556//
f 1196// 1556// 1519//
f 1656// 2034// 2059//
f 2059// 2034// 2296//
f 2059// 2296// 2230//
f 2299// 2245// 3242//
f 3242// 2245// 3794//
f 3242// 3794// 3847//
f 3993// 3910// 4143//
f 4143// 3910// 3790//
f 4143// 3790// 3846//
f 3993// 4143// 4164//
f 4164// 4143// 4429//
f 4164// 4429// 4260//
f 4260// 4429// 4621//
f 4260// 4621// 4450//
f 4450// 4621// 4539//
f 4539// 4621// 4683//
f 4539// 4683// 4471//
f 4471// 4683// 4660//
f 4471// 4660// 4408//
f 4408// 4660// 4281//
f 4281// 4660// 4600//
f 4281// 4600// 4217//
f 4217// 4600// 4239//
f 4217// 4239// 4014//
f 4014// 4239// 3931//
f 3931// 4239// 3952//
f 3931// 3952// 3876//
f 3876// 3952// 3847//
f 3876// 3847// 3794//
f 3846// 3790// 3241//
f 3241// 3790// 2240//
f 3241// 2240// 2298//
f 1633// 1715// 1441//
f 2245// 2299// 1777//
f 1441// 1715// 1777//
f 1777// 1715// 2011//
f 1777// 2011// 2245//
f 1633// 1441// 1464//
f 1464// 1441// 1175//
f 1464// 1175// 1383//
f 1383// 1175// 1099//
f 1383// 1099// 1256//
f 1256// 1099// 1153//
f 1256// 1153// 1309//
f 1309// 1153// 1557//
f 1557// 1153// 1197//
f 1557// 1197// 1636//
f 1636// 1197// 1746//
f 1746// 1197// 1657//
f 1746// 1657// 1991//
f 1991// 1657// 2035//
f 1991// 2035// 2060//
f 2060// 2035// 2298//
f 2060// 2298// 2240//
f 2301// 2256// 3244//
f 3244// 2256// 3804//
f 3244// 3804// 3849//
f 3994// 3911// 4144//
f 4144// 3911// 3800//
f 4144// 3800// 3848//
f 3994// 4144// 4165//
f 4165// 4144// 4430//
f 4165// 4430// 4261//
f 4261// 4430// 4622//
f 4261// 4622// 4451//
f 4451// 4622// 4543//
f 4543// 4622// 4684//
f 4543// 4684// 4472//
f 4472// 4684// 4661//
f 4472// 4661// 4409//
f 4409// 4661// 4282//
f 4282// 4661// 4601//
f 4282// 4601// 4218//
f 4218// 4601// 4240//
f 4218// 4240// 4015//
f 4015// 4240// 3932//
f 3932// 4240// 3953//
f 3932// 3953// 3877//
f 3877// 3953// 3849//
f 3877// 3849// 3804//
f 3848// 3800// 3243//
f 3243// 3800// 2251//
f 3243// 2251// 2300//
f 1634// 1716// 1442//
f 2256// 2301// 1778//
f 1442// 1716// 1778//
f 1778// 1716// 2012//
f 1778// 2012// 2256//
f 1634// 1442// 1465//
f 1465// 1442// 1176//
f 1465// 1176// 1384//
f 1384// 1176// 1100//
f 1384// 1100// 1257//
f 1257// 1100// 1154//
f 1257// 1154// 1310//
f 1310// 1154// 1558//
f 1558// 1154// 1198//
f 1558// 1198// 1637//
f 1637// 1198// 1747//
f 1747// 1198// 1658//
f 1747// 1658// 1992//
f 1992// 1658// 2036//
f 1992// 2036// 2061//
f 2061// 2036// 2300//
f 2061// 2300// 2251//
f 2303// 2261// 3246//
f 3246// 2261// 3809//
f 3246// 3809// 3851//
f 3995// 3912// 4145//
f 4145// 3912// 3807//
f 4145// 3807// 3850//
f 3995// 4145// 4166//
f 4166// 4145// 4431//
f 4166// 4431// 4262//
f 4262// 4431// 4623//
f 4262// 4623// 4452//
f 4452// 4623// 4547//
f 4547// 4623// 4685//
f 4547// 4685// 4473//
f 4473// 4685// 4662//
f 4473// 4662// 4410//
f 4410// 4662// 4283//
f 4283// 4662// 4602//
f 4283// 4602// 4219//
f 4219// 4602// 4241//
f 4219// 4241// 4016//
f 4016// 4241// 3933//
f 3933// 4241// 3954//
f 3933// 3954// 3878//
f 3878// 3954// 3851//
f 3878// 3851// 3809//
f 3850// 3807// 3245//
f 3245// 3807// 2259//
f 3245// 2259// 2302//
f 1868// 2013// 1779//
f 1779// 2013// 2261//
f 1779// 2261// 2303//
f 1868// 1779// 1717//
f 1717// 1779// 1443//
f 1717// 1443// 1538//
f 1538// 1443// 1177//
f 1538// 1177// 1466//
f 1466// 1177// 1101//
f 1466// 1101// 1258//
f 1199// 1520// 1155//
f 1155// 1520// 1311//
f 1155// 1311// 1101//
f 1101// 1311// 1237//
f 1101// 1237// 1258//
f 2062// 1886// 1659//
f 1659// 1886// 1748//
f 1659// 1748// 1199//
f 1199// 1748// 1559//
f 1199// 1559// 1520//
f 1659// 2037// 2062//
f 2062// 2037// 2302//
f 2062// 2302// 2259//
f 2263// 2081// 3204//
f 3204// 2081// 3633//
f 3204// 3633// 3811//
f 3975// 3892// 4125//
f 4125// 3892// 3631//
f 4125// 3631// 3810//
f 3975// 4125// 4146//
f 4146// 4125// 4411//
f 4146// 4411// 4242//
f 4242// 4411// 4603//
f 4242// 4603// 4432//
f 4432// 4603// 4475//
f 4475// 4603// 4665//
f 4475// 4665// 4453//
f 4453// 4665// 4642//
f 4453// 4642// 4390//
f 4390// 4642// 4263//
f 4263// 4642// 4582//
f 4263// 4582// 4199//
f 4199// 4582// 4221//
f 4199// 4221// 3996//
f 3996// 4221// 3913//
f 3913// 4221// 3934//
f 3913// 3934// 3858//
f 3858// 3934// 3811//
f 3858// 3811// 3633//
f 3810// 3631// 3203//
f 3203// 3631// 2078//
f 3203// 2078// 2262//
f 1632// 1697// 1423//
f 2081// 2263// 1759//
f 1423// 1697// 1759//
f 1759// 1697// 1993//
f 1759// 1993// 2081//
f 1632// 1423// 1446//
f 1446// 1423// 1157//
f 1446// 1157// 1382//
f 1382// 1157// 1081//
f 1382// 1081// 1238//
f 1238// 1081// 1135//
f 1238// 1135// 1291//
f 1291// 1135// 1539//
f 1539// 1135// 1179//
f 1539// 1179// 1635//
f 1635// 1179// 1728//
f 1728// 1179// 1639//
f 1728// 1639// 1990//
f 1990// 1639// 2017//
f 1990// 2017// 2042//
f 2042// 2017// 2262//
f 2042// 2262// 2078//
f 2833// 2835// 2831//
f 2833// 2831// 2829//
f 2829// 2831// 2827//
f 2829// 2827// 2825//
f 2825// 2827// 2823//
f 2825// 2823// 2822//
f 2830// 2832// 2834//
f 2834// 2832// 2836//
f 2834// 2836// 2840//
f 2840// 2836// 2838//
f 2840// 2838// 2845//
f 2845// 2838// 2842//
f 2845// 2842// 2846//
f 2823// 2820// 2822//
f 2822// 2820// 2821//
f 2822// 2821// 2826//
f 2826// 2821// 2824//
f 2826// 2824// 2830//
f 2830// 2824// 2828//
f 2830// 2828// 2832//
f 2835// 2833// 2837//
f 2837// 2833// 2839//
f 2837// 2839// 2841//
f 2841// 2839// 2844//
f 2841// 2844// 2843//
f 2843// 2844// 2817//
f 2843// 2817// 2816//
f 2816// 2817// 2670//
f 2816// 2670// 2669//
f 2669// 2670// 2570//
f 2669// 2570// 2569//
f 2569// 2570// 1725//
f 2569// 1725// 1724//
f 923// 922// 1725//
f 1725// 922// 1724//
f 763// 762// 846//
f 763// 846// 847//
f 847// 846// 863//
f 847// 863// 864//
f 864// 863// 894//
f 864// 894// 895//
f 895// 894// 924//
f 895// 924// 925//
f 4767// 4729// 4725//
f 4729// 4712// 4697//
f 4697// 4712// 4699//
f 4697// 4699// 4695//
f 4767// 4725// 4801//
f 4801// 4787// 4808//
f 4808// 4787// 4795//
f 4808// 4795// 4809//
f 4697// 4694// 4722//
f 4801// 4725// 4787//
f 4787// 4725// 4770//
f 4787// 4770// 4795//
f 4757// 4722// 4720//
f 4720// 4722// 4694//
f 4720// 4694// 4692//
f 4778// 4781// 4770//
f 4770// 4781// 4788//
f 4770// 4788// 4795//
f 3972// 4692// 3962//
f 3962// 4692// 4694//
f 3962// 4694// 3957//
f 3957// 4694// 4697//
f 3957// 4697// 3966//
f 3966// 4697// 4695//
f 3966// 4695// 4123//
f 3972// 4693// 4692//
f 4692// 4693// 4701//
f 4692// 4701// 4720//
f 4720// 4701// 4716//
f 4720// 4716// 4757//
f 4757// 4716// 4730//
f 4757// 4730// 4754//
f 4729// 4697// 4725//
f 4725// 4697// 4722//
f 4725// 4722// 4770//
f 4770// 4722// 4757//
f 4770// 4757// 4778//
f 4778// 4757// 4754//
f 4778// 4754// 4774//
f 4783// 4785// 4781//
f 4781// 4785// 4794//
f 4781// 4794// 4788//
f 4788// 4794// 4795//
f 4798// 4812// 4811//
f 4811// 4805// 4798//
f 4798// 4805// 4797//
f 4798// 4797// 4789//
f 4789// 4797// 4793//
f 4789// 4793// 4782//
f 4782// 4793// 4786//
f 4782// 4786// 4784//
f 4784// 4783// 4782//
f 4782// 4783// 4781//
f 4782// 4781// 4779//
f 4779// 4781// 4778//
f 4779// 4778// 4776//
f 4776// 4778// 4774//
f 4810// 4809// 4804//
f 4804// 4809// 4795//
f 4804// 4795// 4796//
f 4796// 4795// 4794//
f 4782// 4779// 4762//
f 4549// 3974// 3960//
f 4812// 4798// 4803//
f 4803// 4798// 4792//
f 4723// 4728// 4724//
f 4724// 4728// 4780//
f 4724// 4780// 4792//
f 4792// 4780// 4802//
f 4792// 4802// 4803//
f 4723// 4724// 4704//
f 4704// 4724// 4700//
f 4704// 4700// 4220//
f 4220// 4700// 3968//
f 4220// 3968// 4124//
f 4779// 4776// 4762//
f 4762// 4776// 4735//
f 4762// 4735// 4719//
f 4789// 4782// 4777//
f 4777// 4782// 4762//
f 4777// 4762// 4721//
f 4721// 4762// 4719//
f 4721// 4719// 4698//
f 4798// 4789// 4792//
f 4792// 4789// 4777//
f 4792// 4777// 4724//
f 4724// 4777// 4721//
f 4724// 4721// 4700//
f 4700// 4721// 4698//
f 4549// 4474// 4705//
f 4705// 4474// 4696//
f 4705// 4696// 4715//
f 4549// 3960// 4474//
f 4474// 3960// 3958//
f 4474// 3958// 4696//
f 4735// 4715// 4719//
f 4719// 4715// 4696//
f 4719// 4696// 4698//
f 4698// 4696// 3958//
f 4698// 3958// 4700//
f 4700// 3958// 3959//
f 4700// 3959// 3968//
f 3575// 3336// 4124//
f 3533// 3043// 3042//
f 2815// 2724// 2725//
f 2725// 2724// 1660//
f 811// 812// 912//
f 912// 812// 976//
f 1422// 1178// 2643//
f 2643// 1178// 1134//
f 2643// 1134// 976//
f 976// 1134// 1009//
f 976// 1009// 912//
f 2815// 2725// 2847//
f 2847// 2725// 3047//
f 2847// 3047// 3042//
f 3043// 3041// 3042//
f 3042// 3041// 2875//
f 3042// 2875// 2847//
f 3886// 3574// 3573//
f 3573// 3574// 3566//
f 3566// 3561// 3573//
f 3573// 3561// 3544//
f 3573// 3544// 3572//
f 3544// 3533// 3572//
f 3572// 3533// 3042//
f 3572// 3042// 3575//
f 3575// 3042// 3047//
f 3575// 3047// 3336//
f 3336// 3047// 2725//
f 3336// 2725// 2643//
f 2643// 2725// 1660//
f 2643// 1660// 1422//
f 3974// 3886// 3960//
f 3960// 3886// 3573//
f 3960// 3573// 3958//
f 3958// 3573// 3572//
f 3958// 3572// 3959//
f 3959// 3572// 3575//
f 3959// 3575// 3968//
f 3968// 3575// 4124//
f 3551// 3550// 3539//
f 3887// 3972// 3962//
f 3550// 3551// 3962//
f 3962// 3551// 3885//
f 3962// 3885// 3887//
f 2848// 2853// 2855//
f 2855// 2853// 2854//
f 2855// 2854// 3549//
f 3549// 2854// 3538//
f 2317// 1156// 1561//
f 1561// 1638// 2317//
f 2317// 1638// 2814//
f 2317// 2814// 2856//
f 769// 954// 768//
f 768// 954// 1156//
f 768// 1156// 2066//
f 1156// 2317// 2066//
f 2066// 2317// 2856//
f 2066// 2856// 2870//
f 2870// 2856// 3552//
f 2870// 3552// 3571//
f 3571// 3552// 3966//
f 3571// 3966// 4123//
f 3962// 3957// 3550//
f 3550// 3957// 3549//
f 3550// 3549// 3539//
f 3539// 3549// 3538//
f 2814// 2848// 2856//
f 2856// 2848// 2855//
f 2856// 2855// 3552//
f 3552// 2855// 3549//
f 3552// 3549// 3966//
f 3966// 3549// 3957//
f 3482// 3480// 3481//
f 3481// 3480// 3321//
f 3481// 3321// 3322//
f 3322// 3321// 3120//
f 3322// 3120// 3121//
f 3121// 3120// 3021//
f 3121// 3021// 3022//
f 3481// 3483// 3482//
f 3482// 3483// 3324//
f 3482// 3324// 3323//
f 3323// 3324// 3197//
f 3197// 3324// 3123//
f 3197// 3123// 3122//
f 3122// 3123// 3026//
f 3122// 3026// 3025//
f 3790// 3789// 3022//
f 3021// 2239// 3022//
f 3022// 2239// 2240//
f 3022// 2240// 3790//
f 2240// 2239// 2060//
f 2060// 2239// 1980//
f 2060// 1980// 1991//
f 1991// 1980// 1746//
f 1746// 1980// 1622//
f 1746// 1622// 1636//
f 1636// 1622// 1557//
f 1557// 1622// 1372//
f 1557// 1372// 1309//
f 1309// 1372// 1256//
f 1256// 1372// 1375//
f 1256// 1375// 1383//
f 1383// 1375// 1464//
f 1464// 1375// 1625//
f 1464// 1625// 1633//
f 1633// 1625// 1715//
f 1715// 1625// 1983//
f 1715// 1983// 2011//
f 2011// 1983// 2244//
f 2011// 2244// 2245//
f 2872// 3025// 3026//
f 3793// 3794// 3026//
f 3026// 3794// 2245//
f 3026// 2245// 2872//
f 2872// 2245// 2244//
f 3800// 3799// 3030//
f 3030// 3029// 2874//
f 3800// 3030// 2251//
f 2251// 3030// 2874//
f 2251// 2874// 2250//
f 2251// 2250// 2061//
f 2061// 2250// 1986//
f 2061// 1986// 1992//
f 1992// 1986// 1747//
f 1747// 1986// 1628//
f 1747// 1628// 1637//
f 1637// 1628// 1558//
f 1558// 1628// 1378//
f 1558// 1378// 1310//
f 1310// 1378// 1257//
f 1257// 1378// 1381//
f 1257// 1381// 1384//
f 1384// 1381// 1465//
f 1465// 1381// 1631//
f 1465// 1631// 1634//
f 1634// 1631// 1716//
f 1716// 1631// 1989//
f 1716// 1989// 2012//
f 2012// 1989// 2255//
f 2012// 2255// 2256//
f 3803// 3804// 3034//
f 3034// 3804// 2256//
f 3034// 2256// 3033//
f 3033// 2256// 2255//
f 3029// 3030// 3125//
f 3486// 3484// 3485//
f 3485// 3484// 3325//
f 3485// 3325// 3326//
f 3326// 3325// 3198//
f 3326// 3198// 3125//
f 3125// 3198// 3124//
f 3125// 3124// 3029//
f 3485// 3487// 3486//
f 3486// 3487// 3328//
f 3486// 3328// 3327//
f 3327// 3328// 3127//
f 3327// 3127// 3126//
f 3126// 3127// 3034//
f 3126// 3034// 3033//
f 3198// 3593// 3124//
f 3124// 3593// 3592//
f 3124// 3592// 3029//
f 2651// 2631// 2628//
f 2632// 2651// 2629//
f 2629// 2651// 2628//
f 2629// 2628// 2625//
f 2780// 2652// 2651//
f 2651// 2652// 2636//
f 2651// 2636// 2631//
f 2632// 2639// 2651//
f 2651// 2639// 2650//
f 2651// 2650// 2781//
f 3590// 3197// 3591//
f 3591// 3197// 3122//
f 3591// 3122// 3025//
f 2874// 3029// 2781//
f 2781// 3029// 3592//
f 2781// 3592// 2651//
f 2651// 3592// 3591//
f 2651// 3591// 2780//
f 2780// 3591// 3025//
f 2780// 3025// 2872//
f 3631// 3630// 2877//
f 2877// 2876// 2871//
f 3631// 2877// 2078//
f 2078// 2877// 2871//
f 2078// 2871// 2077//
f 2078// 2077// 2042//
f 2042// 2077// 1920//
f 2042// 1920// 1990//
f 1990// 1920// 1728//
f 1728// 1920// 1562//
f 1728// 1562// 1635//
f 1635// 1562// 1539//
f 1539// 1562// 1312//
f 1539// 1312// 1291//
f 1291// 1312// 1238//
f 1238// 1312// 1313//
f 1238// 1313// 1382//
f 1382// 1313// 1446//
f 1446// 1313// 1563//
f 1446// 1563// 1632//
f 1632// 1563// 1697//
f 1697// 1563// 1921//
f 1697// 1921// 1993//
f 1993// 1921// 2080//
f 1993// 2080// 2081//
f 3632// 3633// 2879//
f 2879// 3633// 2081//
f 2879// 2081// 2878//
f 2878// 2081// 2080//
f 2876// 2877// 3049//
f 3413// 3411// 3412//
f 3412// 3411// 3249//
f 3412// 3249// 3250//
f 3250// 3249// 3196//
f 3250// 3196// 3049//
f 3049// 3196// 3048//
f 3049// 3048// 2876//
f 3412// 3414// 3413//
f 3413// 3414// 3252//
f 3413// 3252// 3251//
f 3251// 3252// 3051//
f 3251// 3051// 3050//
f 3050// 3051// 2879//
f 3050// 2879// 2878//
f 2097// 2096// 2044//
f 2044// 2096// 1817//
f 2044// 1817// 1870//
f 1870// 1817// 1730//
f 1730// 1817// 1662//
f 1730// 1662// 1541//
f 1541// 1662// 1469//
f 1541// 1469// 1504//
f 1504// 1469// 1293//
f 1293// 1469// 1405//
f 1293// 1405// 1205//
f 1205// 1405// 1204//
f 1205// 1204// 1240//
f 1240// 1204// 1387//
f 1240// 1387// 1448//
f 1448// 1387// 1470//
f 1448// 1470// 1522//
f 1522// 1470// 1699//
f 1699// 1470// 1680//
f 1699// 1680// 1852//
f 1852// 1680// 1818//
f 1852// 1818// 1995//
f 1995// 1818// 2100//
f 1995// 2100// 2101//
f 3651// 3652// 2896//
f 2896// 3652// 2101//
f 2896// 2101// 2895//
f 2895// 2101// 2100//
f 3420// 3418// 3419//
f 3419// 3418// 3257//
f 3419// 3257// 3258//
f 3258// 3257// 3056//
f 3258// 3056// 3057//
f 3057// 3056// 2890//
f 3057// 2890// 2891//
f 3419// 3421// 3420//
f 3420// 3421// 3260//
f 3420// 3260// 3259//
f 3259// 3260// 3059//
f 3259// 3059// 3058//
f 3058// 3059// 2896//
f 3058// 2896// 2895//
f 3648// 3647// 2891//
f 2890// 2096// 2891//
f 2891// 2096// 2097//
f 2891// 2097// 3648//
f 2107// 2106// 2045//
f 2045// 2106// 1819//
f 2045// 1819// 1871//
f 1871// 1819// 1731//
f 1731// 1819// 1663//
f 1731// 1663// 1542//
f 1542// 1663// 1471//
f 1542// 1471// 1505//
f 1505// 1471// 1294//
f 1294// 1471// 1406//
f 1294// 1406// 1206//
f 1206// 1406// 1207//
f 1206// 1207// 1241//
f 1241// 1207// 1388//
f 1241// 1388// 1449//
f 1449// 1388// 1472//
f 1449// 1472// 1523//
f 1523// 1472// 1700//
f 1700// 1472// 1681//
f 1700// 1681// 1853//
f 1853// 1681// 1820//
f 1853// 1820// 1996//
f 1996// 1820// 2110//
f 1996// 2110// 2111//
f 3661// 3662// 2905//
f 2905// 3662// 2111//
f 2905// 2111// 2904//
f 2904// 2111// 2110//
f 3424// 3422// 3423//
f 3423// 3422// 3261//
f 3423// 3261// 3262//
f 3262// 3261// 3060//
f 3262// 3060// 3061//
f 3061// 3060// 2899//
f 3061// 2899// 2900//
f 3423// 3425// 3424//
f 3424// 3425// 3264//
f 3424// 3264// 3263//
f 3263// 3264// 3063//
f 3263// 3063// 3062//
f 3062// 3063// 2905//
f 3062// 2905// 2904//
f 3658// 3657// 2900//
f 2899// 2106// 2900//
f 2900// 2106// 2107//
f 2900// 2107// 3658//
f 2117// 2116// 2046//
f 2046// 2116// 1821//
f 2046// 1821// 1872//
f 1872// 1821// 1732//
f 1732// 1821// 1664//
f 1732// 1664// 1543//
f 1543// 1664// 1473//
f 1543// 1473// 1506//
f 1506// 1473// 1295//
f 1295// 1473// 1407//
f 1295// 1407// 1208//
f 1208// 1407// 1209//
f 1208// 1209// 1242//
f 1242// 1209// 1389//
f 1242// 1389// 1450//
f 1450// 1389// 1474//
f 1450// 1474// 1524//
f 1524// 1474// 1701//
f 1701// 1474// 1682//
f 1701// 1682// 1854//
f 1854// 1682// 1822//
f 1854// 1822// 1997//
f 1997// 1822// 2120//
f 1997// 2120// 2121//
f 3671// 3672// 2914//
f 2914// 3672// 2121//
f 2914// 2121// 2913//
f 2913// 2121// 2120//
f 3428// 3426// 3427//
f 3427// 3426// 3265//
f 3427// 3265// 3266//
f 3266// 3265// 3064//
f 3266// 3064// 3065//
f 3065// 3064// 2908//
f 3065// 2908// 2909//
f 3427// 3429// 3428//
f 3428// 3429// 3268//
f 3428// 3268// 3267//
f 3267// 3268// 3067//
f 3267// 3067// 3066//
f 3066// 3067// 2914//
f 3066// 2914// 2913//
f 3668// 3667// 2909//
f 2908// 2116// 2909//
f 2909// 2116// 2117//
f 2909// 2117// 3668//
f 2127// 2126// 2047//
f 2047// 2126// 1823//
f 2047// 1823// 1873//
f 1873// 1823// 1733//
f 1733// 1823// 1665//
f 1733// 1665// 1544//
f 1544// 1665// 1475//
f 1544// 1475// 1507//
f 1507// 1475// 1296//
f 1296// 1475// 1408//
f 1296// 1408// 1210//
f 1210// 1408// 1211//
f 1210// 1211// 1243//
f 1243// 1211// 1390//
f 1243// 1390// 1451//
f 1451// 1390// 1476//
f 1451// 1476// 1525//
f 1525// 1476// 1702//
f 1702// 1476// 1683//
f 1702// 1683// 1855//
f 1855// 1683// 1824//
f 1855// 1824// 1998//
f 1998// 1824// 2130//
f 1998// 2130// 2131//
f 3681// 3682// 2923//
f 2923// 3682// 2131//
f 2923// 2131// 2922//
f 2922// 2131// 2130//
f 3432// 3430// 3431//
f 3431// 3430// 3269//
f 3431// 3269// 3270//
f 3270// 3269// 3068//
f 3270// 3068// 3069//
f 3069// 3068// 2917//
f 3069// 2917// 2918//
f 3431// 3433// 3432//
f 3432// 3433// 3272//
f 3432// 3272// 3271//
f 3271// 3272// 3071//
f 3271// 3071// 3070//
f 3070// 3071// 2923//
f 3070// 2923// 2922//
f 3678// 3677// 2918//
f 2917// 2126// 2918//
f 2918// 2126// 2127//
f 2918// 2127// 3678//
f 2137// 2136// 2048//
f 2048// 2136// 1825//
f 2048// 1825// 1874//
f 1874// 1825// 1734//
f 1734// 1825// 1666//
f 1734// 1666// 1545//
f 1545// 1666// 1477//
f 1545// 1477// 1508//
f 1508// 1477// 1297//
f 1297// 1477// 1409//
f 1297// 1409// 1212//
f 1212// 1409// 1213//
f 1212// 1213// 1244//
f 1244// 1213// 1391//
f 1244// 1391// 1452//
f 1452// 1391// 1478//
f 1452// 1478// 1526//
f 1526// 1478// 1703//
f 1703// 1478// 1684//
f 1703// 1684// 1856//
f 1856// 1684// 1826//
f 1856// 1826// 1999//
f 1999// 1826// 2140//
f 1999// 2140// 2141//
f 3691// 3692// 2932//
f 2932// 3692// 2141//
f 2932// 2141// 2931//
f 2931// 2141// 2140//
f 3436// 3434// 3435//
f 3435// 3434// 3273//
f 3435// 3273// 3274//
f 3274// 3273// 3072//
f 3274// 3072// 3073//
f 3073// 3072// 2926//
f 3073// 2926// 2927//
f 3435// 3437// 3436//
f 3436// 3437// 3276//
f 3436// 3276// 3275//
f 3275// 3276// 3075//
f 3275// 3075// 3074//
f 3074// 3075// 2932//
f 3074// 2932// 2931//
f 3688// 3687// 2927//
f 2926// 2136// 2927//
f 2927// 2136// 2137//
f 2927// 2137// 3688//
f 2147// 2146// 2049//
f 2049// 2146// 1827//
f 2049// 1827// 1875//
f 1875// 1827// 1735//
f 1735// 1827// 1667//
f 1735// 1667// 1546//
f 1546// 1667// 1479//
f 1546// 1479// 1509//
f 1509// 1479// 1298//
f 1298// 1479// 1410//
f 1298// 1410// 1214//
f 1214// 1410// 1215//
f 1214// 1215// 1245//
f 1245// 1215// 1392//
f 1245// 1392// 1453//
f 1453// 1392// 1480//
f 1453// 1480// 1527//
f 1527// 1480// 1704//
f 1704// 1480// 1685//
f 1704// 1685// 1857//
f 1857// 1685// 1828//
f 1857// 1828// 2000//
f 2000// 1828// 2150//
f 2000// 2150// 2151//
f 3701// 3702// 2941//
f 2941// 3702// 2151//
f 2941// 2151// 2940//
f 2940// 2151// 2150//
f 3440// 3438// 3439//
f 3439// 3438// 3277//
f 3439// 3277// 3278//
f 3278// 3277// 3076//
f 3278// 3076// 3077//
f 3077// 3076// 2935//
f 3077// 2935// 2936//
f 3439// 3441// 3440//
f 3440// 3441// 3280//
f 3440// 3280// 3279//
f 3279// 3280// 3079//
f 3279// 3079// 3078//
f 3078// 3079// 2941//
f 3078// 2941// 2940//
f 3698// 3697// 2936//
f 2935// 2146// 2936//
f 2936// 2146// 2147//
f 2936// 2147// 3698//
f 2157// 2156// 2050//
f 2050// 2156// 1829//
f 2050// 1829// 1876//
f 1876// 1829// 1736//
f 1736// 1829// 1668//
f 1736// 1668// 1547//
f 1547// 1668// 1481//
f 1547// 1481// 1510//
f 1510// 1481// 1299//
f 1299// 1481// 1411//
f 1299// 1411// 1216//
f 1216// 1411// 1217//
f 1216// 1217// 1246//
f 1246// 1217// 1393//
f 1246// 1393// 1454//
f 1454// 1393// 1482//
f 1454// 1482// 1528//
f 1528// 1482// 1705//
f 1705// 1482// 1686//
f 1705// 1686// 1858//
f 1858// 1686// 1830//
f 1858// 1830// 2001//
f 2001// 1830// 2160//
f 2001// 2160// 2161//
f 3711// 3712// 2950//
f 2950// 3712// 2161//
f 2950// 2161// 2949//
f 2949// 2161// 2160//
f 3444// 3442// 3443//
f 3443// 3442// 3281//
f 3443// 3281// 3282//
f 3282// 3281// 3080//
f 3282// 3080// 3081//
f 3081// 3080// 2944//
f 3081// 2944// 2945//
f 3443// 3445// 3444//
f 3444// 3445// 3284//
f 3444// 3284// 3283//
f 3283// 3284// 3083//
f 3283// 3083// 3082//
f 3082// 3083// 2950//
f 3082// 2950// 2949//
f 3708// 3707// 2945//
f 2944// 2156// 2945//
f 2945// 2156// 2157//
f 2945// 2157// 3708//
f 2164// 2163// 2051//
f 2051// 2163// 1831//
f 2051// 1831// 1877//
f 1877// 1831// 1737//
f 1737// 1831// 1669//
f 1737// 1669// 1548//
f 1548// 1669// 1483//
f 1548// 1483// 1511//
f 1511// 1483// 1300//
f 1300// 1483// 1412//
f 1300// 1412// 1218//
f 1218// 1412// 1219//
f 1218// 1219// 1247//
f 1247// 1219// 1394//
f 1247// 1394// 1455//
f 1455// 1394// 1484//
f 1455// 1484// 1529//
f 1529// 1484// 1706//
f 1706// 1484// 1687//
f 1706// 1687// 1859//
f 1859// 1687// 1832//
f 1859// 1832// 2002//
f 2002// 1832// 2165//
f 2002// 2165// 2166//
f 3716// 3717// 2955//
f 2955// 3717// 2166//
f 2955// 2166// 2954//
f 2954// 2166// 2165//
f 3448// 3446// 3447//
f 3447// 3446// 3285//
f 3447// 3285// 3286//
f 3286// 3285// 3084//
f 3286// 3084// 3085//
f 3085// 3084// 2951//
f 3085// 2951// 2952//
f 3447// 3449// 3448//
f 3448// 3449// 3288//
f 3448// 3288// 3287//
f 3287// 3288// 3087//
f 3287// 3087// 3086//
f 3086// 3087// 2955//
f 3086// 2955// 2954//
f 3715// 3714// 2952//
f 2951// 2163// 2952//
f 2952// 2163// 2164//
f 2952// 2164// 3715//
f 2168// 2167// 2052//
f 2052// 2167// 1833//
f 2052// 1833// 1878//
f 1878// 1833// 1738//
f 1738// 1833// 1670//
f 1738// 1670// 1549//
f 1549// 1670// 1485//
f 1549// 1485// 1512//
f 1512// 1485// 1301//
f 1301// 1485// 1413//
f 1301// 1413// 1220//
f 1220// 1413// 1221//
f 1220// 1221// 1248//
f 1248// 1221// 1395//
f 1248// 1395// 1456//
f 1456// 1395// 1486//
f 1456// 1486// 1530//
f 1530// 1486// 1707//
f 1707// 1486// 1688//
f 1707// 1688// 1860//
f 1860// 1688// 1834//
f 1860// 1834// 2003//
f 2003// 1834// 2170//
f 2003// 2170// 2171//
f 3720// 3721// 2959//
f 2959// 3721// 2171//
f 2959// 2171// 2958//
f 2958// 2171// 2170//
f 3291// 3409// 3410//
f 3450// 3289// 3290//
f 3290// 3289// 3088//
f 3290// 3088// 3089//
f 3089// 3088// 2956//
f 3089// 2956// 2957//
f 3407// 3289// 3408//
f 3408// 3289// 3450//
f 3408// 3450// 3512//
f 3512// 3450// 3451//
f 3512// 3451// 3410//
f 3410// 3451// 3292//
f 3410// 3292// 3291//
f 3291// 3292// 3091//
f 3291// 3091// 3090//
f 3090// 3091// 2959//
f 3090// 2959// 2958//
f 3719// 3718// 2957//
f 2956// 2167// 2957//
f 2957// 2167// 2168//
f 2957// 2168// 3719//
f 2173// 2172// 2053//
f 2053// 2172// 1835//
f 2053// 1835// 1879//
f 1879// 1835// 1739//
f 1739// 1835// 1671//
f 1739// 1671// 1550//
f 1550// 1671// 1487//
f 1550// 1487// 1513//
f 1513// 1487// 1302//
f 1302// 1487// 1414//
f 1302// 1414// 1222//
f 1222// 1414// 1223//
f 1222// 1223// 1249//
f 1249// 1223// 1396//
f 1249// 1396// 1457//
f 1457// 1396// 1488//
f 1457// 1488// 1531//
f 1531// 1488// 1708//
f 1708// 1488// 1689//
f 1708// 1689// 1861//
f 1861// 1689// 1836//
f 1861// 1836// 2004//
f 2004// 1836// 2174//
f 2004// 2174// 2175//
f 3724// 3725// 2964//
f 2964// 3725// 2175//
f 2964// 2175// 2963//
f 2963// 2175// 2174//
f 3454// 3452// 3453//
f 3453// 3452// 3293//
f 3453// 3293// 3294//
f 3294// 3293// 3092//
f 3294// 3092// 3093//
f 3093// 3092// 2960//
f 3093// 2960// 2961//
f 3453// 3455// 3454//
f 3454// 3455// 3296//
f 3454// 3296// 3295//
f 3295// 3296// 3095//
f 3295// 3095// 3094//
f 3094// 3095// 2964//
f 3094// 2964// 2963//
f 3723// 3722// 2961//
f 2960// 2172// 2961//
f 2961// 2172// 2173//
f 2961// 2173// 3723//
f 2180// 2179// 2054//
f 2054// 2179// 1837//
f 2054// 1837// 1880//
f 1880// 1837// 1740//
f 1740// 1837// 1672//
f 1740// 1672// 1551//
f 1551// 1672// 1489//
f 1551// 1489// 1514//
f 1514// 1489// 1303//
f 1303// 1489// 1415//
f 1303// 1415// 1224//
f 1224// 1415// 1225//
f 1224// 1225// 1250//
f 1250// 1225// 1397//
f 1250// 1397// 1458//
f 1458// 1397// 1490//
f 1458// 1490// 1532//
f 1532// 1490// 1709//
f 1709// 1490// 1690//
f 1709// 1690// 1862//
f 1862// 1690// 1838//
f 1862// 1838// 2005//
f 2005// 1838// 2183//
f 2005// 2183// 2184//
f 3733// 3734// 2973//
f 2973// 3734// 2184//
f 2973// 2184// 2972//
f 2972// 2184// 2183//
f 3458// 3456// 3457//
f 3457// 3456// 3297//
f 3457// 3297// 3298//
f 3298// 3297// 3096//
f 3298// 3096// 3097//
f 3097// 3096// 2967//
f 3097// 2967// 2968//
f 3457// 3459// 3458//
f 3458// 3459// 3300//
f 3458// 3300// 3299//
f 3299// 3300// 3099//
f 3299// 3099// 3098//
f 3098// 3099// 2973//
f 3098// 2973// 2972//
f 3730// 3729// 2968//
f 2967// 2179// 2968//
f 2968// 2179// 2180//
f 2968// 2180// 3730//
f 2190// 2189// 2055//
f 2055// 2189// 1839//
f 2055// 1839// 1881//
f 1881// 1839// 1741//
f 1741// 1839// 1673//
f 1741// 1673// 1552//
f 1552// 1673// 1491//
f 1552// 1491// 1515//
f 1515// 1491// 1304//
f 1304// 1491// 1416//
f 1304// 1416// 1227//
f 1227// 1416// 1226//
f 1227// 1226// 1251//
f 1251// 1226// 1398//
f 1251// 1398// 1459//
f 1459// 1398// 1492//
f 1459// 1492// 1533//
f 1533// 1492// 1710//
f 1710// 1492// 1691//
f 1710// 1691// 1863//
f 1863// 1691// 1840//
f 1863// 1840// 2006//
f 2006// 1840// 2193//
f 2006// 2193// 2194//
f 3743// 3744// 2982//
f 2982// 3744// 2194//
f 2982// 2194// 2981//
f 2981// 2194// 2193//
f 3462// 3460// 3461//
f 3461// 3460// 3301//
f 3461// 3301// 3302//
f 3302// 3301// 3100//
f 3302// 3100// 3101//
f 3101// 3100// 2976//
f 3101// 2976// 2977//
f 3461// 3463// 3462//
f 3462// 3463// 3304//
f 3462// 3304// 3303//
f 3303// 3304// 3103//
f 3303// 3103// 3102//
f 3102// 3103// 2982//
f 3102// 2982// 2981//
f 3740// 3739// 2977//
f 2976// 2189// 2977//
f 2977// 2189// 2190//
f 2977// 2190// 3740//
f 2200// 2199// 2056//
f 2056// 2199// 1841//
f 2056// 1841// 1882//
f 1882// 1841// 1742//
f 1742// 1841// 1674//
f 1742// 1674// 1553//
f 1553// 1674// 1493//
f 1553// 1493// 1516//
f 1516// 1493// 1305//
f 1305// 1493// 1417//
f 1305// 1417// 1228//
f 1228// 1417// 1229//
f 1228// 1229// 1252//
f 1252// 1229// 1399//
f 1252// 1399// 1460//
f 1460// 1399// 1494//
f 1460// 1494// 1534//
f 1534// 1494// 1711//
f 1711// 1494// 1692//
f 1711// 1692// 1864//
f 1864// 1692// 1842//
f 1864// 1842// 2007//
f 2007// 1842// 2203//
f 2007// 2203// 2204//
f 3753// 3754// 2991//
f 2991// 3754// 2204//
f 2991// 2204// 2990//
f 2990// 2204// 2203//
f 3466// 3464// 3465//
f 3465// 3464// 3305//
f 3465// 3305// 3306//
f 3306// 3305// 3104//
f 3306// 3104// 3105//
f 3105// 3104// 2985//
f 3105// 2985// 2986//
f 3465// 3467// 3466//
f 3466// 3467// 3308//
f 3466// 3308// 3307//
f 3307// 3308// 3107//
f 3307// 3107// 3106//
f 3106// 3107// 2991//
f 3106// 2991// 2990//
f 3750// 3749// 2986//
f 2985// 2199// 2986//
f 2986// 2199// 2200//
f 2986// 2200// 3750//
f 2210// 2209// 2057//
f 2057// 2209// 1843//
f 2057// 1843// 1883//
f 1883// 1843// 1743//
f 1743// 1843// 1675//
f 1743// 1675// 1554//
f 1554// 1675// 1495//
f 1554// 1495// 1517//
f 1517// 1495// 1306//
f 1306// 1495// 1418//
f 1306// 1418// 1231//
f 1231// 1418// 1230//
f 1231// 1230// 1253//
f 1253// 1230// 1400//
f 1253// 1400// 1461//
f 1461// 1400// 1496//
f 1461// 1496// 1535//
f 1535// 1496// 1712//
f 1712// 1496// 1693//
f 1712// 1693// 1865//
f 1865// 1693// 1844//
f 1865// 1844// 2008//
f 2008// 1844// 2213//
f 2008// 2213// 2214//
f 3763// 3764// 3000//
f 3000// 3764// 2214//
f 3000// 2214// 2999//
f 2999// 2214// 2213//
f 3470// 3468// 3469//
f 3469// 3468// 3309//
f 3469// 3309// 3310//
f 3310// 3309// 3108//
f 3310// 3108// 3109//
f 3109// 3108// 2994//
f 3109// 2994// 2995//
f 3469// 3471// 3470//
f 3470// 3471// 3312//
f 3470// 3312// 3311//
f 3311// 3312// 3111//
f 3311// 3111// 3110//
f 3110// 3111// 3000//
f 3110// 3000// 2999//
f 3760// 3759// 2995//
f 2994// 2209// 2995//
f 2995// 2209// 2210//
f 2995// 2210// 3760//
f 2220// 2219// 2058//
f 2058// 2219// 1845//
f 2058// 1845// 1884//
f 1884// 1845// 1744//
f 1744// 1845// 1676//
f 1744// 1676// 1555//
f 1555// 1676// 1497//
f 1555// 1497// 1518//
f 1518// 1497// 1307//
f 1307// 1497// 1419//
f 1307// 1419// 1233//
f 1233// 1419// 1232//
f 1233// 1232// 1254//
f 1254// 1232// 1401//
f 1254// 1401// 1462//
f 1462// 1401// 1498//
f 1462// 1498// 1536//
f 1536// 1498// 1713//
f 1713// 1498// 1694//
f 1713// 1694// 1866//
f 1866// 1694// 1846//
f 1866// 1846// 2009//
f 2009// 1846// 2223//
f 2009// 2223// 2224//
f 3773// 3774// 3009//
f 3009// 3774// 2224//
f 3009// 2224// 3008//
f 3008// 2224// 2223//
f 3474// 3472// 3473//
f 3473// 3472// 3313//
f 3473// 3313// 3314//
f 3314// 3313// 3112//
f 3314// 3112// 3113//
f 3113// 3112// 3003//
f 3113// 3003// 3004//
f 3473// 3475// 3474//
f 3474// 3475// 3316//
f 3474// 3316// 3315//
f 3315// 3316// 3115//
f 3315// 3115// 3114//
f 3114// 3115// 3009//
f 3114// 3009// 3008//
f 3770// 3769// 3004//
f 3003// 2219// 3004//
f 3004// 2219// 2220//
f 3004// 2220// 3770//
f 2230// 2229// 2059//
f 2059// 2229// 1847//
f 2059// 1847// 1885//
f 1885// 1847// 1745//
f 1745// 1847// 1677//
f 1745// 1677// 1556//
f 1556// 1677// 1499//
f 1556// 1499// 1519//
f 1519// 1499// 1308//
f 1308// 1499// 1420//
f 1308// 1420// 1235//
f 1235// 1420// 1234//
f 1235// 1234// 1255//
f 1255// 1234// 1402//
f 1255// 1402// 1463//
f 1463// 1402// 1500//
f 1463// 1500// 1537//
f 1537// 1500// 1714//
f 1714// 1500// 1695//
f 1714// 1695// 1867//
f 1867// 1695// 1848//
f 1867// 1848// 2010//
f 2010// 1848// 2233//
f 2010// 2233// 2234//
f 3783// 3784// 3018//
f 3018// 3784// 2234//
f 3018// 2234// 3017//
f 3017// 2234// 2233//
f 3478// 3476// 3477//
f 3477// 3476// 3317//
f 3477// 3317// 3318//
f 3318// 3317// 3116//
f 3318// 3116// 3117//
f 3117// 3116// 3012//
f 3117// 3012// 3013//
f 3477// 3479// 3478//
f 3478// 3479// 3320//
f 3478// 3320// 3319//
f 3319// 3320// 3119//
f 3319// 3119// 3118//
f 3118// 3119// 3018//
f 3118// 3018// 3017//
f 3780// 3779// 3013//
f 3012// 2229// 3013//
f 3013// 2229// 2230//
f 3013// 2230// 3780//
f 2259// 2258// 2062//
f 2062// 2258// 1849//
f 2062// 1849// 1886//
f 1886// 1849// 1748//
f 1748// 1849// 1678//
f 1748// 1678// 1559//
f 1559// 1678// 1501//
f 1559// 1501// 1520//
f 1520// 1501// 1311//
f 1311// 1501// 1421//
f 1311// 1421// 1237//
f 1237// 1421// 1236//
f 1237// 1236// 1258//
f 1258// 1236// 1403//
f 1258// 1403// 1466//
f 1466// 1403// 1502//
f 1466// 1502// 1538//
f 1538// 1502// 1717//
f 1717// 1502// 1696//
f 1717// 1696// 1868//
f 1868// 1696// 1850//
f 1868// 1850// 2013//
f 2013// 1850// 2260//
f 2013// 2260// 2261//
f 3808// 3809// 3039//
f 3039// 3809// 2261//
f 3039// 2261// 3038//
f 3038// 2261// 2260//
f 3490// 3488// 3489//
f 3489// 3488// 3329//
f 3489// 3329// 3330//
f 3330// 3329// 3128//
f 3330// 3128// 3129//
f 3129// 3128// 3035//
f 3129// 3035// 3036//
f 3489// 3491// 3490//
f 3490// 3491// 3332//
f 3490// 3332// 3331//
f 3331// 3332// 3131//
f 3331// 3131// 3130//
f 3130// 3131// 3039//
f 3130// 3039// 3038//
f 3807// 3806// 3036//
f 3035// 2258// 3036//
f 3036// 2258// 2259//
f 3036// 2259// 3807//
f 2086// 2085// 2043//
f 2043// 2085// 1815//
f 2043// 1815// 1869//
f 1869// 1815// 1729//
f 1729// 1815// 1661//
f 1729// 1661// 1540//
f 1540// 1661// 1467//
f 1540// 1467// 1503//
f 1503// 1467// 1292//
f 1292// 1467// 1404//
f 1292// 1404// 1203//
f 1203// 1404// 1202//
f 1203// 1202// 1239//
f 1239// 1202// 1386//
f 1239// 1386// 1447//
f 1447// 1386// 1468//
f 1447// 1468// 1521//
f 1521// 1468// 1698//
f 1698// 1468// 1679//
f 1698// 1679// 1851//
f 1851// 1679// 1816//
f 1851// 1816// 1994//
f 1994// 1816// 2090//
f 1994// 2090// 2091//
f 3641// 3642// 2887//
f 2887// 3642// 2091//
f 2887// 2091// 2886//
f 2886// 2091// 2090//
f 2882// 2883// 3053//
f 3255// 3405// 3406//
f 3416// 3417// 3406//
f 3406// 3417// 3256//
f 3406// 3256// 3255//
f 3255// 3256// 3055//
f 3255// 3055// 3054//
f 3054// 3055// 2887//
f 3054// 2887// 2886//
f 3406// 3494// 3416//
f 3416// 3494// 3495//
f 3416// 3495// 3493//
f 2882// 3053// 3052//
f 3052// 3053// 3254//
f 3052// 3254// 3253//
f 3253// 3254// 3416//
f 3253// 3416// 3415//
f 3415// 3416// 3493//
f 3415// 3493// 3492//
f 3638// 3637// 2883//
f 2882// 2085// 2883//
f 2883// 2085// 2086//
f 2883// 2086// 3638//
f 3247// 2759// 2761//
f 3248// 3613// 3615//
f 3613// 4843// 4845//
f 3613// 4845// 3615//
f 3615// 4845// 4847//
f 3615// 4847// 3617//
f 3617// 4847// 4849//
f 3617// 4849// 3619//
f 3619// 4849// 4851//
f 3619// 4851// 3621//
f 3621// 4851// 4853//
f 3621// 4853// 3623//
f 3623// 4853// 4855//
f 3623// 4855// 3625//
f 3625// 4855// 4857//
f 3625// 4857// 3627//
f 3627// 4857// 4859//
f 3627// 4859// 3629//
f 4859// 4861// 3629//
f 3629// 4861// 4862//
f 3629// 4862// 3628//
f 3628// 4862// 4860//
f 3628// 4860// 3626//
f 3626// 4860// 4858//
f 4858// 4856// 3626//
f 3626// 4856// 4854//
f 3626// 4854// 3624//
f 3624// 4854// 4852//
f 3624// 4852// 3622//
f 3622// 4852// 4850//
f 3622// 4850// 3620//
f 3620// 4850// 4848//
f 3620// 4848// 3618//
f 3618// 4848// 4846//
f 3618// 4846// 3616//
f 3616// 4846// 4844//
f 3616// 4844// 3614//
f 3614// 4844// 4842//
f 3614// 4842// 3612//
f 814// 2760// 2762//
f 2762// 2760// 3248//
f 3248// 3615// 2762//
f 2762// 3615// 3617//
f 2762// 3617// 2764//
f 2764// 3617// 3619//
f 2764// 3619// 2766//
f 2766// 3619// 3621//
f 2766// 3621// 2768//
f 2768// 3621// 3623//
f 2768// 3623// 2770//
f 2770// 3623// 3625//
f 2770// 3625// 2772//
f 2772// 3625// 3627//
f 2772// 3627// 2774//
f 2774// 3627// 3629//
f 2774// 3629// 2776//
f 2776// 3629// 3628//
f 2776// 3628// 2775//
f 2775// 3628// 3626//
f 2775// 3626// 2773//
f 2773// 3626// 3624//
f 2773// 3624// 2771//
f 2771// 3624// 3622//
f 2771// 3622// 2769//
f 2769// 3622// 3620//
f 2769// 3620// 2767//
f 2767// 3620// 3618//
f 2767// 3618// 2765//
f 2765// 3618// 3616//
f 2765// 3616// 2763//
f 2763// 3616// 3614//
f 2763// 3614// 2761//
f 2761// 3614// 3612//
f 2761// 3612// 3247//
f 814// 2762// 818//
f 818// 2762// 2764//
f 818// 2764// 822//
f 822// 2764// 2766//
f 822// 2766// 826//
f 826// 2766// 2768//
f 826// 2768// 828//
f 828// 2768// 2770//
f 828// 2770// 832//
f 832// 2770// 2772//
f 832// 2772// 836//
f 836// 2772// 2774//
f 836// 2774// 840//
f 840// 2774// 2776//
f 840// 2776// 843//
f 843// 2776// 2775//
f 843// 2775// 842//
f 842// 2775// 2773//
f 842// 2773// 839//
f 839// 2773// 2771//
f 839// 2771// 835//
f 835// 2771// 2769//
f 835// 2769// 831//
f 831// 2769// 2767//
f 831// 2767// 827//
f 827// 2767// 2765//
f 827// 2765// 825//
f 825// 2765// 2763//
f 825// 2763// 821//
f 821// 2763// 2761//
f 821// 2761// 817//
f 817// 2761// 2759//
f 817// 2759// 813//
f 1089// 1088// 1164//
f 1089// 1164// 1143//
f 1143// 1164// 1430//
f 1143// 1430// 1766//
f 1010// 938// 1142//
f 1166// 1079// 1090//
f 1090// 1079// 1078//
f 1010// 1142// 1064//
f 1064// 1142// 1088//
f 1064// 1088// 1078//
f 1078// 1088// 1089//
f 1078// 1089// 1090//
f 1090// 1089// 1165//
f 1090// 1165// 1144//
f 938// 860// 1142//
f 1142// 860// 779//
f 1142// 779// 1186//
f 1186// 779// 777//
f 1186// 777// 1646//
f 1091// 1146// 1092//
f 1168// 1077// 1092//
f 1092// 1077// 1079//
f 1092// 1079// 1091//
f 1091// 1079// 1166//
f 1091// 1166// 1145//
f 1145// 1166// 1432//
f 1145// 1432// 1768//
f 2025// 1647// 1766//
f 1766// 1647// 1187//
f 1766// 1187// 1143//
f 2029// 1651// 1770//
f 1770// 1651// 1191//
f 1770// 1191// 1147//
f 1168// 1434// 1077//
f 1077// 1434// 1770//
f 1077// 1770// 1060//
f 1060// 1770// 1147//
f 1060// 1147// 1093//
f 802// 909// 804//
f 804// 909// 998//
f 1093// 1169// 1060//
f 1060// 1169// 1435//
f 1060// 1435// 998//
f 998// 1435// 1771//
f 998// 1771// 804//
f 1165// 1431// 1144//
f 1144// 1431// 1767//
f 1144// 1767// 1188//
f 1188// 1767// 1648//
f 2027// 1649// 1768//
f 1768// 1649// 1189//
f 1768// 1189// 1145//
f 2030// 1652// 1771//
f 1771// 1652// 1192//
f 1771// 1192// 804//
f 804// 1192// 1148//
f 804// 1148// 1094//
f 1094// 1170// 804//
f 804// 1170// 1436//
f 804// 1436// 1772//
f 1091// 1167// 1146//
f 1146// 1167// 1433//
f 1146// 1433// 1190//
f 1190// 1433// 1769//
f 1190// 1769// 1650//
f 1650// 1769// 2028//
f 2290// 2031// 804//
f 1772// 2289// 804//
f 804// 2289// 3232//
f 804// 3232// 2290//
f 2031// 1653// 804//
f 804// 1653// 1193//
f 804// 1193// 1149//
f 1437// 1773// 1150//
f 1149// 1095// 804//
f 804// 1095// 1171//
f 804// 1171// 1437//
f 1151// 1097// 814//
f 1437// 1150// 804//
f 804// 1150// 1096//
f 804// 1096// 814//
f 1152// 1098// 814//
f 1775// 1152// 1439//
f 1439// 1152// 814//
f 1439// 814// 1173//
f 1173// 814// 1097//
f 1098// 1174// 814//
f 814// 1174// 1440//
f 814// 1440// 1776//
f 2035// 1657// 1776//
f 1099// 814// 1153//
f 1153// 814// 1776//
f 1153// 1776// 1197//
f 1197// 1776// 1657//
f 1099// 1175// 814//
f 814// 1175// 1441//
f 814// 1441// 1777//
f 2036// 1658// 1777//
f 1658// 1198// 1777//
f 1777// 1198// 1154//
f 1777// 1154// 814//
f 814// 1154// 1100//
f 814// 1100// 1176//
f 2037// 1659// 1778//
f 1659// 1199// 1778//
f 1778// 1199// 814//
f 1778// 814// 1442//
f 1442// 814// 1176//
f 1199// 1155// 814//
f 814// 1155// 1101//
f 814// 1101// 1177//
f 2032// 1654// 1773//
f 1773// 1654// 1194//
f 1773// 1194// 1150//
f 1096// 1172// 814//
f 814// 1172// 1438//
f 814// 1438// 1151//
f 1151// 1438// 1774//
f 1151// 1774// 1195//
f 1195// 1774// 1655//
f 2034// 1656// 1775//
f 1775// 1656// 1196//
f 1775// 1196// 1152//
f 1177// 1443// 814//
f 814// 1443// 1779//
f 814// 1779// 2760//
f 2760// 1779// 2303//
f 2760// 2303// 3248//
f 3248// 2303// 3246//
f 3248// 3246// 3613//
f 4241// 4843// 3954//
f 3954// 4843// 3613//
f 3954// 3613// 3851//
f 3851// 3613// 3246//
f 4241// 4602// 4843//
f 4843// 4602// 4662//
f 4843// 4662// 4685//
f 4661// 4684// 4623//
f 4660// 4683// 4840//
f 4685// 4623// 4843//
f 4843// 4623// 4684//
f 4843// 4684// 4840//
f 4683// 4621// 4840//
f 4840// 4621// 4429//
f 4840// 4429// 4143//
f 4623// 4431// 4661//
f 4661// 4431// 4145//
f 4661// 4145// 4601//
f 4601// 4145// 4240//
f 2037// 1778// 2302//
f 2302// 1778// 2301//
f 2302// 2301// 3245//
f 3245// 2301// 3244//
f 3245// 3244// 3850//
f 3850// 3244// 3849//
f 3850// 3849// 4145//
f 4145// 3849// 3953//
f 4145// 3953// 4240//
f 4684// 4622// 4840//
f 4840// 4622// 4430//
f 4840// 4430// 4660//
f 4660// 4430// 4144//
f 4660// 4144// 4600//
f 4600// 4144// 4239//
f 2036// 1777// 2300//
f 2300// 1777// 2299//
f 2300// 2299// 3243//
f 3243// 2299// 3242//
f 3243// 3242// 3848//
f 3848// 3242// 3847//
f 3848// 3847// 4144//
f 4144// 3847// 3952//
f 4144// 3952// 4239//
f 2035// 1776// 2298//
f 2298// 1776// 2297//
f 2298// 2297// 3241//
f 3241// 2297// 3240//
f 3241// 3240// 3846//
f 3846// 3240// 3845//
f 3846// 3845// 4143//
f 4143// 3845// 3951//
f 4143// 3951// 4238//
f 4238// 4599// 4143//
f 4143// 4599// 4659//
f 4143// 4659// 4840//
f 4840// 4659// 4682//
f 4682// 4620// 4840//
f 4840// 4620// 4428//
f 4840// 4428// 4142//
f 2034// 1775// 2296//
f 2296// 1775// 2295//
f 2296// 2295// 3239//
f 3239// 2295// 3238//
f 3239// 3238// 3844//
f 3844// 3238// 3843//
f 3844// 3843// 4142//
f 4142// 3843// 3950//
f 4142// 3950// 4237//
f 4237// 4598// 4142//
f 4142// 4598// 4658//
f 4142// 4658// 4840//
f 4840// 4658// 4681//
f 4681// 4619// 4840//
f 4840// 4619// 4427//
f 4840// 4427// 4141//
f 3949// 4141// 3841//
f 3841// 4141// 3842//
f 3841// 3842// 3236//
f 3236// 3842// 3237//
f 3236// 3237// 2293//
f 2293// 3237// 2294//
f 2293// 2294// 1774//
f 1774// 2294// 2033//
f 1774// 2033// 1655//
f 3949// 4236// 4141//
f 4141// 4236// 4597//
f 4141// 4597// 4840//
f 4840// 4597// 4657//
f 4840// 4657// 4680//
f 4680// 4618// 4840//
f 4840// 4618// 4426//
f 4840// 4426// 4140//
f 4840// 4617// 4425//
f 4425// 4139// 4840//
f 4840// 4139// 3838//
f 4840// 3838// 3232//
f 3232// 3838// 3233//
f 3232// 3233// 2290//
f 4235// 4596// 4140//
f 4140// 4596// 4656//
f 4140// 4656// 4840//
f 4840// 4656// 4679//
f 4840// 4679// 4617//
f 2032// 1773// 2292//
f 2292// 1773// 2291//
f 2292// 2291// 3235//
f 3235// 2291// 3234//
f 3235// 3234// 3840//
f 3840// 3234// 3839//
f 3840// 3839// 4140//
f 4140// 3839// 3948//
f 4140// 3948// 4235//
f 3824// 3218// 3217//
f 3217// 3218// 2276//
f 3217// 2276// 777//
f 777// 2276// 2024//
f 777// 2024// 1646//
f 2289// 3231// 3232//
f 3232// 3231// 3837//
f 3232// 3837// 4840//
f 4840// 3837// 3947//
f 4840// 3947// 4234//
f 4234// 4595// 4840//
f 4840// 4595// 4655//
f 4840// 4655// 4678//
f 4654// 4677// 4840//
f 4653// 4676// 4839//
f 4840// 4677// 4839//
f 4676// 4614// 4839//
f 4839// 4614// 4422//
f 4839// 4422// 4136//
f 4677// 4615// 4839//
f 4839// 4615// 4423//
f 4839// 4423// 4653//
f 4653// 4423// 4137//
f 4653// 4137// 4593//
f 4593// 4137// 4232//
f 2029// 1770// 2286//
f 2286// 1770// 2285//
f 2286// 2285// 3228//
f 3228// 2285// 3227//
f 3228// 3227// 3834//
f 3834// 3227// 3833//
f 3834// 3833// 4137//
f 4137// 3833// 3945//
f 4137// 3945// 4232//
f 2028// 1769// 2284//
f 2284// 1769// 2283//
f 2284// 2283// 3226//
f 3226// 2283// 3225//
f 3226// 3225// 3832//
f 3832// 3225// 3831//
f 3832// 3831// 4136//
f 4136// 3831// 3944//
f 4136// 3944// 4231//
f 4231// 4592// 4136//
f 4136// 4592// 4652//
f 4136// 4652// 4839//
f 4839// 4652// 4675//
f 4675// 4613// 4839//
f 4839// 4613// 4421//
f 4839// 4421// 4135//
f 4678// 4616// 4840//
f 4840// 4616// 4424//
f 4840// 4424// 4654//
f 4654// 4424// 4138//
f 4654// 4138// 4594//
f 4594// 4138// 4233//
f 2030// 1771// 2288//
f 2288// 1771// 2287//
f 2288// 2287// 3230//
f 3230// 2287// 3229//
f 3230// 3229// 3836//
f 3836// 3229// 3835//
f 3836// 3835// 4138//
f 4138// 3835// 3946//
f 4138// 3946// 4233//
f 2027// 1768// 2282//
f 2282// 1768// 2281//
f 2282// 2281// 3224//
f 3224// 2281// 3223//
f 3224// 3223// 3830//
f 3830// 3223// 3829//
f 3830// 3829// 4135//
f 4135// 3829// 3943//
f 4135// 3943// 4230//
f 4230// 4591// 4135//
f 4135// 4591// 4651//
f 4135// 4651// 4839//
f 4839// 4651// 4674//
f 4674// 4612// 4839//
f 4839// 4612// 4420//
f 4839// 4420// 4134//
f 3942// 4134// 3827//
f 3827// 4134// 3828//
f 3827// 3828// 3221//
f 3221// 3828// 3222//
f 3221// 3222// 2279//
f 2279// 3222// 2280//
f 2279// 2280// 1767//
f 1767// 2280// 2026//
f 1767// 2026// 1648//
f 3942// 4229// 4134//
f 4134// 4229// 4590//
f 4134// 4590// 4839//
f 4839// 4590// 4650//
f 4839// 4650// 4673//
f 4673// 4611// 4839//
f 4839// 4611// 4419//
f 4839// 4419// 4133//
f 4610// 4418// 4839//
f 4839// 4418// 4132//
f 4839// 4132// 3824//
f 4228// 4589// 4133//
f 4133// 4589// 4649//
f 4133// 4649// 4839//
f 4839// 4649// 4672//
f 4839// 4672// 4610//
f 2025// 1766// 2278//
f 2278// 1766// 2277//
f 2278// 2277// 3220//
f 3220// 2277// 3219//
f 3220// 3219// 3826//
f 3826// 3219// 3825//
f 3826// 3825// 4133//
f 4133// 3825// 3941//
f 4133// 3941// 4228//
f 3824// 3217// 4839//
f 4839// 3217// 3823//
f 4839// 3823// 3940//
f 3940// 4227// 4839//
f 4839// 4227// 4588//
f 4839// 4588// 4648//
f 4417// 4131// 4647//
f 4648// 4671// 4839//
f 4839// 4671// 4609//
f 4839// 4609// 4417//
f 4646// 4669// 4837//
f 4417// 4647// 4839//
f 4839// 4647// 4670//
f 4839// 4670// 4837//
f 4670// 4608// 4837//
f 4837// 4608// 4416//
f 4837// 4416// 4646//
f 4646// 4416// 4130//
f 4669// 4607// 4837//
f 4837// 4607// 4415//
f 4837// 4415// 4129//
f 3939// 4226// 4131//
f 4131// 4226// 4587//
f 4131// 4587// 4647//
f 3937// 4224// 4129//
f 4668// 4837// 4645//
f 4645// 4837// 4129//
f 4645// 4129// 4585//
f 4585// 4129// 4224//
f 4668// 4606// 4837//
f 4837// 4606// 4414//
f 4837// 4414// 4128//
f 3936// 4223// 4128//
f 4223// 4584// 4128//
f 4128// 4584// 4644//
f 4128// 4644// 4837//
f 4837// 4644// 4667//
f 4667// 4605// 4837//
f 4837// 4605// 4413//
f 4837// 4413// 4127//
f 3935// 4222// 4127//
f 4222// 4583// 4127//
f 4127// 4583// 4643//
f 4127// 4643// 4837//
f 4837// 4643// 4666//
f 4666// 4604// 4837//
f 4837// 4604// 4412//
f 4837// 4412// 4126//
f 4126// 4642// 4837//
f 4837// 4642// 4665//
f 4837// 4665// 4603//
f 3934// 4221// 4126//
f 4126// 4221// 4582//
f 4126// 4582// 4642//
f 3938// 4225// 4130//
f 4130// 4225// 4586//
f 4130// 4586// 4646//
f 4603// 4411// 4837//
f 4837// 4411// 4125//
f 4837// 4125// 3611//
f 3611// 4125// 3810//
f 3611// 3810// 3202//
f 3202// 3810// 3203//
f 3202// 3203// 2758//
f 2758// 3203// 2262//
f 2758// 2262// 767//
f 767// 2262// 2017//
f 767// 2017// 1639//
f 1639// 1179// 767//
f 767// 1179// 1135//
f 767// 1135// 1081//
f 1136// 1082// 1157//
f 1137// 1083// 777//
f 1081// 1157// 767//
f 767// 1157// 1082//
f 767// 1082// 777//
f 1138// 1084// 777//
f 1084// 1160// 777//
f 777// 1160// 1426//
f 777// 1426// 1762//
f 1083// 1159// 777//
f 777// 1159// 1425//
f 777// 1425// 1138//
f 1138// 1425// 1761//
f 1138// 1761// 1182//
f 1182// 1761// 1642//
f 3936// 4128// 3815//
f 3815// 4128// 3816//
f 3815// 3816// 3208//
f 3208// 3816// 3209//
f 3208// 3209// 2267//
f 2267// 3209// 2268//
f 2267// 2268// 1761//
f 1761// 2268// 2020//
f 1761// 2020// 1642//
f 1082// 1158// 777//
f 777// 1158// 1424//
f 777// 1424// 1137//
f 1137// 1424// 1760//
f 1137// 1760// 1181//
f 1181// 1760// 1641//
f 3935// 4127// 3813//
f 3813// 4127// 3814//
f 3813// 3814// 3206//
f 3206// 3814// 3207//
f 3206// 3207// 2265//
f 2265// 3207// 2266//
f 2265// 2266// 1760//
f 1760// 2266// 2019//
f 1760// 2019// 1641//
f 1157// 1423// 1136//
f 1136// 1423// 1759//
f 1136// 1759// 1180//
f 1180// 1759// 1640//
f 3934// 4126// 3811//
f 3811// 4126// 3812//
f 3811// 3812// 3204//
f 3204// 3812// 3205//
f 3204// 3205// 2263//
f 2263// 3205// 2264//
f 2263// 2264// 1759//
f 1759// 2264// 2018//
f 1759// 2018// 1640//
f 3937// 4129// 3817//
f 3817// 4129// 3818//
f 3817// 3818// 3210//
f 3210// 3818// 3211//
f 3210// 3211// 2269//
f 2269// 3211// 2270//
f 2269// 2270// 1762//
f 1762// 2270// 2021//
f 1762// 2021// 1643//
f 1643// 1183// 1762//
f 1762// 1183// 1139//
f 1762// 1139// 777//
f 777// 1139// 1085//
f 1085// 1161// 777//
f 777// 1161// 1427//
f 777// 1427// 1763//
f 3938// 4130// 3819//
f 3819// 4130// 3820//
f 3819// 3820// 3212//
f 3212// 3820// 3213//
f 3212// 3213// 2271//
f 2271// 3213// 2272//
f 2271// 2272// 1763//
f 1763// 2272// 2022//
f 1763// 2022// 1644//
f 1644// 1184// 1763//
f 1763// 1184// 1140//
f 1763// 1140// 777//
f 777// 1140// 1086//
f 1086// 1162// 777//
f 777// 1162// 1428//
f 777// 1428// 1764//
f 777// 1163// 1429//
f 1645// 1185// 1764//
f 1764// 1185// 1141//
f 1764// 1141// 777//
f 777// 1141// 1087//
f 777// 1087// 1163//
f 3939// 4131// 3821//
f 3821// 4131// 3822//
f 3821// 3822// 3214//
f 3214// 3822// 3215//
f 3214// 3215// 2273//
f 2273// 3215// 2274//
f 2273// 2274// 1764//
f 1764// 2274// 2023//
f 1764// 2023// 1645//
f 1429// 1765// 777//
f 777// 1765// 2275//
f 777// 2275// 3217//
f 3217// 2275// 3216//
f 3217// 3216// 3823//
f 3202// 2758// 2756//
f 3608// 4834// 4832//
f 2818// 2756// 2672//
f 760// 766// 2757//
f 1724// 922// 2757//
f 2757// 922// 883//
f 2757// 883// 760//
f 922// 892// 883//
f 883// 892// 861//
f 883// 861// 760//
f 760// 861// 844//
f 2846// 2842// 3607//
f 3607// 2842// 2838//
f 3607// 2838// 3605//
f 3605// 2838// 2836//
f 3605// 2836// 3603//
f 3603// 2836// 2832//
f 3603// 2832// 3601//
f 3601// 2832// 2828//
f 3601// 2828// 3599//
f 3599// 2828// 2824//
f 3599// 2824// 3597//
f 3597// 2824// 2821//
f 3597// 2821// 3595//
f 3595// 2821// 2820//
f 3595// 2820// 3594//
f 3594// 2820// 2823//
f 3594// 2823// 3596//
f 3596// 2823// 2827//
f 3596// 2827// 3598//
f 3598// 2827// 2831//
f 3598// 2831// 3600//
f 3600// 2831// 2835//
f 3600// 2835// 3602//
f 3602// 2835// 2837//
f 3602// 2837// 3604//
f 3604// 2837// 2841//
f 3604// 2841// 3606//
f 3606// 2841// 2843//
f 3606// 2843// 3608//
f 3608// 2843// 2816//
f 3608// 2816// 2755//
f 2755// 2816// 2669//
f 2755// 2669// 2569//
f 847// 864// 884//
f 847// 884// 763//
f 763// 884// 2758//
f 763// 2758// 767//
f 2672// 2756// 2572//
f 2572// 2756// 2758//
f 2572// 2758// 1727//
f 1727// 2758// 884//
f 1727// 884// 925//
f 925// 884// 864//
f 925// 864// 895//
f 3608// 4832// 3606//
f 3606// 4832// 4830//
f 3606// 4830// 3604//
f 3604// 4830// 4828//
f 3604// 4828// 3602//
f 3602// 4828// 4826//
f 3602// 4826// 3600//
f 3600// 4826// 4824//
f 3600// 4824// 3598//
f 3598// 4824// 4822//
f 3598// 4822// 3596//
f 3596// 4822// 4820//
f 3596// 4820// 3594//
f 4820// 4818// 3594//
f 3594// 4818// 4817//
f 3594// 4817// 3595//
f 3595// 4817// 4819//
f 3595// 4819// 3597//
f 3597// 4819// 4821//
f 4821// 4823// 3597//
f 3597// 4823// 4825//
f 3597// 4825// 3599//
f 3599// 4825// 4827//
f 3599// 4827// 3601//
f 3601// 4827// 4829//
f 3601// 4829// 3603//
f 3603// 4829// 4831//
f 3603// 4831// 3605//
f 3605// 4831// 4833//
f 3605// 4833// 3607//
f 3607// 4833// 4835//
f 3607// 4835// 3609//
f 3609// 4835// 4837//
f 3609// 4837// 3611//
f 4836// 4834// 3610//
f 3610// 4834// 3608//
f 3610// 3608// 3201//
f 3201// 3608// 2755//
f 3201// 2755// 2757//
f 2757// 2755// 2569//
f 2757// 2569// 1724//
f 2846// 3607// 2818//
f 2818// 3607// 3609//
f 2818// 3609// 2756//
f 2756// 3609// 3611//
f 2756// 3611// 3202//
f 4812// 4803// 4842//
f 4811// 4812// 4814//
f 4814// 4812// 4842//
f 4814// 4842// 4841//
f 4803// 4802// 4842//
f 4842// 4802// 4780//
f 4842// 4780// 4728//
f 4728// 4723// 4842//
f 4842// 4723// 4704//
f 4842// 4704// 3612//
f 4704// 4220// 3612//
f 3612// 4220// 4124//
f 3612// 4124// 3247//
f 3247// 4124// 3336//
f 3247// 3336// 2759//
f 2759// 3336// 2643//
f 2759// 2643// 813//
f 813// 2643// 976//
f 813// 976// 812//
f 5022// 5020// 4912//
f 5024// 5022// 4914//
f 4901// 5005// 5007//
f 4901// 5007// 4903//
f 4903// 5007// 5009//
f 4903// 5009// 4905//
f 5009// 5011// 4905//
f 4905// 5011// 5013//
f 4905// 5013// 4907//
f 4907// 5013// 5015//
f 4907// 5015// 4909//
f 4909// 5015// 5017//
f 4909// 5017// 4911//
f 4911// 5017// 5019//
f 4911// 5019// 4913//
f 4913// 5019// 5021//
f 4913// 5021// 4915//
f 4915// 5021// 5023//
f 4915// 5023// 4916//
f 4912// 5020// 4910//
f 4910// 5020// 5018//
f 4910// 5018// 4908//
f 4908// 5018// 5016//
f 4908// 5016// 4906//
f 5016// 5014// 4906//
f 4906// 5014// 5012//
f 4906// 5012// 4904//
f 4904// 5012// 5010//
f 4904// 5010// 4902//
f 4902// 5010// 5008//
f 4902// 5008// 4900//
f 4900// 5008// 5006//
f 4900// 5006// 5004//
f 4843// 4901// 4845//
f 4845// 4901// 4903//
f 4845// 4903// 4847//
f 4847// 4903// 4905//
f 4847// 4905// 4849//
f 4849// 4905// 4907//
f 4849// 4907// 4851//
f 4851// 4907// 4909//
f 4851// 4909// 4853//
f 4853// 4909// 4911//
f 4853// 4911// 4855//
f 4855// 4911// 4913//
f 4855// 4913// 4857//
f 4857// 4913// 4915//
f 4860// 4862// 4916//
f 4916// 4862// 4861//
f 4916// 4861// 4915//
f 4915// 4861// 4859//
f 4915// 4859// 4857//
f 4858// 4860// 4914//
f 4914// 4860// 4916//
f 4914// 4916// 5024//
f 5024// 4916// 5023//
f 5022// 4912// 4914//
f 4914// 4912// 4856//
f 4914// 4856// 4858//
f 4900// 4842// 4902//
f 4902// 4842// 4844//
f 4902// 4844// 4904//
f 4904// 4844// 4846//
f 4904// 4846// 4906//
f 4906// 4846// 4848//
f 4906// 4848// 4908//
f 4908// 4848// 4850//
f 4908// 4850// 4910//
f 4910// 4850// 4852//
f 4910// 4852// 4912//
f 4912// 4852// 4854//
f 4912// 4854// 4856//
f 4899// 5003// 5005//
f 4837// 4899// 4839//
f 4839// 4899// 5005//
f 4839// 5005// 4840//
f 4840// 5005// 4901//
f 4840// 4901// 4843//
f 4985// 4987// 4887//
f 4983// 4985// 4885//
f 4898// 5002// 5000//
f 4898// 5000// 4896//
f 4896// 5000// 4998//
f 4896// 4998// 4894//
f 4998// 4996// 4894//
f 4894// 4996// 4994//
f 4894// 4994// 4892//
f 4892// 4994// 4992//
f 4892// 4992// 4890//
f 4890// 4992// 4990//
f 4890// 4990// 4888//
f 4888// 4990// 4988//
f 4888// 4988// 4886//
f 4886// 4988// 4986//
f 4886// 4986// 4884//
f 4884// 4986// 4984//
f 4884// 4984// 4883//
f 4887// 4987// 4889//
f 4889// 4987// 4989//
f 4889// 4989// 4891//
f 4891// 4989// 4991//
f 4891// 4991// 4893//
f 4893// 4991// 4993//
f 4893// 4993// 4895//
f 4993// 4995// 4895//
f 4895// 4995// 4997//
f 4895// 4997// 4897//
f 4897// 4997// 4999//
f 4897// 4999// 4899//
f 4899// 4999// 5001//
f 4899// 5001// 5003//
f 4836// 4898// 4834//
f 4834// 4898// 4896//
f 4834// 4896// 4832//
f 4832// 4896// 4894//
f 4832// 4894// 4830//
f 4830// 4894// 4892//
f 4830// 4892// 4828//
f 4828// 4892// 4890//
f 4828// 4890// 4826//
f 4826// 4890// 4888//
f 4826// 4888// 4824//
f 4824// 4888// 4886//
f 4824// 4886// 4822//
f 4822// 4886// 4884//
f 4819// 4817// 4883//
f 4883// 4817// 4818//
f 4883// 4818// 4884//
f 4884// 4818// 4820//
f 4884// 4820// 4822//
f 4821// 4819// 4885//
f 4885// 4819// 4883//
f 4885// 4883// 4983//
f 4983// 4883// 4984//
f 4985// 4887// 4885//
f 4885// 4887// 4823//
f 4885// 4823// 4821//
f 4899// 4837// 4897//
f 4897// 4837// 4835//
f 4897// 4835// 4895//
f 4895// 4835// 4833//
f 4895// 4833// 4893//
f 4893// 4833// 4831//
f 4893// 4831// 4891//
f 4891// 4831// 4829//
f 4891// 4829// 4889//
f 4889// 4829// 4827//
f 4889// 4827// 4887//
f 4887// 4827// 4825//
f 4887// 4825// 4823//
f 4836// 4838// 4898//
f 4898// 4838// 4863//
f 4898// 4863// 5002//
f 5002// 4863// 4867//
f 5002// 4867// 4871//
f 4871// 4875// 5002//
f 5002// 4875// 4879//
f 5002// 4879// 5004//
f 5004// 4879// 4880//
f 5004// 4880// 4876//
f 4841// 4842// 4864//
f 4864// 4842// 4900//
f 4864// 4900// 4868//
f 4868// 4900// 5004//
f 4868// 5004// 4872//
f 4872// 5004// 4876//
f 5110// 5091// 5093//
f 5209// 5162// 5164//
f 5209// 5164// 5213//
f 5213// 5164// 5166//
f 5213// 5166// 5215//
f 5215// 5166// 5168//
f 5215// 5168// 5219//
f 5219// 5168// 5170//
f 5219// 5170// 5223//
f 5223// 5170// 5172//
f 5223// 5172// 5228//
f 5228// 5172// 5174//
f 5228// 5174// 5230//
f 5230// 5174// 5176//
f 5230// 5176// 5232//
f 5232// 5176// 5175//
f 5232// 5175// 5231//
f 5231// 5175// 5173//
f 5231// 5173// 5229//
f 5229// 5173// 5171//
f 5229// 5171// 5224//
f 5224// 5171// 5169//
f 5224// 5169// 5220//
f 5220// 5169// 5167//
f 5220// 5167// 5216//
f 5216// 5167// 5165//
f 5216// 5165// 5214//
f 5214// 5165// 5163//
f 5214// 5163// 5210//
f 5208// 5210// 5161//
f 5161// 5210// 5163//
f 5161// 5163// 5142//
f 5142// 5163// 5111//
f 5007// 5005// 5092//
f 5092// 5094// 5007//
f 5007// 5094// 5096//
f 5007// 5096// 5009//
f 5009// 5096// 5011//
f 5011// 5096// 5098//
f 5011// 5098// 5013//
f 5013// 5098// 5015//
f 5015// 5098// 5100//
f 5015// 5100// 5017//
f 5017// 5100// 5102//
f 5017// 5102// 5019//
f 5019// 5102// 5104//
f 5019// 5104// 5021//
f 5021// 5104// 5106//
f 5021// 5106// 5023//
f 5023// 5106// 5107//
f 5023// 5107// 5024//
f 5024// 5107// 5105//
f 5024// 5105// 5022//
f 5022// 5105// 5103//
f 5022// 5103// 5020//
f 5020// 5103// 5101//
f 5020// 5101// 5018//
f 5018// 5101// 5099//
f 5018// 5099// 5016//
f 5016// 5099// 5014//
f 5014// 5099// 5097//
f 5014// 5097// 5012//
f 5012// 5097// 5010//
f 5010// 5097// 5095//
f 5010// 5095// 5008//
f 5008// 5095// 5093//
f 5008// 5093// 5006//
f 5006// 5093// 5091//
f 5006// 5091// 5004//
f 5209// 5205// 5162//
f 5162// 5205// 5160//
f 5162// 5160// 5141//
f 5092// 5111// 5094//
f 5094// 5111// 5163//
f 5094// 5163// 5096//
f 5096// 5163// 5165//
f 5096// 5165// 5098//
f 5098// 5165// 5167//
f 5098// 5167// 5100//
f 5100// 5167// 5169//
f 5100// 5169// 5102//
f 5102// 5169// 5171//
f 5102// 5171// 5104//
f 5104// 5171// 5173//
f 5104// 5173// 5106//
f 5106// 5173// 5175//
f 5106// 5175// 5107//
f 5107// 5175// 5176//
f 5107// 5176// 5105//
f 5105// 5176// 5174//
f 5105// 5174// 5103//
f 5103// 5174// 5172//
f 5103// 5172// 5101//
f 5101// 5172// 5170//
f 5101// 5170// 5099//
f 5099// 5170// 5168//
f 5099// 5168// 5097//
f 5097// 5168// 5166//
f 5097// 5166// 5095//
f 5095// 5166// 5164//
f 5095// 5164// 5093//
f 5093// 5164// 5162//
f 5093// 5162// 5110//
f 5110// 5162// 5141//
f 5204// 5208// 5159//
f 5159// 5208// 5161//
f 5159// 5161// 5140//
f 5140// 5161// 5142//
f 5140// 5142// 5111//
f 5005// 5003// 5092//
f 5092// 5003// 5090//
f 5092// 5090// 5111//
f 5111// 5090// 5109//
f 5111// 5109// 5140//
f 5109// 5090// 5088//
f 5200// 5157// 5155//
f 5200// 5155// 5196//
f 5196// 5155// 5153//
f 5196// 5153// 5194//
f 5194// 5153// 5151//
f 5194// 5151// 5190//
f 5190// 5151// 5149//
f 5190// 5149// 5186//
f 5186// 5149// 5147//
f 5186// 5147// 5181//
f 5181// 5147// 5145//
f 5181// 5145// 5179//
f 5179// 5145// 5143//
f 5179// 5143// 5177//
f 5177// 5143// 5144//
f 5177// 5144// 5178//
f 5178// 5144// 5146//
f 5178// 5146// 5180//
f 5180// 5146// 5148//
f 5180// 5148// 5185//
f 5185// 5148// 5150//
f 5185// 5150// 5189//
f 5189// 5150// 5152//
f 5189// 5152// 5193//
f 5193// 5152// 5154//
f 5193// 5154// 5195//
f 5195// 5154// 5156//
f 5195// 5156// 5199//
f 5201// 5199// 5158//
f 5158// 5199// 5156//
f 5158// 5156// 5139//
f 5139// 5156// 5108//
f 5000// 5002// 5089//
f 5089// 5087// 5000//
f 5000// 5087// 5085//
f 5000// 5085// 4998//
f 4998// 5085// 4996//
f 4996// 5085// 5083//
f 4996// 5083// 4994//
f 4994// 5083// 4992//
f 4992// 5083// 5081//
f 4992// 5081// 4990//
f 4990// 5081// 5079//
f 4990// 5079// 4988//
f 4988// 5079// 5077//
f 4988// 5077// 4986//
f 4986// 5077// 5075//
f 4986// 5075// 4984//
f 4984// 5075// 5074//
f 4984// 5074// 4983//
f 4983// 5074// 5076//
f 4983// 5076// 4985//
f 4985// 5076// 5078//
f 4985// 5078// 4987//
f 4987// 5078// 5080//
f 4987// 5080// 4989//
f 4989// 5080// 5082//
f 4989// 5082// 4991//
f 4991// 5082// 4993//
f 4993// 5082// 5084//
f 4993// 5084// 4995//
f 4995// 5084// 4997//
f 4997// 5084// 5086//
f 4997// 5086// 4999//
f 4999// 5086// 5088//
f 4999// 5088// 5001//
f 5001// 5088// 5090//
f 5001// 5090// 5003//
f 5200// 5204// 5157//
f 5157// 5204// 5159//
f 5157// 5159// 5140//
f 5089// 5108// 5087//
f 5087// 5108// 5156//
f 5087// 5156// 5085//
f 5085// 5156// 5154//
f 5085// 5154// 5083//
f 5083// 5154// 5152//
f 5083// 5152// 5081//
f 5081// 5152// 5150//
f 5081// 5150// 5079//
f 5079// 5150// 5148//
f 5079// 5148// 5077//
f 5077// 5148// 5146//
f 5077// 5146// 5075//
f 5075// 5146// 5144//
f 5075// 5144// 5074//
f 5074// 5144// 5143//
f 5074// 5143// 5076//
f 5076// 5143// 5145//
f 5076// 5145// 5078//
f 5078// 5145// 5147//
f 5078// 5147// 5080//
f 5080// 5147// 5149//
f 5080// 5149// 5082//
f 5082// 5149// 5151//
f 5082// 5151// 5084//
f 5084// 5151// 5153//
f 5084// 5153// 5086//
f 5086// 5153// 5155//
f 5086// 5155// 5088//
f 5088// 5155// 5157//
f 5088// 5157// 5109//
f 5109// 5157// 5140//
f 5205// 5201// 5160//
f 5160// 5201// 5158//
f 5160// 5158// 5141//
f 5141// 5158// 5139//
f 5141// 5139// 5108//
f 5002// 5004// 5089//
f 5089// 5004// 5091//
f 5089// 5091// 5108//
f 5108// 5091// 5110//
f 5108// 5110// 5141//
f 5221// 5228// 5225//
f 5225// 5228// 5230//
f 5225// 5230// 5227//
f 5227// 5230// 5232//
f 5227// 5232// 5226//
f 5188// 5181// 5184//
f 5184// 5181// 5179//
f 5184// 5179// 5182//
f 5182// 5179// 5177//
f 5182// 5177// 5183//
f 5217// 5219// 5221//
f 5221// 5219// 5223//
f 5221// 5223// 5228//
f 5232// 5231// 5226//
f 5226// 5231// 5229//
f 5226// 5229// 5222//
f 5222// 5229// 5224//
f 5222// 5224// 5218//
f 5197// 5191// 5193//
f 5177// 5178// 5183//
f 5183// 5178// 5180//
f 5183// 5180// 5187//
f 5187// 5180// 5185//
f 5187// 5185// 5191//
f 5191// 5185// 5189//
f 5191// 5189// 5193//
f 5192// 5190// 5188//
f 5188// 5190// 5186//
f 5188// 5186// 5181//
f 5224// 5220// 5218//
f 5218// 5220// 5216//
f 5218// 5216// 5212//
f 5206// 5209// 5211//
f 5211// 5209// 5213//
f 5211// 5213// 5217//
f 5217// 5213// 5215//
f 5217// 5215// 5219//
f 5193// 5195// 5197//
f 5197// 5195// 5199//
f 5197// 5199// 5202//
f 5202// 5199// 5201//
f 5202// 5201// 5206//
f 5206// 5201// 5205//
f 5206// 5205// 5209//
f 5203// 5200// 5198//
f 5198// 5200// 5196//
f 5198// 5196// 5192//
f 5192// 5196// 5194//
f 5192// 5194// 5190//
f 5216// 5214// 5212//
f 5212// 5214// 5210//
f 5212// 5210// 5207//
f 5207// 5210// 5208//
f 5207// 5208// 5203//
f 5203// 5208// 5204//
f 5203// 5204// 5200//
f 4938// 4942// 5203//
f 5203// 4942// 5207//
f 4938// 5203// 4932//
f 4932// 5203// 5198//
f 4932// 5198// 4928//
f 4928// 5198// 5192//
f 4928// 5192// 4924//
f 4924// 5192// 5188//
f 4924// 5188// 4920//
f 4920// 5188// 5184//
f 4920// 5184// 4917//
f 4917// 5184// 5182//
f 4917// 5182// 4919//
f 4919// 5182// 5183//
f 4919// 5183// 4923//
f 4923// 5183// 5187//
f 4923// 5187// 4927//
f 4927// 5187// 5191//
f 4927// 5191// 4931//
f 4931// 5191// 5197//
f 4931// 5197// 4935//
f 4935// 5197// 5202//
f 4939// 4935// 5206//
f 5206// 4935// 5202//
f 4939// 5206// 4945//
f 4945// 5206// 5211//
f 4945// 5211// 4949//
f 4949// 5211// 5217//
f 4949// 5217// 4953//
f 4953// 5217// 5221//
f 4953// 5221// 4957//
f 4957// 5221// 5225//
f 4957// 5225// 4960//
f 4960// 5225// 5227//
f 4960// 5227// 4958//
f 4958// 5227// 5226//
f 4958// 5226// 4954//
f 4954// 5226// 5222//
f 4954// 5222// 4950//
f 4950// 5222// 5218//
f 4950// 5218// 4946//
f 4946// 5218// 5212//
f 4946// 5212// 4942//
f 4942// 5212// 5207//
f 4937// 4938// 4934//
f 4934// 4938// 4932//
f 4934// 4932// 4930//
f 4930// 4932// 4928//
f 4930// 4928// 4926//
f 4926// 4928// 4924//
f 4926// 4924// 4922//
f 4922// 4924// 4920//
f 4922// 4920// 4918//
f 4918// 4920// 4917//
f 4918// 4917// 4921//
f 4921// 4917// 4919//
f 4921// 4919// 4925//
f 4925// 4919// 4923//
f 4925// 4923// 4929//
f 4929// 4923// 4927//
f 4929// 4927// 4933//
f 4933// 4927// 4931//
f 4933// 4931// 4936//
f 4936// 4931// 4935//
f 4936// 4935// 4940//
f 4940// 4935// 4939//
f 4940// 4939// 4943//
f 4943// 4939// 4945//
f 4943// 4945// 4947//
f 4947// 4945// 4949//
f 4947// 4949// 4951//
f 4951// 4949// 4953//
f 4951// 4953// 4955//
f 4955// 4953// 4957//
f 4955// 4957// 4959//
f 4959// 4957// 4960//
f 4959// 4960// 4956//
f 4956// 4960// 4958//
f 4956// 4958// 4952//
f 4952// 4958// 4954//
f 4952// 4954// 4948//
f 4948// 4954// 4950//
f 4948// 4950// 4944//
f 4944// 4950// 4946//
f 4944// 4946// 4941//
f 4941// 4946// 4942//
f 4941// 4942// 4937//
f 4937// 4942// 4938//
f 3197// 3590// 2872//
f 2252// 2250// 2874//
f 1378// 1628// 2252//
f 2252// 1628// 1986//
f 2252// 1986// 2250//
f 1381// 1378// 1631//
f 1631// 1378// 2252//
f 1631// 2252// 1989//
f 1989// 2252// 2255//
f 2255// 2252// 3033//
f 3033// 2252// 2874//
f 3033// 2874// 3046//
f 3046// 2874// 3325//
f 3046// 3325// 3484//
f 3126// 3033// 3327//
f 3327// 3033// 3046//
f 3327// 3046// 3486//
f 3486// 3046// 3484//
f 2629// 2625// 2873//
f 2780// 2872// 2873//
f 2780// 2873// 2652//
f 2636// 2652// 2631//
f 2631// 2652// 2873//
f 2631// 2873// 2628//
f 2628// 2873// 2625//
f 2873// 2874// 2781//
f 2632// 2629// 2639//
f 2639// 2629// 2873//
f 2639// 2873// 2650//
f 2650// 2873// 2781//
f 2872// 3590// 2873//
f 2873// 3590// 3593//
f 2873// 3593// 2874//
f 2874// 3593// 3198//
f 2874// 3198// 3325//
f 3045// 3021// 3120//
f 3482// 3323// 3480//
f 3480// 3323// 3045//
f 3480// 3045// 3321//
f 3321// 3045// 3120//
f 3323// 3197// 3045//
f 3045// 3197// 2872//
f 3045// 2872// 3021//
f 3021// 2872// 2241//
f 3021// 2241// 2239//
f 2239// 2241// 1980//
f 1375// 1372// 2241//
f 2241// 1372// 1622//
f 2241// 1622// 1980//
f 1625// 1375// 1983//
f 1983// 1375// 2241//
f 1983// 2241// 2244//
f 2244// 2241// 2872//
f 1313// 1312// 2079//
f 2079// 1312// 1562//
f 2079// 1562// 1920//
f 1563// 1313// 1921//
f 1921// 1313// 2079//
f 1921// 2079// 2080//
f 2080// 2079// 2878//
f 3251// 3050// 2878//
f 3413// 3251// 3044//
f 3044// 3251// 2878//
f 3044// 2878// 2871//
f 2871// 2878// 2079//
f 2871// 2079// 2077//
f 2077// 2079// 1920//
f 3589// 3196// 2871//
f 2871// 3196// 3249//
f 2871// 3249// 3044//
f 3044// 3249// 3411//
f 3044// 3411// 3413//
f 2627// 2626// 2778//
f 2779// 2778// 2871//
f 2871// 2778// 3040//
f 2871// 3040// 3589//
f 3586// 3589// 3335//
f 3335// 3589// 3040//
f 3335// 3040// 2777//
f 2777// 3040// 2778//
f 2777// 2778// 2653//
f 2626// 2633// 2778//
f 2778// 2633// 2637//
f 2778// 2637// 2653//
f 2630// 2627// 2638//
f 2638// 2627// 2778//
f 2638// 2778// 2648//
f 2648// 2778// 2779//
f 3415// 3492// 3401//
f 3052// 3253// 2882//
f 2882// 3253// 3415//
f 3255// 3054// 2886//
f 3415// 3401// 2882//
f 2882// 3401// 3405//
f 2882// 3405// 3255//
f 2886// 2090// 2087//
f 1404// 1467// 2087//
f 2087// 1467// 1661//
f 3255// 2886// 2882//
f 2882// 2886// 2087//
f 2882// 2087// 2085//
f 2085// 2087// 1661//
f 2085// 1661// 1815//
f 2090// 1816// 2087//
f 2087// 1816// 1679//
f 2087// 1679// 1468//
f 1468// 1386// 2087//
f 2087// 1386// 1202//
f 2087// 1202// 1404//
f 3490// 3331// 3037//
f 3037// 3331// 3130//
f 3488// 3490// 3329//
f 3329// 3490// 3037//
f 3329// 3037// 3128//
f 3128// 3037// 3035//
f 1849// 2258// 1678//
f 1678// 2258// 1917//
f 1236// 1421// 1917//
f 1917// 1421// 1501//
f 1917// 1501// 1678//
f 1918// 1696// 1502//
f 2258// 3035// 1917//
f 1917// 3035// 3037//
f 1917// 3037// 1236//
f 1236// 3037// 1918//
f 1236// 1918// 1403//
f 1403// 1918// 1502//
f 3130// 3038// 3037//
f 3037// 3038// 2260//
f 3037// 2260// 1918//
f 1918// 2260// 1850//
f 1918// 1850// 1696//
f 3478// 3319// 3014//
f 3014// 3319// 3118//
f 3476// 3478// 3317//
f 3317// 3478// 3014//
f 3317// 3014// 3116//
f 3116// 3014// 3012//
f 1847// 2229// 1677//
f 1677// 2229// 1915//
f 1234// 1420// 1915//
f 1915// 1420// 1499//
f 1915// 1499// 1677//
f 1916// 1695// 1500//
f 2229// 3012// 1915//
f 1915// 3012// 3014//
f 1915// 3014// 1234//
f 1234// 3014// 1916//
f 1234// 1916// 1402//
f 1402// 1916// 1500//
f 3118// 3017// 3014//
f 3014// 3017// 2233//
f 3014// 2233// 1916//
f 1916// 2233// 1848//
f 1916// 1848// 1695//
f 3474// 3315// 3005//
f 3005// 3315// 3114//
f 3472// 3474// 3313//
f 3313// 3474// 3005//
f 3313// 3005// 3112//
f 3112// 3005// 3003//
f 1845// 2219// 1676//
f 1676// 2219// 1913//
f 1232// 1419// 1913//
f 1913// 1419// 1497//
f 1913// 1497// 1676//
f 1914// 1694// 1498//
f 2219// 3003// 1913//
f 1913// 3003// 3005//
f 1913// 3005// 1232//
f 1232// 3005// 1914//
f 1232// 1914// 1401//
f 1401// 1914// 1498//
f 3114// 3008// 3005//
f 3005// 3008// 2223//
f 3005// 2223// 1914//
f 1914// 2223// 1846//
f 1914// 1846// 1694//
f 3470// 3311// 2996//
f 2996// 3311// 3110//
f 3468// 3470// 3309//
f 3309// 3470// 2996//
f 3309// 2996// 3108//
f 3108// 2996// 2994//
f 1843// 2209// 1675//
f 1675// 2209// 1911//
f 1230// 1418// 1911//
f 1911// 1418// 1495//
f 1911// 1495// 1675//
f 1912// 1693// 1496//
f 2209// 2994// 1911//
f 1911// 2994// 2996//
f 1911// 2996// 1230//
f 1230// 2996// 1912//
f 1230// 1912// 1400//
f 1400// 1912// 1496//
f 3110// 2999// 2996//
f 2996// 2999// 2213//
f 2996// 2213// 1912//
f 1912// 2213// 1844//
f 1912// 1844// 1693//
f 3466// 3307// 2987//
f 2987// 3307// 3106//
f 3464// 3466// 3305//
f 3305// 3466// 2987//
f 3305// 2987// 3104//
f 3104// 2987// 2985//
f 1841// 2199// 1674//
f 1674// 2199// 1909//
f 1229// 1417// 1909//
f 1909// 1417// 1493//
f 1909// 1493// 1674//
f 1910// 1692// 1494//
f 2199// 2985// 1909//
f 1909// 2985// 2987//
f 1909// 2987// 1229//
f 1229// 2987// 1910//
f 1229// 1910// 1399//
f 1399// 1910// 1494//
f 3106// 2990// 2987//
f 2987// 2990// 2203//
f 2987// 2203// 1910//
f 1910// 2203// 1842//
f 1910// 1842// 1692//
f 3462// 3303// 2978//
f 2978// 3303// 3102//
f 3460// 3462// 3301//
f 3301// 3462// 2978//
f 3301// 2978// 3100//
f 3100// 2978// 2976//
f 1839// 2189// 1673//
f 1673// 2189// 1907//
f 1226// 1416// 1907//
f 1907// 1416// 1491//
f 1907// 1491// 1673//
f 1908// 1691// 1492//
f 2189// 2976// 1907//
f 1907// 2976// 2978//
f 1907// 2978// 1226//
f 1226// 2978// 1908//
f 1226// 1908// 1398//
f 1398// 1908// 1492//
f 3102// 2981// 2978//
f 2978// 2981// 2193//
f 2978// 2193// 1908//
f 1908// 2193// 1840//
f 1908// 1840// 1691//
f 3458// 3299// 2969//
f 2969// 3299// 3098//
f 3456// 3458// 3297//
f 3297// 3458// 2969//
f 3297// 2969// 3096//
f 3096// 2969// 2967//
f 1837// 2179// 1672//
f 1672// 2179// 1905//
f 1225// 1415// 1905//
f 1905// 1415// 1489//
f 1905// 1489// 1672//
f 1906// 1690// 1490//
f 2179// 2967// 1905//
f 1905// 2967// 2969//
f 1905// 2969// 1225//
f 1225// 2969// 1906//
f 1225// 1906// 1397//
f 1397// 1906// 1490//
f 3098// 2972// 2969//
f 2969// 2972// 2183//
f 2969// 2183// 1906//
f 1906// 2183// 1838//
f 1906// 1838// 1690//
f 3454// 3295// 2962//
f 2962// 3295// 3094//
f 3452// 3454// 3293//
f 3293// 3454// 2962//
f 3293// 2962// 3092//
f 3092// 2962// 2960//
f 1835// 2172// 1671//
f 1671// 2172// 1903//
f 1223// 1414// 1903//
f 1903// 1414// 1487//
f 1903// 1487// 1671//
f 1904// 1689// 1488//
f 2172// 2960// 1903//
f 1903// 2960// 2962//
f 1903// 2962// 1223//
f 1223// 2962// 1904//
f 1223// 1904// 1396//
f 1396// 1904// 1488//
f 3094// 2963// 2962//
f 2962// 2963// 2174//
f 2962// 2174// 1904//
f 1904// 2174// 1836//
f 1904// 1836// 1689//
f 3088// 3289// 2958//
f 3090// 2958// 3291//
f 3291// 2958// 3289//
f 3291// 3289// 3409//
f 3409// 3289// 3407//
f 2958// 2170// 2169//
f 1413// 1485// 2169//
f 2169// 1485// 1670//
f 3088// 2958// 2956//
f 2956// 2958// 2169//
f 2956// 2169// 2167//
f 2167// 2169// 1670//
f 2167// 1670// 1833//
f 2170// 1834// 2169//
f 2169// 1834// 1688//
f 2169// 1688// 1486//
f 1486// 1395// 2169//
f 2169// 1395// 1221//
f 2169// 1221// 1413//
f 3448// 3287// 2953//
f 2953// 3287// 3086//
f 3446// 3448// 3285//
f 3285// 3448// 2953//
f 3285// 2953// 3084//
f 3084// 2953// 2951//
f 1831// 2163// 1669//
f 1669// 2163// 1901//
f 1219// 1412// 1901//
f 1901// 1412// 1483//
f 1901// 1483// 1669//
f 1902// 1687// 1484//
f 2163// 2951// 1901//
f 1901// 2951// 2953//
f 1901// 2953// 1219//
f 1219// 2953// 1902//
f 1219// 1902// 1394//
f 1394// 1902// 1484//
f 3086// 2954// 2953//
f 2953// 2954// 2165//
f 2953// 2165// 1902//
f 1902// 2165// 1832//
f 1902// 1832// 1687//
f 3444// 3283// 2946//
f 2946// 3283// 3082//
f 3442// 3444// 3281//
f 3281// 3444// 2946//
f 3281// 2946// 3080//
f 3080// 2946// 2944//
f 1829// 2156// 1668//
f 1668// 2156// 1899//
f 1217// 1411// 1899//
f 1899// 1411// 1481//
f 1899// 1481// 1668//
f 1900// 1686// 1482//
f 2156// 2944// 1899//
f 1899// 2944// 2946//
f 1899// 2946// 1217//
f 1217// 2946// 1900//
f 1217// 1900// 1393//
f 1393// 1900// 1482//
f 3082// 2949// 2946//
f 2946// 2949// 2160//
f 2946// 2160// 1900//
f 1900// 2160// 1830//
f 1900// 1830// 1686//
f 3440// 3279// 2937//
f 2937// 3279// 3078//
f 3438// 3440// 3277//
f 3277// 3440// 2937//
f 3277// 2937// 3076//
f 3076// 2937// 2935//
f 1827// 2146// 1667//
f 1667// 2146// 1897//
f 1215// 1410// 1897//
f 1897// 1410// 1479//
f 1897// 1479// 1667//
f 1898// 1685// 1480//
f 2146// 2935// 1897//
f 1897// 2935// 2937//
f 1897// 2937// 1215//
f 1215// 2937// 1898//
f 1215// 1898// 1392//
f 1392// 1898// 1480//
f 3078// 2940// 2937//
f 2937// 2940// 2150//
f 2937// 2150// 1898//
f 1898// 2150// 1828//
f 1898// 1828// 1685//
f 3436// 3275// 2928//
f 2928// 3275// 3074//
f 3434// 3436// 3273//
f 3273// 3436// 2928//
f 3273// 2928// 3072//
f 3072// 2928// 2926//
f 1825// 2136// 1666//
f 1666// 2136// 1895//
f 1213// 1409// 1895//
f 1895// 1409// 1477//
f 1895// 1477// 1666//
f 1896// 1684// 1478//
f 2136// 2926// 1895//
f 1895// 2926// 2928//
f 1895// 2928// 1213//
f 1213// 2928// 1896//
f 1213// 1896// 1391//
f 1391// 1896// 1478//
f 3074// 2931// 2928//
f 2928// 2931// 2140//
f 2928// 2140// 1896//
f 1896// 2140// 1826//
f 1896// 1826// 1684//
f 3432// 3271// 2919//
f 2919// 3271// 3070//
f 3430// 3432// 3269//
f 3269// 3432// 2919//
f 3269// 2919// 3068//
f 3068// 2919// 2917//
f 1823// 2126// 1665//
f 1665// 2126// 1893//
f 1211// 1408// 1893//
f 1893// 1408// 1475//
f 1893// 1475// 1665//
f 1894// 1683// 1476//
f 2126// 2917// 1893//
f 1893// 2917// 2919//
f 1893// 2919// 1211//
f 1211// 2919// 1894//
f 1211// 1894// 1390//
f 1390// 1894// 1476//
f 3070// 2922// 2919//
f 2919// 2922// 2130//
f 2919// 2130// 1894//
f 1894// 2130// 1824//
f 1894// 1824// 1683//
f 3428// 3267// 2910//
f 2910// 3267// 3066//
f 3426// 3428// 3265//
f 3265// 3428// 2910//
f 3265// 2910// 3064//
f 3064// 2910// 2908//
f 1821// 2116// 1664//
f 1664// 2116// 1891//
f 1209// 1407// 1891//
f 1891// 1407// 1473//
f 1891// 1473// 1664//
f 1892// 1682// 1474//
f 2116// 2908// 1891//
f 1891// 2908// 2910//
f 1891// 2910// 1209//
f 1209// 2910// 1892//
f 1209// 1892// 1389//
f 1389// 1892// 1474//
f 3066// 2913// 2910//
f 2910// 2913// 2120//
f 2910// 2120// 1892//
f 1892// 2120// 1822//
f 1892// 1822// 1682//
f 3424// 3263// 2901//
f 2901// 3263// 3062//
f 3422// 3424// 3261//
f 3261// 3424// 2901//
f 3261// 2901// 3060//
f 3060// 2901// 2899//
f 1819// 2106// 1663//
f 1663// 2106// 1889//
f 1207// 1406// 1889//
f 1889// 1406// 1471//
f 1889// 1471// 1663//
f 1890// 1681// 1472//
f 2106// 2899// 1889//
f 1889// 2899// 2901//
f 1889// 2901// 1207//
f 1207// 2901// 1890//
f 1207// 1890// 1388//
f 1388// 1890// 1472//
f 3062// 2904// 2901//
f 2901// 2904// 2110//
f 2901// 2110// 1890//
f 1890// 2110// 1820//
f 1890// 1820// 1681//
f 3420// 3259// 2892//
f 2892// 3259// 3058//
f 3418// 3420// 3257//
f 3257// 3420// 2892//
f 3257// 2892// 3056//
f 3056// 2892// 2890//
f 1817// 2096// 1662//
f 1662// 2096// 1887//
f 1204// 1405// 1887//
f 1887// 1405// 1469//
f 1887// 1469// 1662//
f 1888// 1680// 1470//
f 2096// 2890// 1887//
f 1887// 2890// 2892//
f 1887// 2892// 1204//
f 1204// 2892// 1888//
f 1204// 1888// 1387//
f 1387// 1888// 1470//
f 3058// 2895// 2892//
f 2892// 2895// 2100//
f 2892// 2100// 1888//
f 1888// 2100// 1818//
f 1888// 1818// 1680//
f 2089// 2885// 2881//
f 2881// 2885// 3135//
f 2881// 2084// 2089//
f 2089// 2084// 1923//
f 2089// 1923// 1925//
f 1925// 1923// 1565//
f 3133// 2881// 3338//
f 3338// 2881// 3135//
f 3338// 3135// 3497//
f 3497// 3135// 3340//
f 1565// 1315// 1925//
f 1925// 1315// 1317//
f 1925// 1317// 1567//
f 3398// 3193// 3028//
f 2254// 3032// 3028//
f 1627// 1377// 1985//
f 1985// 1377// 1380//
f 1985// 1380// 1630//
f 3028// 2249// 2254//
f 2254// 2249// 1985//
f 2254// 1985// 1988//
f 1988// 1985// 1630//
f 3528// 3398// 3400//
f 3400// 3398// 3028//
f 3400// 3028// 3195//
f 3195// 3028// 3032//
f 3394// 3189// 3020//
f 2243// 3024// 3020//
f 1621// 1371// 1979//
f 1979// 1371// 1374//
f 1979// 1374// 1624//
f 3020// 2238// 2243//
f 2243// 2238// 1979//
f 2243// 1979// 1982//
f 1982// 1979// 1624//
f 3526// 3394// 3396//
f 3396// 3394// 3020//
f 3396// 3020// 3191//
f 3191// 3020// 3024//
f 3390// 3185// 3011//
f 2228// 2232// 3011//
f 3011// 2232// 3016//
f 1619// 1977// 1369//
f 1369// 1977// 2232//
f 3524// 3390// 3392//
f 3392// 3390// 3011//
f 3392// 3011// 3187//
f 3187// 3011// 3016//
f 1367// 1369// 1617//
f 1617// 1369// 2232//
f 1617// 2232// 1975//
f 1975// 2232// 2228//
f 2222// 3007// 3002//
f 3002// 3007// 3183//
f 3002// 3183// 3388//
f 1613// 1363// 1971//
f 1971// 1363// 1365//
f 1971// 1365// 1615//
f 3002// 2218// 2222//
f 2222// 2218// 1971//
f 2222// 1971// 1973//
f 1973// 1971// 1615//
f 3388// 3522// 3002//
f 3002// 3522// 3386//
f 3002// 3386// 3181//
f 3382// 3177// 2993//
f 2212// 2998// 2993//
f 2993// 2208// 2212//
f 2212// 2208// 1967//
f 2212// 1967// 1609//
f 1611// 1969// 1361//
f 1361// 1969// 2212//
f 1361// 2212// 1359//
f 1359// 2212// 1609//
f 3520// 3382// 3384//
f 3384// 3382// 2993//
f 3384// 2993// 3179//
f 3179// 2993// 2998//
f 3378// 3173// 2984//
f 2989// 2984// 2202//
f 2202// 2984// 2198//
f 2202// 2198// 1963//
f 1963// 1605// 1355//
f 3518// 3378// 3380//
f 3380// 3378// 2984//
f 3380// 2984// 3175//
f 3175// 2984// 2989//
f 1965// 2202// 1607//
f 1607// 2202// 1963//
f 1607// 1963// 1357//
f 1357// 1963// 1355//
f 2188// 2192// 2975//
f 2975// 2192// 2980//
f 2975// 2980// 3171//
f 3169// 2975// 3374//
f 3374// 2975// 3171//
f 3374// 3171// 3516//
f 3516// 3171// 3376//
f 1601// 1351// 1353//
f 2188// 1959// 2192//
f 2192// 1959// 1601//
f 2192// 1601// 1961//
f 1961// 1601// 1353//
f 1961// 1353// 1603//
f 3165// 2966// 2971//
f 2971// 2966// 2182//
f 3514// 3370// 3372//
f 3372// 3370// 3165//
f 3372// 3165// 3167//
f 3167// 3165// 2971//
f 1597// 1347// 1955//
f 1955// 1347// 1349//
f 2966// 2178// 2182//
f 2182// 2178// 1955//
f 2182// 1955// 1957//
f 1957// 1955// 1349//
f 1957// 1349// 1599//
f 2943// 2948// 3163//
f 2948// 2943// 2159//
f 2943// 2155// 2159//
f 2159// 2155// 1951//
f 2159// 1951// 1593//
f 3161// 2943// 3366//
f 3366// 2943// 3163//
f 3366// 3163// 3511//
f 3511// 3163// 3368//
f 1595// 1953// 1345//
f 1345// 1953// 2159//
f 1345// 2159// 1343//
f 1343// 2159// 1593//
f 3157// 2934// 2939//
f 2939// 2934// 2149//
f 3509// 3362// 3364//
f 3364// 3362// 3157//
f 3364// 3157// 3159//
f 3159// 3157// 2939//
f 1589// 1339// 1947//
f 1947// 1339// 1341//
f 2934// 2145// 2149//
f 2149// 2145// 1947//
f 2149// 1947// 1949//
f 1949// 1947// 1341//
f 1949// 1341// 1591//
f 2925// 2930// 3155//
f 2930// 2925// 2139//
f 2925// 2135// 2139//
f 2139// 2135// 1943//
f 2139// 1943// 1945//
f 1945// 1943// 1585//
f 3153// 2925// 3358//
f 3358// 2925// 3155//
f 3358// 3155// 3507//
f 3507// 3155// 3360//
f 1585// 1335// 1945//
f 1945// 1335// 1337//
f 1945// 1337// 1587//
f 2916// 2125// 2129//
f 2129// 2125// 1939//
f 2129// 1939// 1581//
f 2129// 2921// 2916//
f 2916// 2921// 3151//
f 2916// 3151// 3356//
f 3356// 3505// 2916//
f 2916// 3505// 3354//
f 2916// 3354// 3149//
f 1583// 1941// 1333//
f 1333// 1941// 2129//
f 1333// 2129// 1331//
f 1331// 2129// 1581//
f 2119// 2912// 2907//
f 3352// 3503// 3350//
f 2907// 2115// 2119//
f 2119// 2115// 1935//
f 2119// 1935// 1577//
f 2912// 3147// 2907//
f 2907// 3147// 3352//
f 2907// 3352// 3145//
f 3145// 3352// 3350//
f 1579// 1937// 1329//
f 1329// 1937// 2119//
f 1329// 2119// 1327//
f 1327// 2119// 1577//
f 2903// 2898// 2109//
f 2109// 2898// 2105//
f 2109// 2105// 1931//
f 1931// 1573// 1323//
f 3348// 3501// 3346//
f 2903// 3143// 2898//
f 2898// 3143// 3348//
f 2898// 3348// 3141//
f 3141// 3348// 3346//
f 1933// 2109// 1575//
f 1575// 2109// 1931//
f 1575// 1931// 1325//
f 1325// 1931// 1323//
f 2889// 2095// 2099//
f 2099// 2095// 1927//
f 1927// 1569// 1319//
f 1929// 2099// 1571//
f 1571// 2099// 1927//
f 1571// 1927// 1321//
f 1321// 1927// 1319//
f 3499// 3342// 3344//
f 3344// 3342// 3137//
f 3344// 3137// 3139//
f 3139// 3137// 2889//
f 3139// 2889// 2894//
f 2894// 2889// 2099//
f 3410// 3409// 3408//
f 3408// 3409// 3407//
f 3410// 3408// 3512//
f 3404// 3406// 3405//
f 3403// 3404// 3402//
f 3402// 3404// 3405//
f 3402// 3405// 3401//
f 3401// 3492// 3402//
f 3402// 3492// 3493//
f 3402// 3493// 3403//
f 3493// 3495// 3403//
f 3403// 3495// 3494//
f 3403// 3494// 3404//
f 3406// 3404// 3494//
f 932// 930// 792//
f 792// 930// 852//
f 792// 852// 850//
f 764// 595// 790//
f 790// 595// 621//
f 928// 926// 850//
f 850// 926// 790//
f 850// 790// 792//
f 792// 790// 621//
f 792// 621// 815//
f 799// 612// 798//
f 798// 612// 611//
f 607// 784// 606//
f 606// 784// 783//
f 607// 596// 784//
f 784// 596// 765//
f 622// 612// 816//
f 816// 612// 799//
f 622// 816// 820//
f 622// 820// 629//
f 629// 820// 824//
f 629// 824// 635//
f 635// 824// 830//
f 635// 830// 642//
f 642// 830// 834//
f 642// 834// 649//
f 649// 834// 838//
f 649// 838// 654//
f 654// 838// 841//
f 654// 841// 657//
f 657// 841// 837//
f 657// 837// 653//
f 653// 837// 833//
f 653// 833// 648//
f 648// 833// 829//
f 648// 829// 641//
f 641// 829// 823//
f 641// 823// 634//
f 634// 823// 819//
f 634// 819// 628//
f 628// 819// 815//
f 628// 815// 621//
f 2671// 2571// 2635//
f 2635// 2640// 2671//
f 2671// 2640// 2668//
f 2671// 2668// 2819//
f 765// 596// 762//
f 762// 596// 593//
f 762// 593// 846//
f 846// 593// 681//
f 846// 681// 863//
f 863// 681// 750//
f 863// 750// 894//
f 894// 750// 877//
f 894// 877// 924//
f 924// 877// 920//
f 924// 920// 1726//
f 1726// 920// 1722//
f 1726// 1722// 2571//
f 2571// 1722// 2316//
f 2571// 2316// 2635//
f 2668// 2739// 2819//
f 2819// 2739// 2753//
f 2819// 2753// 2845//
f 2845// 2753// 2808//
f 2845// 2808// 2840//
f 595// 764// 592//
f 592// 764// 761//
f 592// 761// 682//
f 682// 761// 845//
f 682// 845// 751//
f 751// 845// 862//
f 751// 862// 878//
f 878// 862// 893//
f 878// 893// 919//
f 919// 893// 923//
f 919// 923// 1721//
f 1721// 923// 1725//
f 1721// 1725// 2314//
f 2314// 1725// 2570//
f 2314// 2570// 2649//
f 2649// 2570// 2670//
f 2649// 2670// 2752//
f 2752// 2670// 2817//
f 2752// 2817// 2807//
f 2807// 2817// 2844//
f 2807// 2844// 2802//
f 2808// 2803// 2840//
f 2840// 2803// 2797//
f 2840// 2797// 2834//
f 2834// 2797// 2793//
f 2834// 2793// 2830//
f 2830// 2793// 2789//
f 2830// 2789// 2826//
f 2826// 2789// 2785//
f 2826// 2785// 2822//
f 2822// 2785// 2788//
f 2822// 2788// 2825//
f 2825// 2788// 2792//
f 2825// 2792// 2829//
f 2829// 2792// 2796//
f 2829// 2796// 2833//
f 2833// 2796// 2802//
f 2833// 2802// 2839//
f 2839// 2802// 2844//
f 933// 931// 932//
f 932// 931// 930//
f 926// 928// 927//
f 927// 928// 929//
f 2867// 2866// 3540//
f 2867// 3540// 3541//
f 3541// 3540// 3576//
f 3541// 3576// 3577//
f 3577// 3576// 3852//
f 3577// 3852// 3853//
f 3853// 3852// 3854//
f 3853// 3854// 3855//
f 3855// 3854// 3578//
f 3855// 3578// 3579//
f 3579// 3578// 3542//
f 3579// 3542// 3543//
f 3543// 3542// 2868//
f 3543// 2868// 2869//
f 2015// 2041// 1445//
f 2015// 2040// 2041//
f 2041// 2040// 2642//
f 2041// 2642// 2647//
f 2642// 2646// 2647//
f 2647// 2646// 2852//
f 2647// 2852// 2861//
f 2852// 2860// 2861//
f 2861// 2860// 3200//
f 2861// 3200// 3537//
f 3200// 3536// 3537//
f 3537// 3536// 3554//
f 3537// 3554// 3558//
f 3554// 3557// 3558//
f 3558// 3557// 3568//
f 3558// 3568// 3570//
f 3568// 3569// 3570//
f 3570// 3569// 3567//
f 3570// 3567// 3556//
f 3567// 3555// 3556//
f 3556// 3555// 3553//
f 3556// 3553// 3535//
f 3553// 3534// 3535//
f 3535// 3534// 3199//
f 3535// 3199// 2858//
f 3199// 2857// 2858//
f 2858// 2857// 2851//
f 2858// 2851// 2645//
f 2851// 2644// 2645//
f 2645// 2644// 2641//
f 2645// 2641// 2039//
f 2641// 2038// 2039//
f 2039// 2038// 2014//
f 2039// 2014// 1445//
f 1445// 2014// 1444//
f 1445// 1444// 2015//
f 961// 2869// 960//
f 960// 2869// 2868//
f 851// 852// 930//
f 931// 960// 930//
f 930// 960// 2868//
f 930// 2868// 851//
f 850// 849// 928//
f 928// 849// 2866//
f 929// 928// 958//
f 958// 928// 2866//
f 958// 2866// 959//
f 959// 2866// 2867//
f 2728// 2526// 2730//
f 2730// 2526// 2528//
f 2730// 2528// 2732//
f 2732// 2528// 2530//
f 2732// 2530// 2734//
f 2734// 2530// 2532//
f 2734// 2532// 2736//
f 2736// 2532// 2534//
f 2736// 2534// 2737//
f 2737// 2534// 2535//
f 2737// 2535// 2735//
f 2735// 2535// 2533//
f 2735// 2533// 2733//
f 2733// 2533// 2531//
f 2733// 2531// 2731//
f 2731// 2531// 2529//
f 2731// 2529// 2729//
f 2729// 2529// 2527//
f 2729// 2527// 2727//
f 2727// 2527// 2525//
f 2727// 2525// 2726//
f 2726// 2525// 2524//
f 2726// 2524// 2728//
f 2728// 2524// 2526//
f 2742// 2542// 2744//
f 2744// 2542// 2544//
f 2744// 2544// 2746//
f 2746// 2544// 2546//
f 2746// 2546// 2748//
f 2748// 2546// 2548//
f 2748// 2548// 2750//
f 2750// 2548// 2550//
f 2750// 2550// 2751//
f 2751// 2550// 2551//
f 2751// 2551// 2749//
f 2749// 2551// 2549//
f 2749// 2549// 2747//
f 2747// 2549// 2547//
f 2747// 2547// 2745//
f 2745// 2547// 2545//
f 2745// 2545// 2743//
f 2743// 2545// 2543//
f 2743// 2543// 2741//
f 2741// 2543// 2541//
f 2741// 2541// 2740//
f 2740// 2541// 2540//
f 2740// 2540// 2742//
f 2742// 2540// 2542//
f 2520// 2534// 2516//
f 2516// 2534// 2532//
f 2516// 2532// 2512//
f 2512// 2532// 2530//
f 2512// 2530// 2508//
f 2508// 2530// 2528//
f 2508// 2528// 2504//
f 2504// 2528// 2526//
f 2504// 2526// 2500//
f 2500// 2526// 2524//
f 2500// 2524// 2503//
f 2503// 2524// 2525//
f 2503// 2525// 2507//
f 2507// 2525// 2527//
f 2507// 2527// 2511//
f 2511// 2527// 2529//
f 2511// 2529// 2515//
f 2515// 2529// 2531//
f 2515// 2531// 2519//
f 2519// 2531// 2533//
f 2519// 2533// 2522//
f 2522// 2533// 2535//
f 2522// 2535// 2520//
f 2520// 2535// 2534//
f 2518// 2550// 2514//
f 2514// 2550// 2548//
f 2514// 2548// 2510//
f 2510// 2548// 2546//
f 2510// 2546// 2506//
f 2506// 2546// 2544//
f 2506// 2544// 2502//
f 2502// 2544// 2542//
f 2502// 2542// 2499//
f 2499// 2542// 2540//
f 2499// 2540// 2501//
f 2501// 2540// 2541//
f 2501// 2541// 2505//
f 2505// 2541// 2543//
f 2505// 2543// 2509//
f 2509// 2543// 2545//
f 2509// 2545// 2513//
f 2513// 2545// 2547//
f 2513// 2547// 2517//
f 2517// 2547// 2549//
f 2517// 2549// 2521//
f 2521// 2549// 2551//
f 2521// 2551// 2518//
f 2518// 2551// 2550//
f 2504// 2349// 2508//
f 2508// 2349// 2359//
f 2508// 2359// 2512//
f 2512// 2359// 2391//
f 2512// 2391// 2516//
f 2516// 2391// 2417//
f 2516// 2417// 2520//
f 2520// 2417// 2425//
f 2520// 2425// 2522//
f 2522// 2425// 2431//
f 2522// 2431// 2519//
f 2519// 2431// 2424//
f 2519// 2424// 2515//
f 2515// 2424// 2416//
f 2515// 2416// 2511//
f 2511// 2416// 2386//
f 2511// 2386// 2507//
f 2507// 2386// 2358//
f 2507// 2358// 2503//
f 2503// 2358// 2348//
f 2503// 2348// 2500//
f 2500// 2348// 2343//
f 2500// 2343// 2504//
f 2504// 2343// 2349//
f 2502// 2347// 2506//
f 2506// 2347// 2357//
f 2506// 2357// 2510//
f 2510// 2357// 2385//
f 2510// 2385// 2514//
f 2514// 2385// 2415//
f 2514// 2415// 2518//
f 2518// 2415// 2423//
f 2518// 2423// 2521//
f 2521// 2423// 2430//
f 2521// 2430// 2517//
f 2517// 2430// 2422//
f 2517// 2422// 2513//
f 2513// 2422// 2414//
f 2513// 2414// 2509//
f 2509// 2414// 2380//
f 2509// 2380// 2505//
f 2505// 2380// 2356//
f 2505// 2356// 2501//
f 2501// 2356// 2346//
f 2501// 2346// 2499//
f 2499// 2346// 2342//
f 2499// 2342// 2502//
f 2502// 2342// 2347//
f 2347// 2342// 2338//
f 2431// 2425// 2433//
f 2433// 2425// 2417//
f 2432// 2430// 2433//
f 2433// 2430// 2423//
f 2433// 2423// 2431//
f 2338// 2342// 2340//
f 2340// 2342// 2346//
f 2340// 2346// 2354//
f 2354// 2346// 2356//
f 2354// 2356// 2392//
f 2392// 2356// 2380//
f 2392// 2380// 2428//
f 2428// 2380// 2414//
f 2428// 2414// 2432//
f 2432// 2414// 2422//
f 2432// 2422// 2430//
f 2348// 2337// 2343//
f 2343// 2337// 2339//
f 2343// 2339// 2349//
f 2349// 2339// 2341//
f 2349// 2341// 2359//
f 2359// 2341// 2355//
f 2359// 2355// 2391//
f 2391// 2355// 2393//
f 2391// 2393// 2417//
f 2417// 2393// 2429//
f 2417// 2429// 2433//
f 2358// 2334// 2348//
f 2348// 2334// 2335//
f 2348// 2335// 2337//
f 2338// 2336// 2347//
f 2347// 2336// 2334//
f 2347// 2334// 2357//
f 2357// 2334// 2358//
f 2357// 2358// 2385//
f 2385// 2358// 2386//
f 2385// 2386// 2415//
f 2415// 2386// 2416//
f 2415// 2416// 2423//
f 2423// 2416// 2424//
f 2423// 2424// 2431//
f 2069// 2076// 2304//
f 1758// 2068// 2072//
f 2072// 2068// 2311//
f 2072// 2311// 2324//
f 2324// 2311// 2454//
f 2324// 2454// 2552//
f 2552// 2454// 2537//
f 2552// 2537// 2624//
f 2435// 2332// 2333//
f 2624// 2537// 2568//
f 2568// 2537// 2457//
f 2568// 2457// 2473//
f 2473// 2457// 2435//
f 2473// 2435// 2451//
f 2451// 2435// 2333//
f 2451// 2333// 2433//
f 2327// 2330// 2319//
f 2319// 2330// 2323//
f 2319// 2323// 2313//
f 2313// 2323// 2312//
f 2330// 2453// 2323//
f 2323// 2453// 2329//
f 2323// 2329// 2312//
f 2312// 2329// 2318//
f 2311// 2318// 2454//
f 2454// 2318// 2329//
f 2454// 2329// 2537//
f 2537// 2329// 2453//
f 2537// 2453// 2457//
f 2457// 2453// 2330//
f 2457// 2330// 2435//
f 2435// 2330// 2327//
f 2435// 2327// 2332//
f 2065// 2063// 2069//
f 2069// 2304// 2065//
f 2065// 2304// 2305//
f 2065// 2305// 2067//
f 1756// 1753// 2067//
f 2067// 1753// 1751//
f 2067// 1751// 2065//
f 2065// 1751// 1750//
f 2065// 1750// 2063//
f 2063// 1750// 1719//
f 1758// 1756// 2068//
f 2068// 1756// 2067//
f 2068// 2067// 2311//
f 2311// 2067// 2305//
f 2311// 2305// 2318//
f 2318// 2305// 2304//
f 2318// 2304// 2312//
f 2312// 2304// 2076//
f 2312// 2076// 2313//
f 2432// 2450// 2448//
f 2432// 2448// 2428//
f 2428// 2448// 2446//
f 2428// 2446// 2392//
f 2392// 2446// 2444//
f 2392// 2444// 2354//
f 2354// 2444// 2442//
f 2354// 2442// 2340//
f 2340// 2442// 2440//
f 2340// 2440// 2338//
f 2338// 2440// 2438//
f 2338// 2438// 2336//
f 2336// 2438// 2436//
f 2336// 2436// 2334//
f 2334// 2436// 2437//
f 2334// 2437// 2335//
f 2335// 2437// 2439//
f 2335// 2439// 2337//
f 2337// 2439// 2441//
f 2337// 2441// 2339//
f 2339// 2441// 2443//
f 2339// 2443// 2341//
f 2341// 2443// 2445//
f 2341// 2445// 2355//
f 2355// 2445// 2447//
f 2355// 2447// 2393//
f 2393// 2447// 2449//
f 2393// 2449// 2429//
f 2429// 2449// 2451//
f 2429// 2451// 2433//
f 2622// 2624// 2568//
f 2568// 2566// 2622//
f 2622// 2566// 2564//
f 2622// 2564// 2620//
f 2620// 2564// 2562//
f 2620// 2562// 2618//
f 2618// 2562// 2560//
f 2618// 2560// 2616//
f 2616// 2560// 2558//
f 2616// 2558// 2614//
f 2614// 2558// 2556//
f 2614// 2556// 2612//
f 2612// 2556// 2554//
f 2612// 2554// 2610//
f 2610// 2554// 2553//
f 2610// 2553// 2609//
f 2609// 2553// 2555//
f 2609// 2555// 2611//
f 2611// 2555// 2557//
f 2611// 2557// 2613//
f 2613// 2557// 2559//
f 2613// 2559// 2615//
f 2615// 2559// 2561//
f 2615// 2561// 2617//
f 2617// 2561// 2563//
f 2617// 2563// 2619//
f 2619// 2563// 2565//
f 2619// 2565// 2621//
f 2621// 2565// 2567//
f 2621// 2567// 2623//
f 2450// 2472// 2448//
f 2448// 2472// 2470//
f 2448// 2470// 2446//
f 2446// 2470// 2468//
f 2446// 2468// 2444//
f 2444// 2468// 2466//
f 2444// 2466// 2442//
f 2442// 2466// 2464//
f 2442// 2464// 2440//
f 2440// 2464// 2462//
f 2440// 2462// 2438//
f 2438// 2462// 2460//
f 2438// 2460// 2436//
f 2436// 2460// 2458//
f 2436// 2458// 2437//
f 2437// 2458// 2459//
f 2437// 2459// 2439//
f 2439// 2459// 2461//
f 2439// 2461// 2441//
f 2441// 2461// 2463//
f 2441// 2463// 2443//
f 2443// 2463// 2465//
f 2443// 2465// 2445//
f 2445// 2465// 2467//
f 2445// 2467// 2447//
f 2447// 2467// 2469//
f 2447// 2469// 2449//
f 2449// 2469// 2471//
f 2449// 2471// 2451//
f 2451// 2471// 2473//
f 2472// 2567// 2470//
f 2470// 2567// 2565//
f 2470// 2565// 2468//
f 2468// 2565// 2563//
f 2468// 2563// 2466//
f 2466// 2563// 2561//
f 2466// 2561// 2464//
f 2464// 2561// 2559//
f 2464// 2559// 2462//
f 2462// 2559// 2557//
f 2462// 2557// 2460//
f 2460// 2557// 2555//
f 2460// 2555// 2458//
f 2458// 2555// 2553//
f 2458// 2553// 2459//
f 2459// 2553// 2554//
f 2459// 2554// 2461//
f 2461// 2554// 2556//
f 2461// 2556// 2463//
f 2463// 2556// 2558//
f 2463// 2558// 2465//
f 2465// 2558// 2560//
f 2465// 2560// 2467//
f 2467// 2560// 2562//
f 2467// 2562// 2469//
f 2469// 2562// 2564//
f 2469// 2564// 2471//
f 2471// 2564// 2566//
f 2471// 2566// 2473//
f 2473// 2566// 2568//
f 1812// 1718// 1749//
f 2523// 2623// 2536//
f 2536// 2623// 2567//
f 2536// 2567// 2472//
f 1749// 1752// 1814//
f 1754// 1755// 1919//
f 1812// 1813// 2064//
f 2064// 1813// 2071//
f 2064// 2071// 2070//
f 2309// 2306// 2071//
f 2071// 2306// 2074//
f 2071// 2074// 2070//
f 1752// 1754// 1814//
f 1814// 1754// 1919//
f 1814// 1919// 2073//
f 2073// 1919// 2075//
f 2073// 2075// 2315//
f 2315// 2075// 2322//
f 2315// 2322// 2326//
f 2326// 2322// 2474//
f 2326// 2474// 2452//
f 2452// 2474// 2456//
f 2450// 2432// 2434//
f 2434// 2432// 2331//
f 2434// 2331// 2328//
f 2328// 2331// 2325//
f 2328// 2325// 2321//
f 2321// 2325// 2320//
f 2321// 2320// 2309//
f 2309// 2320// 2307//
f 2309// 2307// 2306//
f 1812// 1749// 1813//
f 1813// 1749// 1814//
f 1813// 1814// 2071//
f 2071// 1814// 2073//
f 2071// 2073// 2309//
f 2309// 2073// 2315//
f 2309// 2315// 2321//
f 2321// 2315// 2326//
f 2321// 2326// 2328//
f 2328// 2326// 2452//
f 2328// 2452// 2434//
f 2434// 2452// 2456//
f 2434// 2456// 2450//
f 1755// 1757// 1919//
f 1919// 1757// 2016//
f 1919// 2016// 2075//
f 2075// 2016// 2310//
f 2075// 2310// 2322//
f 2322// 2310// 2523//
f 2322// 2523// 2474//
f 2474// 2523// 2536//
f 2474// 2536// 2456//
f 2456// 2536// 2472//
f 2456// 2472// 2450//
f 1720// 1721// 2314//
f 1720// 2314// 2455//
f 2455// 2314// 2649//
f 2455// 2649// 2654//
f 2654// 2649// 2752//
f 2654// 2752// 2754//
f 2754// 2752// 2807//
f 2754// 2807// 2806//
f 2802// 2796// 2799//
f 2785// 2789// 2786//
f 2806// 2807// 2805//
f 2805// 2807// 2802//
f 2805// 2802// 2801//
f 2801// 2802// 2799//
f 2786// 2789// 2790//
f 2790// 2789// 2793//
f 2790// 2793// 2794//
f 2794// 2793// 2797//
f 2794// 2797// 2798//
f 2786// 2784// 2785//
f 2785// 2784// 2783//
f 2785// 2783// 2788//
f 2788// 2783// 2787//
f 2788// 2787// 2792//
f 2792// 2787// 2791//
f 2792// 2791// 2796//
f 2796// 2791// 2795//
f 2796// 2795// 2799//
f 2798// 2797// 2800//
f 2800// 2797// 2803//
f 2800// 2803// 2804//
f 2804// 2803// 2808//
f 2804// 2808// 2809//
f 2809// 2808// 2782//
f 2782// 2808// 2753//
f 2782// 2753// 2738//
f 2738// 2753// 2739//
f 2738// 2739// 2655//
f 2655// 2739// 2668//
f 2655// 2668// 2634//
f 1722// 1723// 2316//
f 2316// 1723// 2308//
f 2316// 2308// 2635//
f 2635// 2308// 2634//
f 2635// 2634// 2640//
f 2640// 2634// 2668//
f 1025// 1027// 733//
f 1758// 1027// 1756//
f 1756// 1027// 1025//
f 1756// 1025// 1023//
f 1019// 1719// 1750//
f 1019// 1750// 1021//
f 1021// 1750// 1751//
f 1021// 1751// 1023//
f 1023// 1751// 1753//
f 1023// 1753// 1756//
f 733// 727// 1025//
f 1025// 727// 724//
f 1025// 724// 1023//
f 1023// 724// 722//
f 1023// 722// 1021//
f 1021// 722// 721//
f 1021// 721// 1019//
f 2064// 2063// 1812//
f 1812// 2063// 1719//
f 1812// 1719// 1718//
f 2064// 2070// 2063//
f 2063// 2070// 2074//
f 2063// 2074// 2069//
f 2069// 2074// 2306//
f 2069// 2306// 2076//
f 2076// 2306// 2307//
f 2432// 2433// 2331//
f 2331// 2433// 2333//
f 2331// 2333// 2325//
f 2333// 2332// 2325//
f 2325// 2332// 2327//
f 2325// 2327// 2320//
f 2320// 2327// 2319//
f 2320// 2319// 2307//
f 2307// 2319// 2313//
f 2307// 2313// 2076//
f 736// 737// 1028//
f 1020// 726// 734//
f 1024// 1749// 1022//
f 1022// 1749// 1718//
f 1022// 1718// 1020//
f 1020// 734// 1022//
f 1022// 734// 735//
f 1022// 735// 1024//
f 1024// 735// 736//
f 1024// 736// 1026//
f 1026// 736// 1028//
f 1026// 1028// 1757//
f 1757// 1755// 1026//
f 1026// 1755// 1754//
f 1026// 1754// 1024//
f 1024// 1754// 1752//
f 1024// 1752// 1749//
f 686// 679// 737//
f 737// 701// 686//
f 686// 701// 707//
f 686// 707// 692//
f 692// 707// 711//
f 692// 711// 697//
f 697// 711// 720//
f 697// 720// 699//
f 737// 736// 701//
f 701// 736// 735//
f 701// 735// 707//
f 707// 735// 734//
f 707// 734// 711//
f 711// 734// 726//
f 711// 726// 720//
f 1721// 1720// 919//
f 919// 1720// 918//
f 920// 921// 1722//
f 1722// 921// 1723//
f 2072// 2308// 1758//
f 1758// 2308// 1723//
f 1758// 1723// 1027//
f 1027// 1723// 921//
f 1027// 921// 733//
f 733// 921// 880//
f 733// 880// 725//
f 2552// 2738// 2324//
f 2324// 2738// 2655//
f 2324// 2655// 2072//
f 2072// 2655// 2634//
f 2072// 2634// 2308//
f 2523// 2310// 2654//
f 723// 879// 737//
f 737// 879// 918//
f 2654// 2310// 2455//
f 2455// 2310// 2016//
f 2455// 2016// 1720//
f 1720// 2016// 1757//
f 1720// 1757// 918//
f 918// 1757// 1028//
f 918// 1028// 737//
f 2654// 2754// 2523//
f 2523// 2754// 2806//
f 2523// 2806// 2623//
f 2623// 2806// 2805//
f 2623// 2805// 2621//
f 2621// 2805// 2801//
f 2621// 2801// 2619//
f 2619// 2801// 2799//
f 2619// 2799// 2617//
f 2617// 2799// 2795//
f 2617// 2795// 2615//
f 2615// 2795// 2791//
f 2615// 2791// 2613//
f 2613// 2791// 2787//
f 2613// 2787// 2611//
f 2611// 2787// 2783//
f 2611// 2783// 2609//
f 2609// 2783// 2784//
f 2609// 2784// 2610//
f 2610// 2784// 2786//
f 2610// 2786// 2612//
f 2612// 2786// 2790//
f 2612// 2790// 2614//
f 2614// 2790// 2794//
f 2614// 2794// 2616//
f 2616// 2794// 2798//
f 2616// 2798// 2618//
f 2618// 2798// 2800//
f 2618// 2800// 2620//
f 2620// 2800// 2622//
f 2622// 2800// 2804//
f 2622// 2804// 2624//
f 2624// 2804// 2809//
f 2624// 2809// 2552//
f 2552// 2809// 2782//
f 2552// 2782// 2738//
f 719// 721// 722//
f 719// 722// 710//
f 710// 722// 724//
f 710// 724// 706//
f 706// 724// 727//
f 706// 727// 700//
f 700// 727// 733//
f 700// 733// 678//
f 678// 689// 700//
f 700// 689// 691//
f 700// 691// 706//
f 706// 691// 694//
f 706// 694// 710//
f 710// 694// 698//
f 710// 698// 719//
f 713// 754// 554//
f 554// 754// 582//
f 554// 582// 429//
f 1019// 755// 1719//
f 1719// 755// 872//
f 1719// 872// 888//
f 870// 887// 1004//
f 1004// 887// 1718//
f 1004// 1718// 1005//
f 1005// 1718// 1719//
f 1005// 1719// 965//
f 965// 1719// 901//
f 901// 1719// 888//
f 901// 888// 713//
f 713// 888// 871//
f 713// 871// 754//
f 887// 869// 1718//
f 1718// 869// 752//
f 1718// 752// 1020//
f 583// 534// 377//
f 583// 377// 529//
f 514// 580// 394//
f 394// 580// 526//
f 394// 526// 207//
f 207// 526// 162//
f 162// 526// 456//
f 162// 456// 124//
f 429// 582// 363//
f 363// 582// 528//
f 363// 528// 458//
f 1019// 721// 755//
f 755// 721// 719//
f 755// 719// 583//
f 583// 719// 698//
f 583// 698// 534//
f 514// 699// 580//
f 580// 699// 720//
f 580// 720// 752//
f 752// 720// 726//
f 752// 726// 1020//
f 1004// 964// 870//
f 870// 964// 900//
f 870// 900// 753//
f 753// 900// 712//
f 753// 712// 581//
f 581// 712// 553//
f 581// 553// 527//
f 527// 553// 428//
f 527// 428// 457//
f 457// 428// 441//
f 456// 441// 124//
f 124// 441// 428//
f 124// 428// 118//
f 118// 428// 112//
f 377// 220// 529//
f 529// 220// 204//
f 529// 204// 459//
f 428// 362// 112//
f 112// 362// 275//
f 112// 275// 113//
f 113// 275// 276//
f 204// 164// 459//
f 459// 164// 159//
f 459// 159// 442//
f 276// 363// 113//
f 113// 363// 458//
f 113// 458// 117//
f 117// 458// 442//
f 117// 442// 120//
f 120// 442// 159//
f 679// 686// 535//
f 535// 686// 506//
f 535// 506// 373//
f 373// 506// 381//
f 373// 381// 219//
f 219// 381// 203//
f 219// 203// 200//
f 200// 203// 177//
f 177// 203// 157//
f 177// 157// 155//
f 155// 157// 119//
f 155// 119// 116//
f 116// 119// 97//
f 116// 97// 95//
f 95// 97// 72//
f 72// 97// 59//
f 72// 59// 1//
f 697// 699// 510//
f 510// 699// 514//
f 510// 514// 388//
f 388// 514// 394//
f 388// 394// 206//
f 206// 394// 207//
f 206// 207// 160//
f 160// 207// 162//
f 160// 162// 123//
f 123// 162// 124//
f 123// 124// 115//
f 115// 124// 118//
f 115// 118// 92//
f 92// 118// 112//
f 692// 697// 509//
f 509// 697// 510//
f 509// 510// 382//
f 382// 510// 388//
f 382// 388// 205//
f 205// 388// 206//
f 205// 206// 158//
f 158// 206// 160//
f 158// 160// 122//
f 122// 160// 123//
f 122// 123// 99//
f 99// 123// 115//
f 99// 115// 70//
f 70// 115// 92//
f 686// 692// 506//
f 506// 692// 509//
f 506// 509// 381//
f 381// 509// 382//
f 381// 382// 203//
f 203// 382// 205//
f 203// 205// 157//
f 157// 205// 158//
f 157// 158// 119//
f 119// 158// 122//
f 119// 122// 97//
f 97// 122// 99//
f 97// 99// 59//
f 59// 99// 70//
f 737// 679// 723//
f 723// 679// 670//
f 723// 670// 671//
f 591// 592// 682//
f 591// 682// 671//
f 671// 682// 751//
f 671// 751// 723//
f 723// 751// 878//
f 723// 878// 879//
f 879// 878// 919//
f 879// 919// 918//
f 230// 225// 229//
f 511// 471// 536//
f 536// 471// 548//
f 536// 548// 547//
f 616// 617// 547//
f 547// 548// 616//
f 616// 548// 552//
f 616// 552// 615//
f 552// 557// 615//
f 615// 557// 558//
f 615// 558// 614//
f 610// 613// 564//
f 564// 613// 559//
f 503// 504// 560//
f 434// 435// 504//
f 313// 316// 372//
f 262// 266// 272//
f 432// 433// 475//
f 475// 433// 503//
f 475// 503// 559//
f 559// 503// 560//
f 559// 560// 564//
f 613// 614// 559//
f 559// 614// 558//
f 559// 558// 475//
f 475// 558// 557//
f 475// 557// 432//
f 432// 557// 552//
f 432// 552// 427//
f 427// 552// 548//
f 427// 548// 426//
f 426// 548// 471//
f 426// 471// 424//
f 366// 368// 398//
f 398// 368// 399//
f 398// 399// 434//
f 434// 399// 421//
f 434// 421// 435//
f 268// 269// 308//
f 308// 269// 313//
f 308// 313// 371//
f 371// 313// 372//
f 371// 372// 403//
f 324// 250// 353//
f 353// 250// 264//
f 353// 264// 354//
f 354// 264// 268//
f 354// 268// 366//
f 366// 268// 308//
f 366// 308// 368//
f 368// 308// 371//
f 368// 371// 399//
f 399// 371// 403//
f 399// 403// 421//
f 317// 238// 324//
f 324// 238// 243//
f 324// 243// 250//
f 260// 266// 254//
f 254// 266// 262//
f 254// 262// 248//
f 243// 235// 250//
f 250// 235// 242//
f 250// 242// 264//
f 264// 242// 248//
f 264// 248// 268//
f 268// 248// 262//
f 268// 262// 269//
f 269// 262// 272//
f 269// 272// 313//
f 313// 272// 304//
f 313// 304// 316//
f 504// 503// 434//
f 434// 503// 433//
f 434// 433// 398//
f 398// 433// 432//
f 398// 432// 366//
f 366// 432// 427//
f 366// 427// 354//
f 354// 427// 426//
f 354// 426// 353//
f 353// 426// 424//
f 353// 424// 324//
f 324// 424// 408//
f 324// 408// 317//
f 317// 408// 310//
f 317// 310// 238//
f 238// 310// 230//
f 238// 230// 243//
f 243// 230// 229//
f 243// 229// 235//
f 258// 260// 254//
f 258// 254// 253//
f 253// 254// 248//
f 253// 248// 247//
f 247// 248// 242//
f 247// 242// 241//
f 241// 242// 235//
f 241// 235// 234//
f 234// 235// 229//
f 234// 229// 228//
f 228// 229// 225//
f 228// 225// 223//
f 257// 258// 253//
f 256// 257// 252//
f 257// 253// 252//
f 252// 253// 247//
f 252// 247// 246//
f 246// 247// 241//
f 246// 241// 240//
f 240// 241// 234//
f 240// 234// 233//
f 233// 234// 228//
f 233// 228// 227//
f 227// 228// 223//
f 227// 223// 222//
f 256// 252// 251//
f 251// 252// 246//
f 251// 246// 245//
f 245// 246// 240//
f 245// 240// 239//
f 239// 240// 233//
f 239// 233// 232//
f 232// 233// 227//
f 232// 227// 226//
f 226// 227// 222//
f 226// 222// 224//
f 318// 319// 274//
f 605// 562// 561//
f 562// 605// 608//
f 516// 600// 472//
f 472// 600// 601//
f 472// 601// 473//
f 473// 601// 602//
f 473// 602// 474//
f 474// 602// 603//
f 231// 236// 267//
f 376// 405// 406//
f 406// 405// 436//
f 406// 436// 438//
f 436// 505// 438//
f 438// 505// 507//
f 438// 507// 446//
f 446// 507// 508//
f 402// 474// 502//
f 502// 474// 603//
f 502// 603// 561//
f 561// 603// 604//
f 561// 604// 605//
f 249// 261// 251//
f 251// 261// 263//
f 251// 263// 256//
f 245// 239// 244//
f 244// 239// 232//
f 244// 232// 237//
f 237// 232// 226//
f 237// 226// 231//
f 231// 226// 224//
f 231// 224// 236//
f 303// 314// 270//
f 270// 314// 273//
f 270// 273// 265//
f 320// 379// 267//
f 267// 379// 271//
f 267// 271// 231//
f 231// 271// 279//
f 231// 279// 237//
f 237// 279// 292//
f 237// 292// 244//
f 244// 292// 249//
f 244// 249// 245//
f 245// 249// 251//
f 379// 391// 271//
f 271// 391// 396//
f 271// 396// 279//
f 279// 396// 397//
f 279// 397// 292//
f 292// 397// 303//
f 292// 303// 249//
f 249// 303// 270//
f 249// 270// 261//
f 261// 270// 265//
f 261// 265// 263//
f 446// 439// 438//
f 438// 439// 407//
f 438// 407// 406//
f 406// 407// 404//
f 406// 404// 376//
f 376// 404// 378//
f 376// 378// 359//
f 409// 472// 391//
f 391// 472// 473//
f 391// 473// 396//
f 396// 473// 474//
f 396// 474// 397//
f 397// 474// 402//
f 397// 402// 303//
f 303// 402// 375//
f 303// 375// 314//
f 314// 375// 318//
f 314// 318// 273//
f 273// 318// 274//
f 273// 274// 265//
f 608// 508// 562//
f 562// 508// 507//
f 562// 507// 561//
f 561// 507// 505//
f 561// 505// 502//
f 502// 505// 436//
f 502// 436// 402//
f 402// 436// 405//
f 402// 405// 375//
f 375// 405// 376//
f 375// 376// 318//
f 318// 376// 359//
f 318// 359// 319//
f 534// 698// 694//
f 58// 2// 71//
f 121// 109// 94//
f 94// 109// 91//
f 94// 91// 58//
f 121// 152// 161//
f 161// 152// 163//
f 161// 163// 196//
f 196// 163// 197//
f 196// 197// 221//
f 221// 197// 358//
f 221// 358// 355//
f 355// 358// 425//
f 98// 114// 156//
f 93// 114// 73//
f 73// 114// 98//
f 73// 98// 71//
f 377// 534// 374//
f 374// 534// 694//
f 374// 694// 691//
f 377// 374// 220//
f 220// 374// 199//
f 220// 199// 204//
f 678// 425// 689//
f 689// 425// 358//
f 689// 358// 367//
f 367// 358// 197//
f 204// 199// 164//
f 164// 199// 156//
f 164// 156// 159//
f 121// 94// 152//
f 152// 94// 154//
f 152// 154// 163//
f 163// 154// 165//
f 163// 165// 197//
f 197// 165// 198//
f 197// 198// 367//
f 159// 156// 120//
f 120// 156// 114//
f 120// 114// 117//
f 117// 114// 93//
f 117// 93// 113//
f 58// 71// 94//
f 94// 71// 98//
f 94// 98// 154//
f 154// 98// 156//
f 154// 156// 165//
f 165// 156// 199//
f 165// 199// 198//
f 198// 199// 374//
f 198// 374// 367//
f 367// 374// 691//
f 367// 691// 689//
f 921// 920// 877//
f 921// 877// 880//
f 880// 877// 750//
f 880// 750// 725//
f 725// 750// 681//
f 725// 681// 672//
f 593// 594// 681//
f 681// 594// 669//
f 681// 669// 672//
f 678// 733// 672//
f 672// 733// 725//
f 485// 487// 482//
f 482// 487// 488//
f 482// 488// 486//
f 478// 480// 482//
f 482// 480// 483//
f 482// 483// 485//
f 479// 477// 482//
f 482// 477// 476//
f 482// 476// 478//
f 486// 484// 482//
f 482// 484// 481//
f 482// 481// 479//
f 498// 500// 495//
f 495// 500// 501//
f 495// 501// 499//
f 491// 493// 495//
f 495// 493// 496//
f 495// 496// 498//
f 492// 490// 495//
f 495// 490// 489//
f 495// 489// 491//
f 499// 497// 495//
f 495// 497// 494//
f 495// 494// 492//
f 70// 92// 93//
f 93// 92// 112//
f 93// 112// 113//
f 93// 73// 70//
f 70// 73// 71//
f 70// 71// 59//
f 59// 71// 2//
f 59// 2// 1//
f 535// 373// 380//
f 72// 1// 4//
f 72// 4// 95//
f 116// 96// 155//
f 155// 96// 153//
f 155// 153// 177//
f 177// 153// 201//
f 177// 201// 200//
f 380// 373// 201//
f 201// 373// 219//
f 201// 219// 200//
f 679// 535// 670//
f 670// 535// 380//
f 670// 380// 671//
f 671// 380// 591//
f 5// 64// 4//
f 4// 64// 96//
f 4// 96// 95//
f 95// 96// 116//
f 64// 105// 96//
f 96// 105// 144//
f 96// 144// 153//
f 153// 144// 169//
f 153// 169// 201//
f 169// 202// 201//
f 201// 202// 211//
f 201// 211// 380//
f 380// 211// 295//
f 380// 295// 591//
f 591// 295// 464//
f 591// 464// 597//
f 466// 609// 599//
f 19// 22// 66//
f 170// 144// 145//
f 145// 144// 105//
f 145// 105// 106//
f 106// 105// 64//
f 106// 64// 65//
f 65// 64// 5//
f 65// 5// 19//
f 19// 66// 65//
f 65// 66// 103//
f 65// 103// 106//
f 106// 103// 146//
f 106// 146// 145//
f 145// 146// 171//
f 145// 171// 170//
f 170// 171// 213//
f 170// 213// 212//
f 212// 213// 297//
f 212// 297// 296//
f 296// 297// 466//
f 296// 466// 465//
f 465// 466// 599//
f 465// 599// 597//
f 597// 464// 465//
f 465// 464// 295//
f 465// 295// 296//
f 296// 295// 211//
f 296// 211// 212//
f 212// 211// 202//
f 212// 202// 170//
f 170// 202// 169//
f 170// 169// 144//
f 468// 619// 618//
f 24// 37// 68//
f 88// 104// 68//
f 68// 104// 67//
f 68// 67// 24//
f 88// 107// 104//
f 104// 107// 148//
f 104// 148// 147//
f 147// 148// 173//
f 147// 173// 172//
f 172// 173// 193//
f 172// 193// 214//
f 193// 215// 214//
f 214// 215// 299//
f 214// 299// 298//
f 298// 299// 468//
f 298// 468// 467//
f 467// 468// 618//
f 467// 618// 609//
f 609// 466// 467//
f 467// 466// 297//
f 467// 297// 298//
f 298// 297// 213//
f 298// 213// 214//
f 214// 213// 171//
f 214// 171// 172//
f 172// 171// 146//
f 172// 146// 147//
f 147// 146// 103//
f 147// 103// 104//
f 104// 103// 66//
f 104// 66// 67//
f 67// 66// 22//
f 67// 22// 24//
f 44// 45// 75//
f 216// 300// 350//
f 469// 620// 623//
f 344// 627// 624//
f 337// 631// 627//
f 633// 631// 332//
f 332// 631// 337//
f 332// 337// 183//
f 330// 637// 633//
f 640// 637// 331//
f 331// 637// 330//
f 331// 330// 179//
f 181// 338// 334//
f 334// 338// 644//
f 334// 644// 640//
f 185// 343// 340//
f 340// 343// 650//
f 340// 650// 646//
f 346// 656// 652//
f 352// 661// 349//
f 349// 661// 659//
f 349// 659// 656//
f 660// 663// 352//
f 352// 663// 662//
f 352// 662// 661//
f 638// 329// 636//
f 636// 329// 335//
f 636// 335// 632//
f 632// 335// 630//
f 630// 335// 342//
f 630// 342// 626//
f 626// 342// 625//
f 625// 342// 350//
f 625// 350// 623//
f 623// 350// 300//
f 623// 300// 469//
f 468// 299// 348//
f 348// 299// 215//
f 348// 215// 190//
f 215// 193// 190//
f 190// 193// 173//
f 190// 173// 138//
f 139// 149// 191//
f 191// 149// 174//
f 191// 174// 194//
f 39// 38// 69//
f 194// 216// 191//
f 191// 216// 350//
f 191// 350// 186//
f 186// 350// 342//
f 186// 342// 182//
f 182// 342// 335//
f 182// 335// 178//
f 178// 335// 329//
f 178// 329// 180//
f 76// 48// 74//
f 74// 48// 46//
f 74// 46// 78//
f 78// 46// 43//
f 78// 43// 82//
f 82// 43// 39//
f 82// 39// 87//
f 87// 39// 69//
f 87// 69// 108//
f 638// 639// 329//
f 329// 639// 333//
f 329// 333// 180//
f 180// 333// 336//
f 180// 336// 184//
f 345// 188// 341//
f 341// 188// 184//
f 341// 184// 339//
f 339// 184// 336//
f 139// 191// 134//
f 134// 191// 186//
f 134// 186// 129//
f 129// 186// 182//
f 129// 182// 125//
f 125// 182// 178//
f 125// 178// 127//
f 127// 178// 180//
f 127// 180// 132//
f 132// 180// 184//
f 132// 184// 136//
f 136// 184// 188//
f 136// 188// 140//
f 108// 149// 87//
f 87// 149// 139//
f 87// 139// 82//
f 82// 139// 134//
f 82// 134// 78//
f 78// 134// 129//
f 78// 129// 74//
f 74// 129// 125//
f 74// 125// 76//
f 76// 125// 127//
f 76// 127// 80//
f 80// 127// 132//
f 80// 132// 84//
f 84// 132// 136//
f 84// 136// 89//
f 89// 136// 140//
f 89// 140// 90//
f 656// 346// 349//
f 349// 346// 189//
f 349// 189// 352//
f 51// 54// 85//
f 85// 54// 90//
f 85// 90// 141//
f 141// 90// 140//
f 141// 140// 192//
f 192// 140// 188//
f 192// 188// 347//
f 347// 188// 345//
f 54// 55// 90//
f 90// 55// 57//
f 90// 57// 89//
f 89// 57// 56//
f 89// 56// 84//
f 84// 56// 53//
f 84// 53// 80//
f 80// 53// 52//
f 80// 52// 76//
f 76// 52// 49//
f 76// 49// 48//
f 133// 189// 185//
f 185// 189// 346//
f 185// 346// 343//
f 343// 346// 652//
f 343// 652// 650//
f 50// 51// 81//
f 81// 51// 85//
f 81// 85// 137//
f 137// 85// 141//
f 137// 141// 195//
f 195// 141// 192//
f 195// 192// 351//
f 351// 192// 347//
f 77// 133// 128//
f 128// 133// 185//
f 128// 185// 181//
f 181// 185// 340//
f 181// 340// 338//
f 338// 340// 646//
f 338// 646// 644//
f 47// 50// 77//
f 77// 50// 81//
f 77// 81// 133//
f 133// 81// 137//
f 133// 137// 189//
f 189// 137// 195//
f 189// 195// 352//
f 352// 195// 351//
f 352// 351// 660//
f 660// 351// 347//
f 660// 347// 658//
f 658// 347// 345//
f 658// 345// 655//
f 655// 345// 341//
f 655// 341// 651//
f 651// 341// 339//
f 651// 339// 647//
f 647// 339// 336//
f 647// 336// 645//
f 645// 336// 333//
f 645// 333// 643//
f 643// 333// 639//
f 640// 331// 334//
f 334// 331// 179//
f 334// 179// 181//
f 181// 179// 126//
f 181// 126// 128//
f 128// 126// 75//
f 128// 75// 77//
f 77// 75// 45//
f 77// 45// 47//
f 633// 332// 330//
f 330// 332// 183//
f 330// 183// 179//
f 179// 183// 130//
f 179// 130// 126//
f 126// 130// 79//
f 126// 79// 75//
f 75// 79// 42//
f 75// 42// 44//
f 83// 40// 41//
f 627// 344// 337//
f 337// 344// 187//
f 337// 187// 183//
f 183// 187// 135//
f 183// 135// 130//
f 130// 135// 83//
f 130// 83// 79//
f 79// 83// 41//
f 79// 41// 42//
f 173// 148// 138//
f 138// 148// 107//
f 138// 107// 86//
f 86// 107// 88//
f 86// 88// 68//
f 37// 40// 68//
f 68// 40// 83//
f 68// 83// 86//
f 86// 83// 135//
f 86// 135// 138//
f 138// 135// 187//
f 138// 187// 190//
f 190// 187// 344//
f 190// 344// 348//
f 348// 344// 624//
f 348// 624// 468//
f 468// 624// 619//
f 536// 547// 455//
f 455// 547// 617//
f 455// 617// 620//
f 408// 424// 294//
f 294// 424// 471//
f 294// 471// 455//
f 455// 471// 511//
f 455// 511// 536//
f 209// 223// 225//
f 210// 230// 294//
f 294// 230// 310//
f 294// 310// 408//
f 23// 21// 62//
f 168// 149// 143//
f 143// 149// 108//
f 143// 108// 102//
f 102// 108// 69//
f 102// 69// 63//
f 63// 69// 38//
f 63// 38// 23//
f 23// 62// 63//
f 63// 62// 101//
f 63// 101// 102//
f 102// 101// 142//
f 102// 142// 143//
f 143// 142// 167//
f 143// 167// 168//
f 168// 167// 209//
f 168// 209// 210//
f 210// 209// 225//
f 210// 225// 230//
f 620// 469// 455//
f 455// 469// 300//
f 455// 300// 294//
f 294// 300// 216//
f 294// 216// 210//
f 210// 216// 194//
f 210// 194// 168//
f 168// 194// 174//
f 168// 174// 149//
f 222// 223// 209//
f 208// 293// 320//
f 320// 267// 208//
f 208// 267// 236//
f 208// 236// 224//
f 454// 516// 293//
f 293// 516// 472//
f 293// 472// 409//
f 409// 391// 293//
f 293// 391// 379//
f 293// 379// 320//
f 60// 20// 6//
f 62// 21// 20//
f 20// 60// 62//
f 62// 60// 100//
f 62// 100// 101//
f 101// 100// 131//
f 101// 131// 142//
f 142// 131// 166//
f 142// 166// 167//
f 167// 166// 208//
f 167// 208// 209//
f 209// 208// 224//
f 209// 224// 222//
f 6// 61// 60//
f 60// 61// 111//
f 60// 111// 100//
f 100// 111// 151//
f 100// 151// 131//
f 131// 151// 176//
f 131// 176// 166//
f 166// 176// 218//
f 166// 218// 208//
f 208// 218// 325//
f 208// 325// 293//
f 293// 325// 598//
f 293// 598// 454//
f 454// 598// 600//
f 454// 600// 516//
f 672// 669// 323//
f 323// 669// 594//
f 678// 672// 425//
f 425// 672// 323//
f 425// 323// 355//
f 355// 323// 221//
f 323// 217// 221//
f 221// 217// 175//
f 221// 175// 196//
f 196// 175// 150//
f 196// 150// 161//
f 161// 150// 121//
f 121// 150// 110//
f 121// 110// 109//
f 3// 2// 58//
f 3// 58// 110//
f 110// 58// 91//
f 110// 91// 109//
f 6// 3// 61//
f 61// 3// 110//
f 61// 110// 111//
f 111// 110// 150//
f 111// 150// 151//
f 151// 150// 175//
f 151// 175// 176//
f 176// 175// 217//
f 176// 217// 218//
f 218// 217// 323//
f 218// 323// 325//
f 325// 323// 594//
f 325// 594// 598//
f 18// 488// 17//
f 17// 488// 487//
f 17// 487// 15//
f 15// 487// 485//
f 15// 485// 13//
f 13// 485// 483//
f 13// 483// 11//
f 11// 483// 480//
f 11// 480// 9//
f 9// 480// 478//
f 9// 478// 7//
f 7// 478// 476//
f 7// 476// 8//
f 8// 476// 477//
f 8// 477// 10//
f 10// 477// 479//
f 10// 479// 12//
f 12// 479// 481//
f 12// 481// 14//
f 14// 481// 484//
f 14// 484// 16//
f 16// 484// 486//
f 16// 486// 18//
f 18// 486// 488//
f 36// 501// 35//
f 35// 501// 500//
f 35// 500// 33//
f 33// 500// 498//
f 33// 498// 31//
f 31// 498// 496//
f 31// 496// 29//
f 29// 496// 493//
f 29// 493// 27//
f 27// 493// 491//
f 27// 491// 25//
f 25// 491// 489//
f 25// 489// 26//
f 26// 489// 490//
f 26// 490// 28//
f 28// 490// 492//
f 28// 492// 30//
f 30// 492// 494//
f 30// 494// 32//
f 32// 494// 497//
f 32// 497// 34//
f 34// 497// 499//
f 34// 499// 36//
f 36// 499// 501//
f 12// 14// 29//
f 29// 14// 31//
f 3// 6// 11//
f 29// 27// 12//
f 12// 27// 25//
f 12// 25// 26//
f 11// 6// 13//
f 13// 6// 20//
f 13// 20// 15//
f 1// 7// 4//
f 4// 7// 8//
f 4// 8// 5//
f 5// 8// 10//
f 5// 10// 19//
f 19// 10// 12//
f 19// 12// 22//
f 22// 12// 26//
f 22// 26// 24//
f 14// 16// 31//
f 31// 16// 18//
f 31// 18// 17//
f 1// 2// 7//
f 7// 2// 3//
f 7// 3// 9//
f 9// 3// 11//
f 46// 48// 36//
f 36// 48// 49//
f 15// 20// 17//
f 17// 20// 21//
f 17// 21// 31//
f 31// 21// 23//
f 31// 23// 33//
f 33// 23// 38//
f 33// 38// 35//
f 35// 38// 39//
f 35// 39// 36//
f 36// 39// 43//
f 36// 43// 46//
f 49// 52// 36//
f 36// 52// 53//
f 36// 53// 56//
f 56// 57// 36//
f 36// 57// 55//
f 36// 55// 54//
f 44// 36// 45//
f 45// 36// 47//
f 54// 51// 36//
f 36// 51// 50//
f 36// 50// 47//
f 26// 28// 24//
f 24// 28// 30//
f 24// 30// 37//
f 37// 30// 32//
f 37// 32// 40//
f 40// 32// 34//
f 40// 34// 41//
f 41// 34// 36//
f 41// 36// 42//
f 42// 36// 44//
f 2751// 2717// 2750//
f 2750// 2717// 2709//
f 2750// 2709// 2748//
f 2748// 2709// 2699//
f 2748// 2699// 2746//
f 2746// 2699// 2689//
f 2746// 2689// 2744//
f 2744// 2689// 2681//
f 2744// 2681// 2742//
f 2742// 2681// 2674//
f 2742// 2674// 2740//
f 2740// 2674// 2680//
f 2740// 2680// 2741//
f 2741// 2680// 2688//
f 2741// 2688// 2743//
f 2743// 2688// 2696//
f 2743// 2696// 2745//
f 2745// 2696// 2708//
f 2745// 2708// 2747//
f 2747// 2708// 2716//
f 2747// 2716// 2749//
f 2749// 2716// 2722//
f 2749// 2722// 2751//
f 2751// 2722// 2717//
f 2705// 2698// 2699//
f 2699// 2698// 2693//
f 2699// 2693// 2689//
f 2689// 2693// 2685//
f 2689// 2685// 2681//
f 2681// 2685// 2677//
f 2681// 2677// 2674//
f 2674// 2677// 2676//
f 2674// 2676// 2680//
f 2680// 2676// 2684//
f 2680// 2684// 2688//
f 2688// 2684// 2692//
f 2688// 2692// 2696//
f 2696// 2692// 2697//
f 2696// 2697// 2708//
f 2708// 2697// 2704//
f 2708// 2704// 2716//
f 2716// 2704// 2712//
f 2716// 2712// 2722//
f 2722// 2712// 2720//
f 2722// 2720// 2717//
f 2717// 2720// 2713//
f 2717// 2713// 2709//
f 2709// 2713// 2705//
f 2709// 2705// 2699//
f 2737// 2719// 2736//
f 2736// 2719// 2711//
f 2736// 2711// 2734//
f 2734// 2711// 2703//
f 2734// 2703// 2732//
f 2732// 2703// 2691//
f 2732// 2691// 2730//
f 2730// 2691// 2683//
f 2730// 2683// 2728//
f 2728// 2683// 2675//
f 2728// 2675// 2726//
f 2726// 2675// 2682//
f 2726// 2682// 2727//
f 2727// 2682// 2690//
f 2727// 2690// 2729//
f 2729// 2690// 2700//
f 2729// 2700// 2731//
f 2731// 2700// 2710//
f 2731// 2710// 2733//
f 2733// 2710// 2718//
f 2733// 2718// 2735//
f 2735// 2718// 2723//
f 2735// 2723// 2737//
f 2737// 2723// 2719//
f 2707// 2702// 2703//
f 2703// 2702// 2695//
f 2703// 2695// 2691//
f 2691// 2695// 2687//
f 2691// 2687// 2683//
f 2683// 2687// 2679//
f 2683// 2679// 2675//
f 2675// 2679// 2678//
f 2675// 2678// 2682//
f 2682// 2678// 2686//
f 2682// 2686// 2690//
f 2690// 2686// 2694//
f 2690// 2694// 2700//
f 2700// 2694// 2701//
f 2700// 2701// 2710//
f 2710// 2701// 2706//
f 2710// 2706// 2718//
f 2718// 2706// 2714//
f 2718// 2714// 2723//
f 2723// 2714// 2721//
f 2723// 2721// 2719//
f 2719// 2721// 2715//
f 2719// 2715// 2711//
f 2711// 2715// 2707//
f 2711// 2707// 2703//
f 2539// 1201// 851//
f 851// 1201// 1080//
f 851// 1080// 849//
f 1080// 1200// 849//
f 849// 1200// 2538//
f 849// 2538// 2849//
f 2539// 851// 2850//
f 2850// 851// 2868//
f 2850// 2868// 3334//
f 3334// 2868// 3542//
f 3334// 3542// 3560//
f 3560// 3542// 3578//
f 3560// 3578// 3585//
f 3585// 3578// 3854//
f 3585// 3854// 3584//
f 3584// 3854// 3852//
f 3584// 3852// 3559//
f 3559// 3852// 3576//
f 3559// 3576// 3333//
f 3333// 3576// 3540//
f 3333// 3540// 2849//
f 2849// 3540// 2866//
f 2849// 2866// 849//
f 852// 851// 850//
f 850// 851// 849//
f 2538// 1200// 2038//
f 2038// 2641// 2538//
f 2538// 2641// 2644//
f 2538// 2644// 2849//
f 2644// 2851// 2849//
f 2849// 2851// 2857//
f 2849// 2857// 3333//
f 2857// 3199// 3333//
f 3333// 3199// 3534//
f 3333// 3534// 3559//
f 3534// 3553// 3559//
f 3559// 3553// 3555//
f 3559// 3555// 3584//
f 3584// 3555// 3567//
f 3584// 3567// 3585//
f 3567// 3569// 3585//
f 3585// 3569// 3568//
f 3585// 3568// 3560//
f 3568// 3557// 3560//
f 3560// 3557// 3554//
f 3560// 3554// 3334//
f 3554// 3536// 3334//
f 3334// 3536// 3200//
f 3334// 3200// 2850//
f 3200// 2860// 2850//
f 2850// 2860// 2852//
f 2850// 2852// 2539//
f 2852// 2646// 2539//
f 2539// 2646// 2642//
f 2539// 2642// 1201//
f 2642// 2040// 1201//
f 1201// 2040// 2015//
f 1201// 2015// 1080//
f 1080// 2015// 1444//
f 1080// 1444// 1200//
f 1200// 1444// 2014//
f 1200// 2014// 2038//
f 2666// 2662// 2667//
f 2667// 2662// 2658//
f 2667// 2658// 2663//
f 2663// 2658// 2659//
f 2486// 2389// 2663//
f 2486// 2663// 2482//
f 2482// 2663// 2659//
f 2482// 2659// 2371//
f 2494// 2405// 2667//
f 2494// 2667// 2490//
f 2490// 2667// 2663//
f 2490// 2663// 2389//
f 2497// 2404// 2666//
f 2497// 2666// 2498//
f 2498// 2666// 2667//
f 2498// 2667// 2405//
f 2489// 2388// 2662//
f 2489// 2662// 2493//
f 2493// 2662// 2666//
f 2493// 2666// 2404//
f 2662// 2388// 2485//
f 2662// 2485// 2658//
f 2658// 2485// 2481//
f 2658// 2481// 2370//
f 2478// 2371// 2659//
f 2478// 2659// 2477//
f 2477// 2659// 2658//
f 2477// 2658// 2370//
f 2371// 2375// 2482//
f 2482// 2375// 2486//
f 2486// 2375// 2379//
f 2486// 2379// 2389//
f 2389// 2397// 2490//
f 2490// 2397// 2494//
f 2494// 2397// 2401//
f 2494// 2401// 2405//
f 2405// 2409// 2498//
f 2498// 2409// 2497//
f 2497// 2409// 2408//
f 2497// 2408// 2404//
f 2404// 2400// 2493//
f 2493// 2400// 2489//
f 2489// 2400// 2396//
f 2489// 2396// 2388//
f 2388// 2378// 2485//
f 2485// 2378// 2481//
f 2481// 2378// 2374//
f 2481// 2374// 2370//
f 2370// 2366// 2477//
f 2477// 2366// 2478//
f 2478// 2366// 2367//
f 2478// 2367// 2371//
f 2412// 2400// 2420//
f 2420// 2400// 2404//
f 2420// 2404// 2427//
f 2413// 2397// 2390//
f 2390// 2397// 2389//
f 2390// 2389// 2363//
f 2345// 2366// 2352//
f 2352// 2366// 2370//
f 2352// 2370// 2362//
f 2370// 2374// 2362//
f 2362// 2374// 2378//
f 2362// 2378// 2387//
f 2387// 2378// 2388//
f 2387// 2388// 2412//
f 2412// 2388// 2396//
f 2412// 2396// 2400//
f 2404// 2408// 2427//
f 2427// 2408// 2409//
f 2427// 2409// 2421//
f 2421// 2409// 2405//
f 2421// 2405// 2413//
f 2413// 2405// 2401//
f 2413// 2401// 2397//
f 2389// 2379// 2363//
f 2363// 2379// 2375//
f 2363// 2375// 2353//
f 2353// 2375// 2371//
f 2353// 2371// 2345//
f 2345// 2371// 2367//
f 2345// 2367// 2366//
f 2352// 2581// 2345//
f 2345// 2581// 2577//
f 2597// 2593// 2362//
f 2362// 2593// 2589//
f 2362// 2589// 2352//
f 2352// 2589// 2585//
f 2352// 2585// 2581//
f 2390// 2602// 2413//
f 2413// 2602// 2606//
f 2413// 2606// 2421//
f 2421// 2606// 2608//
f 2421// 2608// 2427//
f 2427// 2608// 2605//
f 2427// 2605// 2420//
f 2420// 2605// 2601//
f 2420// 2601// 2412//
f 2412// 2601// 2597//
f 2412// 2597// 2387//
f 2387// 2597// 2362//
f 2363// 2594// 2390//
f 2390// 2594// 2598//
f 2390// 2598// 2602//
f 2353// 2586// 2363//
f 2363// 2586// 2590//
f 2363// 2590// 2594//
f 2577// 2574// 2345//
f 2345// 2574// 2578//
f 2345// 2578// 2353//
f 2353// 2578// 2582//
f 2353// 2582// 2586//
f 2701// 2597// 2601//
f 2701// 2601// 2706//
f 2706// 2601// 2605//
f 2706// 2605// 2714//
f 2714// 2605// 2608//
f 2714// 2608// 2721//
f 2721// 2608// 2606//
f 2721// 2606// 2715//
f 2715// 2606// 2602//
f 2715// 2602// 2707//
f 2707// 2602// 2598//
f 2707// 2598// 2702//
f 2702// 2598// 2594//
f 2702// 2594// 2695//
f 2695// 2594// 2590//
f 2695// 2590// 2687//
f 2590// 2586// 2687//
f 2687// 2586// 2582//
f 2687// 2582// 2679//
f 2582// 2578// 2679//
f 2679// 2578// 2574//
f 2679// 2574// 2678//
f 2574// 2577// 2678//
f 2678// 2577// 2581//
f 2678// 2581// 2686//
f 2581// 2585// 2686//
f 2686// 2585// 2589//
f 2686// 2589// 2694//
f 2589// 2593// 2694//
f 2694// 2593// 2597//
f 2694// 2597// 2701//
f 2698// 2596// 2592//
f 2698// 2592// 2693//
f 2693// 2592// 2588//
f 2693// 2588// 2685//
f 2588// 2584// 2685//
f 2685// 2584// 2580//
f 2685// 2580// 2677//
f 2580// 2576// 2677//
f 2677// 2576// 2573//
f 2677// 2573// 2676//
f 2573// 2575// 2676//
f 2676// 2575// 2579//
f 2676// 2579// 2684//
f 2579// 2583// 2684//
f 2684// 2583// 2587//
f 2684// 2587// 2692//
f 2587// 2591// 2692//
f 2692// 2591// 2595//
f 2692// 2595// 2697//
f 2697// 2595// 2599//
f 2697// 2599// 2704//
f 2704// 2599// 2603//
f 2704// 2603// 2712//
f 2712// 2603// 2607//
f 2712// 2607// 2720//
f 2720// 2607// 2604//
f 2720// 2604// 2713//
f 2713// 2604// 2600//
f 2713// 2600// 2705//
f 2705// 2600// 2596//
f 2705// 2596// 2698//
f 2664// 2660// 2665//
f 2665// 2660// 2656//
f 2665// 2656// 2661//
f 2661// 2656// 2657//
f 2487// 2382// 2660//
f 2487// 2660// 2491//
f 2491// 2660// 2664//
f 2491// 2664// 2402//
f 2495// 2402// 2664//
f 2495// 2664// 2496//
f 2496// 2664// 2665//
f 2496// 2665// 2403//
f 2492// 2403// 2665//
f 2492// 2665// 2488//
f 2488// 2665// 2661//
f 2488// 2661// 2383//
f 2484// 2383// 2661//
f 2484// 2661// 2480//
f 2480// 2661// 2657//
f 2480// 2657// 2369//
f 2476// 2369// 2657//
f 2476// 2657// 2475//
f 2475// 2657// 2656//
f 2475// 2656// 2368//
f 2660// 2382// 2483//
f 2660// 2483// 2656//
f 2656// 2483// 2479//
f 2656// 2479// 2368//
f 2402// 2398// 2491//
f 2491// 2398// 2487//
f 2487// 2398// 2394//
f 2487// 2394// 2382//
f 2403// 2407// 2496//
f 2496// 2407// 2495//
f 2495// 2407// 2406//
f 2495// 2406// 2402//
f 2383// 2395// 2488//
f 2488// 2395// 2492//
f 2492// 2395// 2399//
f 2492// 2399// 2403//
f 2369// 2373// 2480//
f 2480// 2373// 2484//
f 2484// 2373// 2377//
f 2484// 2377// 2383//
f 2368// 2364// 2475//
f 2475// 2364// 2476//
f 2476// 2364// 2365//
f 2476// 2365// 2369//
f 2382// 2376// 2483//
f 2483// 2376// 2479//
f 2479// 2376// 2372//
f 2479// 2372// 2368//
f 2410// 2398// 2418//
f 2418// 2398// 2402//
f 2418// 2402// 2426//
f 2411// 2395// 2384//
f 2384// 2395// 2383//
f 2384// 2383// 2361//
f 2344// 2364// 2350//
f 2350// 2364// 2368//
f 2350// 2368// 2360//
f 2368// 2372// 2360//
f 2360// 2372// 2376//
f 2360// 2376// 2381//
f 2381// 2376// 2382//
f 2381// 2382// 2410//
f 2410// 2382// 2394//
f 2410// 2394// 2398//
f 2402// 2406// 2426//
f 2426// 2406// 2407//
f 2426// 2407// 2419//
f 2419// 2407// 2403//
f 2419// 2403// 2411//
f 2411// 2403// 2399//
f 2411// 2399// 2395//
f 2383// 2377// 2361//
f 2361// 2377// 2373//
f 2361// 2373// 2351//
f 2351// 2373// 2369//
f 2351// 2369// 2344//
f 2344// 2369// 2365//
f 2344// 2365// 2364//
f 2350// 2579// 2344//
f 2344// 2579// 2575//
f 2595// 2591// 2360//
f 2360// 2591// 2587//
f 2360// 2587// 2350//
f 2350// 2587// 2583//
f 2350// 2583// 2579//
f 2384// 2600// 2411//
f 2411// 2600// 2604//
f 2411// 2604// 2419//
f 2419// 2604// 2607//
f 2419// 2607// 2426//
f 2426// 2607// 2603//
f 2426// 2603// 2418//
f 2418// 2603// 2599//
f 2418// 2599// 2410//
f 2410// 2599// 2595//
f 2410// 2595// 2381//
f 2381// 2595// 2360//
f 2361// 2592// 2384//
f 2384// 2592// 2596//
f 2384// 2596// 2600//
f 2351// 2584// 2361//
f 2361// 2584// 2588//
f 2361// 2588// 2592//
f 2575// 2573// 2344//
f 2344// 2573// 2576//
f 2344// 2576// 2351//
f 2351// 2576// 2580//
f 2351// 2580// 2584//
f 4791// 4790// 4784//
f 4784// 4790// 4783//
f 4813// 4810// 4815//
f 4815// 4810// 4806//
f 4783// 4790// 4785//
f 4785// 4790// 4799//
f 4810// 4804// 4806//
f 4806// 4804// 4796//
f 4806// 4796// 4799//
f 4799// 4796// 4794//
f 4799// 4794// 4785//
f 4814// 4816// 4811//
f 4811// 4816// 4807//
f 4811// 4807// 4805//
f 4805// 4807// 4797//
f 4797// 4807// 4800//
f 4797// 4800// 4793//
f 4791// 4784// 4800//
f 4800// 4784// 4786//
f 4800// 4786// 4793//
f 4813// 4815// 4838//
f 4838// 4815// 4865//
f 4838// 4865// 4863//
f 4863// 4865// 4869//
f 4863// 4869// 4867//
f 4867// 4869// 4873//
f 4867// 4873// 4871//
f 4871// 4873// 4877//
f 4871// 4877// 4875//
f 4875// 4877// 4881//
f 4875// 4881// 4879//
f 4879// 4881// 4880//
f 4880// 4881// 4882//
f 4880// 4882// 4878//
f 4880// 4878// 4876//
f 4876// 4878// 4874//
f 4876// 4874// 4872//
f 4872// 4874// 4870//
f 4872// 4870// 4868//
f 4868// 4870// 4866//
f 4868// 4866// 4864//
f 4864// 4866// 4841//
f 4841// 4866// 4816//
f 4841// 4816// 4814//
f 4866// 4790// 4791//
f 4882// 4881// 4790//
f 4874// 4878// 4882//
f 4800// 4807// 4791//
f 4791// 4807// 4816//
f 4791// 4816// 4866//
f 4881// 4877// 4873//
f 4790// 4866// 4882//
f 4882// 4866// 4870//
f 4882// 4870// 4874//
f 4806// 4799// 4815//
f 4815// 4799// 4790//
f 4815// 4790// 4865//
f 4865// 4790// 4881//
f 4865// 4881// 4869//
f 4869// 4881// 4873//
f 798// 611// 794//
f 794// 611// 935//
f 1014// 1015// 943//
f 943// 1015// 935//
f 943// 935// 854//
f 854// 935// 611//
f 854// 611// 551//
f 551// 611// 513//
f 551// 513// 418//
f 418// 513// 401//
f 418// 401// 327//
f 327// 401// 288//
f 327// 288// 283//
f 283// 288// 259//
f 283// 259// 280//
f 280// 259// 255//
f 280// 255// 326//
f 326// 255// 287//
f 326// 287// 417//
f 417// 287// 400//
f 417// 400// 550//
f 400// 512// 550//
f 550// 512// 606//
f 550// 606// 853//
f 606// 783// 787//
f 606// 787// 853//
f 853// 787// 934//
f 853// 934// 942//
f 942// 934// 1012//
f 942// 1012// 1013//
f 1039// 1015// 1014//
f 1039// 1014// 1067//
f 1067// 1014// 1056//
f 1067// 1056// 1065//
f 1012// 1038// 1013//
f 1013// 1038// 1065//
f 1013// 1065// 1054//
f 1054// 1065// 1056//
f 673// 677// 729//
f 729// 677// 728//
f 673// 305// 306//
f 470// 453// 525//
f 525// 569// 470//
f 470// 569// 677//
f 470// 677// 673//
f 370// 393// 470//
f 470// 393// 423//
f 470// 423// 453//
f 673// 306// 470//
f 470// 306// 321//
f 470// 321// 370//
f 301// 285// 281//
f 395// 414// 413//
f 413// 414// 419//
f 413// 419// 445//
f 445// 419// 437//
f 445// 437// 523//
f 523// 437// 539//
f 523// 539// 573//
f 573// 539// 696//
f 573// 696// 693//
f 281// 309// 301//
f 301// 309// 328//
f 301// 328// 356//
f 356// 328// 383//
f 356// 383// 385//
f 383// 386// 385//
f 385// 386// 395//
f 385// 395// 411//
f 411// 395// 413//
f 411// 413// 448//
f 448// 413// 445//
f 448// 445// 519//
f 519// 445// 523//
f 519// 523// 571//
f 571// 523// 573//
f 571// 573// 688//
f 688// 573// 693//
f 290// 285// 311//
f 311// 285// 301//
f 311// 301// 361//
f 361// 301// 356//
f 361// 356// 390//
f 390// 356// 385//
f 390// 385// 416//
f 416// 385// 411//
f 416// 411// 451//
f 451// 411// 448//
f 451// 448// 521//
f 521// 448// 519//
f 521// 519// 567//
f 567// 519// 571//
f 567// 571// 684//
f 684// 571// 688//
f 306// 290// 321//
f 321// 290// 311//
f 321// 311// 370//
f 370// 311// 361//
f 370// 361// 393//
f 393// 361// 390//
f 393// 390// 423//
f 423// 390// 416//
f 423// 416// 453//
f 453// 416// 451//
f 453// 451// 525//
f 525// 451// 521//
f 525// 521// 569//
f 569// 521// 567//
f 569// 567// 677//
f 677// 567// 684//
f 717// 745// 743//
f 717// 743// 709//
f 709// 743// 741//
f 709// 741// 705//
f 705// 741// 739//
f 705// 739// 703//
f 703// 739// 728//
f 703// 728// 677//
f 677// 684// 703//
f 703// 684// 688//
f 703// 688// 705//
f 705// 688// 693//
f 705// 693// 709//
f 709// 693// 696//
f 709// 696// 717//
f 1046// 1043// 1035//
f 997// 1034// 1040//
f 1040// 1034// 1055//
f 1040// 1055// 1049//
f 950// 970// 997//
f 997// 970// 999//
f 997// 999// 1034//
f 743// 745// 848//
f 743// 848// 898//
f 898// 848// 907//
f 898// 907// 950//
f 950// 907// 944//
f 950// 944// 970//
f 741// 743// 897//
f 897// 743// 898//
f 897// 898// 949//
f 949// 898// 950//
f 949// 950// 973//
f 973// 950// 997//
f 973// 997// 1035//
f 1035// 997// 1040//
f 1035// 1040// 1046//
f 1046// 1040// 1049//
f 739// 741// 896//
f 896// 741// 897//
f 896// 897// 948//
f 948// 897// 949//
f 948// 949// 972//
f 972// 949// 973//
f 972// 973// 1029//
f 1029// 973// 1035//
f 1029// 1035// 1041//
f 1041// 1035// 1043//
f 728// 739// 891//
f 891// 739// 896//
f 891// 896// 947//
f 947// 896// 948//
f 947// 948// 969//
f 969// 948// 972//
f 969// 972// 1016//
f 1016// 972// 1029//
f 1016// 1029// 1031//
f 1031// 1029// 1041//
f 946// 899// 886//
f 886// 899// 855//
f 886// 855// 742//
f 742// 855// 744//
f 1050// 1057// 1052//
f 1050// 1052// 1033//
f 1033// 1052// 1018//
f 1033// 1018// 971//
f 971// 1018// 952//
f 971// 952// 946//
f 946// 952// 945//
f 946// 945// 899//
f 1047// 1050// 1030//
f 1030// 1050// 1033//
f 1030// 1033// 968//
f 968// 1033// 971//
f 968// 971// 941//
f 941// 971// 946//
f 941// 946// 885//
f 885// 946// 886//
f 885// 886// 740//
f 740// 886// 742//
f 1042// 1047// 1017//
f 1017// 1047// 1030//
f 1017// 1030// 955//
f 955// 1030// 968//
f 955// 968// 940//
f 940// 968// 941//
f 940// 941// 882//
f 882// 941// 885//
f 882// 885// 738//
f 738// 885// 740//
f 1032// 1042// 1011//
f 1011// 1042// 1017//
f 1011// 1017// 951//
f 951// 1017// 955//
f 951// 955// 939//
f 939// 955// 940//
f 939// 940// 881//
f 881// 940// 882//
f 881// 882// 732//
f 732// 882// 738//
f 680// 676// 702//
f 702// 676// 732//
f 716// 695// 690//
f 716// 690// 708//
f 708// 690// 687//
f 708// 687// 704//
f 704// 687// 685//
f 704// 685// 702//
f 702// 685// 683//
f 702// 683// 680//
f 732// 738// 702//
f 702// 738// 740//
f 702// 740// 704//
f 704// 740// 742//
f 704// 742// 708//
f 708// 742// 744//
f 708// 744// 716//
f 680// 683// 566//
f 685// 687// 570//
f 387// 384// 410//
f 384// 387// 357//
f 357// 387// 315//
f 357// 315// 302//
f 302// 315// 284//
f 302// 284// 286//
f 420// 412// 440//
f 440// 412// 449//
f 440// 449// 515//
f 515// 449// 522//
f 515// 522// 517//
f 517// 522// 549//
f 549// 522// 572//
f 549// 572// 590//
f 590// 572// 690//
f 590// 690// 695//
f 687// 690// 570//
f 570// 690// 572//
f 570// 572// 518//
f 518// 572// 522//
f 518// 522// 447//
f 447// 522// 449//
f 447// 449// 410//
f 410// 449// 412//
f 410// 412// 387//
f 387// 412// 420//
f 683// 685// 566//
f 566// 685// 570//
f 566// 570// 520//
f 520// 570// 518//
f 520// 518// 450//
f 450// 518// 447//
f 450// 447// 415//
f 415// 447// 410//
f 415// 410// 389//
f 389// 410// 384//
f 389// 384// 360//
f 360// 384// 357//
f 360// 357// 312//
f 312// 357// 302//
f 312// 302// 291//
f 291// 302// 286//
f 676// 680// 568//
f 568// 680// 566//
f 568// 566// 524//
f 524// 566// 520//
f 524// 520// 452//
f 452// 520// 450//
f 452// 450// 422//
f 422// 450// 415//
f 422// 415// 392//
f 392// 415// 389//
f 392// 389// 369//
f 369// 389// 360//
f 369// 360// 322//
f 322// 360// 312//
f 322// 312// 307//
f 307// 312// 291//
f 676// 675// 732//
f 732// 675// 718//
f 732// 718// 731//
f 749// 859// 1032//
f 749// 1032// 731//
f 731// 1032// 1011//
f 731// 1011// 951//
f 951// 939// 731//
f 731// 939// 881//
f 731// 881// 732//
f 859// 866// 1032//
f 1032// 866// 868//
f 1032// 868// 1031//
f 1031// 868// 865//
f 1031// 865// 857//
f 747// 730// 729//
f 728// 891// 729//
f 729// 891// 947//
f 729// 947// 969//
f 857// 747// 1031//
f 1031// 747// 729//
f 1031// 729// 1016//
f 1016// 729// 969//
f 729// 730// 673//
f 673// 730// 674//
f 1055// 1057// 1049//
f 1049// 1057// 1050//
f 1049// 1050// 1046//
f 1046// 1050// 1047//
f 1046// 1047// 1043//
f 1043// 1047// 1042//
f 1043// 1042// 1041//
f 1041// 1042// 1032//
f 1041// 1032// 1031//
f 305// 307// 291//
f 286// 284// 282//
f 286// 282// 291//
f 291// 282// 289//
f 291// 289// 305//
f 282// 281// 289//
f 289// 281// 285//
f 285// 290// 289//
f 289// 290// 306//
f 289// 306// 305//
f 1056// 1057// 1054//
f 1054// 1057// 1055//
f 284// 283// 282//
f 282// 283// 280//
f 282// 280// 281//
f 1052// 1057// 1056//
f 1052// 1056// 1018//
f 1018// 1056// 1014//
f 1018// 1014// 952//
f 952// 1014// 943//
f 952// 943// 945//
f 945// 943// 899//
f 899// 943// 854//
f 899// 854// 855//
f 695// 716// 854//
f 854// 716// 744//
f 854// 744// 855//
f 515// 517// 551//
f 551// 517// 549//
f 551// 549// 854//
f 854// 549// 590//
f 854// 590// 695//
f 315// 387// 418//
f 418// 387// 420//
f 418// 420// 551//
f 551// 420// 440//
f 551// 440// 515//
f 418// 327// 315//
f 315// 327// 283//
f 315// 283// 284//
f 281// 280// 309//
f 309// 280// 326//
f 395// 417// 414//
f 414// 417// 419//
f 395// 386// 417//
f 417// 386// 383//
f 417// 383// 326//
f 326// 383// 328//
f 326// 328// 309//
f 745// 717// 853//
f 853// 717// 696//
f 853// 696// 550//
f 550// 696// 539//
f 550// 539// 417//
f 417// 539// 437//
f 417// 437// 419//
f 970// 944// 942//
f 942// 944// 907//
f 942// 907// 853//
f 853// 907// 848//
f 853// 848// 745//
f 970// 942// 999//
f 999// 942// 1013//
f 999// 1013// 1034//
f 1034// 1013// 1054//
f 1034// 1054// 1055//
f 565// 543// 305//
f 565// 305// 577//
f 673// 674// 668//
f 673// 668// 305//
f 305// 668// 579//
f 305// 579// 577//
f 543// 541// 305//
f 305// 541// 537//
f 305// 537// 307//
f 537// 540// 307//
f 307// 540// 542//
f 307// 542// 546//
f 546// 563// 307//
f 307// 563// 576//
f 307// 576// 322//
f 322// 576// 578//
f 524// 452// 667//
f 452// 422// 667//
f 667// 422// 392//
f 667// 392// 578//
f 578// 392// 369//
f 578// 369// 322//
f 675// 676// 667//
f 667// 676// 568//
f 667// 568// 524//
f 541// 543// 544//
f 731// 718// 748//
f 748// 718// 675//
f 748// 675// 666//
f 731// 748// 749//
f 749// 748// 858//
f 749// 858// 859//
f 730// 747// 746//
f 746// 747// 857//
f 746// 857// 856//
f 856// 857// 865//
f 856// 865// 867//
f 867// 865// 868//
f 867// 868// 858//
f 858// 868// 866//
f 858// 866// 859//
f 730// 746// 674//
f 674// 746// 664//
f 674// 664// 668//
f 544// 543// 574//
f 543// 565// 574//
f 574// 565// 577//
f 574// 577// 664//
f 664// 577// 579//
f 664// 579// 668//
f 541// 544// 537//
f 537// 544// 538//
f 537// 538// 540//
f 540// 538// 545//
f 540// 545// 542//
f 575// 563// 545//
f 545// 563// 546//
f 545// 546// 542//
f 675// 667// 666//
f 666// 667// 578//
f 666// 578// 575//
f 575// 578// 576//
f 575// 576// 563//
f 2645// 2039// 2859//
f 2859// 2039// 1445//
f 2859// 1445// 2041//
f 3556// 3535// 2859//
f 2859// 3535// 2858//
f 2859// 2858// 2645//
f 3537// 3558// 2859//
f 2859// 3558// 3570//
f 2859// 3570// 3556//
f 2041// 2647// 2859//
f 2859// 2647// 2861//
f 2859// 2861// 3537//
f 746// 856// 665//
f 665// 856// 867//
f 665// 867// 858//
f 544// 574// 665//
f 665// 574// 664//
f 665// 664// 746//
f 575// 545// 665//
f 665// 545// 538//
f 665// 538// 544//
f 858// 748// 665//
f 665// 748// 666//
f 665// 666// 575//
f 1007// 1005// 967//
f 967// 1005// 965//
f 967// 965// 903//
f 903// 965// 901//
f 903// 901// 715//
f 715// 901// 713//
f 1007// 1006// 1005//
f 1005// 1006// 1004//
f 714// 712// 902//
f 902// 712// 900//
f 902// 900// 966//
f 966// 900// 964//
f 966// 964// 1006//
f 1006// 964// 1004//
f 714// 555// 712//
f 712// 555// 553//
f 277// 275// 364//
f 364// 275// 362//
f 364// 362// 430//
f 430// 362// 428//
f 430// 428// 555//
f 555// 428// 553//
f 277// 278// 275//
f 275// 278// 276//
f 556// 554// 431//
f 431// 554// 429//
f 431// 429// 365//
f 365// 429// 363//
f 365// 363// 278//
f 278// 363// 276//
f 556// 715// 554//
f 554// 715// 713//
f 556// 430// 715//
f 715// 430// 555//
f 715// 555// 714//
f 967// 903// 1007//
f 1007// 903// 715//
f 1007// 715// 1006//
f 1006// 715// 714//
f 1006// 714// 966//
f 966// 714// 902//
f 431// 365// 556//
f 556// 365// 278//
f 556// 278// 430//
f 430// 278// 277//
f 430// 277// 364//
f 890// 888// 876//
f 876// 888// 872//
f 876// 872// 759//
f 759// 872// 755//
f 759// 755// 589//
f 589// 755// 583//
f 589// 583// 533//
f 533// 583// 529//
f 533// 529// 463//
f 463// 529// 459//
f 463// 459// 444//
f 444// 459// 442//
f 444// 442// 462//
f 462// 442// 458//
f 462// 458// 532//
f 532// 458// 528//
f 532// 528// 587//
f 587// 528// 582//
f 587// 582// 758//
f 758// 582// 754//
f 758// 754// 875//
f 875// 754// 871//
f 875// 871// 890//
f 890// 871// 888//
f 758// 875// 588//
f 588// 875// 890//
f 588// 890// 876//
f 462// 532// 588//
f 588// 532// 587//
f 588// 587// 758//
f 533// 463// 588//
f 588// 463// 444//
f 588// 444// 462//
f 876// 759// 588//
f 588// 759// 589//
f 588// 589// 533//
f 889// 887// 874//
f 874// 887// 870//
f 874// 870// 757//
f 757// 870// 753//
f 757// 753// 586//
f 586// 753// 581//
f 586// 581// 531//
f 531// 581// 527//
f 531// 527// 461//
f 461// 527// 457//
f 461// 457// 443//
f 443// 457// 441//
f 443// 441// 460//
f 460// 441// 456//
f 460// 456// 530//
f 530// 456// 526//
f 530// 526// 584//
f 584// 526// 580//
f 584// 580// 756//
f 756// 580// 752//
f 756// 752// 873//
f 873// 752// 869//
f 873// 869// 889//
f 889// 869// 887//
f 756// 873// 585//
f 585// 873// 889//
f 585// 889// 874//
f 460// 530// 585//
f 585// 530// 584//
f 585// 584// 756//
f 531// 461// 585//
f 585// 461// 443//
f 585// 443// 460//
f 874// 757// 585//
f 585// 757// 586//
f 585// 586// 531//
