v -0.0098323505 -0.0075878119 0.0060000001
v -0.0098323505 -0.0075878119 0.0080000004
v -0.0097427405 -0.0081661819 0.0060000001
v -0.0097427405 -0.0081661819 0.0080000004
v -0.0097272731 -0.0018412377 0.014
v -0.0097272731 -0.0018412377 0.016000001
v -0.0096623683 -0.0082957 -0.11514933
v -0.0096623683 -0.0082957 -0.10914934
v -0.0096026277 -0.0086812796 -0.11514933
v -0.0096026277 -0.0086812796 -0.10914934
v -0.0094386181 -0.0086662341 0.0060000001
v -0.0094386181 -0.0086662341 0.0080000004
v -0.0093998797 -0.0090146484 -0.11514933
v -0.0093998797 -0.0090146484 -0.10914934
v -0.009365893 -0.0032078107 0.014
v -0.009365893 -0.0032078107 0.016000001
v -0.0091812629 0.0037032976 0.014
v -0.0091812629 0.0037032976 0.016000001
v -0.0091503831 0.0083976481 0.0060000001
v -0.0091503831 0.0083976481 0.0080000004
v -0.0090849912 -0.009245052 -0.11514933
v -0.0090849912 -0.009245052 -0.10914934
v -0.0090118395 0.0089662848 0.0060000001
v -0.0090118395 0.0089662848 0.0080000004
v -0.0089662848 -0.0090118395 0.0060000001
v -0.0089662848 -0.0090118395 0.0080000004
v -0.0089079421 0.0093882149 -0.11514933
v -0.0089079421 0.0093882149 -0.10914934
v -0.0088155791 0.0097673051 -0.11514933
v -0.0088155791 0.0097673051 -0.10914934
v -0.0088135712 -0.0045089866 0.014
v -0.0088135712 -0.0045089866 0.016000001
v -0.0087059001 -0.0093374141 -0.11514933
v -0.0087059001 -0.0093374141 -0.10914934
v -0.0086662341 0.0094386181 0.0060000001
v -0.0086662341 0.0094386181 0.0080000004
v -0.0085851755 0.010082195 -0.11514933
v -0.0085851755 0.010082195 -0.10914934
v -0.008560257 0.004973128 0.014
v -0.008560257 0.004973128 0.016000001
v -0.0083976481 -0.0091503831 0.0060000001
v -0.0083976481 -0.0091503831 0.0080000004
v -0.0082518077 0.010284943 -0.11514933
v -0.0082518077 0.010284943 -0.10914934
v -0.0081661819 0.0097427405 0.0060000001
v -0.0081661819 0.0097427405 0.0080000004
v -0.0080815684 -0.0057182377 0.014
v -0.0080815684 -0.0057182377 0.016000001
v -0.0078662271 0.010344683 -0.11514933
v -0.0078662271 0.010344683 -0.10914934
v -0.0077915448 -0.0066739665 -0.39399999
v -0.0077915448 -0.0066739665 0.0060000061
v -0.0077702333 -0.0061744209 -0.39500001
v -0.0077702333 -0.0061744209 -0.39399999
v -0.0077647343 0.0061415718 0.014
v -0.0077647343 0.0061415718 0.016000001
v -0.0077489219 -0.0056748753 0.0080000004
v -0.0077489219 -0.0056748753 0.014
v -0.0077352743 -0.0069265943 -0.39399999
v -0.0077352743 -0.0069265943 0.0060000061
v -0.0077104932 -0.0065600006 -0.39500001
v -0.0077104932 -0.0065600006 -0.39399999
v -0.0076593119 -0.0062532458 0.0080000004
v -0.0076593119 -0.0062532458 0.014
v -0.0075878119 0.0098323505 0.0060000001
v -0.0075878119 0.0098323505 0.0080000004
v -0.0075602285 -0.0071172412 -0.39399999
v -0.0075602285 -0.0071172412 0.0060000061
v -0.0075173914 -0.0072862078 -0.11514933
v -0.0075173914 -0.0072862078 -0.10914934
v -0.0075077456 -0.0068933689 -0.39500001
v -0.0075077456 -0.0068933689 -0.39399999
v -0.0073551899 -0.0067532971 0.0080000004
v -0.0073551899 -0.0067532971 0.014
v -0.0073133111 -0.0071948231 -0.39399999
v -0.0073133111 -0.0071948231 0.0060000061
v -0.007237446 0.0063142199 0.0080000004
v -0.007237446 0.0063142199 0.014
v -0.0072161346 0.0068137655 -0.39500001
v -0.0072161346 0.0068137655 -0.39399999
v -0.0071948231 0.0073133111 -0.39399999
v -0.0071948231 0.0073133111 0.0060000061
v -0.0071928562 -0.0071237725 -0.39500001
v -0.0071928562 -0.0071237725 -0.39399999
v -0.0071848081 -0.0068109129 0.014
v -0.0071848081 -0.0068109129 0.016000001
v -0.0071237725 0.0071928562 -0.39500001
v -0.0071237725 0.0071928562 -0.39399999
v -0.0071172412 0.0075602285 -0.39399999
v -0.0071172412 0.0075602285 0.0060000061
v -0.0070989029 0.0068828566 0.0080000004
v -0.0070989029 0.0068828566 0.014
v -0.0069993716 9.3767703e-05 0.008706999
v -0.0069993716 9.3767703e-05 0.011706999
v -0.0069968514 -0.00020993217 0.011904695
v -0.0069946311 0.00027411434 0.0088885073
v -0.0069893212 -0.00038650646 0.010223186
v -0.0069893212 -0.00038650646 0.013223185
v -0.0069854772 -0.0004506757 0.010412874
v -0.0069813216 0.00051103032 0.010380708
v -0.0069768722 0.00056855474 0.010191327
v -0.0069768722 0.00056855474 0.013191327
v -0.0069702431 -0.00064475951 0.010232028
v -0.0069702431 -0.00064475951 0.013232028
v -0.0069702431 -0.00064475893 0.010419528
v -0.0069702431 -0.00064475759 0.0089195278
v -0.0069702431 -0.00064475671 0.014
v -0.0069702426 -0.00064476061 0.011919528
v -0.0069702426 -0.00064475992 0.0087320283
v -0.0069702426 -0.00064475992 0.011732028
v -0.0069663031 0.00068602065 0.0086874999
v -0.0069663031 0.00068602065 0.0116875
v -0.0069663031 0.00068602076 0.011875
v -0.0069663031 0.0006860221 0.014
v -0.0069663026 0.00068602292 0.0088750003
v -0.0069663026 0.0006860242 0.0101875
v -0.0069663026 0.0006860242 0.0131875
v -0.0069663026 0.00068602455 0.010375
v -0.0069657266 -0.0006918431 0.008921151
v -0.0069601368 0.00074598403 0.011873048
v -0.0069458596 -0.00086892577 0.0087397834
v -0.0069458596 -0.00086892577 0.011739783
v -0.0069265943 0.0077352743 -0.39399999
v -0.0069265943 0.0077352743 0.0060000061
v -0.006922577 0.0010382324 0.0086759077
v -0.006922577 0.0010382324 0.011675907
v -0.0068999478 -0.0011792879 0.011938144
v -0.0068933689 0.0075077456 -0.39500001
v -0.0068933689 0.0075077456 -0.39399999
v -0.0068926411 0.0012212705 0.0088572642
v -0.0068828566 -0.0070989029 0.0080000004
v -0.0068828566 -0.0070989029 0.014
v -0.0068685869 -0.0013500049 0.01025668
v -0.0068685869 -0.0013500049 0.013256679
v -0.0068567353 0.0081997057 -0.11514933
v -0.0068567353 0.0081997057 -0.10914934
v -0.0068546506 -0.0014190716 0.010446634
v -0.0068468633 0.00145618 0.010349259
v -0.0068355869 0.0015082284 0.010159967
v -0.0068355869 0.0015082284 0.013159966
v -0.0068137655 -0.0072161346 -0.39500001
v -0.0068137655 -0.0072161346 -0.39399999
v -0.0068110242 0.00010914016 0.0077248057
v -0.0068110242 0.00010914016 0.0078185555
v -0.0068110242 0.00010914016 0.0079123061
v -0.0068109129 0.0071848081 0.014
v -0.0068109129 0.0071848081 0.016000001
v -0.0068105818 -0.00013394776 0.012233024
v -0.0068105818 -0.00013394776 0.012326773
v -0.0068105818 -0.00013394776 0.012420523
v -0.0068028704 0.00035060191 0.0092167417
v -0.0068028704 0.00035060191 0.0093104923
v -0.0068028704 0.00035060191 0.009404242
v -0.0068013854 -0.00037831781 0.010741392
v -0.0068013854 -0.00037831781 0.010835142
v -0.0068013854 -0.00037831781 0.010928893
v -0.0068009319 -0.0016575053 0.0089551648
v -0.0067928014 0.0016905168 0.011841134
v -0.0067860968 0.00059232867 0.010708605
v -0.0067860968 0.00059232867 0.010802355
v -0.0067860968 0.00059232867 0.010896105
v -0.0067833038 -0.00062350387 0.0092498986
v -0.0067833038 -0.00062350387 0.0093436483
v -0.0067833038 -0.00062350387 0.0094373981
v -0.0067605502 0.00083482027 0.01220031
v -0.0067605502 0.00083482027 0.01229406
v -0.0067605502 0.00083482027 0.01238781
v -0.0067575895 -0.0018261949 0.0087737553
v -0.0067575895 -0.0018261949 0.011773755
v -0.0067562382 -0.00086902658 0.0077585266
v -0.0067562382 -0.00086902658 0.0078522768
v -0.0067562382 -0.00086902658 0.0079460265
v -0.0067532971 0.0073551899 0.0080000004
v -0.0067532971 0.0073551899 0.014
v -0.0067498311 -0.0057174983 -0.39399999
v -0.0067498311 -0.0057174983 0.0060000061
v -0.0067261229 0.0010776075 0.0076918709
v -0.0067261229 0.0010776075 0.0077856211
v -0.0067261229 0.0010776075 0.0078793708
v -0.0067222607 -0.0019522323 0.014
v -0.0067222607 -0.0019522321 0.0087783346
v -0.0067222607 -0.0019522321 0.008965835
v -0.0067222607 -0.0019522321 0.011778335
v -0.0067222603 -0.0019522328 0.010278335
v -0.0067222603 -0.0019522328 0.011965835
v -0.0067222603 -0.0019522328 0.013278334
v -0.0067222603 -0.0019522326 0.010465835
v -0.0067201257 -0.0011143961 0.012267261
v -0.0067201257 -0.0011143961 0.012361011
v -0.0067201257 -0.0011143961 0.012454761
v -0.0067154462 0.0019755454 0.0086435601
v -0.0067154462 0.0019755454 0.011643561
v -0.0067105819 0.0019920063 0.014
v -0.0067105815 0.0019920089 0.0088304719
v -0.006710581 0.0019920093 0.011830472
v -0.006710581 0.00199201 0.010142972
v -0.006710581 0.00199201 0.010330472
v -0.006710581 0.00199201 0.013142972
v -0.0066935602 -0.005970126 -0.39399999
v -0.0066935602 -0.005970126 0.0060000061
v -0.0066827396 0.0013202091 0.0091833016
v -0.0066827396 0.0013202091 0.0092770522
v -0.0066827396 0.0013202091 0.009370802
v -0.006674936 -0.0013591152 0.010776086
v -0.006674936 -0.0013591152 0.010869836
v -0.006674936 -0.0013591152 0.010963585
v -0.0066739665 0.0077915448 -0.39399999
v -0.0066739665 0.0077915448 0.0060000061
v -0.0066667949 -0.0021339734 0.011972485
v -0.0066580498 0.0021611052 0.0088243866
v -0.006630362 0.0015621351 0.010674618
v -0.006630362 0.0015621351 0.010768368
v -0.006630362 0.0015621351 0.010862119
v -0.0066243475 -0.0051223058 -0.39399999
v -0.0066243475 -0.0051223058 -0.38600001
v -0.0066206777 -0.0016026828 0.0092849834
v -0.0066206777 -0.0016026828 0.0093787331
v -0.0066206777 -0.0016026828 0.0094724828
v -0.0066134487 -0.0022939693 0.010290885
v -0.0066134487 -0.0022939693 0.013290885
v -0.0066030361 -0.0046227602 -5.2154059e-11
v -0.0066030361 -0.0046227602 0.0060000001
v -0.0065934593 8.8329871e-05 0.0084726233
v -0.0065934593 8.8329871e-05 0.011472624
v -0.0065910844 -0.00019775765 0.01213907
v -0.0065889931 0.00025821768 0.009122882
v -0.0065881456 -0.0023656578 0.010481043
v -0.0065839915 -0.0003640918 0.0099888099
v -0.0065839915 -0.0003640918 0.01298881
v -0.00658037 -0.00042453976 0.010647248
v -0.006578967 0.0023910666 0.010315984
v -0.0065764552 0.00048139421 0.010615083
v -0.0065722642 0.00053558272 0.0099569513
v -0.0065722642 0.00053558272 0.012956952
v -0.0065689846 0.0018028893 0.012165837
v -0.0065689846 0.0018028893 0.012259587
v -0.0065689846 0.0018028893 0.012353336
v -0.0065646078 -0.0055078859 -0.39399999
v -0.0065646078 -0.0055078859 -0.38600001
v -0.0065622013 0.0024367024 0.010126798
v -0.0065622013 0.0024367024 0.013126799
v -0.006561765 -0.0006517212 0.0091555258
v -0.0065600006 0.0077104932 -0.39500001
v -0.0065600006 0.0077104932 -0.39399999
v -0.0065573952 -0.0018445964 0.0077939364
v -0.0065573952 -0.0018445964 0.0078876866
v -0.0065573952 -0.0018445964 0.0079814363
v -0.0065564993 0.00070272235 0.012107423
v -0.0065430501 -0.00081853435 0.0085054077
v -0.0065430501 -0.00081853435 0.011505408
v -0.0065211179 0.00097802235 0.008441533
v -0.0065211179 0.00097802235 0.011441533
v -0.0065185144 -0.0061607733 -0.39399999
v -0.0065185144 -0.0061607733 0.0060000061
v -0.0065134261 -0.0052011302 -5.2154059e-11
v -0.0065134261 -0.0052011302 0.0060000001
v -0.006501527 -0.0025942526 0.008989579
v -0.0064998008 -0.0011108977 0.012172518
v -0.006498639 0.0020419729 0.0076569733
v -0.006498639 0.0020419729 0.0077507235
v -0.006498639 0.0020419729 0.0078444732
v -0.0064929174 0.0011504457 0.009091639
v -0.0064917179 0.0026187019 0.011807519
v -0.0064851698 -0.0020843563 0.012302927
v -0.0064851698 -0.0020843563 0.012396676
v -0.0064851698 -0.0020843563 0.012490426
v -0.0064702583 -0.0012717145 0.010022305
v -0.0064702583 -0.0012717145 0.013022305
v -0.0064571304 -0.0013367757 0.010681009
v -0.0064497949 0.0013717321 0.010583634
v -0.0064391722 0.001420762 0.0099255908
v -0.0064391722 0.001420762 0.012925591
v -0.0064372355 -0.0027499085 0.0088079451
v -0.0064372355 -0.0027499085 0.011807945
v -0.0064193951 0.0022788879 0.0091480464
v -0.0064193951 0.0022788879 0.0092417961
v -0.0064193951 0.0022788879 0.0093355458
v -0.006406527 -0.0015613821 0.0091895405
v -0.0064051272 0.00010263606 0.007490431
v -0.0064051272 0.00010263606 0.0081466809
v -0.0064047109 -0.00012596525 0.011998649
v -0.0064047109 -0.00012596525 0.012654899
v -0.0064041195 -0.0023214691 0.010811936
v -0.0064041195 -0.0023214691 0.010905687
v -0.0064041195 -0.0023214691 0.010999436
v -0.0063988683 0.0015924792 0.012075509
v -0.0063974587 0.00032970807 0.0089823669
v -0.0063974587 0.00032970807 0.0096386168
v -0.0063960622 -0.00035577227 0.010507017
v -0.0063960622 -0.00035577227 0.011163267
v -0.0063816849 0.00055702933 0.01047423
v -0.0063816849 0.00055702933 0.01113048
v -0.0063790586 -0.00058634666 0.0090155229
v -0.0063790586 -0.00058634666 0.0096717728
v -0.0063763824 0.002888208 0.0086097978
v -0.0063763824 0.002888208 0.011609797
v -0.0063656978 -0.001720289 0.0085393796
v -0.0063656978 -0.001720289 0.01153938
v -0.0063618599 -0.0058412538 -0.39399999
v -0.0063618599 -0.0058412538 -0.38600001
v -0.006357661 0.00078506989 0.011965935
v -0.006357661 0.00078506989 0.012622185
v -0.006353606 -0.00081723771 0.0075241514
v -0.006353606 -0.00081723771 0.0081804013
v -0.0063313581 0.00251314 0.010639071
v -0.0063313581 0.00251314 0.010732822
v -0.0063313581 0.00251314 0.010826572
v -0.0063259993 0.0018609782 0.0084091853
v -0.0063259993 0.0018609782 0.011409186
v -0.0063252854 0.0010133884 0.0074574957
v -0.0063252854 0.0010133884 0.0081137456
v -0.0063196453 -0.0010479847 0.012032886
v -0.0063196453 -0.0010479847 0.012689136
v -0.0063143997 -0.00255545 0.0093209473
v -0.0063143997 -0.00255545 0.009414698
v -0.0063143997 -0.00255545 0.0095084477
v -0.0063142199 -0.007237446 0.0080000004
v -0.0063142199 -0.007237446 0.014
v -0.0063026976 -0.0030456525 0.012006716
v -0.0062906882 0.0030703817 0.0087902611
v -0.0062844879 0.0012415324 0.0089489268
v -0.0062844879 0.0012415324 0.0096051767
v -0.0062801694 -0.0020102183 0.01220686
v -0.0062771486 -0.00127812 0.010541711
v -0.0062771486 -0.00127812 0.011197961
v -0.0062719309 0.0020357766 0.0090587614
v -0.0062715965 -0.0062383553 -0.39399999
v -0.0062715965 -0.0062383553 0.0060000061
v -0.0062532458 0.0076593119 0.0080000004
v -0.0062532458 0.0076593119 0.014
v -0.0062383553 0.0062715965 -0.39399999
v -0.0062383553 0.0062715965 0.0060000061
v -0.0062352312 0.001469041 0.010440243
v -0.0062352312 0.001469041 0.011096493
v -0.0062346691 0.0027442423 0.01213007
v -0.0062346691 0.0027442423 0.012223819
v -0.0062346691 0.0027442423 0.012317569
v -0.0062313201 -0.0031891458 0.0088247471
v -0.0062313201 -0.0031891458 0.011824747
v -0.0062313196 -0.0031891465 0.0090122474
v -0.0062313192 -0.003189147 0.012012247
v -0.0062313187 -0.0031891484 0.010512247
v -0.0062313182 -0.0031891491 0.014
v -0.0062304805 -0.0031907852 0.010324811
v -0.0062304805 -0.0031907852 0.01332481
v -0.0062299166 -0.0021609357 0.010056511
v -0.0062299166 -0.0021609357 0.01305651
v -0.0062261238 -0.0015071722 0.0090506086
v -0.0062261238 -0.0015071722 0.0097068585
v -0.0062161987 -0.002785828 0.0078299418
v -0.0062161987 -0.002785828 0.0079236915
v -0.0062161987 -0.002785828 0.0080174413
v -0.0062123234 0.0032259941 0.0087841656
v -0.0062123234 0.0032259943 0.0085966652
v -0.0062123234 0.0032259943 0.011596665
v -0.0062123234 0.0032259943 0.014
v -0.006212323 0.0032259943 0.010096665
v -0.006212323 0.0032259943 0.010284165
v -0.006212323 0.0032259943 0.013096665
v -0.006212323 0.0032259945 0.011784165
v -0.0062093041 -0.0057011819 -5.2154059e-11
v -0.0062093041 -0.0057011819 0.0060000001
v -0.0062060808 -0.0022284666 0.010715418
v -0.0061974344 0.002252402 0.010550359
v -0.0061932304 -0.0032624984 0.010515091
v -0.0061880993 4.9898672e-06 0.0079999994
v -0.0061880494 -2.5368156e-05 0.0079999994
v -0.0061880494 -2.5368156e-05 0.0080548441
v -0.0061880494 -2.5368156e-05 0.0082423445
v -0.0061875461 8.2891987e-05 0.0082382485
v -0.0061875461 8.2891987e-05 0.011238249
v -0.0061861514 -0.00015532902 0.0093722893
v -0.0061861514 -0.00015532902 0.0095597897
v -0.0061861514 -0.00015532902 0.0097472891
v -0.0061853314 0.0051683341 -5.2154059e-11
v -0.0061853314 0.0051683341 0.0060000001
v -0.0061853174 -0.00018558314 0.012373446
v -0.0061833546 0.00024232101 0.0093572568
v -0.006181641 0.0022953912 0.0098924236
v -0.006181641 0.0022953912 0.012892423
v -0.0061815074 -0.00028559202 0.010877278
v -0.0061815074 -0.00028559202 0.011064778
v -0.0061815074 -0.00028559202 0.011252278
v -0.0061795232 0.0032883878 0.010281699
v -0.0061786612 -0.00034167725 0.0097544352
v -0.0061786612 -0.00034167725 0.012754435
v -0.0061775111 0.0016954476 0.011931461
v -0.0061775111 0.0016954476 0.012587711
v -0.0061752629 -0.00039840385 0.010881623
v -0.0061744209 0.0077702333 -0.39500001
v -0.0061744209 0.0077702333 -0.39399999
v -0.0061740978 -0.00041607107 0.012382306
v -0.0061740978 -0.00041607107 0.012569806
v -0.0061740978 -0.00041607107 0.012757306
v -0.0061715888 0.00045175818 0.010849458
v -0.0061693555 0.00048129962 0.012348364
v -0.0061693555 0.00048129962 0.012535864
v -0.0061693555 0.00048129962 0.012723364
v -0.0061676558 0.00050261064 0.0097225765
v -0.0061676558 0.00050261064 0.012722577
v -0.0061666127 -0.0017346692 0.0075595612
v -0.0061666127 -0.0017346692 0.0082158111
v -0.0061640195 0.0056678797 -0.39399999
v -0.0061640195 0.0056678797 -0.38600001
v -0.006160988 -0.00057863485 0.0079999994
v -0.0061607733 0.0065185144 -0.39399999
v -0.0061607733 0.0065185144 0.0060000061
v -0.0061604963 0.00058385264 0.0079999994
v -0.0061590113 0.0033266474 0.010092679
v -0.0061590113 0.0033266474 0.013092679
v -0.0061581042 0.00060856313 0.010843673
v -0.0061581042 0.00060856313 0.011031172
v -0.0061581042 0.00060856313 0.011218673
v -0.0061578033 -0.00061159924 0.0093899006
v -0.0061528618 0.00065946067 0.012341797
v -0.0061442256 0.00073558395 0.0093389787
v -0.0061442256 0.00073558395 0.0095264791
v -0.0061442256 0.00073558395 0.0097139785
v -0.0061415718 -0.0077647343 0.014
v -0.0061415718 -0.0077647343 0.016000001
v -0.0061402405 -0.00076814287 0.0082710329
v -0.0061402405 -0.00076814287 0.011271033
v -0.0061295065 0.0029717193 0.0076210569
v -0.0061295065 0.0029717193 0.0077148066
v -0.0061295065 0.0029717193 0.0078085568
v -0.0061276588 0.00086278433 0.0080217281
v -0.0061276588 0.00086278433 0.0082092285
v -0.0061244853 -0.0024438046 0.0092239538
v -0.0061196582 0.00091781234 0.0082071582
v -0.0061196582 0.00091781234 0.011207158
v -0.0061192308 -0.00092065561 0.0079999994
v -0.0061178603 -0.00092972093 0.0080899112
v -0.0061178603 -0.00092972093 0.0082774116
v -0.0061152452 0.002466836 0.012041894
v -0.0061113583 0.0019202833 0.0074225985
v -0.0061113583 0.0019202833 0.0080788489
v -0.0061097415 -0.0030121466 0.0123389
v -0.0061097415 -0.0030121466 0.01243265
v -0.0061097415 -0.0030121466 0.0125264
v -0.0060996534 -0.0010425076 0.012406893
v -0.0060986914 -0.0019601407 0.012068552
v -0.0060986914 -0.0019601407 0.012724802
v -0.0060966429 -0.0010599728 0.0094075901
v -0.0060966429 -0.0010599728 0.0095950896
v -0.0060966429 -0.0010599728 0.00978259
v -0.0060931942 0.0010796209 0.0093260147
v -0.0060790246 0.0011567426 0.0079999994
v -0.0060767038 -0.0034747196 0.0090233814
v -0.006072619 -0.0011899122 0.010912789
v -0.006072619 -0.0011899122 0.011100288
v -0.006072619 -0.0011899122 0.011287789
v -0.0060719298 -0.0011934239 0.0097879292
v -0.0060719298 -0.0011934239 0.01278793
v -0.0060716574 0.0060469708 -0.39399999
v -0.0060716574 0.0060469708 -0.38600001
v -0.0060639228 -0.0025904337 0.0085735703
v -0.0060639228 -0.0025904337 0.01157357
v -0.0060608019 0.0035023817 0.011773135
v -0.0060596103 -0.00125448 0.010915385
v -0.0060527264 0.0012872842 0.010818008
v -0.0060469708 -0.0060716574 -0.39399999
v -0.0060469708 -0.0060716574 -0.38600001
v -0.0060467878 0.0057369703 -5.2154059e-11
v -0.0060467878 0.0057369703 0.0060000001
v -0.006045796 -0.0013194483 0.012418004
v -0.006045796 -0.0013194483 0.012605504
v -0.006045796 -0.0013194483 0.012793005
v -0.0060427575 0.0013332957 0.0096912161
v -0.0060368371 0.0021430794 0.0089136707
v -0.0060368371 0.0021430794 0.0095699206
v -0.0060360692 0.0013632552 0.012315045
v -0.0060360692 0.0013632552 0.012502545
v -0.0060360692 0.0013632552 0.012690045
v -0.0060224715 -0.002183123 0.010577561
v -0.0060224715 -0.002183123 0.011233811
v -0.0060160826 0.0031951081 0.0091120517
v -0.0060160826 0.0031951081 0.0092058023
v -0.0060160826 0.0031951081 0.0092995521
v -0.0060121226 -0.0014652588 0.0094239153
v -0.0060065985 0.0027207129 0.0083754221
v -0.0060065985 0.0027207129 0.011375423
v -0.0060064797 -0.0014882185 0.0079999994
v -0.0060060136 0.0014901005 0.010810056
v -0.0060060136 0.0014901005 0.010997556
v -0.0060060136 0.0014901005 0.011185056
v -0.0060052173 0.0014933052 0.0079999994
v -0.0060049347 0.0014944414 0.012309884
v -0.0059992298 9.6131938e-05 0.0072560557
v -0.0059992298 9.6131938e-05 0.0083810557
v -0.0059988396 -0.00011798277 0.011764273
v -0.0059988396 -0.00011798277 0.012889273
v -0.0059952824 -0.0032339685 0.010847806
v -0.0059952824 -0.0032339685 0.010941556
v -0.0059952824 -0.0032339685 0.011035305
v -0.0059951334 -0.0036136373 0.0088413628
v -0.0059951334 -0.0036136373 0.011841363
v -0.0059920475 0.00030881425 0.0087479921
v -0.0059920475 0.00030881425 0.0098729916
v -0.0059907394 -0.00033322672 0.010272643
v -0.0059907394 -0.00033322672 0.011397642
v -0.0059870575 -0.00039388752 0.01027502
v -0.0059870575 -0.00039388752 0.011400021
v -0.005987057 -0.00039389165 0.011775021
v -0.005987057 -0.00039389165 0.012900021
v -0.005987057 -0.00039389031 0.0087750209
v -0.005987057 -0.00039389031 0.0099000204
v -0.005987057 -0.00039388594 0.014
v -0.0059870565 -0.0003938929 0.0084000202
v -0.0059772735 0.00052172999 0.010239854
v -0.0059772735 0.00052172999 0.011364855
v -0.0059748134 -0.00054918946 0.0087811481
v -0.0059748134 -0.00054918946 0.0099061485
v -0.0059738066 -0.0016143828 0.0083050048
v -0.0059738066 -0.0016143828 0.011305005
v -0.0059732026 0.0016166155 0.0093050264
v -0.0059732026 0.0016166155 0.0094925258
v -0.0059732026 0.0016166155 0.0096800262
v -0.005970126 0.0066935602 -0.39399999
v -0.005970126 0.0066935602 0.0060000061
v -0.0059699267 -0.00059997826 0.0080000004
v -0.0059699262 -0.00059998251 0.0072831647
v -0.0059610298 0.00068273232 0.0080000004
v -0.0059610293 0.00068273838 0.0072336146
v -0.0059547718 0.00073531945 0.01173156
v -0.0059547718 0.00073531945 0.01285656
v -0.0059540458 0.0023633717 0.010404697
v -0.0059540458 0.0023633717 0.011060947
v -0.0059509738 -0.00076544879 0.0072897766
v -0.0059509738 -0.00076544879 0.0084147761
v -0.0059380983 -0.0024031601 0.0090865726
v -0.0059380983 -0.0024031601 0.0097428225
v -0.0059376387 0.0017427113 0.0079999994
v -0.0059376387 0.0017427113 0.0081749596
v -0.005937187 -0.0028690267 0.012241092
v -0.0059365518 0.0017464109 0.01117481
v -0.0059317569 0.00090236327 0.014
v -0.0059317569 0.00090236473 0.0083499793
v -0.0059317565 0.00090236717 0.01172498
v -0.0059317565 0.00090236717 0.012849979
v -0.005931756 0.00090236939 0.0087249791
v -0.005931756 0.00090236939 0.0098499795
v -0.0059317555 0.00090236997 0.010224979
v -0.0059317555 0.00090236997 0.011349979
v -0.0059258738 0.0028923219 0.0090246359
v -0.0059244479 0.00094916922 0.0072231209
v -0.0059244479 0.00094916922 0.0083481204
v -0.005919165 -0.00098157313 0.011798511
v -0.005919165 -0.00098157313 0.012923511
v -0.0059133759 -0.001823343 0.0079999994
v -0.0059133759 -0.001823343 0.0081261154
v -0.0059133759 -0.001823343 0.0083136158
v -0.0059115784 0.003748765 0.0085755689
v -0.0059115784 0.003748765 0.011575568
v -0.0058946423 0.0034139645 0.010603073
v -0.0058946423 0.0034139645 0.010696824
v -0.0058946423 0.0034139645 0.010790573
v -0.0058935429 -0.0018864634 0.012441235
v -0.0058862353 0.0011628557 0.008714552
v -0.0058862353 0.0011628557 0.0098395515
v -0.005885812 0.0019104481 0.0092931362
v -0.0058793612 -0.0011971246 0.010307335
v -0.0058793612 -0.0011971246 0.011432336
v -0.0058731087 -0.0034508782 0.0093566403
v -0.0058731087 -0.0034508782 0.00945039
v -0.0058731087 -0.0034508782 0.0095441407
v -0.0058729663 -0.0019495798 0.0094438624
v -0.0058729663 -0.0019495798 0.0096313627
v -0.0058729663 -0.0019495798 0.0098188622
v -0.0058691581 -0.0030057426 0.010090436
v -0.0058691581 -0.0030057426 0.013090435
v -0.0058631194 0.0025807014 0.011895695
v -0.0058631194 0.0025807014 0.012551945
v -0.0058463844 -0.0020279021 0.0098221349
v -0.0058463844 -0.0020279021 0.012822135
v -0.0058457498 -0.002619809 0.0075955666
v -0.0058457498 -0.002619809 0.008251817
v -0.0058412538 0.0063618599 -0.39399999
v -0.0058412538 0.0063618599 -0.38600001
v -0.0058409204 -0.0020435869 0.0079999994
v -0.0058401003 0.0013759468 0.010205869
v -0.0058401003 0.0013759468 0.011330868
v -0.0058376165 0.002053004 0.0079999994
v -0.0058340682 -0.003073297 0.010749466
v -0.0058315704 -0.0014116617 0.0088162329
v -0.0058315704 -0.0014116617 0.0099412333
v -0.0058298744 -0.0020748875 0.010949105
v -0.0058298744 -0.0020748875 0.011136604
v -0.0058298744 -0.0020748875 0.011324105
v -0.0058240164 -0.0020912755 0.010949793
v -0.0058211554 0.0030976851 0.010516074
v -0.0058205444 -0.0038886063 0.012039846
v -0.0058159018 0.0021137374 0.010784734
v -0.0058018328 0.0031337258 0.0098583037
v -0.0058018328 0.0031337258 0.012858304
v -0.0058010803 0.00215408 0.0096580489
v -0.0058010803 0.00215408 0.012658048
v -0.0057984376 0.0039214948 0.0087558711
v -0.005786038 0.0015880059 0.011697087
v -0.005786038 0.0015880059 0.012822087
v -0.0057841334 -0.0021991809 0.012454339
v -0.0057841334 -0.0021991809 0.01264184
v -0.0057841334 -0.0021991809 0.012829339
v -0.0057758302 -0.0016247419 0.0073251864
v -0.0057758302 -0.0016247419 0.0084501859
v -0.0057711867 0.0022329355 0.012279738
v -0.0057711867 0.0022329355 0.012467237
v -0.0057711867 0.0022329355 0.012654738
v -0.0057654642 0.0036278632 0.012094139
v -0.0057654642 0.0036278632 0.012187889
v -0.0057654642 0.0036278632 0.01228164
v -0.0057642241 0.002794622 0.0073866816
v -0.0057642241 0.002794622 0.0080429316
v -0.0057624094 -0.0016717176 0.0084521761
v -0.0057624094 -0.0016717175 0.014
v -0.005762409 -0.0016717192 0.010327176
v -0.005762409 -0.0016717192 0.011452176
v -0.005762409 -0.001671719 0.011827176
v -0.005762409 -0.001671719 0.012952176
v -0.005762409 -0.0016717185 0.0088271759
v -0.005762409 -0.0016717185 0.0099521754
v -0.005747444 -0.0022933569 0.0094583286
v -0.0057456368 -0.0028326402 0.012104525
v -0.0057456368 -0.0028326402 0.012760775
v -0.0057435329 -0.0036624847 0.007865387
v -0.0057435329 -0.0036624847 0.0079591367
v -0.0057435329 -0.0036624847 0.0080528874
v -0.0057387725 0.0023149704 0.012276269
v -0.0057369703 -0.0060467878 -5.2154059e-11
v -0.0057369703 -0.0060467878 0.0060000001
v -0.0057335049 -0.0040158336 0.010357491
v -0.0057335049 -0.0040158336 0.01335749
v -0.0057242988 -0.003273211 0.0092577571
v -0.0057240776 0.0017985936 0.0071882238
v -0.0057240776 0.0017985936 0.0083132237
v -0.0057221889 0.0023556626 0.010774538
v -0.0057221889 0.0023556626 0.010962038
v -0.0057221889 0.0023556626 0.011149539
v -0.0057182377 0.0080815684 0.014
v -0.0057182377 0.0080815684 0.016000001
v -0.0057174983 0.0067498311 -0.39399999
v -0.0057174983 0.0067498311 0.0060000061
v -0.005712213 -0.0018359255 0.011834176
v -0.005712213 -0.0018359255 0.012959177
v -0.0057093194 0.0032992691 0.01200751
v -0.0057059606 -0.0018552663 0.0073350063
v -0.0057059606 -0.001855266 0.0080000004
v -0.0057011819 0.0062093041 -5.2154059e-11
v -0.0057011819 0.0062093041 0.0060000001
v -0.0056906091 -0.0024309589 0.0083391946
v -0.0056906091 -0.0024309589 0.011339195
v -0.0056868051 -0.0042614839 -0.39399999
v -0.0056868051 -0.0042614839 -0.38600001
v -0.0056844926 -0.0040849168 0.010547802
v -0.0056796763 0.0019342378 0.0080000004
v -0.0056796758 0.0019342388 0.007182437
v -0.0056748753 0.0077489219 0.0080000004
v -0.0056748753 0.0077489219 0.014
v -0.0056705256 0.0024774456 0.0092693223
v -0.0056705256 0.0024774456 0.0094568226
v -0.0056705256 0.0024774456 0.0096443221
v -0.0056678797 -0.0061640195 -0.39399999
v -0.0056678797 -0.0061640195 -0.38600001
v -0.0056583392 0.0041210675 0.0102474
v -0.0056575593 0.0030046983 0.0088776769
v -0.0056575593 0.0030046983 0.0095339268
v -0.0056542782 0.0020072709 0.0086792959
v -0.0056542782 0.0020072709 0.0098042963
v -0.0056474591 -0.0034040727 0.008606988
v -0.0056474591 -0.0034040727 0.011606988
v -0.0056408229 -0.0020447769 0.010343187
v -0.0056408229 -0.0020447769 0.011468186
v -0.0056379987 -0.0030412427 0.01061343
v -0.0056379987 -0.0030412427 0.01126968
v -0.0056368141 0.0025532178 0.0081410473
v -0.0056368141 0.0025532178 0.011141048
v -0.005636015 0.0041515464 0.01005859
v -0.005636015 0.0041515464 0.013058591
v -0.0056288526 0.0038364027 0.0075852671
v -0.0056288526 0.0038364027 0.0076790168
v -0.0056288526 0.0038364027 0.007772767
v -0.005627065 -0.0046470645 -0.39399999
v -0.005627065 -0.0046470645 -0.38600001
v -0.0056221546 -0.002585338 0.0079999994
v -0.0056199632 0.0025900989 0.0079999994
v -0.0056162234 0.0025981979 0.0079999994
v -0.0056162234 0.0025981979 0.0081390925
v -0.0056068953 -0.0038684222 0.012374029
v -0.0056068953 -0.0038684222 0.012467779
v -0.0056068953 -0.0038684222 0.012561529
v -0.0055990941 0.002156419 0.014
v -0.0055990941 0.0021564194 0.0086728241
v -0.0055990941 0.0021564194 0.0097978236
v -0.0055990941 0.0021564197 0.010172824
v -0.0055990941 0.0021564197 0.011297824
v -0.0055990936 0.0021564204 0.0082978243
v -0.0055990936 0.0021564208 0.011672824
v -0.0055990936 0.0021564208 0.012797824
v -0.0055792499 -0.0026766711 0.0079999994
v -0.0055792499 -0.0026766711 0.0081622833
v -0.0055792499 -0.0026766711 0.0083497837
v -0.005576734 0.0022136031 0.010170322
v -0.005576734 0.0022136031 0.011295322
v -0.005571676 -0.0026924009 0.012475466
v -0.0055687497 0.0035313638 0.0083411932
v -0.0055687497 0.0035313638 0.011341194
v -0.0055617965 -0.0022508702 0.0088521978
v -0.0055617965 -0.0022508702 0.0099771973
v -0.0055610593 0.0027142619 0.0092590107
v -0.0055482956 -0.0027402574 0.0079999994
v -0.0055433563 0.003210512 0.010368698
v -0.0055433563 0.003210512 0.011024948
v -0.0055426434 -0.0042754067 0.0090556229
v -0.0055231056 -0.0032452261 0.0091222655
v -0.0055231056 -0.0032452261 0.0097785154
v -0.0055210353 -0.0027947747 0.0094799269
v -0.0055210353 -0.0027947747 0.0096674263
v -0.0055210353 -0.0027947747 0.0098549267
v -0.0055151624 -0.0043107984 0.012057087
v -0.0055151614 -0.0043107998 0.0088695874
v -0.0055151614 -0.0043107998 0.011869587
v -0.005515161 -0.0043107998 0.010369588
v -0.005515161 -0.0043107998 0.013369587
v -0.0055151605 -0.0043108007 0.010557087
v -0.00551516 -0.0043108021 0.0090570869
v -0.00551516 -0.0043108021 0.014
v -0.0055117374 0.0043151765 0.01173899
v -0.0055078859 0.0065646078 -0.39399999
v -0.0055078859 0.0065646078 -0.38600001
v -0.0055078352 -0.0028207002 0.012856061
v -0.0054915692 0.0024171609 0.011661319
v -0.0054915692 0.0024171609 0.012786319
v -0.0054895375 0.0043433835 0.0087377531
v -0.005489537 0.0043433835 0.010237753
v -0.005489537 0.0043433839 0.010050253
v -0.005489537 0.0043433839 0.013050253
v -0.0054895366 0.0043433844 0.0085502528
v -0.0054895366 0.0043433844 0.011550253
v -0.0054895352 0.0043433858 0.014
v -0.0054851426 0.0040392051 0.0090764742
v -0.0054851426 0.0040392051 0.009170224
v -0.0054851426 0.0040392051 0.0092639746
v -0.0054829954 -0.0036630952 0.012274221
v -0.0054753004 -0.0024537898 0.0073611918
v -0.0054753004 -0.0024537898 0.0084861917
v -0.0054749055 -0.0028840958 0.010983841
v -0.0054735234 0.00053901738 0.0079999994
v -0.0054735234 0.00053901738 0.014
v -0.0054635578 -0.0040683541 0.010882552
v -0.0054635578 -0.0040683541 0.010976302
v -0.0054635578 -0.0040683541 0.011070051
v -0.0054627876 0.0029069823 0.010750448
v -0.0054621706 0.0036940763 0.0089902459
v -0.0054614288 -0.00065023033 0.0079999994
v -0.0054614288 -0.00065023033 0.014
v -0.005460436 -0.0029113977 0.010985041
v -0.005460436 -0.0029113977 0.011172541
v -0.005460436 -0.0029113977 0.011360041
v -0.0054481998 -0.0043951245 0.008873092
v -0.0054481998 -0.0043951245 0.011873092
v -0.0054446547 0.0029408045 0.0096239289
v -0.0054446547 0.0029408045 0.012623929
v -0.0054243174 -0.0049804323 -0.39399999
v -0.0054243174 -0.0049804323 -0.38600001
v -0.0054218755 0.0034116639 0.011859764
v -0.0054218755 0.0034116639 0.012516014
v -0.0054012518 -0.0034442218 0.0076310122
v -0.0054012518 -0.0034442218 0.0082872622
v -0.0054010032 -0.0037829448 0.010123116
v -0.0054010032 -0.0037829448 0.013123116
v -0.0053989412 0.0026175249 0.0071523068
v -0.0053989412 0.0026175249 0.0082773063
v -0.0053975065 -0.0030264691 0.012490124
v -0.0053975065 -0.0030264691 0.012677624
v -0.0053975065 -0.0030264691 0.012865123
v -0.0053815315 -0.0026531336 0.01187015
v -0.0053815315 -0.0026531336 0.01299515
v -0.0053776819 0.0030615572 0.012243463
v -0.0053776819 0.0030615572 0.012430963
v -0.0053776819 0.0030615572 0.012618463
v -0.0053718933 -0.0030717023 0.0094921319
v -0.0053578364 0.0030961561 0.012241885
v -0.0053548333 -0.0038480209 0.010782177
v -0.0053534545 0.0031037268 0.0079999994
v -0.0053346911 0.0042359219 0.010567778
v -0.0053346911 0.0042359219 0.010661528
v -0.0053346911 0.0042359219 0.010755277
v -0.0053346381 0.0045322883 0.0085418671
v -0.0053346381 0.0045322883 0.011541867
v -0.0053301966 0.0038820752 0.010481775
v -0.0053139017 -0.0042619733 0.0093909381
v -0.0053139017 -0.0042619733 0.0094846888
v -0.0053139017 -0.0042619733 0.0095784385
v -0.0053108945 0.0031760032 0.010738221
v -0.0053108945 0.0031760032 0.010925721
v -0.0053108945 0.0031760032 0.011113221
v -0.0053091664 0.0039107865 0.0098242154
v -0.0053091664 0.0039107865 0.012824216
v -0.0053031985 0.0047303368 -0.39399999
v -0.0053031985 0.0047303368 -0.38600001
v -0.0052997847 -0.0031945077 0.0083726132
v -0.0052997847 -0.0031945077 0.011372613
v -0.0052990359 0.0028142887 0.0086433021
v -0.0052990359 0.0028142887 0.0097683016
v -0.0052934056 0.0036077753 0.0073508918
v -0.0052934056 0.0036077753 0.0080071418
v -0.0052807149 -0.0028485171 0.010379056
v -0.0052807149 -0.0028485171 0.011504056
v -0.0052727573 -0.0036378868 0.012139655
v -0.0052727573 -0.0036378868 0.012795905
v -0.0052683195 -0.0028713781 0.011880106
v -0.0052683195 -0.0028713781 0.013005106
v -0.0052683195 -0.0028713779 0.008505106
v -0.0052683186 -0.0028713795 0.0088801058
v -0.0052683186 -0.0028713795 0.010005106
v -0.0052683176 -0.0028713814 0.014
v -0.0052683176 -0.0028713809 0.010380106
v -0.0052683176 -0.0028713809 0.011505106
v -0.0052673644 -0.0032476862 0.0079999994
v -0.0052628941 -0.0032549261 0.0080003254
v -0.0052417079 0.0032889349 0.0092329867
v -0.0052417079 0.0032889349 0.0094204871
v -0.0052417079 0.0032889349 0.0096079865
v -0.005238045 -0.0046435855 0.012071184
v -0.0052296831 0.0017030612 0.0079999994
v -0.0052296831 0.0017030612 0.014
v -0.0052259206 0.0033139626 0.0081068184
v -0.0052259206 0.0033139626 0.011106819
v -0.00522121 -0.004027464 0.0092899976
v -0.005210836 0.005109428 -0.39399999
v -0.005210836 0.005109428 -0.38600001
v -0.0052011302 0.0065134261 -5.2154059e-11
v -0.0052011302 0.0065134261 0.0060000001
v -0.0051965662 0.0046899579 0.0087222233
v -0.0051939632 -0.0018090741 0.0079999994
v -0.0051939632 -0.0018090741 0.014
v -0.0051920963 0.0040649273 0.011973365
v -0.0051920698 0.0030070597 0.010134324
v -0.0051920698 0.0030070597 0.011259323
v -0.005181198 -0.0030257539 0.0073872469
v -0.0051811961 -0.0030257567 0.0080000004
v -0.0051778783 0.004426233 0.012059193
v -0.0051778783 0.004426233 0.012152943
v -0.0051778783 0.004426233 0.012246693
v -0.0051731025 -0.003039574 0.0088878907
v -0.0051731025 -0.003039574 0.01001289
v -0.005172404 0.0033968862 0.0079999994
v -0.0051701744 0.003400278 0.0079999994
v -0.0051701744 0.003400278 0.0081027644
v -0.0051683341 -0.0061853314 -5.2154059e-11
v -0.0051683341 -0.0061853314 0.0060000001
v -0.0051583266 -0.0044490038 0.0078991754
v -0.0051583266 -0.0044490038 0.0079929251
v -0.0051583266 -0.0044490038 0.0080866758
v -0.00515826 0.0037984923 0.0088420995
v -0.00515826 0.0037984923 0.0094983494
v -0.0051454455 -0.003437584 0.012508595
v -0.0051387702 -0.0047532138 0.010388556
v -0.0051387702 -0.0047532138 0.013388556
v -0.0051387274 0.0030973344 0.0071300627
v -0.0051387264 0.0030973363 0.0080000004
v -0.0051379614 -0.0038259039 0.010648176
v -0.0051379614 -0.0038259039 0.011304426
v -0.0051322435 -0.0041402392 0.0086387163
v -0.0051322435 -0.0041402392 0.011638717
v -0.0051285177 -0.003462788 0.0080097448
v -0.0051285177 -0.003462788 0.0081972452
v -0.0051285177 -0.003462788 0.0083847446
v -0.0051259026 0.0034666581 0.0092246206
v -0.0051223058 0.0066243475 -0.39399999
v -0.0051223058 0.0066243475 -0.38600001
v -0.005109428 -0.005210836 -0.39399999
v -0.005109428 -0.005210836 -0.38600001
v -0.0050782878 0.0031954644 0.011625389
v -0.0050782878 0.0031954644 0.012750389
v -0.0050772768 -0.0048188437 0.010579037
v -0.005068501 -0.0035500554 0.0098887403
v -0.005068501 -0.0035500554 0.012888741
v -0.0050589712 -0.0032259594 0.007396637
v -0.0050589712 -0.0032259594 0.0085216369
v -0.0050549903 -0.0035692677 0.0095146233
v -0.0050549903 -0.0035692677 0.0097021237
v -0.0050549903 -0.0035692677 0.0098896241
v -0.0050323149 0.0048657791 0.010214087
v -0.0050252676 0.0042694481 0.0083074924
v -0.0050252676 0.0042694481 0.011307492
v -0.0050251735 -0.0036111251 0.011016552
v -0.0050167749 0.003983486 0.010333402
v -0.0050167749 0.003983486 0.010989652
v -0.0050151031 0.0046098488 0.0075507374
v -0.0050151031 0.0046098488 0.0076444871
v -0.0050151031 0.0046098488 0.0077382373
v -0.0050133197 -0.0036834013 0.0079999994
v -0.0050100922 0.0048886575 0.010025513
v -0.0050100922 0.0048886575 0.013025514
v -0.0050046267 0.0033096394 0.010119894
v -0.0050046267 0.0033096394 0.011244894
v -0.0050046258 0.0033096401 0.0086198943
v -0.0050046258 0.0033096401 0.0097448938
v -0.0050046253 0.0033096408 0.011619894
v -0.0050046253 0.0033096408 0.012744893
v -0.0050046248 0.003309642 0.0082448935
v -0.0050046244 0.0033096429 0.014
v -0.0050020535 0.0036430832 0.01071615
v -0.0049972264 -0.0046292217 0.012407253
v -0.0049972264 -0.0046292217 0.012501002
v -0.0049972264 -0.0046292217 0.012594753
v -0.0049972241 -0.0040079844 0.0091565633
v -0.0049972241 -0.0040079844 0.0098128133
v -0.004995456 0.00021311484 -5.2154059e-11
v -0.004995456 0.00021311484 0.0080000004
v -0.0049823187 0.003670027 0.0095898407
v -0.0049823187 0.003670027 0.01258984
v -0.0049804323 0.0054243174 -0.39399999
v -0.0049804323 0.0054243174 -0.38600001
v -0.0049795103 -0.0036738359 0.011019452
v -0.0049795103 -0.0036738359 0.011206953
v -0.0049795103 -0.0036738359 0.011394452
v -0.004973128 -0.008560257 0.014
v -0.004973128 -0.008560257 0.016000001
v -0.0049579591 0.003379148 0.0071165171
v -0.0049579591 0.003379148 0.0082415165
v -0.0049386187 -0.0034073514 0.011905279
v -0.0049386187 -0.0034073514 0.013030279
v -0.004934276 -0.0043742913 0.012305559
v -0.0049099508 -0.00094466115 -5.2154059e-11
v -0.0049099508 -0.00094466115 0.0080000004
v -0.0049097119 -0.0049894615 0.0090870233
v -0.0049021496 -0.003776443 0.012524229
v -0.0049021496 -0.003776443 0.012711729
v -0.0049021496 -0.003776443 0.012899228
v -0.004899777 -0.0037795217 0.0095243724
v -0.0048952028 0.004417974 0.0089565981
v -0.0048724557 0.0038146784 0.01220774
v -0.0048693069 0.0041624554 0.011824818
v -0.0048693069 0.0041624554 0.012481068
v -0.0048671239 0.0038214789 0.012394903
v -0.0048671239 0.0038214789 0.012582403
v -0.0048629465 0.0050350525 0.011706068
v -0.0048509198 -0.0041838693 0.0076648006
v -0.0048509198 -0.0041838693 0.0083210506
v -0.0048467787 0.0047865123 0.0090424232
v -0.0048467787 0.0047865123 0.0091361729
v -0.0048467787 0.0047865123 0.0092299236
v -0.0048407582 -0.0044775619 0.010154181
v -0.0048407582 -0.0044775619 0.013154181
v -0.0048313774 0.0035577791 0.0086077238
v -0.0048313774 0.0035577791 0.0097327242
v -0.0048295651 -0.0048038806 0.010915369
v -0.0048295651 -0.0048038806 0.011009119
v -0.0048295651 -0.0048038806 0.011102869
v -0.0048289876 0.0038695575 0.0079999994
v -0.0048162877 -0.0038853534 0.0084043415
v -0.0048162877 -0.0038853534 0.011404342
v -0.0048123654 -0.0035834538 0.010413801
v -0.0048123654 -0.0035834538 0.011538802
v -0.0048123407 -0.0039779432 0.0079999994
v -0.0048116553 0.0013594017 -5.2154059e-11
v -0.0048116553 0.0013594017 0.0080000004
v -0.0048019625 -0.0050932462 0.0089045614
v -0.0048019625 -0.0050932462 0.011904561
v -0.0047848728 0.0039239763 0.01070229
v -0.0047848728 0.0039239763 0.010889789
v -0.0047848728 0.0039239763 0.011077289
v -0.0047828318 -0.0045393859 0.010813412
v -0.0047695562 -0.003942579 0.0080320472
v -0.0047413083 0.002787472 0.0079999994
v -0.0047413083 0.002787472 0.014
v -0.0047404771 0.004583599 0.010448461
v -0.0047303368 -0.0053031985 -0.39399999
v -0.0047303368 -0.0053031985 -0.38600001
v -0.0047195437 0.0046051508 0.0097911386
v -0.0047195437 0.0046051508 0.012791139
v -0.0047162324 0.0043351287 0.0073163621
v -0.0047162324 0.0043351287 0.007972612
v -0.0047158971 0.0040066079 0.0080731167
v -0.0047158971 0.0040066079 0.011073117
v -0.0047006416 0.0040244958 0.0091972081
v -0.0047006416 0.0040244958 0.0093847075
v -0.0047006416 0.0040244958 0.0095722079
v -0.0046994206 -0.0043533472 0.012172878
v -0.0046994206 -0.0043533472 0.012829128
v -0.0046988581 0.0037310496 0.010099027
v -0.0046988581 0.0037310496 0.011224028
v -0.0046836338 -0.0028833274 0.0079999994
v -0.0046836338 -0.0028833274 0.014
v -0.004681888 -0.0041513629 0.0079999994
v -0.0046805469 -0.003753996 0.0089221885
v -0.0046805469 -0.003753996 0.010047188
v -0.0046733329 0.0049559991 0.010534266
v -0.0046733329 0.0049559991 0.010628016
v -0.0046733329 0.0049559991 0.010721765
v -0.0046652746 0.0052187368 0.0085096369
v -0.0046652746 0.0052187368 0.011509637
v -0.0046546757 -0.0049735256 0.0094236452
v -0.0046546757 -0.0049735256 0.0095173949
v -0.0046546757 -0.0049735256 0.0096111447
v -0.0046470645 0.005627065 -0.39399999
v -0.0046470645 0.005627065 -0.38600001
v -0.004630507 -0.0041049966 0.012539933
v -0.0046249847 -0.0047001089 0.0093213981
v -0.0046227602 0.0066030361 -5.2154059e-11
v -0.0046227602 0.0066030361 0.0060000001
v -0.0046145003 0.0041229818 0.0079999994
v -0.0046145003 0.0041229818 0.0080671618
v -0.004599669 -0.0052766511 0.014
v -0.0045996681 -0.0052766516 0.012101331
v -0.0045996667 -0.005276653 0.0089138309
v -0.0045996667 -0.005276653 0.010413831
v -0.0045996667 -0.005276653 0.011913831
v -0.0045996667 -0.005276653 0.013413831
v -0.0045996662 -0.0052766534 0.0091013312
v -0.0045996662 -0.0052766534 0.010601331
v -0.0045938394 0.0041459906 0.0091909729
v -0.0045809303 0.0047430559 0.011940443
v -0.0045789024 -0.0041624811 0.0080428077
v -0.0045789024 -0.0041624811 0.0082303081
v -0.0045789024 -0.0041624811 0.0084178085
v -0.0045683444 0.0053037936 0.010005413
v -0.0045683444 0.0053037936 0.010192913
v -0.0045683444 0.0053037936 0.013005413
v -0.0045683431 0.0053037954 0.011692913
v -0.0045683426 0.0053037959 0.0086929128
v -0.0045683407 0.0053037968 0.0085054124
v -0.0045683407 0.0053037968 0.011505413
v -0.0045683407 0.0053037968 0.014
v -0.0045607355 0.0038986779 0.011590444
v -0.0045607355 0.0038986779 0.012715443
v -0.0045597483 -0.0020515101 -5.2154059e-11
v -0.0045597483 -0.0020515101 0.0080000004
v -0.0045579392 0.0045012641 0.0088080484
v -0.0045579392 0.0045012641 0.0094642984
v -0.0045507308 -0.0053189145 0.012103538
v -0.004543514 -0.0039187344 0.0074304258
v -0.004543514 -0.0039187344 0.0085554253
v -0.004542747 -0.00420191 0.0099198064
v -0.004542747 -0.00420191 0.012919806
v -0.004541751 -0.0045175971 0.010680994
v -0.004541751 -0.0045175971 0.011337244
v -0.0045278887 -0.0039367788 0.010431336
v -0.0045278887 -0.0039367788 0.011556337
v -0.0045278887 -0.0039367788 0.011931336
v -0.0045278887 -0.0039367788 0.013056336
v -0.0045278859 -0.0039367815 0.0089313369
v -0.0045278859 -0.0039367815 0.010056336
v -0.0045278855 -0.0039367825 0.014
v -0.004527885 -0.0039367825 0.0085563362
v -0.0045234831 -0.0047978745 0.0086701866
v -0.0045234831 -0.0047978745 0.011670186
v -0.0045089866 0.0088135712 0.014
v -0.0045089866 0.0088135712 0.016000001
v -0.0045061838 0.0053567067 0.0086902548
v -0.0044947024 0.0051185559 0.012026209
v -0.0044947024 0.0051185559 0.01211996
v -0.0044947024 0.0051185559 0.01221371
v -0.0044911797 -0.0042569828 0.0095476341
v -0.0044911797 -0.0042569828 0.0097351344
v -0.0044911797 -0.0042569828 0.0099226348
v -0.0044883862 -0.0042599281 0.011047787
v -0.0044727754 -0.0051377276 0.0079320669
v -0.0044727754 -0.0051377276 0.0080258166
v -0.0044727754 -0.0051377276 0.0081195664
v -0.0044486392 0.004301419 0.010682836
v -0.004445822 0.0043043313 0.0079999994
v -0.0044393032 -0.0054122624 0.010421018
v -0.0044393032 -0.0054122624 0.013421018
v -0.0044289944 0.0043216441 0.0095567638
v -0.0044289944 0.0043216441 0.012556763
v -0.0044196188 -0.0040579508 0.0080000004
v -0.0044196169 -0.0040579531 0.0074375002
v -0.0044173612 0.0040604086 0.0070819873
v -0.0044173612 0.0040604086 0.0082069868
v -0.0044016154 -0.0040774727 0.011938502
v -0.0044016154 -0.0040774727 0.013063502
v -0.0044011995 -0.004349947 0.011052511
v -0.0044011995 -0.004349947 0.011240011
v -0.0044011995 -0.004349947 0.011427511
v -0.0043948297 0.0046606506 0.010299891
v -0.0043948297 0.0046606506 0.010956141
v -0.0043947226 0.0049160873 0.0082752621
v -0.0043947226 0.0049160873 0.011275263
v -0.0043772841 -0.0046771327 0.0091892695
v -0.0043772841 -0.0046771327 0.0098455194
v -0.0043684565 0.0024324029 -5.2154059e-11
v -0.0043684565 0.0024324029 0.0080000004
v -0.0043639159 -0.0054732291 0.010611851
v -0.0043629054 0.0041188663 0.0070788851
v -0.004362904 0.0041188672 0.0080000004
v -0.0043402566 -0.0044107558 0.0095557738
v -0.0043231724 0.0055054682 0.0101826
v -0.0043093585 0.0052755466 0.0075180121
v -0.0043093585 0.0052755466 0.0076117623
v -0.0043093585 0.0052755466 0.0077055125
v -0.0043090009 -0.0044412958 0.012557435
v -0.0043090009 -0.0044412958 0.012744934
v -0.0043090009 -0.0044412958 0.012932435
v -0.0043064887 -0.0045906771 0.0079999994
v -0.0043025571 0.0055215945 0.0099942461
v -0.0043025571 0.0055215945 0.012994246
v -0.0042989152 0.0044510588 0.012174818
v -0.0042868215 -0.0050104558 0.012337914
v -0.0042841122 -0.0052960692 0.01244062
v -0.0042841122 -0.0052960692 0.012534371
v -0.0042841122 -0.0052960692 0.01262812
v -0.0042690998 0.0042160158 0.0085736737
v -0.0042690998 0.0042160158 0.0096986732
v -0.0042614839 0.0056868051 -0.39399999
v -0.0042614839 0.0056868051 -0.38600001
v -0.0042611412 -0.004638629 0.0079999994
v -0.0042585409 0.0044897022 0.012172715
v -0.0042585409 0.0044897022 0.012360215
v -0.0042585409 0.0044897022 0.012547715
v -0.0042539369 -0.0042313142 0.010446618
v -0.0042539369 -0.0042313142 0.011571619
v -0.0042450042 -0.0045025032 0.0084358109
v -0.0042450042 -0.0045025032 0.011435811
v -0.0042448579 0.0050460566 0.0089246295
v -0.0042268448 0.0048135198 0.011791835
v -0.0042268448 0.0048135198 0.012448085
v -0.0042062239 -0.0048315492 0.0076976917
v -0.0042062239 -0.0048315492 0.0083539421
v -0.0041862903 -0.0045571448 0.0080638807
v -0.0041818558 -0.0050983904 0.010186642
v -0.0041818558 -0.0050983904 0.013186643
v -0.0041761482 0.0043081068 0.011568664
v -0.0041761482 0.0043081068 0.012693663
v -0.0041761464 0.0043081092 0.0081936633
v -0.0041761459 0.0043081096 0.010068663
v -0.0041761459 0.0043081096 0.011193663
v -0.0041761436 0.0043081115 0.0085686632
v -0.0041761436 0.0043081115 0.0096936636
v -0.0041761436 0.0043081115 0.014
v -0.004171255 -0.005621444 0.0091202417
v -0.0041640638 0.0045774626 0.010667888
v -0.0041640638 0.0045774626 0.010855388
v -0.0041640638 0.0045774626 0.011042888
v -0.0041342094 0.0056487448 0.011674816
v -0.0041241706 0.0046134386 0.0080408873
v -0.0041241706 0.0046134386 0.011040887
v -0.0041173617 0.0054267207 0.0090096612
v -0.0041173617 0.0054267207 0.0091034118
v -0.0041173617 0.0054267207 0.0091971615
v -0.0041163261 0.0043653017 0.010065516
v -0.0041163261 0.0043653017 0.011190516
v -0.0041108401 -0.0051558213 0.010846226
v -0.0040998929 -0.0043807393 0.0089548947
v -0.0040998929 -0.0043807393 0.010079894
v -0.004088968 -0.0054481472 0.01094929
v -0.004088968 -0.0054481472 0.01104304
v -0.004088968 -0.0054481472 0.01113679
v -0.0040724594 0.0051861908 0.010416975
v -0.0040681274 0.0046629319 0.0091631133
v -0.0040681274 0.0046629319 0.0093506137
v -0.0040681274 0.0046629319 0.0095381131
v -0.0040530399 0.0052013816 0.0097598713
v -0.0040530399 0.0052013816 0.012759871
v -0.0040528178 -0.0057074223 0.0089378161
v -0.0040528178 -0.0057074223 0.011937816
v -0.0040525459 0.0049611549 0.0072836373
v -0.0040525459 0.0049611549 0.0079398872
v -0.0040312349 0.0037415433 0.0079999994
v -0.0040312349 0.0037415433 0.014
v -0.0040288041 -0.0049804542 0.012206245
v -0.0040288041 -0.0049804542 0.012862495
v -0.0040243231 0.0047007892 0.0079999994
v -0.0040229117 -0.0047019972 0.012572289
v -0.0039963652 0.00017049188 -0.40000001
v -0.0039963652 0.00017049188 -0.39500001
v -0.0039835316 0.004735406 0.0091590043
v -0.0039708102 0.0047460785 0.0079999994
v -0.0039708102 0.0047460785 0.0080333939
v -0.0039637289 -0.003047762 -5.2154059e-11
v -0.0039637289 -0.003047762 0.0080000004
v -0.0039589866 0.0045084837 0.01155746
v -0.0039589866 0.0045084837 0.01268246
v -0.0039543025 -0.0038227595 0.0079999994
v -0.0039543025 -0.0038227595 0.014
v -0.0039396728 -0.0045253704 0.0074633169
v -0.0039396728 -0.0045253704 0.0085883169
v -0.0039293524 -0.005295441 0.0093546165
v -0.0039256634 -0.0047834888 0.0080772042
v -0.0039256634 -0.0047834888 0.0082647046
v -0.0039256634 -0.0047834888 0.008452205
v -0.0039244085 -0.0047845184 0.0099522676
v -0.0039244085 -0.0047845184 0.012952267
v -0.0039210389 -0.00079085503 -0.40000001
v -0.0039210389 -0.00079085503 -0.39500001
v -0.0039189807 0.0055716746 0.010501171
v -0.0039189807 0.0055716746 0.010594922
v -0.0039189807 0.0055716746 0.010688672
v -0.0039173514 0.0058012377 0.0084785046
v -0.0039173514 0.0058012377 0.011478504
v -0.0038944548 0.0053211586 0.011909191
v -0.003887655 -0.0055935769 0.0094580604
v -0.003887655 -0.0055935769 0.009551811
v -0.003887655 -0.0055935769 0.0096455608
v -0.0038874352 -0.0049992041 0.0079999994
v -0.0038719911 0.0051033199 0.0087752864
v -0.0038719911 0.0051033199 0.0094315363
v -0.0038577646 -0.004838414 0.0110806
v -0.0038452893 -0.005123469 0.010714916
v -0.0038452893 -0.005123469 0.011371166
v -0.0038394365 0.0011219304 -0.40000001
v -0.0038394365 0.0011219304 -0.39500001
v -0.0038231988 -0.004865773 0.0095823174
v -0.0038231988 -0.004865773 0.0097698178
v -0.0038231988 -0.004865773 0.0099573182
v -0.0038217469 0.0048669139 0.01065135
v -0.0038177837 -0.005376433 0.0087034414
v -0.0038177837 -0.005376433 0.011703441
v -0.0038035223 0.0048811692 0.0095254956
v -0.0038035223 0.0048811692 0.012525496
v -0.0037957334 0.0046467632 0.0070492621
v -0.0037957334 0.0046467632 0.008174262
v -0.003773496 -0.0046648397 0.01197187
v -0.003773496 -0.0046648397 0.01309687
v -0.0037648384 -0.0059013548 0.012137404
v -0.0037564405 0.004917494 0.0079999994
v -0.0037341684 0.0059208097 0.008658655
v -0.0037188134 -0.0049460111 0.01108746
v -0.0037188134 -0.0049460111 0.01127496
v -0.0037188134 -0.0049460111 0.011462459
v -0.0037145142 0.0057100221 0.011992558
v -0.0037145142 0.0057100221 0.012086308
v -0.0037145142 0.0057100221 0.012180058
v -0.0037032976 -0.0091812629 0.014
v -0.0037032976 -0.0091812629 0.016000001
v -0.0036901732 0.0054648076 0.0082441289
v -0.0036901732 0.0054648076 0.011244129
v -0.0036897538 0.0033742727 -5.2154059e-11
v -0.0036897538 0.0033742727 0.0080000004
v -0.0036874495 -0.0049694381 0.0095889922
v -0.0036854323 0.0052396352 0.010266797
v -0.0036854323 0.0052396352 0.010923047
v -0.0036805158 -0.0057319952 0.0079669142
v -0.0036805158 -0.0057319952 0.0080606649
v -0.0036805158 -0.0057319952 0.0081544146
v -0.0036559736 -0.0052602324 0.0092236856
v -0.0036559736 -0.0052602324 0.0098799355
v -0.0036547005 0.0049935719 0.012143566
v -0.0036449356 -0.0059761563 0.010454838
v -0.0036449356 -0.0059761563 0.013454839
v -0.0036266204 0.0047799191 0.0085409116
v -0.0036266204 0.0047799191 0.0096659111
v -0.0036178371 -0.0017062403 -0.40000001
v -0.0036178371 -0.0017062403 -0.39500001
v -0.0036125691 -0.0050241356 0.012592627
v -0.0036125691 -0.0050241356 0.012780127
v -0.0036125691 -0.0050241356 0.012967627
v -0.0036080305 -0.0052337497 0.0079999994
v -0.0036016109 -0.0047987914 0.01048054
v -0.0036016109 -0.0047987914 0.01160554
v -0.0035827493 -0.0050454438 0.0084690657
v -0.0035827493 -0.0050454438 0.011469066
v -0.0035757339 -0.0048181042 0.014
v -0.0035757332 -0.0048181042 0.010481831
v -0.0035757332 -0.0048181042 0.011606831
v -0.0035757308 -0.0048181065 0.0089818314
v -0.0035757308 -0.0048181065 0.010106831
v -0.0035757308 -0.0048181065 0.011981831
v -0.0035757308 -0.0048181065 0.013106831
v -0.0035757297 -0.0048181075 0.0086068315
v -0.0035710218 0.0050537507 0.012139704
v -0.0035710218 0.0050537507 0.012327204
v -0.0035710218 0.0050537507 0.012514704
v -0.0035591158 -0.0052721002 0.0079999994
v -0.0035564315 -0.006029245 0.010645946
v -0.003546505 -0.0055591194 0.012371778
v -0.0035282238 0.006045795 0.010150488
v -0.0035179344 -0.0060517881 0.010460006
v -0.0035179344 -0.0060517881 0.010647506
v -0.0035179344 -0.0060517881 0.013460006
v -0.0035179344 -0.0060517881 0.014
v -0.0035179341 -0.0060517881 0.012147506
v -0.0035179337 -0.0060517886 0.0089600058
v -0.0035179337 -0.0060517886 0.0091475062
v -0.0035179337 -0.0060517886 0.011960006
v -0.0035176133 0.0055774455 0.0088930298
v -0.0035122328 -0.0050947834 0.0080974484
v -0.0035097639 0.0060565304 0.0099622607
v -0.0035097639 0.0060565304 0.01296226
v -0.0035042919 0.0058413958 0.0074838358
v -0.0035042919 0.0058413958 0.007577586
v -0.0035042919 0.0058413958 0.0076713357
v -0.0034931507 0.0053697382 0.011758183
v -0.0034931507 0.0053697382 0.012414433
v -0.0034820349 0.0060725147 0.014
v -0.0034820344 0.0060725152 0.01014867
v -0.0034820323 0.0060725161 0.011648669
v -0.0034820319 0.0060725161 0.0086486693
v -0.0034820309 0.0060725166 0.008461169
v -0.0034820309 0.0060725166 0.011461169
v -0.00346792 -0.0058630621 0.012475835
v -0.00346792 -0.0058630621 0.012569585
v -0.00346792 -0.0058630621 0.012663335
v -0.0034645735 0.0051273117 0.010634826
v -0.0034645735 0.0051273117 0.010822326
v -0.0034645735 0.0051273117 0.011009826
v -0.0034629952 0.005128378 0.0080097541
v -0.0034611784 -0.0053904019 0.0077325399
v -0.0034611784 -0.0053904019 0.0083887894
v -0.003459374 0.0020081664 -0.40000001
v -0.003459374 0.0020081664 -0.39500001
v -0.0034560373 -0.0049046716 0.0080000004
v -0.0034560338 -0.0049046744 0.0074877529
v -0.003451884 0.0049075959 0.010032422
v -0.003451884 0.0049075959 0.011157421
v -0.0034335556 -0.0056295828 0.010220463
v -0.0034335556 -0.0056295828 0.013220464
v -0.0034242922 -0.0049268878 0.0089893108
v -0.0034242922 -0.0049268878 0.01011431
v -0.0033876698 0.0049521402 0.0080000004
v -0.0033876644 0.0049521439 0.007029335
v -0.0033562665 0.0051988531 0.0091299005
v -0.0033562665 0.0051988531 0.0093174009
v -0.0033562665 0.0051988531 0.0095049012
v -0.0033501841 -0.0056795925 0.010880321
v -0.0033435267 -0.0061498643 0.009154507
v -0.0033281716 -0.005216883 0.012606153
v -0.0033236123 0.0056951824 0.010384862
v -0.0033172402 0.0061640833 0.01164222
v -0.0033062231 0.0057052951 0.009727885
v -0.0033062231 0.0057052951 0.012727886
v -0.0033010587 0.0052340813 0.0091274045
v -0.0032954565 0.0054932828 0.007249461
v -0.0032954565 0.0054932828 0.0079057105
v -0.0032886721 0.0059654508 0.0089750215
v -0.0032886721 0.0059654508 0.0090687713
v -0.0032886721 0.0059654508 0.0091625219
v -0.0032717874 0.0050294539 0.011523808
v -0.0032717874 0.0050294539 0.012648808
v -0.0032612523 -0.0055136578 0.012241459
v -0.0032612523 -0.0055136578 0.01289771
v -0.0032502641 -0.0059864637 0.010984804
v -0.0032502641 -0.0059864637 0.011078554
v -0.0032502641 -0.0059864637 0.011172304
v -0.0032476862 0.0052673644 0.0079999994
v -0.0032418412 -0.0050488082 0.0074981647
v -0.0032418412 -0.0050488082 0.0086231651
v -0.0032221756 -0.0052830088 0.0099860886
v -0.0032221756 -0.0052830088 0.012986088
v -0.0032184441 -0.0062162383 0.0089719631
v -0.0032184441 -0.0062162383 0.011971963
v -0.0032078107 0.009365893 0.014
v -0.0032078107 0.009365893 0.016000001
v -0.0031778931 -0.0053097638 0.0081131337
v -0.0031778931 -0.0053097638 0.0083006341
v -0.0031778931 -0.0053097638 0.0084881335
v -0.0031540238 -0.0038797078 -5.2154059e-11
v -0.0031540238 -0.0038797078 0.0080000004
v -0.0031523912 0.0051051378 0.014
v -0.0031523895 0.0051051388 0.0081431689
v -0.0031523891 0.0051051388 0.011518169
v -0.0031523891 0.0051051388 0.012643169
v -0.003152387 0.0051051402 0.010018169
v -0.003152387 0.0051051402 0.011143168
v -0.0031523868 0.0051051406 0.0085181687
v -0.0031523868 0.0051051406 0.0096431691
v -0.0031496265 -0.0057932166 0.0093888827
v -0.0031439369 -0.0053299395 0.011114696
v -0.0031326655 0.0045206645 0.0079999994
v -0.0031326655 0.0045206645 0.014
v -0.0031248643 0.0058066109 0.011876595
v -0.0031190009 0.0053445701 0.010619238
v -0.0031043792 -0.0025224653 -0.40000001
v -0.0031043792 -0.0025224653 -0.39500001
v -0.0031026823 0.0053540599 0.0094935102
v -0.0031026823 0.0053540599 0.01249351
v -0.0030926864 0.0056099445 0.0087406468
v -0.0030926864 0.0056099445 0.0093968967
v -0.0030866212 0.0051451693 0.0070150858
v -0.0030866212 0.0051451693 0.0081400862
v -0.003085077 0.00030380979 0.014
v -0.003085077 0.00030380979 0.016000001
v -0.0030821452 0.0062849326 0.0084456187
v -0.0030821452 0.0062849326 0.011445619
v -0.0030786407 -0.0056108199 0.0079999994
v -0.0030680401 0.0060818661 0.010466132
v -0.0030680401 0.0060818661 0.010559882
v -0.0030680401 0.0060818661 0.010653632
v -0.003063472 -0.0053765913 0.0096183764
v -0.003063472 -0.0053765913 0.0098058758
v -0.003063472 -0.0053765913 0.0099933762
v -0.0030565674 -0.0056297057 0.010750429
v -0.0030565674 -0.0056297057 0.011406679
v -0.0030545846 -0.0051642535 0.012007085
v -0.0030545846 -0.0051642535 0.013132085
v -0.0030457028 -0.00057766325 0.014
v -0.0030457028 -0.00057766325 0.016000001
v -0.003040073 -0.0045834435 0.0079999994
v -0.003040073 -0.0045834435 0.014
v -0.0030317977 -0.0058557414 0.0087375883
v -0.0030317977 -0.0058557414 0.011737588
v -0.0030279672 -0.0061019161 0.0094938045
v -0.0030279672 -0.0061019161 0.0095875543
v -0.0030279672 -0.0061019161 0.009681304
v -0.0029557261 -0.0054365685 0.0096232574
v -0.002947612 -0.0054409723 0.011123623
v -0.002947612 -0.0054409723 0.011311122
v -0.002947612 -0.0054409723 0.011498623
v -0.002932488 0.0054491386 0.01211097
v -0.0029034032 0.0059204521 0.0082112439
v -0.0029034032 0.0059204521 0.011211243
v -0.0029006097 -0.0063707503 0.012171822
v -0.0028967008 0.0052544386 0.008506272
v -0.0028967008 0.0052544386 0.0096312715
v -0.0028852029 0.0057194224 0.010231758
v -0.0028852029 0.0057194224 0.010888007
v -0.0028782652 0.0027776952 -0.40000001
v -0.0028782652 0.0027776952 -0.39500001
v -0.0028763243 0.006381752 0.0086252419
v -0.0028745166 0.00116067 0.014
v -0.0028745166 0.00116067 0.016000001
v -0.0028658591 -0.0057408474 0.0079999994
v -0.0028628705 -0.0052729473 0.010516054
v -0.0028628705 -0.0052729473 0.011641054
v -0.0028475181 -0.0057382775 0.0092594288
v -0.0028475181 -0.0057382775 0.0099156788
v -0.0028451511 -0.0054952446 0.0085032126
v -0.0028451511 -0.0054952446 0.011503213
v -0.0028428056 0.0061903493 0.011957185
v -0.0028428056 0.0061903493 0.012050935
v -0.0028428056 0.0061903493 0.012144685
v -0.0028303929 -0.0055028601 0.01262887
v -0.0028303929 -0.0055028601 0.01281637
v -0.0028303929 -0.0055028601 0.01300387
v -0.0028121353 0.0041342345 -5.2154059e-11
v -0.0028121353 0.0041342345 0.0080000004
v -0.0028014698 -0.0062091653 0.0080028167
v -0.0028014698 -0.0062091653 0.0080965664
v -0.0028014698 -0.0062091653 0.0081903161
v -0.0027967258 0.0055200472 0.012105011
v -0.0027967258 0.0055200472 0.012292512
v -0.0027967258 0.0055200472 0.012480012
v -0.0027764253 -0.0064258436 0.010489063
v -0.0027764253 -0.0064258436 0.013489064
v -0.0027638795 -0.0055365665 0.0081318216
v -0.0027595838 -0.0014123375 0.014
v -0.0027595838 -0.0014123375 0.016000001
v -0.0027530827 0.0055857119 0.0079999994
v -0.0027323954 -0.0060012932 0.012406196
v -0.0027246608 0.0055559715 0.010976869
v -0.0027095184 0.0060116565 0.0088596176
v -0.0027023654 0.0053569786 0.0099973818
v -0.0027023654 0.0053569786 0.011122382
v -0.0026786462 0.0055783018 0.010599869
v -0.0026786462 0.0055783018 0.010787369
v -0.0026786462 0.0055783018 0.010974869
v -0.0026765068 -0.0064680995 0.010680345
v -0.002673391 0.0058214404 0.011722811
v -0.002673391 0.0058214404 0.01237906
v -0.002667069 -0.0053746388 0.0090250541
v -0.002667069 -0.0053746388 0.010150054
v -0.0026521836 0.0064781108 0.010116757
v -0.0026372138 0.0064842198 0.0099286931
v -0.0026372138 0.0064842198 0.012928694
v -0.0026345185 -0.005839135 0.0077684415
v -0.0026345185 -0.005839135 0.0084246919
v -0.0026154127 -0.0060531907 0.010254689
v -0.0026154127 -0.0060531907 0.013254688
v -0.0026134006 0.0062906365 0.0074481987
v -0.0026134006 0.0062906365 0.0075419485
v -0.0026134006 0.0062906365 0.0076356987
v -0.0025712296 -0.0063079903 0.012511823
v -0.0025712296 -0.0063079903 0.012605573
v -0.0025712296 -0.0063079903 0.012699324
v -0.002568021 -0.005904498 0.0079999994
v -0.0025641809 -0.0056318357 0.012640572
v -0.0025591578 0.0056341197 0.0090947011
v -0.0025591578 0.0056341197 0.0092822006
v -0.0025591578 0.0056341197 0.009469701
v -0.0025427123 0.005641561 0.0090939924
v -0.0025212888 -0.0060929963 0.01091472
v -0.0025039765 0.0054525319 0.011488435
v -0.0025039765 0.0054525319 0.012613435
v -0.002498376 0.0061024274 0.010351132
v -0.0024842746 0.006108182 0.0096943183
v -0.0024842746 0.006108182 0.012694318
v -0.0024675673 -0.0054691052 0.0075340667
v -0.0024675673 -0.0054691052 0.0086590666
v -0.0024576571 0.0059157512 0.0072138235
v -0.0024576571 0.0059157512 0.0078700734
v -0.0024563859 -0.0054741362 0.0090345675
v -0.0024563859 -0.0054741362 0.010159567
v -0.0024563854 -0.0054741367 0.010534567
v -0.0024563854 -0.0054741367 0.011659567
v -0.0024563852 -0.0054741367 0.014
v -0.0024563849 -0.0054741367 0.012034567
v -0.0024563849 -0.0054741367 0.013159567
v -0.0024544001 -0.0056805387 0.010020314
v -0.0024544001 -0.0056805387 0.013020313
v -0.0024495362 -0.0065574213 0.0091888234
v -0.00243108 0.0019234996 0.014
v -0.00243108 0.0019234996 0.016000001
v -0.0024244445 0.0065667392 0.011608229
v -0.0024179993 -0.0059320708 0.012277449
v -0.0024179993 -0.0059320708 0.012933698
v -0.0024105061 -0.0031920935 -0.40000001
v -0.0024105061 -0.0031920935 -0.39500001
v -0.0023802766 0.0063824956 0.0089391898
v -0.0023802766 0.0063824956 0.0090329396
v -0.0023802766 0.0063824956 0.0091266902
v -0.0023660706 -0.0057178936 0.011149094
v -0.0023576953 -0.0057213521 0.0081494516
v -0.0023576953 -0.0057213521 0.008336952
v -0.0023576953 -0.0057213521 0.0085244514
v -0.0023445685 0.005726744 0.010585506
v -0.0023377195 -0.0063982052 0.011020806
v -0.0023377195 -0.0063982052 0.011114556
v -0.0023377195 -0.0063982052 0.011208306
v -0.0023344939 -0.0055272183 0.0075399941
v -0.002334493 -0.0055272183 0.0080000004
v -0.0023313351 0.0057321438 0.0094599435
v -0.0023313351 0.0057321438 0.012459943
v -0.0023221821 -0.0066035953 0.009006016
v -0.0023221821 -0.0066035953 0.012006016
v -0.0023090553 -0.006608197 0.010506498
v -0.0023090553 -0.006608197 0.010693997
v -0.0023090553 -0.006608197 0.013506497
v -0.0023090548 -0.006608197 0.012193997
v -0.0023090541 -0.006608197 0.0091939978
v -0.0023090525 -0.0066081975 0.0090064975
v -0.0023090523 -0.0066081975 0.014
v -0.0023074807 -0.0061771381 0.0094231991
v -0.0023019137 0.0055408655 0.0069794487
v -0.0023019137 0.0055408655 0.0081044482
v -0.0022838444 0.0061859163 0.011842605
v -0.002269879 0.0066217557 0.011602494
v -0.002269879 0.0066217557 0.014
v -0.0022698785 0.0066217557 0.008414994
v -0.0022698785 0.0066217557 0.0099149942
v -0.0022698785 0.0066217557 0.010102494
v -0.0022698785 0.0066217557 0.011414994
v -0.0022698785 0.0066217557 0.012914994
v -0.0022698783 0.0066217561 0.0086024944
v -0.0022647693 -0.0055561517 0.012043073
v -0.0022647693 -0.0055561517 0.013168073
v -0.0022575979 0.0055590696 0.0069774939
v -0.0022575976 0.0055590696 0.0080000004
v -0.0022498998 -0.0021325925 0.014
v -0.0022498998 -0.0021325925 0.016000001
v -0.0022384259 0.0060021356 0.0087048151
v -0.0022384259 0.0060021356 0.009361065
v -0.002234983 -0.0057703941 0.0096546514
v -0.002234983 -0.0057703941 0.0098421518
v -0.002234983 -0.0057703941 0.010029651
v -0.0022348443 0.0058545782 0.0079999994
v -0.0021984053 -0.0060169096 0.010786431
v -0.0021984053 -0.0060169096 0.011442681
v -0.0021875126 -0.0062206346 0.0087716412
v -0.0021875126 -0.0062206346 0.011771642
v -0.0021780045 0.006652541 0.008411604
v -0.0021780045 0.006652541 0.011411604
v -0.0021742845 -0.0045024976 -5.2154059e-11
v -0.0021742845 -0.0045024976 0.0080000004
v -0.0021654253 -0.0057968553 0.0096575739
v -0.0021439018 0.0064657289 0.010430178
v -0.0021439018 0.0064657289 0.010523928
v -0.0021439018 0.0064657289 0.010617678
v -0.002143244 0.0058050924 0.01207698
v -0.0021298819 0.0033857941 -0.40000001
v -0.0021298819 0.0033857941 -0.39500001
v -0.0021114124 -0.005816746 0.011159831
v -0.0021114124 -0.005816746 0.011347331
v -0.0021114124 -0.005816746 0.011534831
v -0.0021014244 -0.0064796591 0.0095297471
v -0.0021014244 -0.0064796591 0.0096234968
v -0.0021014244 -0.0064796591 0.0097172465
v -0.0020980914 8.9508227e-05 -0.40000001
v -0.0020980914 8.9508227e-05 -0.39399999
v -0.0020965755 0.0056217765 0.0084704403
v -0.0020965755 0.0056217765 0.0095954398
v -0.0020876164 0.0050884043 0.0079999994
v -0.0020876164 0.0050884043 0.014
v -0.0020842089 -0.00025704707 -0.40000001
v -0.0020842089 -0.00025704707 -0.39399999
v -0.0020590906 -0.005635614 0.010552056
v -0.0020590906 -0.005635614 0.011677056
v -0.0020547437 0.00043362199 -0.40000001
v -0.0020547437 0.00043362199 -0.39399999
v -0.002053814 -0.0061412849 0.0079999994
v -0.0020528426 -0.0058376738 0.0085372664
v -0.0020528426 -0.0058376738 0.011537266
v -0.0020516959 0.0062667411 0.0081772292
v -0.0020516959 0.0062667411 0.01117723
v -0.0020278944 -0.0061517898 0.0079999994
v -0.0020161378 0.0060804095 0.010195803
v -0.0020161378 0.0060804095 0.010852053
v -0.0019870715 -0.0058603878 0.012664987
v -0.0019870715 -0.0058603878 0.012852486
v -0.0019870715 -0.0058603878 0.013039987
v -0.0019836929 -0.0051298109 0.0079999994
v -0.0019836929 -0.0051298109 0.014
v -0.0019833227 -0.0067131538 0.012205782
v -0.0019812367 0.0056634527 0.0080904327
v -0.0019812367 0.0056634527 0.0084654326
v -0.0019812367 0.0056634527 0.009590433
v -0.0019812363 0.0056634531 0.011465432
v -0.0019812363 0.0056634531 0.012590433
v -0.0019812363 0.0056634531 0.014
v -0.001981236 0.0056634531 0.0099654328
v -0.001981236 0.0056634531 0.011090432
v -0.0019761918 -0.006093509 0.0092953723
v -0.0019761918 -0.006093509 0.0099516222
v -0.0019626254 -0.0058686198 0.0081659937
v -0.001956183 0.0059750089 0.0079999994
v -0.0019543404 0.0067216484 0.0085909115
v -0.0019516707 0.005872272 0.01206895
v -0.0019516707 0.005872272 0.01225645
v -0.0019516707 0.005872272 0.012443949
v -0.0019253872 0.0058809421 0.010942854
v -0.0019047576 0.0065401732 0.01192118
v -0.0019047576 0.0065401732 0.012014931
v -0.0019047576 0.0065401732 0.012108681
v -0.0018883738 0.0056950892 0.0099614281
v -0.0018883738 0.0056950892 0.011086428
v -0.0018878176 -0.00091986114 -0.40000001
v -0.0018878176 -0.00091986114 -0.39399999
v -0.0018683042 -0.0063238395 0.012440157
v -0.0018628363 -0.0065522366 0.0080386279
v -0.0018628363 -0.0065522366 0.0081323776
v -0.0018628363 -0.0065522366 0.0082261283
v -0.001859157 -0.0067485953 0.0105227
v -0.001859157 -0.0067485953 0.013522699
v -0.0018509591 -0.0057073594 0.0090609966
v -0.0018509591 -0.0057073594 0.010185997
v -0.0018412377 0.0097272731 0.014
v -0.0018412377 0.0097272731 0.016000001
v -0.0018410026 0.0063318415 0.0088252863
v -0.0018254486 0.0059127267 0.010563703
v -0.0018254486 0.0059127267 0.010751203
v -0.0018254486 0.0059127267 0.010938703
v -0.0018026152 0.0010773015 -0.40000001
v -0.0018026152 0.0010773015 -0.39399999
v -0.0017912451 0.0061504166 0.011686806
v -0.0017912451 0.0061504166 0.012343056
v -0.0017906916 0.0025304987 0.014
v -0.0017906916 0.0025304987 0.016000001
v -0.0017829136 0.0046713185 -5.2154059e-11
v -0.0017829136 0.0046713185 0.0080000004
v -0.0017532859 -0.0059345248 0.012674533
v -0.0017518222 -0.0061617615 0.0078042531
v -0.0017518222 -0.0061617615 0.0084605031
v -0.0017513393 -0.0063572251 0.010288324
v -0.0017513393 -0.0063572251 0.013288325
v -0.0017503181 -0.0067776386 0.010714038
v -0.001727665 0.0059420341 0.009059662
v -0.0017182282 0.0067858449 0.010082352
v -0.0017077998 0.0067884773 0.0098944763
v -0.0017077998 0.0067884773 0.012894476
v -0.0016983824 0.00595047 0.009058455
v -0.0016983824 0.00595047 0.0092459554
v -0.0016983824 0.00595047 0.0094334558
v -0.0016943871 0.0060739955 0.0079999994
v -0.0016777328 0.0057606609 0.011452431
v -0.0016777328 0.0057606609 0.012577431
v -0.0016633358 0.0066057006 0.0074122171
v -0.0016633358 0.0066057006 0.0075059668
v -0.0016633358 0.0066057006 0.007599717
v -0.0016488122 -0.0063845846 0.010948413
v -0.0016435217 -0.0059658559 0.010053949
v -0.0016435217 -0.0059658559 0.01305395
v -0.001640808 -0.0057712863 0.0075698779
v -0.001640808 -0.0057712863 0.0086948778
v -0.001622453 -0.0066158609 0.012547432
v -0.001622453 -0.0066158609 0.012641181
v -0.001622453 -0.0066158609 0.012734931
v -0.0016185833 0.006392315 0.010316727
v -0.0016087599 0.0063947947 0.0096601015
v -0.0016087599 0.0063947947 0.012660101
v -0.0015765432 -0.0036762089 -0.40000001
v -0.0015765432 -0.0036762089 -0.39500001
v -0.0015642107 0.0062120394 0.0071778418
v -0.0015642107 0.0062120394 0.0078340918
v -0.0015633884 -0.0063183377 0.0079999994
v -0.0015579424 -0.0026800775 0.014
v -0.0015579424 -0.0026800775 0.016000001
v -0.0015473064 -0.0059915306 0.011182788
v -0.0015257642 -0.0062215938 0.012313057
v -0.0015257642 -0.0062215938 0.012969307
v -0.0015189385 0.0059987851 0.010551102
v -0.0015161969 -0.0068338234 0.0092221908
v -0.0015097199 0.0060011116 0.0094257258
v -0.0015097199 0.0060011116 0.012425726
v -0.0014922067 -0.0060054902 0.0081849722
v -0.0014922067 -0.0060054902 0.0083724726
v -0.0014922067 -0.0060054902 0.008559972
v -0.0014868521 -0.0014829939 -0.40000001
v -0.0014868521 -0.0014829939 -0.39399999
v -0.0014802109 0.0068417084 0.011573813
v -0.0014650857 0.0058183782 0.0069434671
v -0.0014650857 0.0058183782 0.0080684666
v -0.0014369584 0.0061586318 0.0079999994
v -0.0014290755 -0.0058273273 0.012078681
v -0.0014290755 -0.0058273273 0.013203681
v -0.0014282684 -0.0064375116 0.0094565665
v -0.0014201348 0.0066622207 0.0089033041
v -0.0014201348 0.0066622207 0.0089970538
v -0.0014201348 0.0066622207 0.0090908036
v -0.0013943695 0.0064449389 0.011808189
v -0.001390846 -0.0068604336 0.0090389987
v -0.001390846 -0.0068604336 0.012038999
v -0.0013807733 -0.0066704894 0.011056141
v -0.0013807733 -0.0066704894 0.011149891
v -0.0013807733 -0.0066704894 0.011243641
v -0.0013653662 -0.0060355919 0.0096899625
v -0.0013653662 -0.0060355919 0.0098774629
v -0.0013653662 -0.0060355919 0.010064962
v -0.0013551454 0.0016042385 -0.40000001
v -0.0013551454 0.0016042385 -0.39399999
v -0.00134034 -0.006041199 0.0096909413
v -0.0013355031 0.0062651909 0.0086689293
v -0.0013355031 0.0062651909 0.0093251793
v -0.0013101869 -0.0064625777 0.008804624
v -0.0013101869 -0.0064625777 0.011804624
v -0.001308528 0.0060481695 0.012042563
v -0.0012984873 -0.0062729674 0.010821766
v -0.0012984873 -0.0062729674 0.011478016
v -0.0012577178 0.0037971234 -0.40000001
v -0.0012577178 0.0037971234 -0.39500001
v -0.0012508712 0.0058681616 0.0084345536
v -0.0012508712 0.0058681616 0.009559554
v -0.0012382818 -0.0060629412 0.01119491
v -0.0012382818 -0.0060629412 0.01138241
v -0.0012382818 -0.0060629412 0.011569911
v -0.0012300547 0.0068910788 0.0083774338
v -0.0012300547 0.0068910788 0.011377434
v -0.0012295279 -0.0060647223 0.0085702492
v -0.0012221844 -0.0058742035 0.0087121483
v -0.0012221833 -0.0058742035 0.012087148
v -0.0012221833 -0.0058742035 0.013212148
v -0.0012221826 -0.005874204 0.0090871481
v -0.0012221826 -0.005874204 0.010212149
v -0.0012221787 -0.0058742044 0.014
v -0.0012162012 -0.005875445 0.010587391
v -0.0012162012 -0.005875445 0.011712391
v -0.001195871 -0.0064223516 0.0079999994
v -0.0011756564 0.0067096795 0.01039446
v -0.0011756564 0.0067096795 0.010488209
v -0.0011756564 0.0067096795 0.010581959
v -0.0011587202 0.0064914459 0.008143059
v -0.0011587202 0.0064914459 0.011143059
v -0.0011382943 -0.0067161187 0.0095647406
v -0.0011382943 -0.0067161187 0.0096584903
v -0.0011382943 -0.0067161187 0.00975224
v -0.00113277 -0.0060835374 0.0081989784
v -0.0011151843 0.0062475149 0.0079999994
v -0.0011110413 -0.0060875434 0.012699812
v -0.0011110413 -0.0060875434 0.012887312
v -0.0011110413 -0.0060875434 0.013074812
v -0.0011062532 -0.005897135 0.0075918352
v -0.0011062478 -0.0058971359 0.0080000004
v -0.0011055942 0.0063098213 0.010160084
v -0.0011055942 0.0063098213 0.010816335
v -0.0010873859 0.0060918131 0.010908684
v -0.001077329 -0.0048825569 -5.2154059e-11
v -0.001077329 -0.0048825569 0.0080000004
v -0.0010704587 -0.0063158777 0.0093303649
v -0.0010704587 -0.0063158777 0.0099866148
v -0.0010621358 0.0060962662 0.012032676
v -0.0010621358 0.0060962662 0.012220176
v -0.0010621358 0.0060962662 0.012407676
v -0.0010408745 -0.0069221803 0.01223832
v -0.0010355319 0.005909964 0.0099257091
v -0.0010355319 0.005909964 0.01105071
v -0.0010243438 0.0059119132 0.0069252532
v -0.0010243393 0.0059119137 0.0080000004
v -0.0010167209 -0.0069257692 0.0092391241
v -0.0010167197 -0.0069257692 0.0090516247
v -0.0010167197 -0.0069257692 0.012051624
v -0.0010167193 -0.0069257696 0.010739124
v -0.0010167172 -0.0069257696 0.010551624
v -0.0010167172 -0.0069257696 0.013551624
v -0.0010167151 -0.0069257701 0.014
v -0.0010052321 0.0029324917 0.014
v -0.0010052321 0.0029324917 0.016000001
v -0.0010026229 -0.0059156362 0.0090959901
v -0.0010026229 -0.0059156362 0.01022099
v -0.00099522818 -0.0064692944 0.0079999994
v -0.00099463458 0.0069289757 0.0085566649
v -0.00098051131 -0.0065207439 0.012472695
v -0.000975687 0.0069316691 0.011556002
v -0.00097568665 0.0069316691 0.0083685024
v -0.00097568665 0.0069316691 0.011368503
v -0.00097568583 0.0069316691 0.0098685026
v -0.00097568583 0.0069316691 0.010056003
v -0.00097568583 0.0069316691 0.012868502
v -0.00097568391 0.0069316695 0.014
v -0.00094495248 0.0054182159 0.0079999994
v -0.00094495248 0.0054182159 0.014
v -0.00093695294 0.0065271449 0.0087910397
v -0.00093188841 0.0061175306 0.010527497
v -0.00093188841 0.0061175306 0.010714998
v -0.00093188841 0.0061175306 0.010902498
v -0.00093040266 0.0067480602 0.011885701
v -0.00093040266 0.0067480602 0.01197945
v -0.00093040266 0.0067480602 0.012073201
v -0.00092476304 -0.0018854212 -0.40000001
v -0.00092476304 -0.0018854212 -0.39399999
v -0.00092071504 -0.0069391849 0.010554809
v -0.00092071504 -0.0069391849 0.013554809
v -0.00092014804 -0.0061193071 0.01270707
v -0.00089550798 -0.0067527797 0.0080732135
v -0.00089550798 -0.0067527797 0.0081669632
v -0.00089550798 -0.0067527797 0.008260713
v -0.00087927142 0.0061253146 0.0090254145
v -0.00087495608 0.0063459151 0.011651326
v -0.00087495608 0.0063459151 0.012307576
v -0.00086732022 -0.0065367622 0.010320434
v -0.00086732022 -0.0065367622 0.013320434
v -0.0008664573 0.0063038263 0.0079999994
v -0.00084214093 -0.0063503534 0.0078388387
v -0.00084214093 -0.0063503534 0.0084950887
v -0.00083455746 -0.0054363143 0.0079999994
v -0.00083455746 -0.0054363143 0.014
v -0.00081950956 0.0059437701 0.01141695
v -0.00081950956 0.0059437701 0.012541951
v -0.00081392541 -0.0061343391 0.010086059
v -0.00081392541 -0.0061343391 0.013086059
v -0.00080599106 -0.0069534434 0.010746085
v -0.0008014171 0.0061359862 0.009022343
v -0.0008014171 0.0061359862 0.0092098424
v -0.0008014171 0.0061359862 0.0093973428
v -0.00078877388 -0.005947927 0.0076044635
v -0.00078877388 -0.005947927 0.0087294634
v -0.00076082454 0.0019573313 -0.40000001
v -0.00076082454 0.0019573313 -0.39399999
v -0.00075924944 -0.0065501942 0.01098046
v -0.00075355137 0.0069593214 0.010048282
v -0.00074830867 0.0069598877 0.0098606013
v -0.00074830867 0.0069598877 0.012860601
v -0.00073976966 -0.0030104385 0.014
v -0.00073976966 -0.0030104385 0.016000001
v -0.00071744667 0.0059569515 0.0099128513
v -0.00071744667 0.0059569515 0.011037852
v -0.00071744627 0.0059569515 0.008412852
v -0.00071744627 0.0059569515 0.0095378514
v -0.00071744371 0.005956952 0.011412852
v -0.00071744371 0.005956952 0.012537852
v -0.00071744324 0.005956952 0.0080378512
v -0.00071744097 0.005956952 0.014
v -0.00071250775 -0.0061469446 0.011214835
v -0.00070985086 0.0065557314 0.010282657
v -0.00070491224 0.0065562641 0.0096262265
v -0.00070491224 0.0065562641 0.012626226
v -0.00068487198 0.0067773825 0.0073770448
v -0.00068487198 0.0067773825 0.0074707945
v -0.00068487198 0.0067773825 0.0075645447
v -0.00066615024 0.0061521409 0.010517033
v -0.00066151569 0.006152641 0.0093918508
v -0.00066151569 0.006152641 0.012391851
v -0.00065757468 0.0049565709 -5.2154059e-11
v -0.00065757468 0.0049565709 0.0080000004
v -0.00065289799 -0.0067805378 0.012581546
v -0.00065289799 -0.0067805378 0.012675296
v -0.00065289799 -0.0067805378 0.012769045
v -0.00065095734 -0.0039466764 -0.40000001
v -0.00065095734 -0.0039466764 -0.39500001
v -0.00064405758 0.0063734902 0.0071426695
v -0.00064405758 0.0063734902 0.0077989195
v -0.00061398902 -0.0063764569 0.01234717
v -0.00061398902 -0.0063764569 0.01300342
v -0.00061067293 -0.0061578956 0.0082185948
v -0.00061067293 -0.0061578956 0.0084060952
v -0.00061067293 -0.0061578956 0.0085935947
v -0.00060324318 0.0059695975 0.0069082947
v -0.00060324318 0.0059695975 0.0080332942
v -0.00057508016 -0.0059723766 0.012112795
v -0.00057508016 -0.0059723766 0.013237796
v -0.00057131873 -0.0069766464 0.0092537366
v -0.00053818634 -0.0065720514 0.0094881114
v -0.00051234505 0.0069812248 0.011539982
v -0.00050505402 -0.0061674565 0.0097224861
v -0.00048342132 -0.0061691897 0.0097232861
v -0.00048342132 -0.0061691897 0.0099107856
v -0.00048342132 -0.0061691897 0.010098286
v -0.00048263281 0.0065763644 0.011774356
v -0.00045292053 0.0061715036 0.012008732
v -0.0004505477 -0.0069854856 0.0090701915
v -0.0004505477 -0.0069854856 0.012070191
v -0.00043955634 0.0067977025 0.0088685062
v -0.00043955634 0.0067977025 0.0089622568
v -0.00043955634 0.0067977025 0.0090560066
v -0.00042441921 -0.0065803779 0.0088358158
v -0.00042441921 -0.0065803779 0.011835816
v -0.00041387163 -0.0065678689 0.0079999994
v -0.00041336133 0.0063925986 0.0086341314
v -0.00041336133 0.0063925986 0.0092903813
v -0.00041093674 -0.0067994925 0.011089723
v -0.00041093674 -0.0067994925 0.011183473
v -0.00041093674 -0.0067994925 0.011277223
v -0.00039829066 -0.0061752698 0.008601441
v -0.00039829066 -0.0061752698 0.011601442
v -0.00038716634 0.0059874952 0.0083997566
v -0.00038716634 0.0059874952 0.0095247561
v -0.0003864473 -0.0063942824 0.010855348
v -0.0003864473 -0.0063942824 0.011511598
v -0.00036195788 -0.0059890719 0.010620973
v -0.00036195788 -0.0059890719 0.011745973
v -0.00035546583 -0.0061778831 0.011228033
v -0.00035546583 -0.0061778831 0.011415534
v -0.00035546583 -0.0061778831 0.011603033
v -0.00031512778 -0.0065793609 0.0079999994
v -0.00031245977 0.0039877775 -0.40000001
v -0.00031245977 0.0039877775 -0.39500001
v -0.0002960517 -0.0061810152 0.0082302485
v -0.00028946155 0.0063944971 0.0079999994
v -0.00026610319 0.0069949403 0.0083440961
v -0.00026610319 0.0069949403 0.011344096
v -0.00026246154 -0.0020835339 -0.40000001
v -0.00026246154 -0.0020835339 -0.39399999
v -0.00025067118 0.0065892842 0.0081097204
v -0.00025067118 0.0065892842 0.011109721
v -0.00024344806 0.0063993791 0.0079999994
v -0.0002352391 0.006183628 0.010875346
v -0.00022688351 -0.0061839405 0.012732835
v -0.00022688351 -0.0061839405 0.012920335
v -0.00022688351 -0.0061839405 0.013107835
v -0.00019493801 0.0068091094 0.010360102
v -0.00019493801 0.0068091094 0.010453852
v -0.00019493801 0.0068091094 0.010547602
v -0.00018332087 0.0064033256 0.010125726
v -0.00018332087 0.0064033256 0.010781977
v -0.00017170369 0.0059975428 0.0098913517
v -0.00017170369 0.0059975428 0.011016352
v -0.00016965871 -0.006809786 0.0095977765
v -0.00016965871 -0.006809786 0.0096915271
v -0.00016965871 -0.006809786 0.0097852768
v -0.00015954804 -0.0064039622 0.0093634017
v -0.00015954804 -0.0064039622 0.010019652
v -0.00015749237 0.0061860965 0.011997372
v -0.00015749237 0.0061860965 0.012184872
v -0.00015749237 0.0061860965 0.012372372
v -0.00014943737 -0.0059981383 0.0091290269
v -0.00014943737 -0.0059981383 0.010254026
v -0.0001383348 0.0030969118 0.014
v -0.0001383348 0.0030969118 0.016000001
v -9.1140835e-05 -0.006999407 0.012269586
v -8.5855303e-05 -0.0065934919 0.012503961
v -8.4056519e-05 0.002098317 -0.40000001
v -8.4056519e-05 0.002098317 -0.39399999
v -8.0569836e-05 -0.0061875768 0.012738336
v -2.7525804e-05 0.0061880401 0.010492426
v -2.7525804e-05 0.0061880401 0.010679926
v -2.7525804e-05 0.0061880401 0.010867426
v -2.5734431e-05 0.0069999527 0.0085234949
v -2.4242005e-05 0.006594006 0.0087578697
v -2.2749578e-05 0.0061880597 0.0089922454
v 2.2908158e-05 -0.0061880588 0.010117251
v 2.2908158e-05 -0.0061880588 0.013117251
v 2.4410987e-05 -0.0065940055 0.010351626
v 2.4410987e-05 -0.0065940055 0.013351626
v 2.5913816e-05 -0.0069999523 0.010586001
v 2.5913816e-05 -0.0069999523 0.013586001
v 4.2731073e-05 0.0059998478 0.011383095
v 4.2731073e-05 0.0059998478 0.012508095
v 4.5622182e-05 0.0064057866 0.011617471
v 4.5622182e-05 0.0064057866 0.01227372
v 4.8513291e-05 0.0068117259 0.011851845
v 4.8513291e-05 0.0068117259 0.011945595
v 4.8513291e-05 0.0068117259 0.012039345
v 6.4332467e-05 -0.005999655 0.0076372046
v 6.4332467e-05 -0.005999655 0.0087622041
v 6.8685076e-05 -0.0064055813 0.0078715794
v 6.8685076e-05 -0.0064055813 0.0085278293
v 6.9175498e-05 -0.005999601 0.014
v 6.9179245e-05 -0.0059996014 0.012137391
v 6.9179245e-05 -0.0059996014 0.013262391
v 6.9181275e-05 -0.005999601 0.0091373911
v 6.9181275e-05 -0.005999601 0.010262391
v 6.9182955e-05 -0.005999601 0.010637391
v 6.9182955e-05 -0.005999601 0.011762391
v 7.3037714e-05 -0.006811507 0.0081059542
v 7.3037714e-05 -0.006811507 0.0081997039
v 7.3037714e-05 -0.006811507 0.0082934545
v 7.7705678e-05 -0.0049993959 -5.2154059e-11
v 7.7705678e-05 -0.0049993959 0.0080000004
v 0.00010205538 0.0061872597 0.0089875264
v 0.00010205538 0.0061872597 0.0091750259
v 0.00010205538 0.0061872597 0.0093625262
v 0.00013124774 -0.0061867093 0.011246371
v 0.0001383348 -0.0030969118 0.014
v 0.0001383348 -0.0030969118 0.016000001
v 0.00013985782 -0.0065925671 0.011011996
v 0.00014846791 -0.0069984253 0.010777621
v 0.00017255988 -0.0059975181 0.0080000004
v 0.00017256298 -0.0059975181 0.0076413853
v 0.00018062693 -0.0066148522 0.0079999994
v 0.00018838808 0.0061852327 0.0093592787
v 0.00018838808 0.0061852327 0.012359278
v 0.00018849321 0.0061852299 0.010484274
v 0.00020074662 0.0065909941 0.0095936535
v 0.00020074662 0.0065909941 0.012593654
v 0.00020085867 0.0065909908 0.0102499
v 0.00021310517 0.0069967555 0.0098280283
v 0.00021310517 0.0069967555 0.012828029
v 0.00021322409 0.0069967518 0.010015525
v 0.00024189625 0.0054946779 0.0079999994
v 0.00024189625 0.0054946779 0.014
v 0.0002557378 0.0059945476 0.006875
v 0.0002557378 0.0059945476 0.0080000004
v 0.0002557378 0.0059945476 0.012875
v 0.0002557378 0.0059945476 0.014
v 0.00027304058 0.0064001279 0.0071093752
v 0.00027304058 0.0064001279 0.0077656251
v 0.00027304058 0.0064001279 0.013109375
v 0.00027304058 0.0064001279 0.013765625
v 0.0002793321 -0.0059934943 0.012145537
v 0.0002793321 -0.0059934943 0.013270536
v 0.00028342436 -0.0061816075 0.0082521942
v 0.00028342436 -0.0061816075 0.0084396945
v 0.00028342436 -0.0061816075 0.0086271949
v 0.00029034333 0.0068057082 0.00734375
v 0.00029034333 0.0068057082 0.0074375002
v 0.00029034333 0.0068057082 0.0075312499
v 0.00029034333 0.0068057082 0.01334375
v 0.00029034333 0.0068057082 0.0134375
v 0.00029034333 0.0068057082 0.01353125
v 0.00029269588 0.0064312094 0.0079999994
v 0.0002982312 -0.0063990038 0.012379912
v 0.0002982312 -0.0063990038 0.013036162
v 0.00031236885 -0.0069930269 0.014
v 0.00031237051 -0.0069930269 0.0092831645
v 0.00031237132 -0.0069930269 0.010783165
v 0.00031237229 -0.0069930265 0.0090956651
v 0.00031237229 -0.0069930265 0.012095665
v 0.00031237263 -0.0069930265 0.010595665
v 0.00031237263 -0.0069930265 0.013595665
v 0.00031237357 -0.0069930265 0.012283165
v 0.00031245977 -0.0039877775 -0.40000001
v 0.00031245977 -0.0039877775 -0.39500001
v 0.00031713035 -0.0068045128 0.012614287
v 0.00031713035 -0.0068045128 0.012708036
v 0.00031713035 -0.0068045128 0.012801787
v 0.00034391184 -0.0061785369 0.0097545218
v 0.00035360092 -0.0054886215 0.0079999994
v 0.00035360092 -0.0054886215 0.014
v 0.00035376946 0.0069910544 0.0083233761
v 0.00035376946 0.0069910544 0.011323376
v 0.00035377024 0.0069910544 0.0085108755
v 0.00035377289 0.0069910549 0.011510876
v 0.00035377371 0.0069910549 0.0098233754
v 0.00035377371 0.0069910549 0.010010876
v 0.00035377371 0.0069910549 0.012823376
v 0.00035377505 0.0069910544 0.014
v 0.00036647296 -0.0065838587 0.0095201461
v 0.00038903416 -0.006989181 0.0092857713
v 0.00039834282 0.0061752666 0.01197644
v 0.00041390059 -0.0061742431 0.0097572226
v 0.00041390059 -0.0061742431 0.0099447221
v 0.00041390059 -0.0061742431 0.010132222
v 0.0004244748 0.0065803742 0.011742065
v 0.00042828172 -0.0020558634 -0.40000001
v 0.00042828172 -0.0020558634 -0.39399999
v 0.00044823458 -0.0061718463 0.0086335503
v 0.00044823458 -0.0061718463 0.011633551
v 0.00045060672 0.0069854814 0.011507689
v 0.00046842202 0.005981687 0.0083669042
v 0.00046842202 0.005981687 0.0094919046
v 0.00047763946 -0.006576729 0.008867925
v 0.00047763946 -0.006576729 0.011867926
v 0.00049515429 -0.0059795338 0.01065401
v 0.00049515429 -0.0059795338 0.011779009
v 0.00050011463 0.0063863974 0.0086012799
v 0.00050011463 0.0063863974 0.0092575299
v 0.00050321425 0.004974613 -5.2154059e-11
v 0.00050321425 0.004974613 0.0080000004
v 0.00050704443 -0.0069816122 0.0091023007
v 0.00050704443 -0.0069816122 0.0121023
v 0.0005286556 -0.0063840984 0.010888385
v 0.0005286556 -0.0063840984 0.011544635
v 0.00053180725 0.0067911078 0.0088356547
v 0.00053180725 0.0067911078 0.0089294044
v 0.00053180725 0.0067911078 0.0090231542
v 0.00054450717 -0.0061640982 0.011262286
v 0.00054450717 -0.0061640982 0.011449787
v 0.00054450717 -0.0061640982 0.011637286
v 0.00055704778 -0.0061629778 0.0082627749
v 0.0005621569 -0.0067886631 0.011122759
v 0.0005621569 -0.0067886631 0.011216509
v 0.0005621569 -0.0067886631 0.01131026
v 0.00057990098 0.0059719104 0.0080000004
v 0.00057990098 0.0059719104 0.014
v 0.00057990249 0.0059719104 0.0098626092
v 0.00057990249 0.0059719104 0.010987609
v 0.00057990436 0.0059719104 0.008362609
v 0.00057990436 0.0059719104 0.0094876094
v 0.00057990698 0.0059719095 0.011362609
v 0.00057990698 0.0059719095 0.012487609
v 0.00057990832 0.0059719095 0.012862609
v 0.00059359102 -0.0065672789 0.0080283992
v 0.00060182036 0.0020119175 -0.40000001
v 0.00060182036 0.0020119175 -0.39399999
v 0.00060645345 0.0061583123 0.01084375
v 0.00060645345 0.0061583123 0.01346875
v 0.00060645345 0.0061583123 0.01365625
v 0.00060645345 0.0061583123 0.01384375
v 0.00063139381 -0.0066152615 0.0079999994
v 0.00063151435 -0.018043313 -0.11664934
v 0.00063151435 -0.018043313 -0.10164934
v 0.00063297636 0.0064276424 0.0079999994
v 0.00064623775 0.0065623075 0.0080781244
v 0.00064623775 0.0065623075 0.011078125
v 0.00064623775 0.0065623075 0.013234375
v 0.00064623775 0.0065623075 0.014078125
v 0.00065095734 0.0039466764 -0.40000001
v 0.00065095734 0.0039466764 -0.39500001
v 0.00067515607 -0.0061511593 0.012767385
v 0.00067515607 -0.0061511593 0.012954885
v 0.00067515607 -0.0061511593 0.013142385
v 0.00068188133 0.0059611276 0.0098586483
v 0.00068188133 0.0059611276 0.010983648
v 0.0006860221 0.0069663031 0.0079999994
v 0.0006860221 0.0069663031 0.0083125001
v 0.0006860221 0.0069663031 0.0113125
v 0.0006860221 0.0069663031 0.013
v 0.0006860221 0.0069663031 0.014
v 0.0006860221 0.0069663031 0.014155312
v 0.0006860221 0.0069663031 0.0143125
v 0.00069331762 -0.016594633 -0.11414934
v 0.00069331762 -0.016594633 -0.10414933
v 0.00070088502 -0.01641725 -0.11486966
v 0.00070088502 -0.01641725 -0.11342902
v 0.00070088502 -0.01641725 -0.10486966
v 0.00070088502 -0.01641725 -0.10342902
v 0.00071137957 -0.0059576789 0.0091626085
v 0.00071137957 -0.0059576789 0.010287609
v 0.00072185369 -0.015925741 -0.11542496
v 0.00072185369 -0.015925741 -0.11287371
v 0.00072185369 -0.015925741 -0.10542496
v 0.00072185369 -0.015925741 -0.10287371
v 0.0007280162 0.0063644466 0.010093023
v 0.0007280162 0.0063644466 0.010749273
v 0.00073347054 0.0061444785 0.011964058
v 0.00073347054 0.0061444785 0.012151557
v 0.00073347054 0.0061444785 0.012339057
v 0.00073976966 0.0030104385 0.014
v 0.00073976966 0.0030104385 0.016000001
v 0.00075141992 -0.015232703 -0.11568803
v 0.00075141992 -0.015232703 -0.11261064
v 0.00075141992 -0.015232703 -0.10568804
v 0.00075141992 -0.015232703 -0.10261064
v 0.00075951027 -0.0063607651 0.0093969842
v 0.00075951027 -0.0063607651 0.010053233
v 0.00077415112 0.0067677661 0.010327398
v 0.00077415112 0.0067677661 0.010421148
v 0.00077415112 0.0067677661 0.010514898
v 0.00077522441 -0.0061393506 0.012771311
v 0.00078281038 -0.014496903 -0.11559861
v 0.00078281038 -0.014496903 -0.11270006
v 0.00078281038 -0.014496903 -0.10559861
v 0.00078281038 -0.014496903 -0.10270006
v 0.00080764096 -0.0067638508 0.009631359
v 0.00080764096 -0.0067638508 0.0097251087
v 0.00080764096 -0.0067638508 0.0098188585
v 0.00080883404 -0.013886903 -0.11517718
v 0.00080883404 -0.013886903 -0.11312149
v 0.00080883404 -0.013886903 -0.10517718
v 0.00080883404 -0.013886903 -0.1031215
v 0.00081869774 0.0061337044 0.0089608803
v 0.00082352909 -0.013542448 -0.11452027
v 0.00082352909 -0.013542448 -0.1137784
v 0.00082352909 -0.013542448 -0.10452028
v 0.00082352909 -0.013542448 -0.1037784
v 0.00082608039 -0.006542102 0.012536936
v 0.00086066866 0.0061279563 0.010459308
v 0.00086066866 0.0061279563 0.010646808
v 0.00086066866 0.0061279563 0.010834307
v 0.00087240565 0.0065360856 0.0087265056
v 0.00087469642 -0.0061259698 0.010150234
v 0.00087469642 -0.0061259698 0.013150234
v 0.00087693642 -0.0069448529 0.012302562
v 0.00089570542 0.0059327655 0.011350243
v 0.00089570542 0.0059327655 0.012475243
v 0.00092611357 0.0069384663 0.0084921308
v 0.00092757854 -0.0059278663 0.0076713185
v 0.00092757854 -0.0059278663 0.0087963184
v 0.00092987512 -0.011049676 -0.10764934
v 0.00092987512 -0.011049676 -0.10164934
v 0.00093207794 -0.0065278434 0.010384609
v 0.00093207794 -0.0065278434 0.013384609
v 0.0009512697 -0.010548183 -0.11519345
v 0.0009512697 -0.010548183 -0.10910522
v 0.00095267827 -0.010515166 -0.11496557
v 0.00095267827 -0.010515166 -0.10933311
v 0.00095436355 -0.010475662 -0.11541197
v 0.00095436355 -0.010475662 -0.1088867
v 0.00095630722 0.0063341665 0.011584618
v 0.00095630722 0.0063341665 0.012240868
v 0.00095829042 -0.010383614 -0.11477666
v 0.00095829042 -0.010383614 -0.10952201
v 0.00096130354 -0.010312987 -0.1155748
v 0.00096130354 -0.010312987 -0.10872387
v 0.00096878438 -0.010137634 -0.11443955
v 0.00096878438 -0.010137634 -0.10985912
v 0.00097061787 -0.010094658 -0.11564739
v 0.00097061787 -0.010094658 -0.10865129
v 0.00097249809 -0.010050585 -0.1140313
v 0.00097249809 -0.010050585 -0.11026737
v 0.00098033098 -0.0098669808 -0.11561434
v 0.00098033098 -0.0098669808 -0.10868433
v 0.00098796445 0.006108725 0.0089545045
v 0.00098796445 0.006108725 0.009142004
v 0.00098796445 0.006108725 0.0093295043
v 0.00098813907 -0.0061086966 0.01127973
v 0.00098838273 -0.0096782446 -0.11548267
v 0.00098838273 -0.0096782446 -0.10881601
v 0.00098945934 -0.0069297166 0.010618984
v 0.00098945934 -0.0069297166 0.013618983
v 0.00099033688 -0.0063289353 0.0079056937
v 0.00099033688 -0.0063289353 0.0085619437
v 0.0010027513 -0.0093414439 -0.11523647
v 0.0010027513 -0.0093414439 -0.10906221
v 0.0010052321 -0.0029324917 0.014
v 0.0010052321 -0.0029324917 0.016000001
v 0.0010169091 0.006735567 0.011818993
v 0.0010169091 0.006735567 0.011912744
v 0.0010169091 0.006735567 0.012006493
v 0.001020152 -0.0089335665 -0.11514933
v 0.001020152 -0.0089335665 -0.10914934
v 0.0010217393 0.0061031668 0.009328221
v 0.0010217393 0.0061031668 0.012328221
v 0.0010264633 0.0061023738 0.010453042
v 0.0010529626 -0.0065094372 0.011045355
v 0.0010530951 -0.0067300042 0.0081400685
v 0.0010530951 -0.0067300042 0.0082338182
v 0.0010530951 -0.0067300042 0.0083275679
v 0.0010683998 -0.0078026289 -0.11664934
v 0.0010683998 -0.0078026289 -0.11514933
v 0.0010683998 -0.0078026289 -0.10914934
v 0.0010683998 -0.0078026289 -0.10764934
v 0.0010726141 -0.0018054083 -0.40000001
v 0.0010726141 -0.0018054083 -0.39399999
v 0.0010887671 0.0065035443 0.0095625967
v 0.0010887671 0.0065035443 0.012562596
v 0.001093801 0.0065026996 0.010218667
v 0.0011094728 0.0058965301 0.012841705
v 0.0011094728 0.0058965301 0.013966706
v 0.0011177862 -0.0069101774 0.01081098
v 0.0011433145 -0.0058900621 0.012180122
v 0.0011433145 -0.0058900621 0.013305122
v 0.0011557948 0.0069039217 0.0097969715
v 0.0011557948 0.0069039217 0.012796971
v 0.0011611386 0.0069030249 0.0099842921
v 0.0011845379 0.0062954794 0.01307608
v 0.0011845379 0.0062954794 0.01373233
v 0.0011877549 -0.0060730418 0.0082877018
v 0.0011877549 -0.0060730418 0.0084752021
v 0.0011877549 -0.0060730418 0.0086627025
v 0.0012003536 -0.006070564 0.0097882077
v 0.0012206692 -0.0062885731 0.012414497
v 0.0012206692 -0.0062885731 0.013070747
v 0.0012224807 0.0017074955 -0.40000001
v 0.0012224807 0.0017074955 -0.39399999
v 0.0012285511 -0.0048467168 -5.2154059e-11
v 0.0012285511 -0.0048467168 0.0080000004
v 0.0012322912 -0.0065685781 0.0079999994
v 0.0012341953 0.0060637742 0.011945069
v 0.0012577178 -0.0037971234 -0.40000001
v 0.0012577178 -0.0037971234 -0.39500001
v 0.0012596028 0.0066944282 0.013310456
v 0.0012596028 0.0066944282 0.013404205
v 0.0012596028 0.0066944282 0.013497955
v 0.0012790988 -0.0064688027 0.0095538329
v 0.001298024 -0.0066870842 0.012648872
v 0.001298024 -0.0066870842 0.012742622
v 0.001298024 -0.0066870842 0.012836372
v 0.0012991915 -0.0060501816 0.0086671868
v 0.0012991915 -0.0060501816 0.011667186
v 0.0013151605 0.0064615677 0.011710693
v 0.0013172987 -0.0060462649 0.0097929174
v 0.0013172987 -0.0060462649 0.0099804178
v 0.0013172987 -0.0060462649 0.010167917
v 0.0013227537 0.0058523775 0.0083330488
v 0.0013227537 0.0058523775 0.0094580492
v 0.0013572952 -0.0058444631 0.014
v 0.0013572971 -0.0058444627 0.012188967
v 0.0013572971 -0.0058444627 0.013313968
v 0.001357298 -0.0058444622 0.0091889678
v 0.001357298 -0.0058444622 0.010313967
v 0.0013572982 -0.0058444622 0.0088139679
v 0.001357844 -0.0068670418 0.0093194582
v 0.0013581468 -0.0058442657 0.010689002
v 0.0013581468 -0.0058442657 0.011814003
v 0.0013844206 -0.0064470833 0.0089015616
v 0.0013844206 -0.0064470833 0.011901561
v 0.0013961256 0.0068593612 0.011476318
v 0.001411475 -0.0060249758 0.00829673
v 0.0014122488 0.0062483391 0.0085674245
v 0.0014122488 0.0062483391 0.0092236744
v 0.0014174342 0.0053142151 0.0079999994
v 0.0014174342 0.0053142151 0.014
v 0.0014369159 0.006018959 0.010812154
v 0.0014369159 0.006018959 0.013812155
v 0.0014415182 0.0060178586 0.013436973
v 0.0014434805 -0.0058237757 0.0080000004
v 0.0014434834 -0.0058237752 0.0076925629
v 0.0014463507 -0.0060166987 0.011298146
v 0.0014463507 -0.0060166987 0.011485646
v 0.0014463507 -0.0060166987 0.011673146
v 0.0014500365 -0.0062396778 0.010923378
v 0.0014500365 -0.0062396778 0.011579628
v 0.0014696496 -0.0068439851 0.0091359364
v 0.0014696496 -0.0068439851 0.012135936
v 0.0014879942 0.0060065356 0.013435139
v 0.0014879942 0.0060065356 0.013622639
v 0.0014879942 0.0060065356 0.013810139
v 0.001501744 0.0066443007 0.0088017993
v 0.001501744 0.0066443007 0.008895549
v 0.001501744 0.0066443007 0.0089892987
v 0.00150407 -0.006420224 0.0080623543
v 0.0015252254 -0.005284287 0.0079999994
v 0.0015252254 -0.005284287 0.014
v 0.0015287074 -0.0065253782 0.0079999994
v 0.0015311799 0.0064138123 0.011046529
v 0.0015311799 0.0064138123 0.014046529
v 0.0015351119 0.0058002961 0.0098242909
v 0.0015351119 0.0058002961 0.01094929
v 0.0015360841 0.0064126397 0.013202598
v 0.0015419264 -0.0066350908 0.011157753
v 0.0015419264 -0.0066350908 0.011251503
v 0.0015419264 -0.0066350908 0.011345252
v 0.0015579424 0.0026800775 0.014
v 0.0015579424 0.0026800775 0.016000001
v 0.0015716326 -0.005790507 0.0091979438
v 0.0015716326 -0.005790507 0.010322943
v 0.001574821 -0.0059843576 0.012803385
v 0.001574821 -0.0059843576 0.012990884
v 0.001574821 -0.0059843576 0.013178385
v 0.0015765432 0.0036762089 -0.40000001
v 0.0015765432 0.0036762089 -0.39500001
v 0.0015789102 0.0068196072 0.014
v 0.0015789102 0.0068196072 0.014125333
v 0.001600712 -0.0013593091 -0.40000001
v 0.001600712 -0.0013593091 -0.39399999
v 0.0016145153 0.0059737707 0.01193011
v 0.0016145153 0.0059737707 0.01211761
v 0.0016145153 0.0059737707 0.01230511
v 0.0016254439 0.006808666 0.011280905
v 0.0016254439 0.006808666 0.014280904
v 0.0016259612 -0.0059706653 0.01280548
v 0.0016301629 -0.0068075377 0.014
v 0.0016301634 -0.0068075373 0.0091416826
v 0.0016301634 -0.0068075373 0.012141682
v 0.0016301636 -0.0068075373 0.0093291821
v 0.0016301641 -0.0068075373 0.012329183
v 0.0016301643 -0.0068075373 0.010641682
v 0.0016301643 -0.0068075373 0.010829182
v 0.0016301643 -0.0068075373 0.013641682
v 0.00163065 0.0068074213 0.012968223
v 0.0016368747 0.0047244728 -5.2154059e-11
v 0.0016368747 0.0047244728 0.0080000004
v 0.001638975 0.0061927335 0.010058666
v 0.001638975 0.0061927335 0.010714916
v 0.0016528365 0.0059632817 0.0089285765
v 0.0016704476 0.0067977649 0.0079999994
v 0.0016704483 0.0067977645 0.012966835
v 0.0016704485 0.0067977645 0.011279335
v 0.001670451 0.0067977635 0.0084668351
v 0.0016704513 0.0067977635 0.011466836
v 0.0016704524 0.0067977635 0.009779335
v 0.0016704524 0.0067977635 0.0099668354
v 0.0016704524 0.0067977635 0.012779335
v 0.0016779666 -0.0061822822 0.0094323186
v 0.0016779666 -0.0061822822 0.010088569
v 0.0017106661 0.00121804 -0.40000001
v 0.0017106661 0.00121804 -0.39399999
v 0.0017185805 -0.0059446678 0.010184287
v 0.0017185805 -0.0059446678 0.013184288
v 0.0017290558 0.0076832846 -0.11664934
v 0.0017290558 0.0076832846 -0.11514933
v 0.0017290558 0.0076832846 -0.10914934
v 0.0017290558 0.0076832846 -0.10764934
v 0.0017326267 -0.0063623507 0.012571105
v 0.001740619 0.0059382524 0.010425044
v 0.001740619 0.0059382524 0.010612545
v 0.001740619 0.0059382524 0.010800044
v 0.0017428378 0.0065851714 0.01029304
v 0.0017428378 0.0065851714 0.01038679
v 0.0017428378 0.0065851714 0.01048054
v 0.0017461086 0.0057403054 0.011315445
v 0.0017461086 0.0057403054 0.012440446
v 0.0017612651 0.0063544824 0.0086942017
v 0.0017773035 0.0088142222 -0.11514933
v 0.0017773035 0.0088142222 -0.10914934
v 0.0017833314 -0.0057288506 0.0077069267
v 0.0017833314 -0.0057288506 0.0088319266
v 0.0017843003 -0.006574058 0.0096666934
v 0.0017843003 -0.006574058 0.0097604441
v 0.0017843003 -0.006574058 0.0098541938
v 0.0017906916 -0.0025304987 0.014
v 0.0017906916 -0.0025304987 0.016000001
v 0.0017947042 0.0092220996 -0.11523647
v 0.0017947042 0.0092220996 -0.10906221
v 0.0018090728 0.0095589003 -0.11548267
v 0.0018090728 0.0095589003 -0.10881601
v 0.0018171245 0.0097476365 -0.11561434
v 0.0018171245 0.0097476365 -0.10868433
v 0.0018249574 0.0099312402 -0.1140313
v 0.0018249574 0.0099312402 -0.11026737
v 0.0018268377 0.0099753132 -0.11564739
v 0.0018268377 0.0099753132 -0.10865129
v 0.0018277488 -0.0064679608 0.0079999994
v 0.0018286711 0.01001829 -0.11443955
v 0.0018286711 0.01001829 -0.10985912
v 0.0018313221 -0.0063346475 0.010418662
v 0.0018313221 -0.0063346475 0.013418662
v 0.0018336766 -0.00591018 0.011314044
v 0.001836152 0.010193642 -0.1155748
v 0.001836152 0.010193642 -0.10872387
v 0.0018391651 0.01026427 -0.11477666
v 0.0018391651 0.01026427 -0.10952201
v 0.0018392925 -0.0067540361 0.012336729
v 0.0018412377 -0.0097272731 0.014
v 0.0018412377 -0.0097272731 0.016000001
v 0.001843092 0.010356317 -0.11541197
v 0.001843092 0.010356317 -0.1088867
v 0.0018447773 0.010395821 -0.11496557
v 0.0018447773 0.010395821 -0.10933311
v 0.0018461859 0.010428838 -0.11519345
v 0.0018461859 0.010428838 -0.10910522
v 0.0018489596 0.0059054163 0.012295648
v 0.0018501275 0.005707629 0.0080000004
v 0.0018501275 0.005707629 0.014
v 0.0018501284 0.005707629 0.011311032
v 0.0018501284 0.005707629 0.012436032
v 0.0018501292 0.0057076286 0.012811032
v 0.0018501292 0.0057076286 0.013936033
v 0.00185013 0.0057076286 0.0098110326
v 0.00185013 0.0057076286 0.010936032
v 0.0018501306 0.0057076276 0.0083110323
v 0.0018501306 0.0057076276 0.0094360318
v 0.0018581614 0.0059025278 0.010420274
v 0.0018642474 0.0061286842 0.011549821
v 0.0018642474 0.0061286842 0.012206071
v 0.0018662157 0.0058999863 0.008919945
v 0.0018662157 0.0058999863 0.0091074454
v 0.0018662157 0.0058999863 0.0092949448
v 0.0018675805 0.010930331 -0.10764934
v 0.0018675805 0.010930331 -0.10164934
v 0.0018696939 0.0067456835 0.008459826
v 0.0019039883 -0.0061164545 0.0079413019
v 0.0019039883 -0.0061164545 0.0085975518
v 0.0019440637 -0.0067246277 0.010653038
v 0.0019440637 -0.0067246277 0.013653037
v 0.0019539688 -0.0062978975 0.011079669
v 0.0019553048 0.0056724586 0.012806533
v 0.0019553048 0.0056724586 0.013931533
v 0.0019553481 -0.00076590764 -0.40000001
v 0.0019553481 -0.00076590764 -0.39399999
v 0.0019663093 0.0067181564 0.014
v 0.0019702544 0.0062928214 0.0095300237
v 0.0019702544 0.0062928214 0.012530024
v 0.0019720066 0.013378105 -0.11414934
v 0.0019720066 0.013378105 -0.10414933
v 0.0019795741 0.013555487 -0.11486966
v 0.0019795741 0.013555487 -0.11342902
v 0.0019795741 0.013555487 -0.10486966
v 0.0019795741 0.013555487 -0.10342902
v 0.0019800598 0.0062897429 0.010185899
v 0.001982386 0.0065170634 0.011784196
v 0.001982386 0.0065170634 0.011877946
v 0.001982386 0.0065170634 0.011971696
v 0.0019928063 -0.0056593926 0.012215933
v 0.0019928063 -0.0056593926 0.013340933
v 0.0020005428 0.014046996 -0.11542496
v 0.0020005428 0.014046996 -0.11287371
v 0.0020005428 0.014046996 -0.10542496
v 0.0020005428 0.014046996 -0.10287371
v 0.0020134745 0.00059659075 -0.40000001
v 0.0020134745 0.00059659075 -0.39399999
v 0.0020246455 -0.0065040584 0.0081756767
v 0.0020246455 -0.0065040584 0.0082694264
v 0.0020246455 -0.0065040584 0.0083631761
v 0.0020301091 0.014740034 -0.11568803
v 0.0020301091 0.014740034 -0.11261064
v 0.0020301091 0.014740034 -0.10568804
v 0.0020301091 0.014740034 -0.10261064
v 0.0020391284 -0.005842478 0.0098226052
v 0.0020614995 0.015475834 -0.11559861
v 0.0020614995 0.015475834 -0.11270006
v 0.0020614995 0.015475834 -0.10559861
v 0.0020614995 0.015475834 -0.10270006
v 0.0020619149 0.0058344752 0.01191189
v 0.0020728123 -0.005830613 0.0083240177
v 0.0020728123 -0.005830613 0.0085115181
v 0.0020728123 -0.005830613 0.0086990176
v 0.0020742607 -0.0066856146 0.010845294
v 0.0020875232 0.016085833 -0.11517718
v 0.0020875232 0.016085833 -0.11312149
v 0.0020875232 0.016085833 -0.10517718
v 0.0020875232 0.016085833 -0.1031215
v 0.002087597 0.0060562468 0.013040908
v 0.002087597 0.0060562468 0.013697158
v 0.0020915491 0.0066802264 0.0097643994
v 0.0020915491 0.0066802264 0.012764399
v 0.0020980914 -8.9508227e-05 -0.40000001
v 0.0020980914 -8.9508227e-05 -0.39399999
v 0.0021019583 0.0066769579 0.0099515235
v 0.0021022181 0.016430289 -0.11452027
v 0.0021022181 0.016430289 -0.1137784
v 0.0021022181 0.016430289 -0.10452028
v 0.0021022181 0.016430289 -0.1037784
v 0.002127636 -0.006042297 0.012450309
v 0.002127636 -0.006042297 0.013106558
v 0.002129762 -0.0058100526 0.008701412
v 0.002129762 -0.0058100526 0.011701412
v 0.0021298819 -0.0033857941 -0.40000001
v 0.0021298819 -0.0033857941 -0.39500001
v 0.0021622635 0.0055968398 0.0082975691
v 0.0021622635 0.0055968398 0.0094225686
v 0.0021659411 0.01792397 -0.11664934
v 0.0021659411 0.01792397 -0.10164934
v 0.0021728985 -0.006225754 0.0095882304
v 0.0021971231 -0.0057849153 0.009829252
v 0.0021971231 -0.0057849153 0.010016752
v 0.0021971231 -0.0057849153 0.010204253
v 0.0021971797 0.0062172264 0.011677515
v 0.0021996286 -0.0055822609 0.010724946
v 0.0021996286 -0.0055822609 0.011849945
v 0.0022198895 0.0064400355 0.013275282
v 0.0022198895 0.0064400355 0.013369033
v 0.0022198895 0.0064400355 0.013462783
v 0.002241943 -0.0057676937 0.008331148
v 0.0022498998 0.0021325925 0.014
v 0.0022498998 0.0021325925 0.016000001
v 0.0022547839 0.0057626856 0.010778816
v 0.0022547839 0.0057626856 0.013778816
v 0.0022624657 -0.0064252019 0.012684683
v 0.0022624657 -0.0064252019 0.012778433
v 0.0022624657 -0.0064252019 0.012872183
v 0.0022637101 0.0057591847 0.013403439
v 0.0022694778 -0.0061912015 0.0089357868
v 0.0022694778 -0.0061912015 0.011935786
v 0.0023066686 -0.0066090301 0.0093538556
v 0.0023085582 0.0059755119 0.0085319439
v 0.0023085582 0.0059755119 0.0091881938
v 0.0023131652 -0.0044327495 -5.2154059e-11
v 0.0023131652 -0.0044327495 0.0080000004
v 0.0023203378 -0.0057366043 0.011334475
v 0.0023203378 -0.0057366043 0.011521976
v 0.0023203378 -0.0057366043 0.011709476
v 0.0023324445 0.0065999771 0.01144314
v 0.0023484514 -0.0059599467 0.010959321
v 0.0023484514 -0.0059599467 0.011615571
v 0.0023536298 0.0057230256 0.013399625
v 0.0023536298 0.0057230256 0.013587125
v 0.0023536298 0.0057230256 0.013774625
v 0.0023665545 0.0055135665 0.0097885719
v 0.0023665545 0.0055135665 0.010913571
v 0.002389018 -0.0061460636 0.0080967732
v 0.0024027014 0.0061407271 0.011013191
v 0.0024027014 0.0061407271 0.014013191
v 0.0024033797 -0.0054976144 0.009233946
v 0.0024033797 -0.0054976144 0.010358945
v 0.0024091934 -0.0065723504 0.0091701616
v 0.0024091934 -0.0065723504 0.012170161
v 0.0024105061 0.0031920935 -0.40000001
v 0.0024105061 0.0031920935 -0.39500001
v 0.0024122132 0.0061369967 0.013169064
v 0.0024164668 -0.0063127927 0.0079999994
v 0.00243108 -0.0019234996 0.014
v 0.00243108 -0.0019234996 0.016000001
v 0.0024423741 -0.0056857192 0.013027184
v 0.0024423741 -0.0056857192 0.013214683
v 0.0024463611 -0.0056840051 0.012839854
v 0.0024497451 -0.006302292 0.0079999994
v 0.0024548534 0.0063541848 0.0087663187
v 0.0024548534 0.0063541848 0.0088600693
v 0.0024548534 0.0063541848 0.0089538191
v 0.0024601764 0.0065534366 0.014
v 0.0024601764 0.0065534366 0.014093742
v 0.0024601764 0.0065534366 0.014250929
v 0.0024677676 0.005674744 0.0088947387
v 0.0024754291 0.0056714057 0.011894409
v 0.0024754291 0.0056714057 0.012081909
v 0.0024754291 0.0056714057 0.012269409
v 0.0024972744 -0.0063376324 0.011193695
v 0.0024972744 -0.0063376324 0.011287445
v 0.0024972744 -0.0063376324 0.011381196
v 0.0025266714 0.0058866055 0.010022947
v 0.0025266714 0.0058866055 0.010679197
v 0.0025266944 0.0048852651 0.0079999994
v 0.0025266944 0.0048852651 0.014
v 0.0025297492 -0.0056473855 0.010218434
v 0.0025297492 -0.0056473855 0.013218435
v 0.002550619 0.0065187686 0.011247566
v 0.002550619 0.0065187686 0.014247566
v 0.0025607164 0.0065148086 0.012934689
v 0.0025659881 -0.0058695734 0.0094683208
v 0.0025659881 -0.0058695734 0.010124571
v 0.0025677558 0.0054227882 0.01127956
v 0.0025677558 0.0054227882 0.01240456
v 0.0025819468 -0.0054160459 0.010741937
v 0.0025819468 -0.0054160459 0.011866936
v 0.002581947 -0.0054160454 0.0092419367
v 0.002581947 -0.0054160454 0.010366936
v 0.0025819477 -0.0054160454 0.012241936
v 0.0025819477 -0.0054160454 0.013366937
v 0.0025819491 -0.0054160445 0.0088669369
v 0.0025819493 -0.0054160445 0.014
v 0.0025961993 0.0056171473 0.01038918
v 0.0025961993 0.0056171473 0.010576679
v 0.0025961993 0.0056171473 0.01076418
v 0.0026036543 -0.005405644 0.0077429148
v 0.0026036543 -0.005405644 0.0088679148
v 0.0026068466 -0.0060568848 0.012605479
v 0.0026130041 -0.0062479996 0.0079999994
v 0.002625532 -0.0048328647 0.0079999994
v 0.002625532 -0.0048328647 0.014
v 0.002629657 0.0060470165 0.008660364
v 0.0026427447 -0.0055953995 0.011348313
v 0.0026484244 -0.005383851 0.0077449372
v 0.0026484251 -0.0053838505 0.0080000004
v 0.0026513126 0.0055913446 0.0092617739
v 0.0026513126 0.0055913446 0.012261774
v 0.0026644357 0.0055851033 0.0103862
v 0.002682291 0.0042196345 -5.2154059e-11
v 0.002682291 0.0042196345 0.0080000004
v 0.0026867883 0.0062596435 0.010257321
v 0.0026867883 0.0062596435 0.010351072
v 0.0026867883 0.0062596435 0.010444822
v 0.002695705 -0.0060178633 0.010452809
v 0.002695705 -0.0060178633 0.013452809
v 0.0027158547 0.0055602817 0.008883941
v 0.0027158547 0.0055602817 0.0090714404
v 0.0027158547 0.0055602817 0.0092589408
v 0.0027285966 -0.0062415325 0.0097026955
v 0.0027285966 -0.0062415325 0.0097964453
v 0.0027285966 -0.0062415325 0.0098901959
v 0.0027414856 0.0057896841 0.011513934
v 0.0027414856 0.0057896841 0.012170184
v 0.0027595838 0.0014123375 0.014
v 0.0027595838 0.0014123375 0.016000001
v 0.0027654569 0.0053246827 0.012770551
v 0.0027654569 0.0053246827 0.013895552
v 0.0027673317 -0.0064297649 0.012371104
v 0.002779813 -0.0057713799 0.0079772901
v 0.002779813 -0.0057713799 0.00863354
v 0.0027915465 0.0064192889 0.0084259892
v 0.0028000628 -0.0053065666 0.012251835
v 0.0028000628 -0.0053065666 0.013376835
v 0.0028161129 -0.0059624668 0.011113937
v 0.0028252429 0.0059581464 0.0094961487
v 0.0028252429 0.0059581464 0.012496149
v 0.0028354356 -0.005500264 0.0098567056
v 0.002839227 0.0059514949 0.010151824
v 0.0028580064 0.0054885694 0.011877639
v 0.0028616607 -0.0063883411 0.010687185
v 0.0028616607 -0.0063883411 0.013687184
v 0.0028745166 -0.00116067 0.014
v 0.0028745166 -0.00116067 0.016000001
v 0.0028782652 -0.0027776952 -0.40000001
v 0.0028782652 -0.0027776952 -0.39500001
v 0.0028890364 -0.0063760076 0.0091882264
v 0.0028890364 -0.0063760076 0.012188226
v 0.0028890367 -0.0063760071 0.0093757268
v 0.0028890374 -0.0063760066 0.012375726
v 0.0028890381 -0.0063760066 0.010875726
v 0.002889039 -0.0063760062 0.014
v 0.0029094713 -0.0054614623 0.0083599566
v 0.0029094713 -0.0054614623 0.008547456
v 0.0029094713 -0.0054614623 0.0087349564
v 0.0029152152 0.0061565805 0.01174831
v 0.0029152152 0.0061565805 0.01184206
v 0.0029152152 0.0061565805 0.01193581
v 0.0029157421 -0.005458117 0.011735233
v 0.0029267457 0.006358786 0.0079999994
v 0.0029267462 0.0063587856 0.0084208176
v 0.0029267464 0.0063587856 0.0097333174
v 0.0029267464 0.0063587856 0.0099208178
v 0.0029267464 0.0063587856 0.012733318
v 0.0029267468 0.0063587856 0.011233318
v 0.0029267468 0.0063587856 0.012920817
v 0.0029267471 0.0063587856 0.011420818
v 0.0029525629 0.0056849415 0.013004926
v 0.0029525629 0.0056849415 0.013661176
v 0.0029559715 -0.0061371163 0.0082116649
v 0.0029559715 -0.0061371163 0.0083054146
v 0.0029559715 -0.0061371163 0.0083991652
v 0.0029592621 0.0052194609 0.0082615642
v 0.0029592621 0.0052194609 0.0093865646
v 0.002989481 -0.0063295341 0.010879562
v 0.0029895103 -0.0056655994 0.01248621
v 0.0029895103 -0.0056655994 0.01314246
v 0.0029922347 -0.0052006282 0.010760689
v 0.0029922347 -0.0052006282 0.011885689
v 0.0029991735 0.0063249473 0.0097305244
v 0.0029991735 0.0063249473 0.012730524
v 0.0030140183 0.006317887 0.0099174492
v 0.0030214449 -0.0058610896 0.0096223308
v 0.0030241169 -0.0053988253 0.0083650192
v 0.0030245695 -0.005398572 0.00986504
v 0.0030245695 -0.005398572 0.010052539
v 0.0030245695 -0.005398572 0.01024004
v 0.003033842 0.005176466 0.011258063
v 0.003033842 0.005176466 0.012383063
v 0.003033842 0.0051764664 0.012758063
v 0.003033842 0.0051764664 0.013883064
v 0.0030338429 0.0051764655 0.0082580633
v 0.0030338429 0.0051764655 0.0093830628
v 0.0030338431 0.0051764655 0.0097580636
v 0.0030338431 0.0051764655 0.010883063
v 0.0030338441 0.005176465 0.0080000004
v 0.0030338441 0.005176465 0.014
v 0.0030355549 0.0053924024 0.010744646
v 0.0030355549 0.0053924024 0.013744646
v 0.0030454963 0.0058486285 0.011643264
v 0.0030457028 0.00057766325 0.014
v 0.0030457028 0.00057766325 0.016000001
v 0.003048121 0.0053853095 0.013369075
v 0.003085077 -0.00030380979 0.014
v 0.003085077 -0.00030380979 0.016000001
v 0.0031043792 0.0025224653 -0.40000001
v 0.0031043792 0.0025224653 -0.39500001
v 0.0031070192 -0.0058161784 0.0089696078
v 0.0031070192 -0.0058161784 0.011969607
v 0.0031380493 -0.0053334082 0.011370088
v 0.0031380493 -0.0053334082 0.011557587
v 0.0031380493 -0.0053334082 0.011745088
v 0.0031396688 0.0060452004 0.013239302
v 0.0031396688 0.0060452004 0.013333051
v 0.0031396688 0.0060452004 0.013426801
v 0.0031487923 0.0051073581 0.0097526172
v 0.0031487923 0.0051073581 0.010877618
v 0.0031594806 0.0055725998 0.0084959399
v 0.0031594806 0.0055725998 0.0091521898
v 0.0031736908 -0.0060248394 0.0079999994
v 0.0031741129 0.0053120246 0.013363308
v 0.0031741129 0.0053120246 0.013550808
v 0.0031741129 0.0053120246 0.013738308
v 0.003178349 0.006236834 0.014
v 0.0031789576 -0.0060246321 0.012720585
v 0.0031789576 -0.0060246321 0.012814336
v 0.0031789576 -0.0060246321 0.012908085
v 0.0031798189 -0.0050880988 0.0092694592
v 0.0031798189 -0.0050880988 0.01039446
v 0.0031946839 -0.005552493 0.010995064
v 0.0031946839 -0.005552493 0.011651314
v 0.003207454 -0.0062219161 0.009387956
v 0.0032078107 -0.009365893 0.014
v 0.0032078107 -0.009365893 0.016000001
v 0.0032127185 -0.0052887648 0.012873429
v 0.0032225037 -0.005752997 0.0081306444
v 0.0032329864 0.0062086876 0.01140889
v 0.0032346922 0.0057461523 0.010979021
v 0.0032346922 0.0057461523 0.013979021
v 0.0032387117 0.0052728876 0.0088603226
v 0.0032480825 0.0057385941 0.013134699
v 0.0032498459 -0.0052660326 0.012875097
v 0.0032498459 -0.0052660326 0.013062597
v 0.0032498459 -0.0052660326 0.013250097
v 0.0032730759 -0.0037798113 -5.2154059e-11
v 0.0032730759 -0.0037798113 0.0080000004
v 0.0032851901 -0.0052440558 0.010251689
v 0.0032870704 0.0052428776 0.011858074
v 0.0032870704 0.0052428776 0.012045573
v 0.0032870704 0.0052428776 0.012233074
v 0.0032982968 -0.0061742398 0.0092039825
v 0.0032982968 -0.0061742398 0.012203982
v 0.0033059958 0.006170121 0.014
v 0.0033059958 0.006170121 0.014061312
v 0.0033059958 0.006170121 0.0142185
v 0.0033330834 -0.0059504197 0.0079999994
v 0.0033336882 0.0049886391 0.011243728
v 0.0033336882 0.0049886391 0.012368728
v 0.0033596992 0.0059257396 0.0087303147
v 0.0033596992 0.0059257396 0.0088240644
v 0.0033596992 0.0059257396 0.0089178151
v 0.003361834 0.0054529128 0.0099869929
v 0.003361834 0.0054529128 0.010643243
v 0.003362488 -0.0049692732 0.0077781295
v 0.003362488 -0.0049692732 0.00890313
v 0.0033923918 -0.0051753526 0.01138154
v 0.0033949597 -0.005432351 0.0095038349
v 0.0033949597 -0.005432351 0.010160085
v 0.003397133 -0.0059043588 0.011229439
v 0.003397133 -0.0059043588 0.011323189
v 0.003397133 -0.0059043588 0.011416939
v 0.0033984405 0.0051713828 0.010352851
v 0.0033984405 0.0051713828 0.010540351
v 0.0033984405 0.0051713828 0.010727852
v 0.0034046797 0.0051672771 0.0092275571
v 0.0034046797 0.0051672771 0.012227557
v 0.003420786 0.0051566288 0.010351796
v 0.003423478 -0.0056357165 0.012639054
v 0.0034338296 0.006099903 0.011213396
v 0.0034338296 0.006099903 0.014213395
v 0.0034480442 0.0060918787 0.012900325
v 0.0034511765 0.0056187976 0.0086259469
v 0.003459374 -0.0020081664 -0.40000001
v 0.003459374 -0.0020081664 -0.39500001
v 0.003500704 -0.0055880742 0.010486064
v 0.003500704 -0.0055880742 0.013486064
v 0.0035081503 0.005097595 0.0088476436
v 0.0035081503 0.005097595 0.009035144
v 0.0035081503 0.005097595 0.0092226434
v 0.0035136123 0.0048635919 0.012734914
v 0.0035136123 0.0048635919 0.013859914
v 0.0035178096 0.0042278855 0.0079999994
v 0.0035178096 0.0042278855 0.014
v 0.0035399394 -0.0048444634 0.012286683
v 0.0035399394 -0.0048444634 0.013411683
v 0.0035592397 0.0053261621 0.011478103
v 0.0035592397 0.0053261621 0.012134353
v 0.003567213 -0.0050564404 0.0098895291
v 0.0035748756 0.0057984679 0.010221368
v 0.0035748756 0.0057984679 0.010315117
v 0.0035748756 0.0057984679 0.010408867
v 0.0035831041 0.0034873148 -5.2154059e-11
v 0.0035831041 0.0034873148 0.0080000004
v 0.0035899882 -0.0053054849 0.0080125043
v 0.0035899882 -0.0053054849 0.0086687542
v 0.0035984006 0.005034293 0.011843312
v 0.0036030714 -0.0041554635 0.0079999994
v 0.0036030714 -0.0041554635 0.014
v 0.0036101006 -0.0057766028 0.0097382097
v 0.0036101006 -0.0057766028 0.0098319594
v 0.0036101006 -0.0057766028 0.0099257091
v 0.0036149384 -0.0055148639 0.011147165
v 0.0036178371 0.0017062403 -0.40000001
v 0.0036178371 0.0017062403 -0.39500001
v 0.0036280323 0.0055062589 0.0094619319
v 0.0036280323 0.0055062589 0.012461931
v 0.0036287883 -0.018171182 -0.11664934
v 0.0036287883 -0.018171182 -0.11114934
v 0.0036287883 -0.018171182 -0.10714934
v 0.0036287883 -0.018171182 -0.10164934
v 0.0036342375 -0.0059826681 0.012404679
v 0.0036358479 -0.0050073154 0.0087676942
v 0.0036358479 -0.0050073154 0.011767694
v 0.0036451952 0.0054949122 0.010117421
v 0.0036636412 0.0059647071 0.0083915722
v 0.0036721134 -0.0049807811 0.0083943726
v 0.0036721134 -0.0049807811 0.008581873
v 0.0036721134 -0.0049807811 0.0087693725
v 0.0036858681 -0.0047343825 0.0089188218
v 0.0036858695 -0.0047343811 0.0092938216
v 0.0036858695 -0.0047343811 0.010418821
v 0.0036858704 -0.0047343806 0.012293821
v 0.0036858704 -0.0047343806 0.013418822
v 0.0036858732 -0.0047343783 0.010793822
v 0.0036858732 -0.0047343783 0.011918821
v 0.0036858742 -0.0047343774 0.014
v 0.0036882504 0.0047325264 0.0082261916
v 0.0036882504 0.0047325264 0.009351192
v 0.0036905915 -0.016722502 -0.11414934
v 0.0036905915 -0.016722502 -0.10414933
v 0.0036981588 -0.016545119 -0.11486966
v 0.0036981588 -0.016545119 -0.11342902
v 0.0036981588 -0.016545119 -0.10486966
v 0.0036981588 -0.016545119 -0.10342902
v 0.0037032976 0.0091812629 0.014
v 0.0037032976 0.0091812629 0.016000001
v 0.0037118951 -0.0047140038 0.010795105
v 0.0037118951 -0.0047140038 0.011920105
v 0.0037123014 -0.00575215 0.0079999994
v 0.0037162178 -0.0059320927 0.010720438
v 0.0037162178 -0.0059320927 0.013720439
v 0.0037191275 -0.01605361 -0.11542496
v 0.0037191275 -0.01605361 -0.11287371
v 0.0037191275 -0.01605361 -0.10542496
v 0.0037191275 -0.01605361 -0.10287371
v 0.0037323141 -0.0046978542 0.0077961143
v 0.0037323199 -0.004697849 0.0080000004
v 0.003736946 -0.0049323253 0.0083973855
v 0.0037486937 -0.015360572 -0.11568803
v 0.0037486937 -0.015360572 -0.11261064
v 0.0037486937 -0.015360572 -0.10568804
v 0.0037486937 -0.015360572 -0.10261064
v 0.0037513371 0.0051926542 0.012969289
v 0.0037513371 0.0051926542 0.013625539
v 0.0037560854 0.0049177655 0.010710631
v 0.0037560854 0.0049177655 0.013710631
v 0.003756657 -0.015173909 -0.11114934
v 0.003756657 -0.015173909 -0.10714934
v 0.0037712583 0.0049061398 0.013334884
v 0.0037747535 -0.0049034511 0.0098991496
v 0.0037747535 -0.0049034511 0.01008665
v 0.0037747535 -0.0049034511 0.010274149
v 0.0037794451 -0.0051722317 0.012521058
v 0.0037794451 -0.0051722317 0.013177308
v 0.0037800842 -0.014624772 -0.11559861
v 0.0037800842 -0.014624772 -0.11270006
v 0.0037800842 -0.014624772 -0.10559861
v 0.0037800842 -0.014624772 -0.10270006
v 0.0037847913 0.0056636846 0.011712478
v 0.0037847913 0.0056636846 0.011806228
v 0.0037847913 0.0056636846 0.011899978
v 0.0037961707 -0.014247701 -0.11129617
v 0.0037961707 -0.014247701 -0.1070025
v 0.003801228 -0.0053881509 0.0096551543
v 0.0038061079 -0.014014772 -0.11517718
v 0.0038061079 -0.014014772 -0.11312149
v 0.0038061079 -0.014014772 -0.10517718
v 0.0038061079 -0.014014772 -0.1031215
v 0.0038174882 -0.0056416974 0.0082468791
v 0.0038174882 -0.0056416974 0.0083406297
v 0.0038174882 -0.0056416974 0.0084343795
v 0.003820803 -0.013670317 -0.11452027
v 0.003820803 -0.013670317 -0.1137784
v 0.003820803 -0.013670317 -0.10452028
v 0.003820803 -0.013670317 -0.1037784
v 0.0038227227 -0.013625318 -0.10414933
v 0.0038318166 -0.013412157 -0.11172228
v 0.0038318166 -0.013412157 -0.10657639
v 0.0038344616 0.0053645512 0.011608936
v 0.0038374849 -0.0058543757 0.01091279
v 0.0038394365 -0.0011219304 -0.40000001
v 0.0038394365 -0.0011219304 -0.39500001
v 0.0038513846 0.0058452408 0.0096963067
v 0.0038513846 0.0058452408 0.012696306
v 0.0038573141 0.0045957728 0.0097175781
v 0.0038573141 0.0045957728 0.010842578
v 0.0038601053 -0.012749064 -0.11238598
v 0.0038601053 -0.012749064 -0.10591269
v 0.0038696043 0.0058331951 0.0098830452
v 0.0038743652 -0.0053358031 0.009002069
v 0.0038743652 -0.0053358031 0.012002069
v 0.0038753871 -0.0048243105 0.011403872
v 0.0038753871 -0.0048243105 0.011591372
v 0.0038753871 -0.0048243105 0.011778872
v 0.0038781061 -0.0045782411 0.0093033807
v 0.0038781061 -0.0045782411 0.010428381
v 0.0038782677 -0.012323333 -0.11322229
v 0.0038782677 -0.012323333 -0.10507639
v 0.003884526 -0.012176636 -0.11664934
v 0.003884526 -0.012176636 -0.11414934
v 0.003884526 -0.012176636 -0.10414933
v 0.003884526 -0.012176636 -0.10164934
v 0.0039051338 -0.0048002629 0.012905275
v 0.0039210389 0.00079085503 -0.40000001
v 0.0039210389 0.00079085503 -0.39500001
v 0.0039222883 0.0047862567 0.013327374
v 0.0039222883 0.0047862567 0.013514875
v 0.0039222883 0.0047862567 0.013702374
v 0.0039377911 0.0050527211 0.0084605664
v 0.0039377911 0.0050527211 0.0091168163
v 0.003942918 0.0047692759 0.0088263368
v 0.0039630355 -0.005032945 0.01102948
v 0.0039630355 -0.005032945 0.01168573
v 0.0039658826 -0.0047501973 0.010283158
v 0.003974067 -0.0047433516 0.01290855
v 0.003974067 -0.0047433516 0.01309605
v 0.003974067 -0.0047433516 0.01328355
v 0.0039820955 -0.0052558938 0.0081630107
v 0.0039890618 0.0055217165 0.013203664
v 0.0039890618 0.0055217165 0.013297413
v 0.0039890618 0.0055217165 0.013391164
v 0.0039963652 -0.00017049188 -0.40000001
v 0.0039963652 -0.00017049188 -0.39500001
v 0.0040024905 0.0052403789 0.010945006
v 0.0040024905 0.0052403789 0.013945006
v 0.0040186588 0.0052279904 0.01310051
v 0.0040189517 -0.0054999995 0.012755433
v 0.0040189517 -0.0054999995 0.012849183
v 0.0040189517 -0.0054999995 0.012942933
v 0.0040205414 0.0044536777 0.011209088
v 0.0040205414 0.0044536777 0.012334088
v 0.0040228409 0.0047020577 0.011822293
v 0.0040228409 0.0047020577 0.012009792
v 0.0040228409 0.0047020577 0.012197292
v 0.0040352424 -0.0057198615 0.0094207795
v 0.0040383502 -0.0044375365 0.0078114974
v 0.0040383502 -0.0044375365 0.0089364974
v 0.004043492 -0.0057140323 0.012421114
v 0.0040434925 -0.0057140323 0.010733615
v 0.0040434925 -0.0057140323 0.013733614
v 0.0040434939 -0.0057140319 0.010921115
v 0.0040434957 -0.00571403 0.0092336144
v 0.0040434957 -0.00571403 0.012233615
v 0.0040434971 -0.0057140291 0.014
v 0.0040565343 -0.0029231028 -5.2154059e-11
v 0.0040565343 -0.0029231028 0.0080000004
v 0.0040647467 -0.0046658795 0.011412947
v 0.0040705223 0.0056948089 0.011374561
v 0.0040756962 0.0044032601 0.0082061784
v 0.0040756962 0.0044032601 0.0093311779
v 0.0040756962 0.0044032601 0.0097061787
v 0.0040756962 0.0044032601 0.010831178
v 0.0040756986 0.0044032582 0.012706178
v 0.0040756986 0.0044032582 0.013831179
v 0.0040757 0.0044032568 0.011206178
v 0.0040757 0.0044032568 0.012331178
v 0.0040757013 0.0044032554 0.0080000004
v 0.0040757013 0.0044032554 0.014
v 0.0040772618 0.0056899851 0.0096867736
v 0.0040772618 0.0056899851 0.012686773
v 0.0040772618 0.0056899861 0.0083742738
v 0.0040772622 0.0056899847 0.012874274
v 0.0040772622 0.0056899851 0.009874274
v 0.0040772627 0.0056899847 0.011186774
v 0.0040772641 0.0056899842 0.0079999994
v 0.0040874598 0.0046459949 0.0091939894
v 0.0040874598 0.0046459949 0.01219399
v 0.0040935823 0.0056782551 0.014
v 0.0040935823 0.0056782551 0.014028889
v 0.0040935823 0.0056782551 0.014186077
v 0.0041053249 0.0046302164 0.010318072
v 0.004112883 -0.0056642909 0.0092364438
v 0.004112883 -0.0056642909 0.012236443
v 0.0041182931 0.0049067149 0.0099519528
v 0.0041182931 0.0049067149 0.010608203
v 0.0041213618 0.0046159481 0.010317245
v 0.0041213618 0.0046159481 0.010504745
v 0.0041213618 0.0046159481 0.010692245
v 0.0041404921 -0.0048879967 0.0095377564
v 0.0041404921 -0.0048879967 0.010194005
v 0.0041525927 -0.0054809446 0.0079999994
v 0.0041613174 -0.0051151682 0.0126709
v 0.0041776998 0.0043066028 0.012700737
v 0.0041776998 0.0043066028 0.013825738
v 0.0041873315 0.0053729154 0.0086949421
v 0.0041873315 0.0053729154 0.0087886918
v 0.0041873315 0.0053729154 0.0088824416
v 0.0041932529 -0.0042914599 0.012319574
v 0.0041932529 -0.0042914599 0.013444575
v 0.0042015798 0.0050821481 0.008591962
v 0.004214176 -0.0053518862 0.011263855
v 0.004214176 -0.0053518862 0.011357605
v 0.004214176 -0.0053518862 0.011451355
v 0.0042177984 0.0045279991 0.0088122366
v 0.0042177984 0.0045279991 0.008999737
v 0.0042177984 0.0045279991 0.0091872374
v 0.0042206724 -0.0045253201 0.0099207647
v 0.0042260508 -0.0050618178 0.010517534
v 0.0042260508 -0.0050618178 0.013517533
v 0.0042275116 -0.0054299869 0.0079999994
v 0.0042488957 0.0055629923 0.011179381
v 0.0042488957 0.0055629923 0.014179382
v 0.0042614839 -0.0056868051 -0.39399999
v 0.0042614839 -0.0056868051 -0.38600001
v 0.0042622024 0.0044862265 0.011809907
v 0.0042660595 0.0055498411 0.012866135
v 0.0042786556 -0.0044705374 0.0087987594
v 0.0042786556 -0.0044705374 0.01179876
v 0.0042800736 0.0055390405 0.014
v 0.0042907512 0.002566993 -5.2154059e-11
v 0.0042907512 0.002566993 0.0080000004
v 0.0042925645 0.0047550057 0.011443463
v 0.0042925645 0.0047550057 0.012099713
v 0.0043115779 -0.004737772 0.0080458727
v 0.0043115779 -0.004737772 0.0087021226
v 0.0043285824 0.0041549215 0.0081925401
v 0.0043285824 0.0041549215 0.0093175396
v 0.0043314006 -0.0049719685 0.011178573
v 0.0043438184 -0.0041389908 0.010827811
v 0.0043438184 -0.0041389908 0.011952812
v 0.0043444354 0.003372815 0.0079999994
v 0.0043444354 0.003372815 0.014
v 0.0043484145 -0.0044027134 0.008427429
v 0.0043484145 -0.0044027134 0.0086149294
v 0.0043484145 -0.0044027134 0.0088024298
v 0.0043556038 0.00495078 0.0094283652
v 0.0043556038 0.00495078 0.012428365
v 0.0043682628 -0.0053301672 0.0079999994
v 0.0043725823 -0.0043787123 0.0084287189
v 0.0043746405 0.0049339663 0.010083697
v 0.0043792725 0.005217657 0.010186328
v 0.0043792725 0.005217657 0.010280078
v 0.0043792725 0.005217657 0.010373828
v 0.0043968293 0.0043543642 0.010677746
v 0.0043968293 0.0043543642 0.013677746
v 0.0044028778 -0.0051977527 0.0097721312
v 0.0044028778 -0.0051977527 0.0098658809
v 0.0044028778 -0.0051977527 0.0099596307
v 0.0044121356 -0.003283757 0.0079999994
v 0.0044121356 -0.003283757 0.014
v 0.0044133412 0.0043376279 0.013301857
v 0.0044175005 -0.005430073 0.012436525
v 0.0044397907 -0.0043105516 0.0099323522
v 0.0044397907 -0.0043105516 0.010119853
v 0.0044397907 -0.0043105516 0.010307352
v 0.0044602416 0.0053950204 0.0083575873
v 0.0044603553 0.0045979801 0.012935112
v 0.0044603553 0.0045979801 0.013591362
v 0.0044731558 0.0039988598 0.0096844835
v 0.0044731558 0.0039988598 0.010809484
v 0.0044769607 -0.0045818128 0.012553949
v 0.0044769607 -0.0045818128 0.013210199
v 0.004486219 -0.0053734384 0.010751909
v 0.004486219 -0.0053734384 0.013751908
v 0.0044896826 -0.0039802953 0.0093361987
v 0.0044896826 -0.0039802953 0.010461198
v 0.0044975551 -0.0048221885 0.0096863899
v 0.0045089866 -0.0088135712 0.014
v 0.0045089866 -0.0088135712 0.016000001
v 0.004523512 -0.00422261 0.012936985
v 0.0045294757 -0.0042162118 0.01143732
v 0.0045294757 -0.0042162118 0.01162482
v 0.0045294757 -0.0042162118 0.01181232
v 0.0045418097 0.00478053 0.011575532
v 0.0045593423 -0.0047638118 0.0090331342
v 0.0045593423 -0.0047638118 0.012033135
v 0.0045618583 0.0041811536 0.0087937517
v 0.004564587 0.0050563333 0.011677838
v 0.004564587 0.0050563333 0.011771589
v 0.004564587 0.0050563333 0.011865338
v 0.0045748502 -0.0041669342 0.010314887
v 0.0045748502 -0.0041669342 0.013314887
v 0.0045760227 0.0041656471 0.013292967
v 0.0045760227 0.0041656471 0.013480468
v 0.0045760227 0.0041656471 0.013667967
v 0.0045848056 -0.0050380081 0.0082802474
v 0.0045848056 -0.0050380081 0.0083739972
v 0.0045848056 -0.0050380081 0.0084677469
v 0.0045980546 -0.0052780579 0.010944198
v 0.0046126596 0.0038371044 0.011176326
v 0.0046126596 0.0038371044 0.012301327
v 0.0046173944 -0.0041197408 0.012942329
v 0.0046173944 -0.0041197408 0.013129828
v 0.0046173944 -0.0041197408 0.013317329
v 0.0046174517 -0.0038313367 0.014
v 0.0046174522 -0.003831336 0.008968913
v 0.004617454 -0.0038313335 0.0093439128
v 0.004617454 -0.0038313335 0.010468913
v 0.0046174549 -0.0038313323 0.012343913
v 0.0046174549 -0.0038313323 0.013468913
v 0.0046174554 -0.0038313316 0.010843913
v 0.0046174554 -0.0038313316 0.011968913
v 0.0046213036 -0.0019088091 -5.2154059e-11
v 0.0046213036 -0.0019088091 0.0080000004
v 0.0046214471 0.0044360361 0.0084269149
v 0.0046214471 0.0044360361 0.0090831649
v 0.0046227602 -0.0066030361 -5.2154059e-11
v 0.0046227602 -0.0066030361 0.0060000001
v 0.0046237474 0.0052555646 0.0096627399
v 0.0046237474 0.0052555646 0.012662739
v 0.0046304758 -0.0038155855 0.007844721
v 0.0046304758 -0.0038155855 0.0089697205
v 0.0046377131 -0.0044190278 0.011062186
v 0.0046377131 -0.0044190278 0.011718436
v 0.0046439567 0.0052377158 0.0098493211
v 0.0046456242 -0.0037971269 0.0080000004
v 0.0046470645 -0.005627065 -0.39399999
v 0.0046470645 -0.005627065 -0.38600001
v 0.0046594306 -0.0046659629 0.0081943432
v 0.0046615303 0.0040697339 0.011788192
v 0.0046615303 0.0040697339 0.011975693
v 0.0046615303 0.0040697339 0.012163192
v 0.0046662707 -0.0040642973 0.011445177
v 0.004682594 0.0040454804 0.0091620041
v 0.004682594 0.0040454804 0.012162005
v 0.0046852683 0.0046400176 0.010912121
v 0.0046852683 0.0046400176 0.013912121
v 0.0047008465 0.0040242565 0.010285971
v 0.0047028637 0.0046221833 0.013067482
v 0.0047303368 0.0053031985 -0.39399999
v 0.0047303368 0.0053031985 -0.38600001
v 0.0047430112 0.0048893569 0.013169488
v 0.0047430112 0.0048893569 0.013263238
v 0.0047430112 0.0048893569 0.013356987
v 0.0047447155 0.0039724386 0.010283472
v 0.0047447155 0.0039724386 0.010470972
v 0.0047447155 0.0039724386 0.010658472
v 0.00474713 0.0036694356 0.012668013
v 0.00474713 0.0036694356 0.013793013
v 0.0047606691 -0.0048721656 0.012788325
v 0.0047606691 -0.0048721656 0.012882074
v 0.0047606691 -0.0048721656 0.012975824
v 0.0047658398 -0.0036451027 0.012353363
v 0.0047658398 -0.0036451027 0.013478363
v 0.0047670831 0.0015082841 -5.2154059e-11
v 0.0047670831 0.0015082841 0.0080000004
v 0.0047744378 -0.0051190569 0.0094520152
v 0.0047758017 0.0042694155 0.0099188583
v 0.0047758017 0.0042694155 0.010575109
v 0.0047934465 -0.0042495951 0.0095705735
v 0.0047934465 -0.0042495951 0.010226823
v 0.0048031905 0.0050920877 0.014
v 0.0048031905 0.0050920877 0.014154504
v 0.0048040189 -0.0039005128 0.0099534662
v 0.0048202616 -0.0044996203 0.01270261
v 0.0048214169 0.0050748335 0.011341157
v 0.0048256405 0.0038737308 0.0087787937
v 0.0048256405 0.0038737308 0.0089662941
v 0.0048256405 0.0038737308 0.0091537936
v 0.0048337406 0.0038636189 0.011778317
v 0.0048400289 -0.0050570858 0.0092675099
v 0.0048400289 -0.0050570858 0.012267509
v 0.0048469976 -0.0049483837 0.0079999994
v 0.0048518204 -0.00384089 0.0088314395
v 0.0048518204 -0.00384089 0.01183144
v 0.0048611239 0.0044554439 0.0085593769
v 0.004874968 -0.0044402918 0.010549262
v 0.004874968 -0.0044402918 0.013549262
v 0.004876209 0.0034960813 0.0081595564
v 0.004876209 0.0034960813 0.0092845568
v 0.0048954305 -0.0034691151 0.010862109
v 0.0048954305 -0.0034691151 0.01198711
v 0.0048972862 -0.0049041496 0.0079999994
v 0.0049074772 0.011801554 -0.11664934
v 0.0049074772 0.011801554 -0.11414934
v 0.0049074772 0.011801554 -0.10414933
v 0.0049074772 0.011801554 -0.10164934
v 0.0049137357 0.011948251 -0.11322229
v 0.0049137357 0.011948251 -0.10507639
v 0.0049143108 0.0047171512 0.0086612897
v 0.0049143108 0.0047171512 0.0087550404
v 0.0049143108 0.0047171512 0.0088487901
v 0.0049247439 0.0040967166 0.011410701
v 0.0049247439 0.0040967166 0.012066951
v 0.0049269837 0.0034241544 0.0080000004
v 0.0049269837 0.0034241544 0.014
v 0.0049269847 0.0034241527 0.0081560863
v 0.0049269847 0.0034241527 0.0092810867
v 0.0049269856 0.0034241513 0.0096560866
v 0.0049269856 0.0034241513 0.010781087
v 0.0049269865 0.0034241499 0.012656086
v 0.0049269865 0.0034241499 0.013781087
v 0.004926987 0.0034241492 0.011156087
v 0.004926987 0.0034241492 0.012281086
v 0.0049316082 -0.0046990644 0.011296561
v 0.0049316082 -0.0046990644 0.011390312
v 0.0049316082 -0.0046990644 0.011484061
v 0.0049318979 0.012373982 -0.11238598
v 0.0049318979 0.012373982 -0.10591269
v 0.0049364502 -0.003731495 0.0084618386
v 0.0049369377 -0.00079161086 -5.2154059e-11
v 0.0049369377 -0.00079161086 0.0080000004
v 0.0049437657 -0.0040737414 0.0080790957
v 0.0049437657 -0.0040737414 0.0087353457
v 0.0049446942 -0.0037205641 0.0086498735
v 0.0049446942 -0.0037205641 0.0088373739
v 0.0049448581 0.0037203461 0.010646612
v 0.0049448581 0.0037203461 0.013646613
v 0.0049601868 0.013037074 -0.11172228
v 0.0049601868 0.013037074 -0.10657639
v 0.0049616396 0.0036979355 0.013270571
v 0.0049679205 0.0023600352 0.0079999994
v 0.0049679205 0.0023600352 0.014
v 0.0049692807 0.013250236 -0.11414934
v 0.0049692807 0.013250236 -0.10414933
v 0.0049723857 -0.0043309219 0.011210802
v 0.004973128 0.008560257 0.014
v 0.004973128 0.008560257 0.016000001
v 0.0049737077 0.004925671 0.011146496
v 0.0049737077 0.004925671 0.014146496
v 0.0049768481 0.013427618 -0.11486966
v 0.0049768481 0.013427618 -0.11342902
v 0.0049768481 0.013427618 -0.10486966
v 0.0049768481 0.013427618 -0.10342902
v 0.0049804323 -0.0054243174 -0.39399999
v 0.0049804323 -0.0054243174 -0.38600001
v 0.0049864198 0.00036826319 -5.2154059e-11
v 0.0049864198 0.00036826319 0.0080000004
v 0.00498978 0.0043108701 0.0093963789
v 0.00498978 0.0043108701 0.012396379
v 0.0049923859 0.0049067386 0.012833107
v 0.004995456 -0.00021311484 -5.2154059e-11
v 0.004995456 -0.00021311484 0.0080000004
v 0.0049958327 0.013872619 -0.11129617
v 0.0049958327 0.013872619 -0.1070025
v 0.0049978164 0.013919127 -0.11542496
v 0.0049978164 0.013919127 -0.11287371
v 0.0049978164 0.013919127 -0.10542496
v 0.0049978164 0.013919127 -0.10287371
v 0.0049995529 0.0033172984 0.0096509727
v 0.0049995529 0.0033172984 0.010775972
v 0.0050092293 0.0042882543 0.010051596
v 0.0050148927 -0.0022585059 0.0079999994
v 0.0050148927 -0.0022585059 0.014
v 0.0050189239 -0.0032879177 0.0093709445
v 0.0050189239 -0.0032879177 0.010495944
v 0.0050228545 -0.0036143502 0.0099675413
v 0.0050228545 -0.0036143502 0.010155041
v 0.0050228545 -0.0036143502 0.010342541
v 0.0050273826 0.014612165 -0.11568803
v 0.0050273826 0.014612165 -0.11261064
v 0.0050273826 0.014612165 -0.10568804
v 0.0050273826 0.014612165 -0.10261064
v 0.0050353459 0.014798827 -0.11114934
v 0.0050353459 0.014798827 -0.10714934
v 0.0050518131 -0.0048455321 0.014
v 0.0050518145 -0.0048455312 0.012465033
v 0.0050518154 -0.0048455298 0.010777533
v 0.0050518154 -0.0048455298 0.013777533
v 0.0050518163 -0.0048455293 0.0092775328
v 0.0050518163 -0.0048455293 0.012277533
v 0.0050518168 -0.0048455289 0.0094650332
v 0.0050518168 -0.0048455289 0.010965033
v 0.0050587733 0.015347965 -0.11559861
v 0.0050587733 0.015347965 -0.11270006
v 0.0050587733 0.015347965 -0.10559861
v 0.0050587733 0.015347965 -0.10270006
v 0.0050661522 -0.0035534066 0.012970476
v 0.0050683124 0.0039177029 0.012902387
v 0.0050683124 0.0039177029 0.013558637
v 0.0050784475 0.0045399712 0.010153234
v 0.0050784475 0.0045399712 0.010246984
v 0.0050784475 0.0045399712 0.010340733
v 0.0050804154 0.0048155352 0.0096413856
v 0.0050804154 0.0048155352 0.012641385
v 0.0050804154 0.0048155356 0.0098288851
v 0.0050804154 0.0048155356 0.011328885
v 0.0050804173 0.0048155328 0.0083288858
v 0.0050804173 0.0048155333 0.011141385
v 0.0050804177 0.0048155328 0.012828886
v 0.0050804191 0.0048155314 0.0079999994
v 0.0050847968 0.015957965 -0.11517718
v 0.0050847968 0.015957965 -0.11312149
v 0.0050847968 0.015957965 -0.10517718
v 0.0050847968 0.015957965 -0.1031215
v 0.0050873659 0.0035229677 0.0087624975
v 0.0050882874 -0.0038917239 0.012587737
v 0.0050882874 -0.0038917239 0.013243988
v 0.0050972109 -0.0045188945 0.0098049482
v 0.0050972109 -0.0045188945 0.009898698
v 0.0050972109 -0.0045188945 0.0099924486
v 0.0050988407 -0.0035063406 0.01147273
v 0.0050988407 -0.0035063406 0.01166023
v 0.0050988407 -0.0035063406 0.01184773
v 0.0050994921 0.01630242 -0.11452027
v 0.0050994921 0.01630242 -0.1137784
v 0.0050994921 0.01630242 -0.10452028
v 0.0050994921 0.01630242 -0.1037784
v 0.0051071076 -0.0034942881 0.010348305
v 0.0051071076 -0.0034942881 0.013348305
v 0.005109428 0.005210836 -0.39399999
v 0.005109428 0.005210836 -0.38600001
v 0.0051168334 0.0031333712 0.011142275
v 0.0051168334 0.0031333712 0.012267276
v 0.0051170113 -0.0047766306 0.012468236
v 0.0051191705 -0.0041563925 0.0097190905
v 0.0051223058 -0.0066243475 -0.39399999
v 0.0051223058 -0.0066243475 -0.38600001
v 0.0051261052 0.0034663586 0.013259907
v 0.0051261052 0.0034663586 0.013447408
v 0.0051261052 0.0034663586 0.013634908
v 0.0051360149 -0.0031018306 0.0078798495
v 0.0051360149 -0.0031018306 0.0090048499
v 0.0051508415 0.0041170781 0.011543943
v 0.005160389 0.0047297347 0.0083250012
v 0.0051632151 0.017796101 -0.11664934
v 0.0051632151 0.017796101 -0.11114934
v 0.0051632151 0.017796101 -0.10714934
v 0.0051632151 0.017796101 -0.10164934
v 0.0051683341 0.0061853314 -5.2154059e-11
v 0.0051683341 0.0061853314 0.0060000001
v 0.0051701078 -0.0040928586 0.0090658143
v 0.0051701078 -0.0040928586 0.012065815
v 0.0051725898 -0.0033966023 0.012977938
v 0.0051725898 -0.0033966023 0.013165438
v 0.0051725898 -0.0033966023 0.013352938
v 0.0051750853 -0.0047136494 0.010783637
v 0.0051750853 -0.0047136494 0.013783637
v 0.0051869084 0.0033746965 0.0091307368
v 0.0051869568 -0.0033746222 0.011478974
v 0.0051976806 0.0033580821 0.011754983
v 0.0051976806 0.0033580821 0.011942483
v 0.0051976806 0.0033580821 0.012129983
v 0.0052011302 -0.0065134261 -5.2154059e-11
v 0.0052011302 -0.0065134261 0.0060000001
v 0.0052048992 0.0033468821 0.010254476
v 0.0052061249 0.0037326203 0.0083939312
v 0.0052061249 0.0037326203 0.0090501811
v 0.005210836 -0.005109428 -0.39399999
v 0.005210836 -0.005109428 -0.38600001
v 0.005226647 -0.0037038294 0.011096484
v 0.005226647 -0.0037038294 0.011752735
v 0.0052277418 0.0029446085 0.012633483
v 0.0052277418 0.0029446085 0.013758482
v 0.0052332436 0.0046489961 0.014
v 0.0052368282 0.0043563284 0.011645077
v 0.0052368282 0.0043563284 0.011738827
v 0.0052368282 0.0043563284 0.011832576
v 0.0052464209 -0.002911197 0.012388808
v 0.0052464209 -0.002911197 0.013513808
v 0.0052570556 -0.004331897 0.0083134705
v 0.0052570556 -0.004331897 0.0084072202
v 0.0052570556 -0.004331897 0.0085009709
v 0.0052602896 -0.0039762873 0.0082274638
v 0.0052671703 0.0032480014 0.010250014
v 0.0052671703 0.0032480014 0.010437515
v 0.0052671703 0.0032480014 0.010625014
v 0.005269249 0.0039644064 0.010880988
v 0.005269249 0.0039644064 0.013880988
v 0.0052785003 -0.0045975461 0.010976427
v 0.0052871313 0.0039405264 0.013036196
v 0.0052924468 -0.0045247208 0.0079999994
v 0.0052969656 0.0045762602 0.0096307546
v 0.0052969656 0.0045762602 0.012630754
v 0.0053016222 -0.0031914574 0.0099875089
v 0.0053031985 -0.0047303368 -0.39399999
v 0.0053031985 -0.0047303368 -0.38600001
v 0.0053168591 0.0031660078 0.011746337
v 0.0053176126 0.0045522517 0.0098172212
v 0.0053319889 0.0027513439 0.0081246104
v 0.0053319889 0.0027513439 0.0092496108
v 0.0053331223 -0.0027491464 0.014
v 0.0053331223 -0.0027491462 0.0123963
v 0.0053331223 -0.0027491462 0.013521301
v 0.0053331228 -0.002749146 0.010896301
v 0.0053331228 -0.002749146 0.0120213
v 0.0053331228 -0.0027491455 0.0090213008
v 0.0053331228 -0.002749145 0.0093963007
v 0.0053331228 -0.002749145 0.0105213
v 0.0053345095 0.0031361762 0.0087450035
v 0.0053345095 0.0031361762 0.0089325039
v 0.0053345095 0.0031361762 0.0091200043
v 0.0053378139 0.0035417411 0.0098853474
v 0.0053378139 0.0035417411 0.010541597
v 0.0053385119 -0.0031293593 0.0088653648
v 0.0053385119 -0.0031293593 0.011865365
v 0.0053465948 -0.0027228522 0.0080000004
v 0.0053465953 -0.0027228515 0.0078975065
v 0.0053498852 -0.0027163816 0.010897802
v 0.0053498852 -0.0027163816 0.012022802
v 0.0053584957 -0.0035103722 0.0096053192
v 0.0053584957 -0.0035103722 0.010261569
v 0.0053591109 0.001236903 0.0079999994
v 0.0053591109 0.001236903 0.014
v 0.0053831595 -0.0011276496 0.0079999994
v 0.0053831595 -0.0011276496 0.014
v 0.0053894948 0.0041659703 0.013136762
v 0.0053894948 0.0041659703 0.013230513
v 0.0053894948 0.0041659703 0.013324263
v 0.0053985002 -0.0037865159 0.012736102
v 0.0054068486 0.0030097484 0.010614383
v 0.0054068486 0.0030097484 0.013614383
v 0.0054099155 -0.0030042317 0.0084960666
v 0.005410736 -0.0041383449 0.012822113
v 0.005410736 -0.0041383449 0.012915863
v 0.005410736 -0.0041383449 0.013009612
v 0.0054197302 0.0044301832 0.014
v 0.0054197302 0.0044301832 0.014124555
v 0.0054211053 0.0037540798 0.0085281227
v 0.0054229675 0.0029806078 0.013238094
v 0.0054243174 0.0049804323 -0.39399999
v 0.0054243174 0.0049804323 -0.38600001
v 0.0054293117 0.0025539333 0.0096156765
v 0.0054293117 0.0025539333 0.010740676
v 0.0054343217 -0.0044122725 0.0094847158
v 0.0054399222 -0.0029495494 0.0084985355
v 0.0054399222 -0.0029495494 0.0086860359
v 0.0054399222 -0.0029495494 0.0088735353
v 0.005442142 -0.0037235189 0.01058268
v 0.005442142 -0.0037235189 0.01358268
v 0.005446177 -0.0025177677 0.0094068134
v 0.005446177 -0.0025177677 0.010531813
v 0.0054630293 0.0033453696 0.011376651
v 0.0054630293 0.0033453696 0.012032901
v 0.0054679425 0.0043705376 0.011309568
v 0.0054735234 -0.00053901738 0.0079999994
v 0.0054735234 -0.00053901738 0.014
v 0.0054835086 -0.0033116948 0.0081142243
v 0.0054835086 -0.0033116948 0.0087704742
v 0.0054883948 -0.0043448275 0.00930019
v 0.0054883948 -0.0043448275 0.01230019
v 0.0054997159 5.5934346e-05 0.0079999994
v 0.0054997159 5.5934346e-05 0.014
v 0.0055018524 -0.0028323522 0.010003783
v 0.0055018524 -0.0028323522 0.010191283
v 0.0055018524 -0.0028323522 0.010378783
v 0.0055078859 -0.0065646078 -0.39399999
v 0.0055078859 -0.0065646078 -0.38600001
v 0.0055139111 -0.0028088046 0.01300483
v 0.0055194707 0.0023527523 0.011106698
v 0.0055194707 0.0023527523 0.012231697
v 0.0055252095 0.002786513 0.0087295659
v 0.0055271783 0.0035960821 0.0093651116
v 0.0055271783 0.0035960821 0.012365111
v 0.0055272295 -0.0035960029 0.011244599
v 0.005535095 -0.0023157552 0.0079158237
v 0.005535095 -0.0023157552 0.0090408232
v 0.0055360408 0.003969159 0.0086283069
v 0.0055360408 0.003969159 0.0087220566
v 0.0055360408 0.003969159 0.0088158064
v 0.0055441484 -0.0027486389 0.010382495
v 0.0055441484 -0.0027486389 0.013382495
v 0.0055463491 0.0035664428 0.010020101
v 0.0055478853 0.0022849438 0.0080000004
v 0.0055478853 0.0022849438 0.011103699
v 0.0055478853 0.0022849438 0.012228699
v 0.0055478853 0.0022849438 0.014
v 0.0055478858 0.0022849427 0.0081036994
v 0.0055478858 0.0022849427 0.0092286989
v 0.0055478858 0.0022849427 0.012603699
v 0.0055478858 0.0022849427 0.013728699
v 0.0055478858 0.0022849431 0.0096036997
v 0.0055478858 0.0022849431 0.010728699
v 0.005557863 -0.0039385431 0.01133086
v 0.005557863 -0.0039385431 0.011424609
v 0.005557863 -0.0039385431 0.011518359
v 0.0055612479 -0.0027138749 0.011509028
v 0.0055612479 -0.0027138749 0.011696528
v 0.0055612479 -0.0027138749 0.011884028
v 0.0055745831 -0.0042138556 0.0079999994
v 0.0055773528 0.0026806209 0.013224955
v 0.0055773528 0.0026806209 0.013412454
v 0.0055773528 0.0026806209 0.013599955
v 0.0055814413 0.0031438353 0.012867858
v 0.0055814413 0.0031438353 0.013524108
v 0.0055936393 0.0042084674 0.011115363
v 0.0055936393 0.0042084674 0.014115362
v 0.0056013847 -0.0031081636 0.012623183
v 0.0056013847 -0.0031081636 0.013279433
v 0.005602255 0.0021481947 0.012597693
v 0.005602255 0.0021481947 0.013722693
v 0.0056024976 0.0026276638 0.00909766
v 0.0056024976 0.0026276638 0.01209766
v 0.0056086965 -0.0026144066 0.011513387
v 0.0056126225 0.0041831168 0.01280182
v 0.0056164674 -0.0021107572 0.012424814
v 0.0056164674 -0.0021107572 0.013549814
v 0.0056180707 -0.0025942004 0.013014267
v 0.0056180707 -0.0025942004 0.013201767
v 0.0056180707 -0.0025942004 0.013389267
v 0.0056186961 0.0025928465 0.010221154
v 0.005627065 0.0046470645 -0.39399999
v 0.005627065 0.0046470645 -0.38600001
v 0.0056332122 0.0025611555 0.011719787
v 0.0056332122 0.0025611555 0.011907287
v 0.0056332122 0.0025611555 0.012094786
v 0.0056494172 -0.0034008217 0.0097531332
v 0.0056656534 0.003373703 0.011511962
v 0.0056678797 0.0061640195 -0.39399999
v 0.0056678797 0.0061640195 -0.38600001
v 0.0056748753 -0.0077489219 0.0080000004
v 0.0056748753 -0.0077489219 0.014
v 0.0056760749 0.0037661837 0.010119722
v 0.0056760749 0.0037661837 0.010213472
v 0.0056760749 0.0037661837 0.010307223
v 0.0056774821 0.0019406696 0.00808868
v 0.0056774821 0.0019406696 0.0092136804
v 0.0056865863 0.0024403555 0.010214597
v 0.0056865863 0.0024403555 0.010402097
v 0.0056865863 0.0024403555 0.010589597
v 0.0056868051 0.0042614839 -0.39399999
v 0.0056868051 0.0042614839 -0.38600001
v 0.0056887269 -0.0033346503 0.0090997396
v 0.0056887269 -0.0033346503 0.01209974
v 0.0056901528 -0.0019031984 0.010933766
v 0.0056901528 -0.0019031984 0.012058767
v 0.0056927418 0.002937495 0.0083589861
v 0.0056927418 0.002937495 0.009015236
v 0.00569655 -0.0024170054 0.010021918
v 0.0056980671 -0.003732827 0.009839694
v 0.0056980671 -0.003732827 0.0099334437
v 0.0056980671 -0.003732827 0.010027194
v 0.0057011819 -0.0062093041 -5.2154059e-11
v 0.0057011819 -0.0062093041 0.0060000001
v 0.0057021496 -0.0040602325 0.0079999994
v 0.0057055969 0.0023955719 0.011712682
v 0.0057118493 -0.0029001671 0.011132177
v 0.0057118493 -0.0029001671 0.011788427
v 0.0057174983 -0.0067498311 -0.39399999
v 0.0057174983 -0.0067498311 0.0060000061
v 0.0057182377 -0.0080815684 0.014
v 0.0057182377 -0.0080815684 0.016000001
v 0.0057225004 -0.0023549064 0.0088995704
v 0.0057225004 -0.0023549064 0.011899571
v 0.0057308474 -0.004019625 0.012501727
v 0.0057369703 0.0060467878 -5.2154059e-11
v 0.0057369703 0.0060467878 0.0060000001
v 0.0057374286 0.0023182989 0.0087093888
v 0.0057374286 0.0023182989 0.0088968892
v 0.0057374286 0.0023182989 0.0090843886
v 0.0057450002 0.0017305982 0.0095796781
v 0.0057450002 0.0017305982 0.010704678
v 0.0057548448 0.0039851922 0.0082937479
v 0.005756042 -0.0016935111 0.0094426638
v 0.005756042 -0.0016935111 0.010567664
v 0.0057615465 0.0032071928 0.010848758
v 0.0057615465 0.0032071928 0.013848758
v 0.005764815 -0.0032013142 0.0082616908
v 0.0057719653 0.0022309215 0.010580681
v 0.0057719653 0.0022309215 0.013580682
v 0.0057771765 -0.00395275 0.010817056
v 0.0057771765 -0.00395275 0.013817055
v 0.0057773376 -0.0022169724 0.00853041
v 0.0057787225 0.0031761406 0.013003719
v 0.0057857106 0.0021950277 0.013204164
v 0.0057966495 0.0027267279 0.0098500513
v 0.0057966495 0.0027267279 0.010506301
v 0.0057994211 -0.0015384138 0.010949153
v 0.0057994211 -0.0015384138 0.012074153
v 0.0057994211 -0.0015384128 0.012449153
v 0.0057994211 -0.0015384128 0.013574153
v 0.0057994216 -0.0015384124 0.0094491532
v 0.0057994216 -0.0015384124 0.010574153
v 0.005799422 -0.0015384101 0.0090741534
v 0.005799422 -0.0015384093 0.014
v 0.005803192 -0.0015241267 0.0079497471
v 0.005803192 -0.0015241262 0.0080000004
v 0.0058046901 0.0015184116 0.011070704
v 0.0058046901 0.0015184116 0.012195704
v 0.0058092256 0.0035573677 0.011611026
v 0.0058092256 0.0035573677 0.011704776
v 0.0058092256 0.0035573677 0.011798525
v 0.0058140592 -0.0014821329 0.0079514887
v 0.0058140592 -0.0014821329 0.0090764891
v 0.0058146561 -0.0026881155 0.0096411882
v 0.0058146561 -0.0026881155 0.010297438
v 0.0058159973 -0.0021134731 0.0085347453
v 0.0058159973 -0.0021134731 0.0087222448
v 0.0058159973 -0.0021134731 0.0089097451
v 0.0058310023 -0.0035215593 0.0083486
v 0.0058310023 -0.0035215593 0.0084423497
v 0.0058310023 -0.0035215593 0.0085360995
v 0.0058412538 -0.0063618599 -0.39399999
v 0.0058412538 -0.0063618599 -0.38600001
v 0.0058525754 -0.0020099641 0.013039041
v 0.0058564628 0.0013045477 0.012561777
v 0.0058564628 0.0013045477 0.013686776
v 0.0058596842 -0.0019891444 0.010039901
v 0.0058596842 -0.0019891444 0.010227401
v 0.0058596842 -0.0019891444 0.010414901
v 0.0058604768 0.0019868084 0.0086954162
v 0.0058641592 -0.0012695029 0.012460223
v 0.0058641592 -0.0012695029 0.013585223
v 0.0058674472 0.0038174675 0.0095994864
v 0.0058674472 0.0038174675 0.012599486
v 0.0058675027 -0.0038173837 0.011010223
v 0.005872455 -0.0019511196 0.010416467
v 0.005872455 -0.0019511196 0.013416467
v 0.0058756326 -0.0029930666 0.012770455
v 0.0058775432 -0.0038019053 0.0079999994
v 0.0058775432 -0.0038019053 0.014
v 0.0058775437 -0.0038019049 0.010823367
v 0.0058775437 -0.0038019049 0.013823367
v 0.0058775437 -0.0038019046 0.012510867
v 0.0058775442 -0.0038019039 0.0093233669
v 0.0058775442 -0.0038019039 0.0095108673
v 0.0058775442 -0.0038019039 0.012323366
v 0.0058876718 0.0029693127 0.0084951902
v 0.005887799 0.0037860039 0.0097857257
v 0.0058929082 0.0025119353 0.011341073
v 0.0058929082 0.0025119353 0.011997323
v 0.0058999546 0.0037670326 0.0079999994
v 0.0058999551 0.0037670317 0.0095974673
v 0.0058999551 0.0037670317 0.012597467
v 0.0058999564 0.0037670298 0.0082849674
v 0.0058999564 0.0037670298 0.011284967
v 0.0058999574 0.0037670282 0.011097467
v 0.0058999574 0.0037670282 0.012784967
v 0.0059002629 0.001089448 0.0080529135
v 0.0059002629 0.001089448 0.009177913
v 0.0059006447 -0.0018641325 0.01154503
v 0.0059006447 -0.0018641325 0.01173253
v 0.0059006447 -0.0018641325 0.01192003
v 0.0059063304 -0.0010560597 0.010968852
v 0.0059063304 -0.0010560597 0.012093851
v 0.0059078536 -0.0029289541 0.010616871
v 0.0059078536 -0.0029289541 0.01361687
v 0.0059093735 0.0010388959 0.012550847
v 0.0059093735 0.0010388959 0.013675846
v 0.0059093735 0.001038896 0.011050846
v 0.0059093735 0.001038896 0.012175847
v 0.005909374 0.0010388929 0.0080508469
v 0.005909374 0.0010388929 0.0091758464
v 0.005909374 0.0010388941 0.0095508471
v 0.005909374 0.0010388941 0.010675847
v 0.0059093744 0.0010388917 0.0080000004
v 0.0059093744 0.0010388917 0.014
v 0.0059095901 -0.0024724349 0.0081501985
v 0.0059095901 -0.0024724349 0.0088064484
v 0.0059120758 0.0018275542 0.013188791
v 0.0059120758 0.0018275542 0.01337629
v 0.0059120758 0.0018275542 0.01356379
v 0.0059137088 0.0018222644 0.0090635708
v 0.0059137088 0.0018222644 0.012063571
v 0.0059187654 -0.0018057717 0.011547406
v 0.0059263441 0.0017807418 0.010186853
v 0.0059351409 0.0033430625 0.013102232
v 0.0059351409 0.0033430625 0.013195983
v 0.0059351409 0.0033430625 0.013289733
v 0.005936068 0.00087355502 0.0095441313
v 0.005936068 0.00087355502 0.010669132
v 0.0059388652 -0.0017385263 0.013050129
v 0.0059388652 -0.0017385263 0.013237629
v 0.0059388652 -0.0017385263 0.013425129
v 0.0059405924 -0.00084223808 0.0094773574
v 0.0059405924 -0.00084223808 0.010602358
v 0.0059460793 0.0036937986 0.014
v 0.0059460793 0.0036937986 0.014094546
v 0.0059498646 0.0017005013 0.011683542
v 0.0059498646 0.0017005013 0.011871043
v 0.0059498646 0.0017005013 0.012058543
v 0.005956348 -0.0033051299 0.012857558
v 0.005956348 -0.0033051299 0.012951308
v 0.005956348 -0.0033051299 0.013045059
v 0.0059638866 0.00065730885 0.011035448
v 0.0059638866 0.00065730885 0.012160448
v 0.0059669949 -0.00062846608 0.007985726
v 0.0059669949 -0.00062846608 0.0091107264
v 0.0059700301 0.0028000427 0.0093320347
v 0.0059700301 0.0028000427 0.012332034
v 0.005970126 -0.0066935602 -0.39399999
v 0.005970126 -0.0066935602 0.0060000061
v 0.005976636 -0.002785916 0.011279011
v 0.0059776464 -0.0016001069 0.010055685
v 0.0059812935 0.0022935378 0.012832068
v 0.0059812935 0.0022935378 0.013488318
v 0.005983761 0.00044114437 0.012526879
v 0.005983761 0.00044114437 0.013651879
v 0.0059849177 0.0015726903 0.010178298
v 0.0059849177 0.0015726903 0.010365798
v 0.0059849177 0.0015726903 0.010553298
v 0.0059849652 0.001572508 0.011678291
v 0.0059856195 -0.00041516256 0.012493944
v 0.0059856195 -0.00041516256 0.013618944
v 0.0059872912 0.0027629414 0.0099867797
v 0.0059933253 -0.0015403406 0.0089330645
v 0.0059933253 -0.0015403406 0.011933065
v 0.0059945472 -0.00025574042 0.0094999997
v 0.0059945472 -0.00025574042 0.010625
v 0.0059945472 -0.00025573949 0.011
v 0.0059945472 -0.00025573949 0.012124999
v 0.0059945476 -0.00025573792 0.0080000004
v 0.0059945476 -0.0002557378 0.0080000004
v 0.0059945476 -0.0002557378 0.014
v 0.0059945476 -0.00025573681 0.0091249999
v 0.0059945476 -0.00025573472 0.0125
v 0.0059945476 -0.00025573472 0.013625
v 0.0059957616 0.00022548894 0.0080184396
v 0.0059957616 0.00022548894 0.0091434401
v 0.0059964675 -0.0022535673 0.012659188
v 0.0059964675 -0.0022535673 0.013315438
v 0.0059965774 -0.00020264133 0.011002008
v 0.0059965774 -0.00020264133 0.012127008
v 0.0059972121 -0.0036101865 0.0095187584
v 0.0059999903 1.0759099e-05 0.0095101446
v 0.0059999903 1.0759099e-05 0.010635145
v 0.0060047759 0.0035975925 0.014
v 0.0060144486 0.0035813982 0.011277587
v 0.0060172132 0.0014442097 0.0086730588
v 0.0060172132 0.0014442097 0.0088605592
v 0.0060172132 0.0014442097 0.0090480596
v 0.006026573 0.0014046399 0.010546452
v 0.006026573 0.0014046399 0.013546453
v 0.0060291919 -0.0013933564 0.0085638659
v 0.0060362415 0.0013624914 0.013169745
v 0.0060389414 -0.0035399415 0.0093341153
v 0.0060389414 -0.0035399415 0.012334115
v 0.0060467878 -0.0057369703 -5.2154059e-11
v 0.0060467878 -0.0057369703 0.0060000001
v 0.0060469708 0.0060716574 -0.39399999
v 0.0060469708 0.0060716574 -0.38600001
v 0.0060534952 0.0031236459 0.0085933609
v 0.0060534952 0.0031236459 0.0086871106
v 0.0060534952 0.0031236459 0.0087808603
v 0.0060616108 0.0020719718 0.0083230557
v 0.0060616108 0.0020719718 0.0089793056
v 0.006062509 -0.0012403961 0.0085698282
v 0.006062509 -0.0012403961 0.0087573286
v 0.006062509 -0.0012403961 0.0089448281
v 0.006070253 -0.0025755647 0.0097875427
v 0.0060716574 -0.0060469708 -0.39399999
v 0.0060716574 -0.0060469708 -0.38600001
v 0.006073813 -0.0030839527 0.011366552
v 0.006073813 -0.0030839527 0.011460302
v 0.006073813 -0.0030839527 0.011554052
v 0.0060743433 -0.0011810797 0.01307212
v 0.0060751382 -0.0020319654 0.011168142
v 0.0060751382 -0.0020319654 0.011824392
v 0.0060798926 0.0025527251 0.011478307
v 0.0060810298 0.0011461559 0.0086610345
v 0.006084857 -0.0011256601 0.013449252
v 0.0060871565 -0.0011131574 0.010074731
v 0.0060871565 -0.0011131574 0.01026223
v 0.0060871565 -0.0011131574 0.010449731
v 0.0060979058 -0.0025093923 0.0091339452
v 0.0060979058 -0.0025093923 0.012133946
v 0.0061090668 -0.00098584779 0.011767085
v 0.0061090668 -0.00098584779 0.011954585
v 0.0061098267 0.00098112714 0.0090294518
v 0.0061098267 0.00098112714 0.012029451
v 0.006111078 -0.00097330369 0.01158006
v 0.0061162445 0.0034046371 0.011083133
v 0.0061162445 0.0034046371 0.014083133
v 0.0061172 0.00093405583 0.013152584
v 0.0061172 0.00093405583 0.013340083
v 0.0061172 0.00093405583 0.013527583
v 0.0061172508 0.0009337248 0.01015257
v 0.0061197141 -0.0033983965 0.0080273161
v 0.0061282529 -0.00085855299 0.013084387
v 0.0061282529 -0.00085855299 0.013271887
v 0.0061282529 -0.00085855299 0.013459387
v 0.006133697 0.0018476874 0.0098140528
v 0.006133697 0.0018476874 0.010470303
v 0.0061344779 0.0033716734 0.012769343
v 0.0061357026 0.00080358749 0.011647428
v 0.0061357026 0.00080358749 0.011834928
v 0.0061357026 0.00080358749 0.012022428
v 0.0061405594 -0.00076558877 0.010087863
v 0.0061415718 0.0077647343 0.014
v 0.0061415718 0.0077647343 0.016000001
v 0.0061454857 -0.0018080912 0.0096770395
v 0.0061454857 -0.0018080912 0.010333289
v 0.00614599 0.0007206942 0.01164417
v 0.0061472207 -0.00071012409 0.0089649232
v 0.0061472207 -0.00071012409 0.011964924
v 0.0061506159 0.0023772733 0.010815057
v 0.0061506159 0.0023772733 0.013815057
v 0.0061513972 0.00067298417 0.0101423
v 0.0061513972 0.00067298417 0.0103298
v 0.0061513972 0.00067298417 0.0105173
v 0.0061563402 -0.0023624094 0.0082960352
v 0.0061607733 -0.0065185144 -0.39399999
v 0.0061607733 -0.0065185144 0.0060000061
v 0.0061628711 -0.00055822474 0.0085955244
v 0.0061631748 0.00055486348 0.01051269
v 0.0061631748 0.00055486348 0.01351269
v 0.0061639869 0.0028995224 0.010084426
v 0.0061639869 0.0028995224 0.010178177
v 0.0061639869 0.0028995224 0.010271926
v 0.0061640195 -0.0056678797 -0.39399999
v 0.0061640195 -0.0056678797 -0.38600001
v 0.00616429 0.00054233533 0.008637202
v 0.00616429 0.00054233533 0.0088247024
v 0.00616429 0.00054233533 0.0090122018
v 0.0061652628 0.002339025 0.012969789
v 0.0061672591 0.0005074552 0.013135847
v 0.0061744209 -0.0077702333 -0.39500001
v 0.0061744209 -0.0077702333 -0.39399999
v 0.0061777602 -0.00035759842 0.0086029544
v 0.0061777602 -0.00035759842 0.0087904539
v 0.0061777602 -0.00035759842 0.0089779543
v 0.0061784866 -0.00034481363 0.01310343
v 0.0061811353 -0.0002935355 0.010480342
v 0.0061811353 -0.0002935355 0.013480342
v 0.0061813281 0.00028945063 0.0086274259
v 0.0061831349 -0.0028584632 0.009875563
v 0.0061831349 -0.0028584632 0.0099693136
v 0.0061831349 -0.0028584632 0.010063063
v 0.0061838613 -0.00022902584 0.010107755
v 0.0061838613 -0.00022902584 0.010295255
v 0.0061838613 -0.00022902584 0.010482755
v 0.0061853314 -0.0051683341 -5.2154059e-11
v 0.0061853314 -0.0051683341 0.0060000001
v 0.0061866376 -0.00013457416 0.011611301
v 0.0061867572 0.00012896716 0.0089962836
v 0.0061867572 0.00012896716 0.011996284
v 0.0061872946 -9.9904719e-05 0.011612607
v 0.0061872946 -9.9904719e-05 0.011800108
v 0.0061872946 -9.9904719e-05 0.011987607
v 0.0061876224 7.6967859e-05 0.010119304
v 0.0061880304 2.9683497e-05 0.013117508
v 0.0061880304 2.9683497e-05 0.013305007
v 0.0061880304 2.9683497e-05 0.013492508
v 0.0061974255 0.0016211446 0.011305079
v 0.0061974255 0.0016211446 0.011961329
v 0.0062074279 -0.0015824114 0.0081858635
v 0.0062074279 -0.0015824114 0.0088421134
v 0.0062093041 0.0057011819 -5.2154059e-11
v 0.0062093041 0.0057011819 0.0060000001
v 0.0062365141 -0.002141821 0.012804667
v 0.0062373537 -0.0031773287 0.012536081
v 0.0062383553 -0.0062715965 -0.39399999
v 0.0062383553 -0.0062715965 0.0060000061
v 0.0062449337 0.0021171465 0.0084610414
v 0.0062501351 0.0031521127 0.0082608154
v 0.0062527009 0.0013928111 0.012796151
v 0.0062527009 0.0013928111 0.013452401
v 0.0062532458 -0.0076593119 0.0080000004
v 0.0062532458 -0.0076593119 0.014
v 0.0062576975 -0.0020791164 0.010650842
v 0.0062576975 -0.0020791164 0.013650842
v 0.0062609175 -0.0013553952 0.012694598
v 0.0062609175 -0.0013553952 0.013350848
v 0.0062663457 0.0026711184 0.011575447
v 0.0062663457 0.0026711184 0.011669198
v 0.0062663457 0.0026711184 0.011762948
v 0.0062715588 -0.0031092691 0.010851245
v 0.0062715588 -0.0031092691 0.013851245
v 0.0062715965 0.0062383553 -0.39399999
v 0.0062715965 0.0062383553 0.0060000061
v 0.0062840846 -0.0026291148 0.0083845733
v 0.0062840846 -0.0026291148 0.008478323
v 0.0062840846 -0.0026291148 0.0085720737
v 0.006299464 0.0011631582 0.0082872882
v 0.006299464 0.0011631582 0.0089435382
v 0.0063016573 0.0019418078 0.0092979465
v 0.0063016573 0.0019418078 0.012297946
v 0.0063059423 -0.0011275108 0.011203227
v 0.0063059423 -0.0011275108 0.011859477
v 0.0063070459 -0.0019242333 0.011313031
v 0.0063142199 0.007237446 0.0080000004
v 0.0063142199 0.007237446 0.014
v 0.0063151219 0.0018975612 0.0099524781
v 0.0063375635 0.0029724219 0.0095664095
v 0.0063375635 0.0029724219 0.012566409
v 0.006337692 0.00093265821 0.0097785061
v 0.006337692 0.00093265821 0.010434756
v 0.0063425219 -0.00089922239 0.0097117322
v 0.0063425219 -0.00089922239 0.010367982
v 0.0063445754 -0.0029574251 0.011044636
v 0.0063558868 0.0029330363 0.0097524039
v 0.0063603325 0.002438881 0.013066443
v 0.0063603325 0.002438881 0.013160193
v 0.0063603325 0.002438881 0.013253943
v 0.0063618599 0.0058412538 -0.39399999
v 0.0063618599 0.0058412538 -0.38600001
v 0.0063673928 0.00070178119 0.011269823
v 0.0063673928 0.00070178119 0.011926073
v 0.0063697896 -0.0017050765 0.0098213106
v 0.0063707116 -0.00067098701 0.0082201017
v 0.0063707116 -0.00067098701 0.0088763516
v 0.0063764681 -0.0023963775 0.012893564
v 0.0063764681 -0.0023963775 0.012987314
v 0.0063764681 -0.0023963775 0.013081064
v 0.006377589 0.0016756674 0.011443915
v 0.0063794623 0.0028813989 0.014
v 0.0063794623 0.0028813989 0.014062935
v 0.0063864971 -0.0016413893 0.0091674402
v 0.0063864971 -0.0016413893 0.01216744
v 0.0063886116 0.00047099148 0.012761254
v 0.0063886116 0.00047099148 0.013417504
v 0.0063905958 -0.00044325172 0.012728319
v 0.0063905958 -0.00044325172 0.013384569
v 0.0064014243 0.00024074514 0.0082528144
v 0.0064014243 0.00024074514 0.0089090643
v 0.0064022946 -0.00021635166 0.011236383
v 0.0064022946 -0.00021635166 0.011892633
v 0.0064059389 1.1487056e-05 0.0097445203
v 0.0064059389 1.1487056e-05 0.01040077
v 0.006421926 0.0014967864 0.010780827
v 0.006421926 0.0014967864 0.013780828
v 0.0064247167 -0.0014847626 0.0083294911
v 0.0064322287 0.001451873 0.012935369
v 0.0064439559 -0.0027341242 0.009553168
v 0.006445739 0.0022032741 0.0085574305
v 0.006445739 0.0022032741 0.0086511802
v 0.006445739 0.0022032741 0.0087449299
v 0.0064541888 0.0027098788 0.011243932
v 0.0064601237 -0.0021607324 0.011402517
v 0.0064601237 -0.0021607324 0.011496266
v 0.0064601237 -0.0021607324 0.011590017
v 0.0064728302 -0.0012585605 0.012837745
v 0.0064733108 -0.0026638778 0.0093683209
v 0.0064733108 -0.0026638778 0.01236832
v 0.0064799553 0.0012213455 0.0084266597
v 0.0064840335 -0.0011995052 0.010683626
v 0.0064840335 -0.0011995052 0.013683626
v 0.0064908429 -0.0026208698 0.011057437
v 0.0064908429 -0.0026208695 0.010869937
v 0.0064908429 -0.0026208695 0.012557437
v 0.0064908429 -0.0026208695 0.013869938
v 0.0064908434 -0.0026208689 0.0095574372
v 0.0064908434 -0.0026208684 0.0080574369
v 0.0064908434 -0.0026208682 0.0093699377
v 0.0064908434 -0.0026208682 0.012369937
v 0.0064908438 -0.0026208677 0.0079999994
v 0.0064908438 -0.0026208677 0.014
v 0.0065062502 0.0025823838 0.0079999994
v 0.0065062507 0.0025823831 0.012739133
v 0.0065062507 0.0025823833 0.011051633
v 0.0065062507 0.0025823836 0.011239133
v 0.0065062512 0.0025823822 0.0082391333
v 0.0065062512 0.0025823824 0.0095516331
v 0.0065062512 0.0025823824 0.012551633
v 0.0065062512 0.0025823826 0.0097391335
v 0.0065106419 0.0010454906 0.0092638265
v 0.0065106419 0.0010454906 0.012263826
v 0.0065119751 -0.001037154 0.011345685
v 0.0065134261 0.0052011302 -5.2154059e-11
v 0.0065134261 0.0052011302 0.0060000001
v 0.0065185144 0.0061607733 -0.39399999
v 0.0065185144 0.0061607733 0.0060000061
v 0.0065185521 0.00099497871 0.0099181952
v 0.0065223938 0.0019647765 0.010048428
v 0.0065223938 0.0019647765 0.010142177
v 0.0065223938 0.0019647765 0.010235928
v 0.006529266 0.0025236253 0.011049432
v 0.006529266 0.0025236253 0.014049431
v 0.0065349294 -0.0019226711 0.0099114142
v 0.0065349294 -0.0019226711 0.010005164
v 0.0065349294 -0.0019226711 0.010098914
v 0.0065353429 -0.0025078463 0.0080616595
v 0.00654339 -0.00081581267 0.0098534878
v 0.0065448149 0.0024830224 0.012735413
v 0.0065491772 0.00076797296 0.011409795
v 0.0065504881 -0.00075670937 0.009199298
v 0.0065504881 -0.00075670937 0.012199298
v 0.0065600006 -0.0077104932 -0.39500001
v 0.0065600006 -0.0077104932 -0.39399999
v 0.0065646078 0.0055078859 -0.39399999
v 0.0065646078 0.0055078859 -0.38600001
v 0.0065671657 -0.00059484516 0.0083611496
v 0.0065674894 0.00059126335 0.010747065
v 0.0065674894 0.00059126335 0.013747064
v 0.0065678917 0.0024213218 0.014
v 0.006571841 0.00054074521 0.012901472
v 0.0065838057 -0.00036743397 0.012869055
v 0.006586628 -0.00031279196 0.010714717
v 0.006586628 -0.00031279196 0.013714718
v 0.0065868329 0.00030843911 0.0083930511
v 0.0065901601 0.0017238776 0.011539454
v 0.0065901601 0.0017238776 0.011633203
v 0.0065901601 0.0017238776 0.011726954
v 0.0065924912 -0.00014340246 0.011376927
v 0.0065926183 0.00013742763 0.0092306593
v 0.0065926183 0.00013742763 0.012230659
v 0.0065935408 8.2017054e-05 0.0098849293
v 0.0066007972 -0.0016826899 0.0084202392
v 0.0066007972 -0.0016826899 0.0085139889
v 0.0066007972 -0.0016826899 0.0086077387
v 0.0066030361 0.0046227602 -5.2154059e-11
v 0.0066030361 0.0046227602 0.0060000001
v 0.0066204523 -0.0022736778 0.012570292
v 0.0066243475 0.0051223058 -0.39399999
v 0.0066243475 0.0051223058 -0.38600001
v 0.0066293902 0.0022474842 0.0082266666
v 0.00664294 -0.002207113 0.010885217
v 0.00664294 -0.002207113 0.013885217
v 0.0066489386 0.0014810745 0.013030526
v 0.0066489386 0.0014810745 0.013124276
v 0.0066489386 0.0014810745 0.013218027
v 0.0066576763 -0.0014412875 0.012928973
v 0.0066576763 -0.0014412875 0.013022724
v 0.0066576763 -0.0014412875 0.013116473
v 0.0066739665 -0.0077915448 -0.39399999
v 0.0066739665 -0.0077915448 0.0060000061
v 0.0066896062 0.0020613514 0.0095323212
v 0.0066896062 0.0020613514 0.012532321
v 0.0066935602 0.005970126 -0.39399999
v 0.0066935602 0.005970126 0.0060000061
v 0.0066953269 -0.0020426949 0.011078656
v 0.0066986657 0.0012368683 0.008521663
v 0.0066986657 0.0012368683 0.0086154127
v 0.0066986657 0.0012368683 0.0087091634
v 0.0067038997 0.0020143809 0.0097181024
v 0.0067047505 0.0020115471 0.014
v 0.0067047505 0.0020115471 0.014030499
v 0.0067055542 -0.001198962 0.011437601
v 0.0067055542 -0.001198962 0.011531351
v 0.0067055542 -0.001198962 0.011625102
v 0.0067393156 0.00099176134 0.010012882
v 0.0067393156 0.00099176134 0.010106632
v 0.0067393156 0.00099176134 0.010200381
v 0.0067444523 -0.00095620676 0.0099461079
v 0.0067444523 -0.00095620676 0.010039858
v 0.0067444523 -0.00095620676 0.010133607
v 0.0067498311 0.0057174983 -0.39399999
v 0.0067498311 0.0057174983 0.0060000061
v 0.0067532971 -0.0073551899 0.0080000004
v 0.0067532971 -0.0073551899 0.014
v 0.0067619327 -0.001810046 0.0095869359
v 0.0067702127 0.0017788264 0.01120954
v 0.0067708986 0.00074625359 0.011504198
v 0.0067708986 0.00074625359 0.011597948
v 0.0067708986 0.00074625359 0.011691698
v 0.0067744278 -0.00071350788 0.0084544765
v 0.0067744278 -0.00071350788 0.0085482262
v 0.0067744278 -0.00071350788 0.0086419769
v 0.0067796689 -0.0017424383 0.009401815
v 0.0067796689 -0.0017424383 0.012401815
v 0.0067934622 0.00050083851 0.012995629
v 0.0067934622 0.00050083851 0.013089379
v 0.0067934622 0.00050083851 0.013183129
v 0.0067955721 -0.0004713409 0.012962694
v 0.0067955721 -0.0004713409 0.013056444
v 0.0067955721 -0.0004713409 0.013150194
v 0.0068070865 0.00025600131 0.0084871901
v 0.0068070865 0.00025600131 0.0085809398
v 0.0068070865 0.00025600131 0.0086746896
v 0.0068080127 -0.00023006203 0.011470757
v 0.0068080127 -0.00023006203 0.011564508
v 0.0068080127 -0.00023006203 0.011658258
v 0.0068109129 -0.0071848081 0.014
v 0.0068109129 -0.0071848081 0.016000001
v 0.006811888 1.2214992e-05 0.0099788951
v 0.006811888 1.2214992e-05 0.010072645
v 0.006811888 1.2214992e-05 0.010166395
v 0.0068137655 0.0072161346 -0.39500001
v 0.0068137655 0.0072161346 -0.39399999
v 0.0068172789 0.0015889331 0.011015203
v 0.0068172789 0.0015889331 0.014015202
v 0.006820241 -0.001576169 0.0080951154
v 0.0068282159 0.0015412546 0.012700994
v 0.0068695475 -0.0013451105 0.0096030608
v 0.0068695475 -0.0013451104 0.0094155613
v 0.0068695475 -0.0013451104 0.012415561
v 0.0068695475 -0.0013451092 0.0081030605
v 0.0068695475 -0.001345109 0.011103061
v 0.0068695475 -0.0013451063 0.010915562
v 0.0068695475 -0.0013451063 0.013915561
v 0.0068695485 -0.0013451049 0.0079999994
v 0.0068695485 -0.0013451049 0.014
v 0.006871317 -0.0013360411 0.01260337
v 0.006877393 0.001304401 0.0079999994
v 0.006877393 0.0013044021 0.0096925627
v 0.006877393 0.0013044028 0.012692563
v 0.006877393 0.0013044031 0.011005063
v 0.006877393 0.0013044031 0.011192563
v 0.0068773935 0.0013044019 0.0095050633
v 0.0068773935 0.0013044019 0.012505063
v 0.0068788803 0.0012965354 0.008192284
v 0.0068828566 0.0070989029 0.0080000004
v 0.0068828566 0.0070989029 0.014
v 0.0068832096 -0.0012733503 0.010918002
v 0.0068832096 -0.0012733503 0.013918001
v 0.0068933689 -0.0075077456 -0.39500001
v 0.0068933689 -0.0075077456 -0.39399999
v 0.0069030467 0.0011610111 0.014
v 0.0069114561 0.0011098542 0.0094982013
v 0.0069114561 0.0011098542 0.012498201
v 0.0069128713 -0.0011010043 0.01111131
v 0.0069198539 0.0010562326 0.0096838204
v 0.0069265943 -0.0077352743 -0.39399999
v 0.0069265943 -0.0077352743 0.0060000061
v 0.0069462205 -0.00086603651 0.0096191131
v 0.006952364 0.00081525167 0.011175419
v 0.0069537559 -0.00080329471 0.0094336737
v 0.0069537559 -0.00080329471 0.012433673
v 0.0069714598 -0.00063146558 0.0081267748
v 0.006971803 0.00062766334 0.01098144
v 0.006971803 0.00062766334 0.013981439
v 0.0069764233 0.0005740351 0.012667096
v 0.0069891242 -0.00039005431 0.01263468
v 0.0069921203 -0.00033204837 0.010949092
v 0.0069921203 -0.00033204837 0.013949092
v 0.0069923382 0.00032742749 0.0081586754
v 0.0069983448 -0.0001522307 0.011142551
v 0.0069984794 0.0001458881 0.0094650341
v 0.0069984794 0.0001458881 0.012465034
v 0.0069994587 8.7066292e-05 0.0096505536
v 0.006999969 -2.0724307e-05 0.0096469391
v 0.006999969 -2.0724132e-05 0.011146939
v 0.0069999695 -2.0726553e-05 0.0079999994
v 0.0069999695 -2.0726553e-05 0.014
v 0.0069999695 -2.0723264e-05 0.0094594387
v 0.0069999695 -2.0723264e-05 0.012459439
v 0.0069999695 -2.0721816e-05 0.010959439
v 0.0069999695 -2.0721816e-05 0.013959439
v 0.0069999695 -2.0721352e-05 0.012646939
v 0.0069999695 -2.0721178e-05 0.0081469389
v 0.0070989029 -0.0068828566 0.0080000004
v 0.0070989029 -0.0068828566 0.014
v 0.0071172412 -0.0075602285 -0.39399999
v 0.0071172412 -0.0075602285 0.0060000061
v 0.0071237725 -0.0071928562 -0.39500001
v 0.0071237725 -0.0071928562 -0.39399999
v 0.0071848081 0.0068109129 0.014
v 0.0071848081 0.0068109129 0.016000001
v 0.0071928562 0.0071237725 -0.39500001
v 0.0071928562 0.0071237725 -0.39399999
v 0.0071948231 -0.0073133111 -0.39399999
v 0.0071948231 -0.0073133111 0.0060000061
v 0.0072161346 -0.0068137655 -0.39500001
v 0.0072161346 -0.0068137655 -0.39399999
v 0.007237446 -0.0063142199 0.0080000004
v 0.007237446 -0.0063142199 0.014
v 0.0073133111 0.0071948231 -0.39399999
v 0.0073133111 0.0071948231 0.0060000061
v 0.0073551899 0.0067532971 0.0080000004
v 0.0073551899 0.0067532971 0.014
v 0.0075077456 0.0068933689 -0.39500001
v 0.0075077456 0.0068933689 -0.39399999
v 0.0075602285 0.0071172412 -0.39399999
v 0.0075602285 0.0071172412 0.0060000061
v 0.0075878119 -0.0098323505 0.0060000001
v 0.0075878119 -0.0098323505 0.0080000004
v 0.0076593119 0.0062532458 0.0080000004
v 0.0076593119 0.0062532458 0.014
v 0.0077104932 0.0065600006 -0.39500001
v 0.0077104932 0.0065600006 -0.39399999
v 0.0077352743 0.0069265943 -0.39399999
v 0.0077352743 0.0069265943 0.0060000061
v 0.0077489219 0.0056748753 0.0080000004
v 0.0077489219 0.0056748753 0.014
v 0.0077647343 -0.0061415718 0.014
v 0.0077647343 -0.0061415718 0.016000001
v 0.0077702333 0.0061744209 -0.39500001
v 0.0077702333 0.0061744209 -0.39399999
v 0.0077915448 0.0066739665 -0.39399999
v 0.0077915448 0.0066739665 0.0060000061
v 0.0078122653 -0.008090334 -0.11664934
v 0.0078122653 -0.008090334 -0.11514933
v 0.0078122653 -0.008090334 -0.10914934
v 0.0078122653 -0.008090334 -0.10764934
v 0.0079685226 -0.0079468638 -0.11514933
v 0.0079685226 -0.0079468638 -0.10914934
v 0.0080815684 0.0057182377 0.014
v 0.0080815684 0.0057182377 0.016000001
v 0.0081661819 -0.0097427405 0.0060000001
v 0.0081661819 -0.0097427405 0.0080000004
v 0.0082525676 -0.015365712 -0.11114934
v 0.0082525676 -0.015365712 -0.10714934
v 0.0083976481 0.0091503831 0.0060000001
v 0.0083976481 0.0091503831 0.0080000004
v 0.0084729213 0.0073955795 -0.11664934
v 0.0084729213 0.0073955795 -0.11514933
v 0.0084729213 0.0073955795 -0.10914934
v 0.0084729213 0.0073955795 -0.10764934
v 0.008560257 -0.004973128 0.014
v 0.008560257 -0.004973128 0.016000001
v 0.0086291786 0.0075390497 -0.11514933
v 0.0086291786 0.0075390497 -0.10914934
v 0.0086662341 -0.0094386181 0.0060000001
v 0.0086662341 -0.0094386181 0.0080000004
v 0.0088135712 0.0045089866 0.014
v 0.0088135712 0.0045089866 0.016000001
v 0.0089662848 0.0090118395 0.0060000001
v 0.0089662848 0.0090118395 0.0080000004
v 0.0089758867 -0.014926841 -0.11118627
v 0.0089758867 -0.014926841 -0.1071124
v 0.0089780148 -0.010091841 -0.11514933
v 0.0089780148 -0.010091841 -0.10914934
v 0.0090118395 -0.0089662848 0.0060000001
v 0.0090118395 -0.0089662848 0.0080000004
v 0.0091503831 -0.0083976481 0.0060000001
v 0.0091503831 -0.0083976481 0.0080000004
v 0.0091812629 -0.0037032976 0.014
v 0.0091812629 -0.0037032976 0.016000001
v 0.0093635945 -0.010032101 -0.11514933
v 0.0093635945 -0.010032101 -0.10914934
v 0.009365893 0.0032078107 0.014
v 0.009365893 0.0032078107 0.016000001
v 0.0094386181 0.0086662341 0.0060000001
v 0.0094386181 0.0086662341 0.0080000004
v 0.0095312567 0.014607023 -0.11114934
v 0.0095312567 0.014607023 -0.10714934
v 0.0096813943 -0.014498775 -0.11129617
v 0.0096813943 -0.014498775 -0.1070025
v 0.0096969623 -0.0098293526 -0.11514933
v 0.0096969623 -0.0098293526 -0.10914934
v 0.0097272731 0.0018412377 0.014
v 0.0097272731 0.0018412377 0.016000001
v 0.0097427405 0.0081661819 0.0060000001
v 0.0097427405 0.0081661819 0.0080000004
v 0.0098176869 0.009590256 -0.11514933
v 0.0098176869 0.009590256 -0.10914934
v 0.0098323505 0.0075878119 0.0060000001
v 0.0098323505 0.0075878119 0.0080000004
v 0.0099273659 -0.0095144631 -0.11514933
v 0.0099273659 -0.0095144631 -0.10914934
v 0.0099430904 -0.010931789 -0.11519345
v 0.0099430904 -0.010931789 -0.10910522
v 0.0099444995 -0.010898772 -0.11496557
v 0.0099444995 -0.010898772 -0.10933311
v 0.0099461842 -0.010859269 -0.11541197
v 0.0099461842 -0.010859269 -0.1088867
v 0.0099501116 -0.010767221 -0.11477666
v 0.0099501116 -0.010767221 -0.10952201
v 0.0099531244 -0.010696594 -0.1155748
v 0.0099531244 -0.010696594 -0.10872387
v 0.0099606048 -0.010521241 -0.11443955
v 0.0099606048 -0.010521241 -0.10985912
v 0.0099624386 -0.010478264 -0.11564739
v 0.0099624386 -0.010478264 -0.10865129
v 0.0099643189 -0.010434191 -0.1140313
v 0.0099643189 -0.010434191 -0.11026737
v 0.0099721514 -0.010250588 -0.11561434
v 0.0099721514 -0.010250588 -0.10868433
v 0.0099802036 -0.010061852 -0.11548267
v 0.0099802036 -0.010061852 -0.10881601
v 0.009994572 -0.009725051 -0.11523647
v 0.009994572 -0.009725051 -0.10906221
v 0.010011973 -0.0093171727 -0.11514933
v 0.010011973 -0.0093171727 -0.10914934
v 0.010019729 -0.009135372 -0.11514933
v 0.010019729 -0.009135372 -0.10914934
v 0.010196778 0.009497894 -0.11514933
v 0.010196778 0.009497894 -0.10914934
v 0.010214569 0.014108143 -0.11118627
v 0.010214569 0.014108143 -0.1071124
v 0.010351719 -0.014092056 -0.11147632
v 0.010351719 -0.014092056 -0.10682236
v 0.010421242 -0.011454593 -0.10764934
v 0.010421242 -0.011454593 -0.10164934
v 0.010511667 0.0092674904 -0.11514933
v 0.010511667 0.0092674904 -0.10914934
v 0.01067387 -0.011398323 -0.10764934
v 0.01067387 -0.011398323 -0.10164934
v 0.010714415 0.0089341216 -0.11514933
v 0.010714415 0.0089341216 -0.10914934
v 0.010769124 0.0084306151 -0.11514933
v 0.010769124 0.0084306151 -0.10914934
v 0.010774155 0.0085485419 -0.11514933
v 0.010774155 0.0085485419 -0.10914934
v 0.010786525 0.0088384934 -0.11523647
v 0.010786525 0.0088384934 -0.10906221
v 0.010800893 0.0091752941 -0.11548267
v 0.010800893 0.0091752941 -0.10881601
v 0.010808946 0.0093640294 -0.11561434
v 0.010808946 0.0093640294 -0.10868433
v 0.010816778 0.0095476331 -0.1140313
v 0.010816778 0.0095476331 -0.11026737
v 0.010818658 0.0095917061 -0.11564739
v 0.010818658 0.0095917061 -0.10865129
v 0.010820492 0.0096346829 -0.11443955
v 0.010820492 0.0096346829 -0.10985912
v 0.010827973 0.009810036 -0.1155748
v 0.010827973 0.009810036 -0.10872387
v 0.010830986 0.0098806638 -0.11477666
v 0.010830986 0.0098806638 -0.10952201
v 0.010834913 0.0099727111 -0.11541197
v 0.010834913 0.0099727111 -0.1088867
v 0.010836598 0.010012214 -0.11496557
v 0.010836598 0.010012214 -0.10933311
v 0.010838007 0.010045231 -0.11519345
v 0.010838007 0.010045231 -0.10910522
v 0.010864517 -0.011223278 -0.10764934
v 0.010864517 -0.011223278 -0.10164934
v 0.010881056 0.013621545 -0.11129617
v 0.010881056 0.013621545 -0.1070025
v 0.010942099 -0.010976359 -0.10764934
v 0.010942099 -0.010976359 -0.10164934
v 0.010970357 -0.0137167 -0.11172228
v 0.010970357 -0.0137167 -0.10657639
v 0.011358947 0.010525413 -0.10764934
v 0.011358947 0.010525413 -0.10164934
v 0.011514306 0.013159214 -0.11147632
v 0.011514306 0.013159214 -0.10682236
v 0.011522073 -0.013381946 -0.11202802
v 0.011522073 -0.013381946 -0.10627066
v 0.011605865 0.010447831 -0.10764934
v 0.011605865 0.010447831 -0.10164934
v 0.01178091 0.010257185 -0.10764934
v 0.01178091 0.010257185 -0.10164934
v 0.011837181 0.010004556 -0.10764934
v 0.011837181 0.010004556 -0.10164934
v 0.011993283 -0.013096039 -0.11238598
v 0.011993283 -0.013096039 -0.10591269
v 0.012098727 0.012732532 -0.11172228
v 0.012098727 0.012732532 -0.10657639
v 0.012372385 -0.01286602 -0.11278737
v 0.012372385 -0.01286602 -0.10551131
v 0.012619928 0.012352006 -0.11202802
v 0.012619928 0.012352006 -0.10627066
v 0.012650043 -0.012697552 -0.11322229
v 0.012650043 -0.012697552 -0.10507639
v 0.012819421 -0.012594783 -0.11368003
v 0.012819421 -0.012594783 -0.10461864
v 0.012876347 -0.012560243 -0.11664934
v 0.012876347 -0.012560243 -0.11414934
v 0.012876347 -0.012560243 -0.10414933
v 0.012876347 -0.012560243 -0.10164934
v 0.013065076 0.012027007 -0.11238598
v 0.013065076 0.012027007 -0.10591269
v 0.01342321 0.011765535 -0.11278737
v 0.01342321 0.011765535 -0.10551131
v 0.013685511 0.011574032 -0.11322229
v 0.013685511 0.011574032 -0.10507639
v 0.01384552 0.01145721 -0.11368003
v 0.01384552 0.01145721 -0.10461864
v 0.013899298 0.011417947 -0.11664934
v 0.013899298 0.011417947 -0.11414934
v 0.013899298 0.011417947 -0.10414933
v 0.013899298 0.011417947 -0.10164934
s 1
f 124// 90// 82//
f 82// 52// 176//
f 208// 124// 407//
f 407// 124// 82//
f 407// 82// 332//
f 332// 82// 176//
f 4101// 4131// 4139//
f 4151// 4145// 4159//
f 4159// 4145// 3959//
f 4159// 3959// 4167//
f 3959// 4017// 4167//
f 4167// 4017// 4035//
f 4167// 4035// 4139//
f 407// 519// 208//
f 208// 519// 641//
f 208// 641// 4145//
f 4145// 641// 3867//
f 4145// 3867// 3959//
f 4013// 4101// 3800//
f 3800// 4101// 4139//
f 3800// 4139// 3850//
f 3850// 4139// 4035//
f 68// 76// 60//
f 60// 76// 254//
f 60// 254// 52//
f 52// 254// 200//
f 52// 200// 176//
f 3800// 3689// 4013//
f 4013// 3689// 3547//
f 4013// 3547// 76//
f 76// 3547// 328//
f 76// 328// 254//
f 4166// 4138// 3849//
f 89// 123// 207//
f 3849// 4034// 4166//
f 4166// 4034// 4016//
f 4166// 4016// 4158//
f 4158// 4016// 3958//
f 4158// 3958// 4150//
f 4150// 3958// 4144//
f 4144// 3958// 3866//
f 4144// 3866// 207//
f 81// 89// 518//
f 518// 89// 207//
f 518// 207// 640//
f 640// 207// 3866//
f 59// 51// 67//
f 67// 51// 199//
f 67// 199// 75//
f 518// 406// 81//
f 81// 406// 331//
f 81// 331// 51//
f 51// 331// 175//
f 51// 175// 199//
f 4100// 4012// 4130//
f 4130// 4012// 3688//
f 4130// 3688// 4138//
f 4138// 3688// 3799//
f 4138// 3799// 3849//
f 199// 253// 75//
f 75// 253// 327//
f 75// 327// 4012//
f 4012// 327// 3546//
f 4012// 3546// 3688//
f 75// 4012// 76//
f 76// 4012// 4013//
f 4167// 4139// 4166//
f 4166// 4139// 4138//
f 4144// 207// 4145//
f 4145// 207// 208//
f 52// 82// 51//
f 51// 82// 81//
f 328// 3547// 327//
f 327// 3547// 3546//
f 4034// 3849// 4035//
f 4035// 3849// 3850//
f 3867// 641// 3866//
f 3866// 641// 640//
f 332// 176// 331//
f 331// 176// 175//
f 4034// 4035// 4016//
f 4016// 4035// 4017//
f 4016// 4017// 3958//
f 3958// 4017// 3959//
f 3958// 3959// 3866//
f 3866// 3959// 3867//
f 640// 641// 518//
f 518// 641// 519//
f 518// 519// 406//
f 406// 519// 407//
f 406// 407// 331//
f 331// 407// 332//
f 175// 176// 199//
f 199// 176// 200//
f 199// 200// 253//
f 253// 200// 254//
f 253// 254// 327//
f 327// 254// 328//
f 3546// 3547// 3688//
f 3688// 3547// 3689//
f 3688// 3689// 3799//
f 3799// 3689// 3800//
f 3799// 3800// 3849//
f 3849// 3800// 3850//
f 52// 51// 59//
f 52// 59// 60//
f 60// 59// 67//
f 60// 67// 68//
f 68// 67// 75//
f 68// 75// 76//
f 4167// 4166// 4158//
f 4167// 4158// 4159//
f 4159// 4158// 4150//
f 4159// 4150// 4151//
f 4151// 4150// 4144//
f 4151// 4144// 4145//
f 4013// 4012// 4100//
f 4013// 4100// 4101//
f 4101// 4100// 4130//
f 4101// 4130// 4131//
f 4131// 4130// 4138//
f 4131// 4138// 4139//
f 208// 207// 123//
f 208// 123// 124//
f 124// 123// 89//
f 124// 89// 90//
f 90// 89// 81//
f 90// 81// 82//
f 4141// 4165// 4001//
f 4001// 4165// 3977//
f 3977// 4165// 4157//
f 3977// 4157// 3892//
f 4001// 3807// 4141//
f 4141// 3807// 3748//
f 4141// 3748// 4133//
f 4133// 3748// 3600//
f 4133// 3600// 4094//
f 4157// 4149// 3892//
f 3892// 4149// 4137//
f 3892// 4137// 3737//
f 3737// 4137// 4066//
f 3737// 4066// 3516//
f 577// 88// 454//
f 454// 88// 80//
f 454// 80// 403//
f 3516// 4066// 869//
f 869// 4066// 391//
f 869// 391// 727//
f 727// 391// 244//
f 727// 244// 577//
f 577// 244// 129//
f 577// 129// 88//
f 142// 461// 84//
f 84// 461// 299//
f 403// 80// 214//
f 214// 80// 54//
f 214// 54// 238//
f 238// 54// 62//
f 238// 62// 299//
f 299// 62// 72//
f 299// 72// 84//
f 4094// 3600// 3976//
f 3976// 3600// 3454//
f 3976// 3454// 3815//
f 3815// 3454// 3324//
f 3815// 3324// 142//
f 142// 3324// 661//
f 142// 661// 461//
f 2932// 4164// 2950//
f 2950// 4164// 4140//
f 2950// 4140// 2909//
f 141// 1857// 3814//
f 3814// 1857// 2030//
f 2558// 4065// 4136//
f 83// 1498// 141//
f 141// 1498// 1671//
f 141// 1671// 1857//
f 4132// 2653// 4140//
f 4140// 2653// 2791//
f 4140// 2791// 2909//
f 2932// 2821// 4164//
f 4164// 2821// 2714//
f 4164// 2714// 4156//
f 4156// 2714// 2558//
f 4156// 2558// 4148//
f 4148// 2558// 4136//
f 2558// 2330// 4065//
f 4065// 2330// 2106//
f 4065// 2106// 390//
f 390// 2106// 1904//
f 83// 71// 1498//
f 1498// 71// 61//
f 1498// 61// 1365//
f 1365// 61// 53//
f 1365// 53// 1245//
f 2030// 2259// 3814//
f 3814// 2259// 2508//
f 3814// 2508// 3975//
f 3975// 2508// 2653//
f 3975// 2653// 4093//
f 4093// 2653// 4132//
f 79// 1409// 1302//
f 1409// 79// 1561//
f 1561// 79// 87//
f 1561// 87// 128//
f 1302// 1203// 79//
f 79// 1203// 1167//
f 79// 1167// 53//
f 53// 1167// 1186//
f 53// 1186// 1245//
f 1904// 1719// 390//
f 390// 1719// 1561//
f 390// 1561// 243//
f 243// 1561// 128//
f 2366// 2470// 3528//
f 3528// 2470// 2497//
f 3528// 2497// 3383//
f 3383// 2497// 2449//
f 3383// 2449// 2334//
f 681// 762// 871//
f 1106// 997// 1709//
f 2334// 2232// 3030//
f 3030// 2232// 2053//
f 3030// 2053// 969//
f 997// 913// 1709//
f 1709// 913// 829//
f 1709// 829// 1633//
f 1633// 829// 798//
f 1633// 798// 1579//
f 1709// 1826// 1106//
f 1106// 1826// 1940//
f 1106// 1940// 3147//
f 651// 681// 1688//
f 1688// 681// 871//
f 1688// 871// 1798//
f 1798// 871// 969//
f 1798// 969// 1910//
f 1910// 969// 2053//
f 2366// 3528// 2253//
f 2253// 3528// 3509//
f 2253// 3509// 3428//
f 3356// 3383// 3242//
f 3242// 3383// 2334//
f 3242// 2334// 3134//
f 3134// 2334// 3030//
f 1940// 2092// 3147//
f 3147// 2092// 2253//
f 3147// 2253// 3318//
f 3318// 2253// 3428//
f 1688// 1617// 651//
f 651// 1617// 1575//
f 651// 1575// 798//
f 798// 1575// 1569//
f 798// 1569// 1579//
f 391// 4066// 390//
f 390// 4066// 4065//
f 4165// 4141// 4164//
f 4164// 4141// 4140//
f 141// 3814// 142//
f 142// 3814// 3815//
f 79// 53// 80//
f 80// 53// 54//
f 2496// 2497// 2469//
f 2469// 2497// 2470//
f 2469// 2470// 2365//
f 2365// 2470// 2366//
f 2365// 2366// 2252//
f 2252// 2366// 2253//
f 2252// 2253// 2091//
f 2091// 2253// 2092//
f 2091// 2092// 1939//
f 1939// 2092// 1940//
f 1939// 1940// 1825//
f 1825// 1940// 1826//
f 1825// 1826// 1708//
f 1708// 1826// 1709//
f 1708// 1709// 1632//
f 1632// 1709// 1633//
f 1632// 1633// 1578//
f 1578// 1633// 1579//
f 1578// 1579// 1568//
f 1568// 1579// 1569//
f 1568// 1569// 1574//
f 1574// 1569// 1575//
f 1574// 1575// 1616//
f 1616// 1575// 1617//
f 1616// 1617// 1687//
f 1687// 1617// 1688//
f 1687// 1688// 1797//
f 1797// 1688// 1798//
f 1797// 1798// 1909//
f 1909// 1798// 1910//
f 1909// 1910// 2052//
f 2052// 1910// 2053//
f 2052// 2053// 2231//
f 2231// 2053// 2232//
f 2231// 2232// 2333//
f 2333// 2232// 2334//
f 2333// 2334// 2448//
f 2448// 2334// 2449//
f 2448// 2449// 2496//
f 2496// 2449// 2497//
f 2365// 2820// 2469//
f 2469// 2820// 2931//
f 2469// 2931// 2496//
f 2496// 2931// 2949//
f 2496// 2949// 2448//
f 2052// 2029// 1909//
f 1909// 2029// 1856//
f 1909// 1856// 1797//
f 1856// 1670// 1797//
f 1797// 1670// 1497//
f 1797// 1497// 1687//
f 1687// 1497// 1364//
f 1687// 1364// 1616//
f 1616// 1364// 1244//
f 1616// 1244// 1574//
f 1574// 1244// 1185//
f 1574// 1185// 1568//
f 1568// 1185// 1166//
f 1568// 1166// 1578//
f 1578// 1166// 1202//
f 1578// 1202// 1632//
f 1632// 1202// 1301//
f 1632// 1301// 1708//
f 2949// 2908// 2448//
f 2448// 2908// 2790//
f 2448// 2790// 2333//
f 2333// 2790// 2652//
f 2333// 2652// 2231//
f 2231// 2652// 2507//
f 2231// 2507// 2052//
f 2052// 2507// 2258//
f 2052// 2258// 2029//
f 1939// 2105// 2091//
f 2091// 2105// 2329//
f 2091// 2329// 2252//
f 2252// 2329// 2557//
f 2252// 2557// 2365//
f 2365// 2557// 2713//
f 2365// 2713// 2820//
f 1301// 1408// 1708//
f 1708// 1408// 1560//
f 1708// 1560// 1825//
f 1825// 1560// 1718//
f 1825// 1718// 1939//
f 1939// 1718// 1903//
f 1939// 1903// 2105//
f 2950// 2931// 2932//
f 2932// 2931// 2820//
f 2932// 2820// 2821//
f 2821// 2820// 2713//
f 2821// 2713// 2714//
f 2714// 2713// 2557//
f 2714// 2557// 2558//
f 2558// 2557// 2329//
f 2558// 2329// 2330//
f 2330// 2329// 2105//
f 2330// 2105// 2106//
f 2106// 2105// 1903//
f 2106// 1903// 1904//
f 1904// 1903// 1718//
f 1904// 1718// 1719//
f 1719// 1718// 1560//
f 1719// 1560// 1561//
f 1561// 1560// 1408//
f 1561// 1408// 1409//
f 1409// 1408// 1301//
f 1409// 1301// 1302//
f 1302// 1301// 1202//
f 1302// 1202// 1203//
f 1203// 1202// 1166//
f 1203// 1166// 1167//
f 1167// 1166// 1185//
f 1167// 1185// 1186//
f 1186// 1185// 1244//
f 1186// 1244// 1245//
f 1245// 1244// 1364//
f 1245// 1364// 1365//
f 1365// 1364// 1497//
f 1365// 1497// 1498//
f 1498// 1497// 1670//
f 1498// 1670// 1671//
f 1671// 1670// 1856//
f 1671// 1856// 1857//
f 1857// 1856// 2029//
f 1857// 2029// 2030//
f 2030// 2029// 2258//
f 2030// 2258// 2259//
f 2259// 2258// 2507//
f 2259// 2507// 2508//
f 2508// 2507// 2652//
f 2508// 2652// 2653//
f 2653// 2652// 2790//
f 2653// 2790// 2791//
f 2791// 2790// 2908//
f 2791// 2908// 2909//
f 2909// 2908// 2949//
f 2909// 2949// 2950//
f 2950// 2949// 2931//
f 79// 80// 88//
f 79// 88// 87//
f 87// 88// 129//
f 87// 129// 128//
f 128// 129// 244//
f 128// 244// 243//
f 243// 244// 391//
f 243// 391// 390//
f 141// 142// 84//
f 141// 84// 83//
f 83// 84// 72//
f 83// 72// 71//
f 71// 72// 62//
f 71// 62// 61//
f 61// 62// 54//
f 61// 54// 53//
f 4065// 4066// 4137//
f 4065// 4137// 4136//
f 4136// 4137// 4149//
f 4136// 4149// 4148//
f 4148// 4149// 4157//
f 4148// 4157// 4156//
f 4156// 4157// 4165//
f 4156// 4165// 4164//
f 4140// 4141// 4133//
f 4140// 4133// 4132//
f 4132// 4133// 4094//
f 4132// 4094// 4093//
f 4093// 4094// 3976//
f 4093// 3976// 3975//
f 3975// 3976// 3815//
f 3975// 3815// 3814//
f 3808// 4002// 3529//
f 3529// 4002// 3510//
f 3510// 4002// 3978//
f 3510// 3978// 3429//
f 3529// 3384// 3808//
f 3808// 3384// 3357//
f 3808// 3357// 3749//
f 3749// 3357// 3243//
f 3749// 3243// 3601//
f 3517// 3319// 3738//
f 3738// 3319// 3429//
f 3738// 3429// 3893//
f 3893// 3429// 3978//
f 404// 830// 455//
f 455// 830// 914//
f 455// 914// 578//
f 578// 914// 728//
f 728// 914// 998//
f 728// 998// 870//
f 870// 998// 1107//
f 870// 1107// 3517//
f 3517// 1107// 3148//
f 3517// 3148// 3319//
f 662// 872// 462//
f 462// 872// 763//
f 462// 763// 300//
f 300// 763// 239//
f 239// 763// 682//
f 239// 682// 215//
f 215// 682// 652//
f 215// 652// 404//
f 404// 652// 799//
f 404// 799// 830//
f 3601// 3243// 3455//
f 3455// 3243// 3135//
f 3455// 3135// 3325//
f 3325// 3135// 3031//
f 3325// 3031// 662//
f 662// 3031// 970//
f 662// 970// 872//
f 3516// 869// 3517//
f 3517// 869// 870//
f 215// 404// 214//
f 214// 404// 403//
f 661// 3324// 662//
f 662// 3324// 3325//
f 4002// 3808// 4001//
f 4001// 3808// 3807//
f 1106// 3147// 1107//
f 1107// 3147// 3148//
f 651// 798// 652//
f 652// 798// 799//
f 970// 3031// 969//
f 969// 3031// 3030//
f 3384// 3529// 3383//
f 3383// 3529// 3528//
f 651// 652// 681//
f 681// 652// 682//
f 681// 682// 762//
f 762// 682// 763//
f 762// 763// 871//
f 871// 763// 872//
f 871// 872// 969//
f 969// 872// 970//
f 3030// 3031// 3134//
f 3134// 3031// 3135//
f 3134// 3135// 3242//
f 3242// 3135// 3243//
f 3242// 3243// 3356//
f 3356// 3243// 3357//
f 3356// 3357// 3383//
f 3383// 3357// 3384//
f 1106// 1107// 997//
f 997// 1107// 998//
f 997// 998// 913//
f 913// 998// 914//
f 913// 914// 829//
f 829// 914// 830//
f 829// 830// 798//
f 798// 830// 799//
f 3528// 3529// 3509//
f 3509// 3529// 3510//
f 3509// 3510// 3428//
f 3428// 3510// 3429//
f 3428// 3429// 3318//
f 3318// 3429// 3319//
f 3318// 3319// 3147//
f 3147// 3319// 3148//
f 4002// 4001// 3977//
f 4002// 3977// 3978//
f 3978// 3977// 3892//
f 3978// 3892// 3893//
f 3893// 3892// 3737//
f 3893// 3737// 3738//
f 3738// 3737// 3516//
f 3738// 3516// 3517//
f 215// 214// 238//
f 215// 238// 239//
f 239// 238// 299//
f 239// 299// 300//
f 300// 299// 461//
f 300// 461// 462//
f 462// 461// 661//
f 462// 661// 662//
f 870// 869// 727//
f 870// 727// 728//
f 728// 727// 577//
f 728// 577// 578//
f 578// 577// 454//
f 578// 454// 455//
f 455// 454// 403//
f 455// 403// 404//
f 3325// 3324// 3454//
f 3325// 3454// 3455//
f 3455// 3454// 3600//
f 3455// 3600// 3601//
f 3601// 3600// 3748//
f 3601// 3748// 3749//
f 3749// 3748// 3807//
f 3749// 3807// 3808//
f 4254// 4262// 4222//
f 4222// 4262// 4188//
f 4222// 4188// 49//
f 49// 4188// 135//
f 49// 135// 43//
f 43// 135// 37//
f 29// 37// 27//
f 27// 37// 135//
f 27// 135// 7//
f 7// 135// 69//
f 7// 69// 9//
f 9// 69// 13//
f 21// 13// 33//
f 33// 13// 69//
f 33// 69// 4198//
f 4198// 69// 4172//
f 4198// 4172// 4206//
f 4206// 4172// 4216//
f 4226// 4216// 4252//
f 4252// 4216// 4172//
f 4252// 4172// 4270//
f 4270// 4172// 4188//
f 4270// 4188// 4266//
f 4266// 4188// 4262//
f 4267// 4263// 4271//
f 4271// 4263// 4189//
f 4271// 4189// 4253//
f 4253// 4189// 4173//
f 4253// 4173// 4227//
f 4227// 4173// 4217//
f 4207// 4217// 4199//
f 4199// 4217// 4173//
f 4199// 4173// 34//
f 34// 4173// 70//
f 34// 70// 22//
f 22// 70// 14//
f 10// 14// 8//
f 8// 14// 70//
f 8// 70// 28//
f 28// 70// 136//
f 28// 136// 30//
f 30// 136// 38//
f 44// 38// 50//
f 50// 38// 136//
f 50// 136// 4223//
f 4223// 136// 4189//
f 4223// 4189// 4255//
f 4255// 4189// 4263//
f 4271// 4253// 4270//
f 4270// 4253// 4252//
f 33// 4198// 34//
f 34// 4198// 4199//
f 8// 28// 7//
f 7// 28// 27//
f 4222// 49// 4223//
f 4223// 49// 50//
f 4188// 4172// 4189//
f 4189// 4172// 4173//
f 4172// 69// 4173//
f 4173// 69// 70//
f 69// 135// 70//
f 70// 135// 136//
f 135// 4188// 136//
f 136// 4188// 4189//
f 4222// 4223// 4255//
f 4222// 4255// 4254//
f 4254// 4255// 4263//
f 4254// 4263// 4262//
f 4262// 4263// 4267//
f 4262// 4267// 4266//
f 4266// 4267// 4271//
f 4266// 4271// 4270//
f 33// 34// 22//
f 33// 22// 21//
f 21// 22// 14//
f 21// 14// 13//
f 13// 14// 10//
f 13// 10// 9//
f 9// 10// 8//
f 9// 8// 7//
f 4252// 4253// 4227//
f 4252// 4227// 4226//
f 4226// 4227// 4217//
f 4226// 4217// 4216//
f 4216// 4217// 4207//
f 4216// 4207// 4206//
f 4206// 4207// 4199//
f 4206// 4199// 4198//
f 27// 28// 30//
f 27// 30// 29//
f 29// 30// 38//
f 29// 38// 37//
f 37// 38// 44//
f 37// 44// 43//
f 43// 44// 50//
f 43// 50// 49//
f 2399// 2398// 4279//
f 4279// 2398// 4278//
f 2197// 2198// 4242//
f 4242// 2198// 4243//
f 4245// 4247// 4235//
f 4238// 4248// 4234//
f 4234// 4248// 4246//
f 4240// 4236// 4232//
f 4235// 4247// 4239//
f 4237// 4241// 4245//
f 4274// 4272// 4282//
f 4281// 4285// 4289//
f 4275// 4287// 4273//
f 4273// 4287// 4283//
f 4273// 4283// 4279//
f 4230// 4234// 4228//
f 4228// 4234// 4246//
f 4228// 4246// 4232//
f 4232// 4246// 4244//
f 4232// 4244// 4240//
f 4269// 4273// 4268//
f 4268// 4273// 4279//
f 4268// 4279// 4272//
f 4272// 4279// 4278//
f 4272// 4278// 4282//
f 4282// 4286// 4274//
f 4274// 4286// 4290//
f 4274// 4290// 4292//
f 4291// 4287// 4293//
f 4293// 4287// 4275//
f 4293// 4275// 4289//
f 4289// 4275// 4277//
f 4289// 4277// 4281//
f 4280// 4276// 4284//
f 4284// 4276// 4274//
f 4284// 4274// 4288//
f 4288// 4274// 4292//
f 4247// 4249// 4239//
f 4239// 4249// 4251//
f 4239// 4251// 4243//
f 4243// 4251// 4269//
f 4243// 4269// 4242//
f 4242// 4269// 4268//
f 4242// 4268// 4238//
f 4238// 4268// 4250//
f 4238// 4250// 4248//
f 4233// 4237// 4229//
f 4229// 4237// 4245//
f 4229// 4245// 4231//
f 4231// 4245// 4235//
f 4260// 2177// 4261//
f 4261// 2177// 2178//
f 4303// 2439// 4302//
f 4302// 2439// 2438//
f 4299// 4313// 4298//
f 4298// 4313// 4312//
f 4327// 4328// 4324//
f 4324// 4328// 4325//
f 4324// 4325// 4322//
f 4325// 4323// 4322//
f 4322// 4323// 4319//
f 4322// 4319// 4318//
f 4318// 4319// 4314//
f 4319// 4315// 4314//
f 4314// 4315// 4307//
f 4314// 4307// 4306//
f 4306// 4307// 4300//
f 4307// 4301// 4300//
f 4300// 4301// 4259//
f 4300// 4259// 4258//
f 4258// 4259// 4215//
f 2826// 2825// 4179//
f 4179// 2825// 4178//
f 4179// 4178// 4197//
f 4197// 4178// 4196//
f 4197// 4196// 4215//
f 4215// 4196// 4214//
f 4215// 4214// 4258//
f 4337// 4340// 4339//
f 4339// 4336// 4337//
f 4337// 4336// 4334//
f 4337// 4334// 4335//
f 4335// 4334// 4332//
f 4335// 4332// 4333//
f 4333// 4332// 4331//
f 4332// 4330// 4331//
f 4331// 4330// 4320//
f 4331// 4320// 4321//
f 4321// 4320// 4316//
f 3334// 3335// 4212//
f 4212// 3335// 4213//
f 4212// 4213// 4256//
f 4256// 4213// 4257//
f 4256// 4257// 4296//
f 4296// 4257// 4297//
f 4296// 4297// 4304//
f 4304// 4297// 4305//
f 4304// 4305// 4316//
f 4316// 4305// 4317//
f 4316// 4317// 4321//
f 3336// 2512// 3194//
f 3194// 2512// 2439//
f 3194// 2439// 4341//
f 4341// 2439// 4303//
f 4341// 4303// 4309//
f 4309// 4311// 4341//
f 4341// 4311// 4313//
f 4341// 4313// 4329//
f 4329// 4313// 4299//
f 4329// 4299// 4295//
f 2099// 2827// 2178//
f 2178// 2827// 2929//
f 2178// 2929// 4261//
f 4261// 2929// 4329//
f 4261// 4329// 4265//
f 4265// 4329// 4295//
f 2511// 3333// 2369//
f 2369// 3333// 3191//
f 2369// 3191// 4182//
f 4182// 3191// 4338//
f 4182// 4338// 4168//
f 4168// 4338// 4326//
f 4168// 4326// 2227//
f 2227// 4326// 2926//
f 2227// 2926// 2098//
f 2098// 2926// 2824//
f 2894// 2901// 2162//
f 2162// 2901// 2903//
f 2162// 2903// 2163//
f 2163// 2903// 2902//
f 2163// 2902// 2158//
f 2158// 2902// 2895//
f 2158// 2895// 2151//
f 2151// 2895// 2885//
f 2151// 2885// 2141//
f 2141// 2885// 2869//
f 2141// 2869// 2130//
f 2130// 2869// 2862//
f 2130// 2862// 2124//
f 2124// 2862// 2851//
f 2124// 2851// 2120//
f 2120// 2851// 2847//
f 2120// 2847// 2123//
f 2123// 2847// 2850//
f 2123// 2850// 2129//
f 2129// 2850// 2861//
f 2129// 2861// 2140//
f 2140// 2861// 2868//
f 2140// 2868// 2150//
f 2150// 2868// 2884//
f 2150// 2884// 2157//
f 2157// 2884// 2894//
f 2157// 2894// 2162//
f 2123// 2129// 2098//
f 2123// 2098// 2120//
f 2120// 2098// 2099//
f 2120// 2099// 2124//
f 2098// 2119// 2121//
f 2155// 2160// 2227//
f 2121// 2127// 2098//
f 2098// 2127// 2138//
f 2098// 2138// 2227//
f 2227// 2138// 2148//
f 2227// 2148// 2155//
f 2139// 2128// 2177//
f 2177// 2128// 2150//
f 2150// 2157// 2177//
f 2177// 2157// 2162//
f 2177// 2162// 2178//
f 2178// 2162// 2163//
f 2178// 2163// 2158//
f 2156// 2184// 2190//
f 2196// 2192// 2177//
f 2177// 2192// 2186//
f 2119// 2098// 2122//
f 2122// 2098// 2129//
f 2122// 2129// 2128//
f 2128// 2129// 2140//
f 2128// 2140// 2150//
f 2227// 2199// 2205//
f 2139// 2177// 2149//
f 2149// 2177// 2186//
f 2149// 2186// 2156//
f 2156// 2186// 2182//
f 2156// 2182// 2184//
f 2158// 2151// 2178//
f 2178// 2151// 2141//
f 2178// 2141// 2099//
f 2099// 2141// 2130//
f 2099// 2130// 2124//
f 2190// 2194// 2156//
f 2156// 2194// 2198//
f 2156// 2198// 2161//
f 2161// 2198// 2197//
f 2161// 2197// 2193//
f 2230// 2229// 2219//
f 2193// 2189// 2161//
f 2161// 2189// 2183//
f 2161// 2183// 2160//
f 2160// 2183// 2181//
f 2205// 2211// 2227//
f 2227// 2211// 2218//
f 2227// 2218// 2228//
f 2196// 2177// 2200//
f 2200// 2177// 2230//
f 2200// 2230// 2206//
f 2206// 2230// 2219//
f 2206// 2219// 2212//
f 2181// 2185// 2160//
f 2160// 2185// 2191//
f 2160// 2191// 2227//
f 2227// 2191// 2195//
f 2227// 2195// 2199//
f 2826// 2827// 2099//
f 2826// 2099// 2825//
f 2825// 2099// 2098//
f 2825// 2098// 2824//
f 4341// 4329// 4340//
f 4340// 4329// 4328//
f 4340// 4328// 4339//
f 4339// 4328// 4327//
f 4339// 4327// 4338//
f 4338// 4327// 4326//
f 3334// 3333// 2511//
f 3334// 2511// 3335//
f 3335// 2511// 2512//
f 3335// 2512// 3336//
f 2489// 2480// 2438//
f 2438// 2480// 2475//
f 2438// 2475// 2466//
f 2512// 2502// 2491//
f 2454// 2438// 2458//
f 2458// 2438// 2439//
f 2411// 2418// 2466//
f 2466// 2418// 2420//
f 2466// 2420// 2438//
f 2438// 2420// 2416//
f 2416// 2409// 2438//
f 2438// 2409// 2401//
f 2438// 2401// 2372//
f 2372// 2401// 2397//
f 2372// 2397// 2395//
f 2392// 2394// 2383//
f 2383// 2394// 2369//
f 2383// 2369// 2370//
f 2491// 2482// 2512//
f 2512// 2482// 2477//
f 2512// 2477// 2439//
f 2439// 2477// 2468//
f 2439// 2468// 2458//
f 2408// 2455// 2400//
f 2400// 2455// 2369//
f 2400// 2369// 2396//
f 2396// 2369// 2394//
f 2408// 2415// 2455//
f 2455// 2415// 2419//
f 2455// 2419// 2453//
f 2453// 2419// 2417//
f 2453// 2417// 2410//
f 2455// 2465// 2369//
f 2369// 2465// 2474//
f 2369// 2474// 2511//
f 2511// 2474// 2479//
f 2511// 2479// 2488//
f 2488// 2499// 2511//
f 2511// 2499// 2500//
f 2511// 2500// 2512//
f 2512// 2500// 2501//
f 2512// 2501// 2502//
f 2395// 2393// 2372//
f 2372// 2393// 2384//
f 2372// 2384// 2371//
f 2411// 2466// 2404//
f 2404// 2466// 2456//
f 2404// 2456// 2399//
f 2399// 2456// 2453//
f 2399// 2453// 2398//
f 2398// 2453// 2410//
f 2398// 2410// 2403//
f 2489// 2481// 2500//
f 2500// 2481// 2490//
f 2500// 2490// 2501//
f 2454// 2457// 2438//
f 2438// 2457// 2467//
f 2438// 2467// 2489//
f 2489// 2467// 2476//
f 2489// 2476// 2481//
f 3231// 2453// 3239//
f 3239// 2453// 2456//
f 3239// 2456// 3254//
f 3254// 2456// 2466//
f 3254// 2466// 3268//
f 3268// 2466// 2475//
f 3268// 2475// 3282//
f 3282// 2475// 2480//
f 3282// 2480// 3300//
f 3300// 2480// 2489//
f 3300// 2489// 3313//
f 3313// 2489// 2500//
f 3313// 2500// 3312//
f 3312// 2500// 2499//
f 3312// 2499// 3299//
f 3299// 2499// 2488//
f 3299// 2488// 3281//
f 3281// 2488// 2479//
f 3281// 2479// 3267//
f 3267// 2479// 2474//
f 3267// 2474// 3253//
f 3253// 2474// 2465//
f 3253// 2465// 3238//
f 3238// 2465// 2455//
f 3238// 2455// 3231//
f 3231// 2455// 2453//
f 3232// 2454// 3241//
f 3241// 2454// 2458//
f 3241// 2458// 3256//
f 3256// 2458// 2468//
f 3256// 2468// 3270//
f 3270// 2468// 2477//
f 3270// 2477// 3284//
f 3284// 2477// 2482//
f 3284// 2482// 3302//
f 3302// 2482// 2491//
f 3302// 2491// 3315//
f 3315// 2491// 2502//
f 3315// 2502// 3314//
f 3314// 2502// 2501//
f 3314// 2501// 3301//
f 3301// 2501// 2490//
f 3301// 2490// 3283//
f 3283// 2490// 2481//
f 3283// 2481// 3269//
f 3269// 2481// 2476//
f 3269// 2476// 3255//
f 3255// 2476// 2467//
f 3255// 2467// 3240//
f 3240// 2467// 2457//
f 3240// 2457// 3232//
f 3232// 2457// 2454//
f 2846// 2119// 2849//
f 2849// 2119// 2122//
f 2849// 2122// 2860//
f 2860// 2122// 2128//
f 2860// 2128// 2867//
f 2867// 2128// 2139//
f 2867// 2139// 2883//
f 2883// 2139// 2149//
f 2883// 2149// 2893//
f 2893// 2149// 2156//
f 2893// 2156// 2900//
f 2900// 2156// 2161//
f 2900// 2161// 2899//
f 2899// 2161// 2160//
f 2899// 2160// 2892//
f 2892// 2160// 2155//
f 2892// 2155// 2882//
f 2882// 2155// 2148//
f 2882// 2148// 2866//
f 2866// 2148// 2138//
f 2866// 2138// 2859//
f 2859// 2138// 2127//
f 2859// 2127// 2848//
f 2848// 2127// 2121//
f 2848// 2121// 2846//
f 2846// 2121// 2119//
f 4179// 2875// 2826//
f 4328// 4329// 2928//
f 2928// 4329// 2929//
f 2861// 2826// 2868//
f 2868// 2826// 2875//
f 2868// 2875// 2884//
f 2861// 2850// 2826//
f 2826// 2850// 2847//
f 2826// 2847// 2827//
f 2827// 2847// 2851//
f 2851// 2862// 2827//
f 2827// 2862// 2869//
f 2827// 2869// 2929//
f 2869// 2885// 2929//
f 2929// 2885// 2895//
f 2929// 2895// 2928//
f 2875// 2890// 2884//
f 2884// 2890// 2905//
f 2884// 2905// 2894//
f 2894// 2905// 2915//
f 2894// 2915// 2901//
f 2901// 2915// 2925//
f 2901// 2925// 2903//
f 2903// 2925// 2928//
f 2903// 2928// 2902//
f 2902// 2928// 2895//
f 2874// 4178// 2825//
f 2927// 2926// 4327//
f 4327// 2926// 4326//
f 2892// 2882// 2926//
f 2926// 2882// 2866//
f 2926// 2866// 2824//
f 2824// 2866// 2859//
f 2892// 2926// 2899//
f 2899// 2926// 2927//
f 2899// 2927// 2900//
f 2900// 2927// 2924//
f 2900// 2924// 2893//
f 2859// 2848// 2824//
f 2824// 2848// 2846//
f 2824// 2846// 2825//
f 2846// 2849// 2825//
f 2825// 2849// 2860//
f 2825// 2860// 2874//
f 2874// 2860// 2867//
f 2874// 2867// 2889//
f 2889// 2867// 2883//
f 2889// 2883// 2904//
f 2904// 2883// 2893//
f 2904// 2893// 2914//
f 2914// 2893// 2924//
f 3272// 4213// 3335//
f 3193// 3194// 4340//
f 4340// 3194// 4341//
f 3314// 3335// 3315//
f 3315// 3335// 3336//
f 3315// 3336// 3302//
f 3232// 3196// 3240//
f 3240// 3196// 3216//
f 3240// 3216// 3255//
f 3314// 3301// 3335//
f 3335// 3301// 3283//
f 3335// 3283// 3272//
f 3272// 3283// 3269//
f 3272// 3269// 3252//
f 3252// 3269// 3255//
f 3252// 3255// 3227//
f 3227// 3255// 3216//
f 3241// 3194// 3232//
f 3232// 3194// 3193//
f 3232// 3193// 3196//
f 3241// 3256// 3194//
f 3194// 3256// 3270//
f 3194// 3270// 3336//
f 3336// 3270// 3284//
f 3336// 3284// 3302//
f 4212// 3271// 3334//
f 4339// 4338// 3192//
f 3192// 4338// 3191//
f 3268// 3282// 3334//
f 3282// 3300// 3334//
f 3334// 3300// 3313//
f 3334// 3313// 3333//
f 3333// 3313// 3312//
f 3333// 3312// 3299//
f 3299// 3281// 3333//
f 3333// 3281// 3267//
f 3333// 3267// 3191//
f 3267// 3253// 3191//
f 3191// 3253// 3238//
f 3191// 3238// 3192//
f 3192// 3238// 3231//
f 3192// 3231// 3195//
f 3195// 3231// 3239//
f 3334// 3271// 3268//
f 3268// 3271// 3251//
f 3268// 3251// 3254//
f 3254// 3251// 3226//
f 3254// 3226// 3239//
f 3239// 3226// 3215//
f 3239// 3215// 3195//
f 4328// 2928// 4325//
f 4325// 2928// 2925//
f 4325// 2925// 4323//
f 2915// 2905// 4301//
f 4301// 4307// 2915//
f 2915// 4307// 4315//
f 2915// 4315// 2925//
f 2925// 4315// 4319//
f 2925// 4319// 4323//
f 2890// 2875// 4179//
f 4179// 4197// 2890//
f 2890// 4197// 4215//
f 2890// 4215// 2905//
f 2905// 4215// 4259//
f 2905// 4259// 4301//
f 4178// 2874// 4196//
f 4196// 2874// 2889//
f 4196// 2889// 4214//
f 4214// 2889// 4258//
f 4258// 2889// 2904//
f 4258// 2904// 4300//
f 4300// 2904// 4306//
f 4306// 2904// 2914//
f 4306// 2914// 4314//
f 4314// 2914// 4318//
f 4318// 2914// 2924//
f 4318// 2924// 4322//
f 4322// 2924// 4324//
f 4324// 2924// 2927//
f 4324// 2927// 4327//
f 4339// 3192// 4336//
f 4336// 3192// 3195//
f 4336// 3195// 4334//
f 3215// 3226// 4316//
f 4316// 4320// 3215//
f 3215// 4320// 4330//
f 3215// 4330// 3195//
f 3195// 4330// 4332//
f 3195// 4332// 4334//
f 3251// 3271// 4212//
f 4212// 4256// 3251//
f 3251// 4256// 4296//
f 3251// 4296// 3226//
f 3226// 4296// 4304//
f 3226// 4304// 4316//
f 4213// 3272// 4257//
f 4257// 3272// 3252//
f 4257// 3252// 4297//
f 4297// 3252// 4305//
f 4305// 3252// 3227//
f 4305// 3227// 4317//
f 4317// 3227// 4321//
f 4321// 3227// 3216//
f 4321// 3216// 4331//
f 4331// 3216// 4333//
f 4333// 3216// 3196//
f 4333// 3196// 4335//
f 4335// 3196// 4337//
f 4337// 3196// 3193//
f 4337// 3193// 4340//
f 4170// 2229// 4171//
f 4171// 2229// 2230//
f 4184// 4170// 4185//
f 4185// 4170// 4171//
f 2371// 4184// 2372//
f 2372// 4184// 4185//
f 2371// 2384// 4184//
f 4184// 2384// 4269//
f 4184// 4269// 4170//
f 4170// 4269// 4251//
f 4170// 4251// 2229//
f 2229// 4251// 2219//
f 2438// 2372// 4302//
f 4302// 2372// 4185//
f 4302// 4185// 4308//
f 2230// 2177// 4171//
f 4171// 2177// 4260//
f 4310// 4308// 4312//
f 4312// 4308// 4185//
f 4312// 4185// 4298//
f 4298// 4185// 4171//
f 4298// 4171// 4294//
f 4294// 4171// 4260//
f 4294// 4260// 4264//
f 4168// 2227// 4169//
f 4169// 2227// 2228//
f 4182// 4168// 4183//
f 4183// 4168// 4169//
f 2369// 4182// 2370//
f 2370// 4182// 4183//
f 2228// 2218// 4169//
f 4169// 2218// 4250//
f 4169// 4250// 4183//
f 4183// 4250// 4268//
f 4183// 4268// 2370//
f 2370// 4268// 2383//
f 4246// 2205// 4244//
f 4244// 2205// 2199//
f 4244// 2199// 4240//
f 4240// 2199// 2195//
f 4240// 2195// 4236//
f 4236// 2195// 2191//
f 4236// 2191// 4232//
f 4232// 2191// 2185//
f 4232// 2185// 4228//
f 4228// 2185// 2181//
f 4228// 2181// 4230//
f 4230// 2181// 2183//
f 4230// 2183// 4234//
f 4234// 2183// 2189//
f 4286// 2410// 4290//
f 4290// 2410// 2417//
f 4290// 2417// 4292//
f 4292// 2417// 2419//
f 4292// 2419// 4288//
f 4288// 2419// 2415//
f 4288// 2415// 4284//
f 4284// 2415// 2408//
f 4284// 2408// 4280//
f 4280// 2408// 2400//
f 4280// 2400// 4276//
f 4276// 2400// 2396//
f 4276// 2396// 4274//
f 4274// 2396// 2394//
f 4275// 2395// 4277//
f 4277// 2395// 2397//
f 4277// 2397// 4281//
f 4281// 2397// 2401//
f 4281// 2401// 4285//
f 4285// 2401// 2409//
f 4285// 2409// 4289//
f 4289// 2409// 2416//
f 4289// 2416// 4293//
f 4293// 2416// 2420//
f 4293// 2420// 4291//
f 4291// 2420// 2418//
f 4291// 2418// 4287//
f 4287// 2418// 2411//
f 4235// 2190// 4231//
f 4231// 2190// 2184//
f 4231// 2184// 4229//
f 4229// 2184// 2182//
f 4229// 2182// 4233//
f 4233// 2182// 2186//
f 4233// 2186// 4237//
f 4237// 2186// 2192//
f 4237// 2192// 4241//
f 4241// 2192// 2196//
f 4241// 2196// 4245//
f 4245// 2196// 2200//
f 4245// 2200// 4247//
f 4247// 2200// 2206//
f 4287// 2411// 2404//
f 4287// 2404// 4283//
f 4283// 2404// 2399//
f 4283// 2399// 4279//
f 4278// 2398// 2403//
f 4278// 2403// 4282//
f 4282// 2403// 2410//
f 4282// 2410// 4286//
f 4274// 2394// 2392//
f 4274// 2392// 4272//
f 4272// 2392// 2383//
f 4272// 2383// 4268//
f 4250// 2218// 2211//
f 4250// 2211// 4248//
f 4248// 2211// 2205//
f 4248// 2205// 4246//
f 4234// 2189// 2193//
f 4234// 2193// 4238//
f 4238// 2193// 2197//
f 4238// 2197// 4242//
f 4243// 2198// 2194//
f 4243// 2194// 4239//
f 4239// 2194// 2190//
f 4239// 2190// 4235//
f 4247// 2206// 2212//
f 4247// 2212// 4249//
f 4249// 2212// 2219//
f 4249// 2219// 4251//
f 4269// 2384// 2393//
f 4269// 2393// 4273//
f 4273// 2393// 2395//
f 4273// 2395// 4275//
f 4260// 4261// 4264//
f 4264// 4261// 4265//
f 4264// 4265// 4294//
f 4294// 4265// 4295//
f 4294// 4295// 4298//
f 4298// 4295// 4299//
f 4312// 4313// 4310//
f 4310// 4313// 4311//
f 4310// 4311// 4308//
f 4308// 4311// 4309//
f 4308// 4309// 4302//
f 4302// 4309// 4303//
f 630// 721// 723//
f 4111// 4124// 4114//
f 3322// 3274// 3278//
f 410// 359// 356//
f 1241// 1271// 1272//
f 4108// 4095// 4121//
f 4077// 4092// 4079//
f 4079// 4092// 4112//
f 4079// 4112// 4121//
f 4121// 4112// 4125//
f 4121// 4125// 4108//
f 4077// 4079// 4005//
f 4005// 4079// 3944//
f 4005// 3944// 3938//
f 3938// 3944// 3865//
f 3865// 3944// 3618//
f 3865// 3618// 3620//
f 3273// 3345// 3618//
f 3618// 3345// 3569//
f 3618// 3569// 3620//
f 2858// 2967// 2971//
f 2971// 2967// 3081//
f 2971// 3081// 3273//
f 3273// 3081// 3276//
f 3273// 3276// 3345//
f 2858// 2971// 2649//
f 2649// 2971// 2659//
f 2649// 2659// 2444//
f 2444// 2659// 2341//
f 2444// 2341// 2348//
f 2348// 2341// 2208//
f 2208// 2341// 2021//
f 2208// 2021// 2027//
f 1773// 1772// 1800//
f 1773// 1800// 2021//
f 2021// 1800// 1953//
f 2021// 1953// 2027//
f 1772// 1773// 1623//
f 1623// 1773// 1522//
f 1623// 1522// 1518//
f 1272// 1271// 1522//
f 1522// 1271// 1435//
f 1522// 1435// 1518//
f 1241// 1272// 1065//
f 1065// 1272// 1005//
f 1065// 1005// 1010//
f 1010// 1005// 858//
f 858// 1005// 725//
f 858// 725// 722//
f 180// 220// 343//
f 343// 220// 345//
f 343// 345// 725//
f 725// 345// 631//
f 725// 631// 722//
f 107// 134// 180//
f 180// 134// 186//
f 180// 186// 220//
f 117// 102// 114//
f 114// 102// 98//
f 114// 98// 107//
f 107// 98// 104//
f 107// 104// 134//
f 117// 114// 140//
f 140// 114// 193//
f 140// 193// 198//
f 356// 359// 193//
f 193// 359// 241//
f 193// 241// 198//
f 410// 356// 677//
f 677// 356// 738//
f 677// 738// 735//
f 735// 738// 894//
f 894// 738// 1025//
f 894// 1025// 1020//
f 1528// 1455// 1286//
f 1286// 1455// 1280//
f 1286// 1280// 1025//
f 1025// 1280// 1098//
f 1025// 1098// 1020//
f 1787// 1649// 1528//
f 1528// 1649// 1533//
f 1528// 1533// 1455//
f 2043// 1995// 2044//
f 2044// 1995// 1830//
f 2044// 1830// 1787//
f 1787// 1830// 1786//
f 1787// 1786// 1649//
f 2044// 2116// 2043//
f 2043// 2116// 2115//
f 2043// 2115// 2242//
f 2242// 2115// 2349//
f 2242// 2349// 2362//
f 2362// 2349// 2356//
f 2362// 2356// 2495//
f 2495// 2356// 2671//
f 2356// 2588// 2671//
f 2671// 2588// 2673//
f 2671// 2673// 2688//
f 2688// 2673// 2911//
f 2911// 2673// 2788//
f 2911// 2788// 2987//
f 2788// 2989// 2987//
f 2987// 2989// 3033//
f 2987// 3033// 3127//
f 3127// 3033// 3292//
f 3033// 3248// 3292//
f 3292// 3248// 3297//
f 3292// 3297// 3381//
f 3381// 3297// 3612//
f 3297// 3502// 3612//
f 3612// 3502// 3635//
f 3612// 3635// 3631//
f 3631// 3635// 3781//
f 3631// 3781// 3882//
f 3882// 3781// 3946//
f 3882// 3946// 3951//
f 3951// 3946// 4015//
f 4015// 3946// 3971//
f 4015// 3971// 4087//
f 3971// 4070// 4087//
f 4087// 4070// 4083//
f 4087// 4083// 4097//
f 4097// 4083// 4116//
f 4116// 4083// 4109//
f 4116// 4109// 4123//
f 4123// 4109// 4126//
f 4123// 4126// 4110//
f 3942// 4047// 4080//
f 4080// 4047// 4073//
f 4080// 4073// 4110//
f 4110// 4073// 4105//
f 4110// 4105// 4123//
f 4080// 4000// 3942//
f 3942// 4000// 3937//
f 3942// 3937// 3931//
f 3931// 3937// 3734//
f 3322// 3278// 3552//
f 3937// 3848// 3734//
f 3734// 3848// 3621//
f 3734// 3621// 3624//
f 3624// 3621// 3552//
f 3624// 3552// 3448//
f 3448// 3552// 3278//
f 3069// 2965// 3000//
f 3000// 2965// 2970//
f 3069// 3000// 3274//
f 3274// 3000// 3179//
f 3274// 3179// 3278//
f 2970// 2965// 2759//
f 2759// 2965// 2828//
f 2759// 2828// 2655//
f 2655// 2828// 2657//
f 2655// 2657// 2556//
f 2556// 2657// 2636//
f 2556// 2636// 2343//
f 2343// 2636// 2412//
f 2343// 2412// 2345//
f 1515// 1701// 1762//
f 1762// 1701// 1769//
f 1762// 1769// 1937//
f 1937// 1769// 1879//
f 1937// 1879// 2028//
f 2028// 1879// 2025//
f 2028// 2025// 2171//
f 2171// 2025// 2068//
f 2171// 2068// 2345//
f 2345// 2068// 2303//
f 2345// 2303// 2343//
f 1762// 1593// 1515//
f 1515// 1593// 1519//
f 1515// 1519// 1342//
f 1519// 1403// 1342//
f 1342// 1403// 1273//
f 1342// 1273// 1276//
f 1276// 1273// 1216//
f 1276// 1216// 1157//
f 1157// 1216// 1009//
f 1216// 1032// 1009//
f 1009// 1032// 1006//
f 1009// 1006// 960//
f 960// 1006// 759//
f 759// 1006// 823//
f 759// 823// 720//
f 720// 823// 718//
f 720// 718// 496//
f 496// 718// 591//
f 496// 591// 339//
f 339// 591// 341//
f 339// 341// 274//
f 274// 341// 319//
f 274// 319// 183//
f 319// 209// 183//
f 183// 209// 185//
f 183// 185// 169//
f 169// 185// 122//
f 122// 185// 127//
f 122// 127// 110//
f 110// 127// 108//
f 110// 108// 94//
f 94// 108// 95//
f 94// 95// 112//
f 112// 95// 113//
f 112// 113// 126//
f 126// 113// 120//
f 126// 120// 192//
f 120// 158// 192//
f 192// 158// 195//
f 192// 195// 296//
f 296// 195// 263//
f 296// 263// 355//
f 355// 263// 360//
f 355// 360// 553//
f 553// 360// 458//
f 553// 458// 737//
f 737// 458// 726//
f 737// 726// 788//
f 788// 726// 993//
f 993// 726// 938//
f 993// 938// 1024//
f 1024// 938// 1021//
f 1024// 1021// 1191//
f 1191// 1021// 1136//
f 1191// 1136// 1291//
f 1291// 1136// 1288//
f 1291// 1288// 1375//
f 1375// 1288// 1320//
f 1375// 1320// 1532//
f 1320// 1494// 1532//
f 1532// 1494// 1527//
f 1532// 1527// 1552//
f 2359// 2357// 2338//
f 1552// 1527// 1726//
f 1726// 1527// 1689//
f 1726// 1689// 1783//
f 1783// 1689// 1781//
f 1783// 1781// 1908//
f 1908// 1781// 1871//
f 1908// 1871// 2038//
f 2038// 1871// 2040//
f 2038// 2040// 2114//
f 2114// 2040// 2056//
f 2114// 2056// 2338//
f 2338// 2056// 2286//
f 2338// 2286// 2359//
f 2357// 2359// 2586//
f 2586// 2359// 2542//
f 2586// 2542// 2672//
f 2672// 2542// 2674//
f 2672// 2674// 2786//
f 2786// 2674// 2744//
f 2786// 2744// 2991//
f 2991// 2744// 2975//
f 2991// 2975// 3028//
f 3028// 2975// 3236//
f 3236// 2975// 3173//
f 3236// 3173// 3296//
f 3296// 3173// 3294//
f 3296// 3294// 3493//
f 3493// 3294// 3442//
f 3493// 3442// 3634//
f 3634// 3442// 3633//
f 3634// 3633// 3769//
f 3769// 3633// 3725//
f 3769// 3725// 3947//
f 3725// 3925// 3947//
f 3947// 3925// 3948//
f 3947// 3948// 3964//
f 4075// 4076// 4091//
f 3964// 3948// 4067//
f 4067// 3948// 4039//
f 4067// 4039// 4084//
f 4084// 4039// 4085//
f 4084// 4085// 4107//
f 4107// 4085// 4103//
f 4107// 4103// 4124//
f 4124// 4103// 4119//
f 4124// 4119// 4114//
f 4111// 4114// 4091//
f 4091// 4114// 4098//
f 4091// 4098// 4075//
f 4076// 4075// 4004//
f 4004// 4075// 4018//
f 4004// 4018// 3936//
f 3936// 4018// 3935//
f 3936// 3935// 3864//
f 3864// 3935// 3887//
f 3864// 3887// 3619//
f 3619// 3887// 3613//
f 3619// 3613// 3568//
f 3568// 3613// 3344//
f 3344// 3613// 3377//
f 3344// 3377// 3275//
f 3275// 3377// 3280//
f 3275// 3280// 3080//
f 3080// 3280// 3106//
f 3080// 3106// 2966//
f 2966// 3106// 2968//
f 2966// 2968// 2857//
f 2857// 2968// 2907//
f 2857// 2907// 2648//
f 2907// 2682// 2648//
f 2648// 2682// 2658//
f 2648// 2658// 2443//
f 2443// 2658// 2487//
f 2443// 2487// 2346//
f 2346// 2487// 2347//
f 2346// 2347// 2207//
f 2207// 2347// 2238//
f 2207// 2238// 2026//
f 2026// 2238// 2023//
f 2026// 2023// 1952//
f 1952// 2023// 1984//
f 1952// 1984// 1799//
f 1799// 1984// 1819//
f 1799// 1819// 1771//
f 1771// 1819// 1770//
f 1771// 1770// 1622//
f 1622// 1770// 1645//
f 1622// 1645// 1516//
f 1516// 1645// 1517//
f 1516// 1517// 1434//
f 1434// 1517// 1448//
f 1434// 1448// 1269//
f 1269// 1448// 1270//
f 1269// 1270// 1266//
f 723// 721// 875//
f 875// 721// 857//
f 875// 857// 1012//
f 1012// 857// 1008//
f 1012// 1008// 1085//
f 1085// 1008// 1064//
f 1085// 1064// 1266//
f 1266// 1064// 1240//
f 1266// 1240// 1269//
f 723// 653// 630//
f 630// 653// 365//
f 630// 365// 344//
f 344// 365// 342//
f 344// 342// 219//
f 219// 342// 227//
f 219// 227// 184//
f 184// 227// 187//
f 184// 187// 133//
f 133// 187// 137//
f 133// 137// 103//
f 103// 137// 105//
f 103// 105// 97//
f 97// 105// 99//
f 97// 99// 101//
f 101// 99// 100//
f 101// 100// 116//
f 116// 100// 118//
f 116// 118// 139//
f 139// 118// 138//
f 139// 138// 196//
f 196// 138// 197//
f 196// 197// 240//
f 240// 197// 231//
f 240// 231// 357//
f 357// 231// 358//
f 357// 358// 409//
f 409// 358// 384//
f 409// 384// 676//
f 676// 384// 663//
f 676// 663// 734//
f 734// 663// 733//
f 734// 733// 893//
f 893// 733// 883//
f 893// 883// 1018//
f 1018// 883// 1019//
f 1018// 1019// 1097//
f 1019// 1089// 1097//
f 1097// 1089// 1268//
f 1097// 1268// 1279//
f 1279// 1268// 1287//
f 1279// 1287// 1454//
f 1454// 1287// 1453//
f 1454// 1453// 1530//
f 1530// 1453// 1531//
f 1530// 1531// 1648//
f 1648// 1531// 1647//
f 1648// 1647// 1784//
f 1784// 1647// 1785//
f 1784// 1785// 1829//
f 1829// 1785// 1828//
f 1829// 1828// 1994//
f 1994// 1828// 1996//
f 1994// 1996// 2041//
f 2041// 1996// 2042//
f 2041// 2042// 2241//
f 2241// 2042// 2243//
f 2241// 2243// 2360//
f 2360// 2243// 2361//
f 2360// 2361// 2494//
f 2494// 2361// 2498//
f 2494// 2498// 2669//
f 2669// 2498// 2670//
f 2669// 2670// 2687//
f 2687// 2670// 2689//
f 2687// 2689// 2910//
f 2910// 2689// 2916//
f 2910// 2916// 2986//
f 2986// 2916// 2990//
f 2986// 2990// 3126//
f 3126// 2990// 3132//
f 3126// 3132// 3291//
f 3291// 3132// 3293//
f 3291// 3293// 3380//
f 3380// 3293// 3386//
f 3380// 3386// 3611//
f 3611// 3386// 3626//
f 3611// 3626// 3630//
f 3630// 3626// 3881//
f 3881// 3626// 3888//
f 3881// 3888// 3950//
f 3950// 3888// 3952//
f 3950// 3952// 4014//
f 4014// 3952// 4022//
f 4014// 4022// 4086//
f 4086// 4022// 4082//
f 4086// 4082// 4096//
f 4096// 4082// 4099//
f 4096// 4099// 4115//
f 4115// 4099// 4117//
f 4115// 4117// 4122//
f 4122// 4117// 4118//
f 4122// 4118// 4104//
f 4104// 4118// 4102//
f 4104// 4102// 4072//
f 4072// 4102// 4071//
f 4072// 4071// 4046//
f 4046// 4071// 4038//
f 4046// 4038// 3941//
f 3941// 4038// 3939//
f 3941// 3939// 3930//
f 3930// 3939// 3921//
f 3930// 3921// 3733//
f 3733// 3921// 3721//
f 3733// 3721// 3622//
f 3622// 3721// 3623//
f 3622// 3623// 3447//
f 3447// 3623// 3432//
f 3447// 3432// 3277//
f 3277// 3432// 3279//
f 3277// 3279// 3178//
f 3178// 3279// 3164//
f 3178// 3164// 2999//
f 2999// 3164// 2962//
f 2999// 2962// 2969//
f 2969// 2962// 2758//
f 2758// 2962// 2739//
f 2758// 2739// 2654//
f 2654// 2739// 2656//
f 2654// 2656// 2555//
f 2555// 2656// 2534//
f 2555// 2534// 2342//
f 2342// 2534// 2344//
f 2342// 2344// 2302//
f 2302// 2344// 2281//
f 2302// 2281// 2067//
f 2067// 2281// 2046//
f 2067// 2046// 2024//
f 2024// 2046// 2022//
f 2024// 2022// 1878//
f 1878// 2022// 1869//
f 1878// 1869// 1768//
f 1768// 1869// 1767//
f 1768// 1767// 1700//
f 1700// 1767// 1681//
f 1700// 1681// 1521//
f 1521// 1681// 1520//
f 1521// 1520// 1514//
f 1514// 1520// 1491//
f 1514// 1491// 1341//
f 1341// 1491// 1317//
f 1341// 1317// 1274//
f 1274// 1317// 1275//
f 1274// 1275// 1156//
f 1156// 1275// 1132//
f 1156// 1132// 1007//
f 1007// 1132// 1011//
f 1007// 1011// 959//
f 959// 1011// 927//
f 959// 927// 758//
f 758// 927// 724//
f 758// 724// 719//
f 719// 724// 712//
f 719// 712// 495//
f 495// 712// 448//
f 495// 448// 338//
f 338// 448// 340//
f 338// 340// 273//
f 273// 340// 257//
f 273// 257// 181//
f 181// 257// 182//
f 181// 182// 168//
f 168// 182// 157//
f 168// 157// 121//
f 121// 157// 119//
f 121// 119// 109//
f 109// 119// 106//
f 109// 106// 93//
f 93// 106// 96//
f 93// 96// 111//
f 111// 96// 115//
f 111// 115// 125//
f 125// 115// 130//
f 125// 130// 191//
f 130// 194// 191//
f 191// 194// 210//
f 191// 210// 295//
f 295// 210// 320//
f 295// 320// 354//
f 354// 320// 353//
f 354// 353// 552//
f 552// 353// 597//
f 552// 597// 736//
f 736// 597// 732//
f 736// 732// 787//
f 787// 732// 833//
f 787// 833// 992//
f 992// 833// 1022//
f 992// 1022// 1023//
f 1023// 1022// 1051//
f 1023// 1051// 1190//
f 1190// 1051// 1218//
f 1190// 1218// 1290//
f 1290// 1218// 1289//
f 1290// 1289// 1374//
f 1374// 1289// 1410//
f 1374// 1410// 1529//
f 1529// 1410// 1534//
f 1529// 1534// 1551//
f 1551// 1534// 1606//
f 1551// 1606// 1725//
f 1725// 1606// 1779//
f 1725// 1779// 1782//
f 2355// 2112// 2113//
f 1782// 1779// 1907//
f 1907// 1779// 1945//
f 1907// 1945// 2037//
f 2037// 1945// 2039//
f 2037// 2039// 2113//
f 2113// 2039// 2174//
f 2113// 2174// 2355//
f 3542// 3617// 3775//
f 3775// 3617// 3943//
f 3775// 3943// 3940//
f 4078// 4069// 3943//
f 3943// 4069// 3969//
f 3943// 3969// 3940//
f 4113// 4127// 4120//
f 4120// 4127// 4106//
f 4120// 4106// 4078//
f 4078// 4106// 4074//
f 4078// 4074// 4069//
f 4113// 4120// 4088//
f 4088// 4120// 4081//
f 4088// 4081// 4003//
f 4003// 4081// 3945//
f 4003// 3945// 3949//
f 3949// 3945// 3852//
f 3852// 3945// 3629//
f 3852// 3629// 3632//
f 3298// 3295// 3332//
f 3298// 3332// 3629//
f 3629// 3332// 3560//
f 3629// 3560// 3632//
f 3295// 3298// 3073//
f 3073// 3298// 2992//
f 3073// 2992// 2988//
f 2667// 2668// 2992//
f 2992// 2668// 2832//
f 2992// 2832// 2988//
f 2174// 2358// 2355//
f 2355// 2358// 2440//
f 2355// 2440// 2667//
f 2667// 2440// 2639//
f 2667// 2639// 2668//
f 3450// 2711// 2708//
f 2322// 2800// 2524//
f 2524// 2800// 3049//
f 2524// 3049// 2632//
f 2632// 3049// 3230//
f 2632// 3230// 2708//
f 2708// 3230// 3411//
f 2708// 3411// 3450//
f 1774// 1789// 1935//
f 1935// 1789// 1998//
f 1935// 1998// 2136//
f 2136// 1998// 2291//
f 2136// 2291// 2322//
f 2322// 2291// 2583//
f 2322// 2583// 2800//
f 1411// 967// 1492//
f 1492// 967// 1161//
f 1492// 1161// 1636//
f 1636// 1161// 1361//
f 1636// 1361// 1774//
f 1774// 1361// 1573//
f 1774// 1573// 1789//
f 1437// 835// 1387//
f 1387// 835// 754//
f 1387// 754// 1372//
f 1372// 754// 747//
f 1372// 747// 1411//
f 1411// 747// 825//
f 1411// 825// 967//
f 1831// 1592// 1675//
f 1675// 1592// 1390//
f 1675// 1390// 1539//
f 1539// 1390// 1176//
f 1539// 1176// 1437//
f 1437// 1176// 985//
f 1437// 985// 835//
f 2390// 2609// 2213//
f 2213// 2609// 2312//
f 2213// 2312// 1981//
f 1981// 2312// 2036//
f 1981// 2036// 1831//
f 1831// 2036// 1814//
f 1831// 1814// 1592//
f 3450// 3444// 2711//
f 2711// 3444// 3413//
f 2711// 3413// 2650//
f 2650// 3413// 3261//
f 2650// 3261// 2561//
f 2561// 3261// 3067//
f 2561// 3067// 2390//
f 2390// 3067// 2815//
f 2390// 2815// 2609//
f 4204// 4218// 4205//
f 4205// 4218// 4219//
f 4204// 4205// 4187//
f 4204// 4187// 4186//
f 4186// 4187// 4163//
f 4186// 4163// 4162//
f 4162// 4163// 4061//
f 4162// 4061// 4060//
f 4060// 4061// 3549//
f 4060// 3549// 3548//
f 3548// 3549// 3086//
f 3548// 3086// 3085//
f 3085// 3086// 2741//
f 3085// 2741// 2740//
f 2740// 2741// 2414//
f 2740// 2414// 2413//
f 1225// 2413// 1226//
f 1226// 2413// 2414//
f 1225// 1226// 919//
f 1225// 919// 918//
f 918// 919// 420//
f 918// 420// 419//
f 419// 420// 86//
f 419// 86// 85//
f 85// 86// 48//
f 85// 48// 47//
f 47// 48// 32//
f 47// 32// 31//
f 31// 32// 16//
f 31// 16// 15//
f 15// 16// 6//
f 15// 6// 5//
f 17// 5// 18//
f 18// 5// 6//
f 17// 18// 40//
f 17// 40// 39//
f 39// 40// 56//
f 39// 56// 55//
f 55// 56// 147//
f 55// 147// 146//
f 146// 147// 639//
f 146// 639// 638//
f 638// 639// 1050//
f 638// 1050// 1049//
f 1049// 1050// 1344//
f 1049// 1344// 1343//
f 1343// 1344// 1627//
f 1343// 1627// 1626//
f 2852// 1626// 2853//
f 2853// 1626// 1627//
f 1372// 1373// 1387//
f 1387// 1373// 1388//
f 1387// 1388// 1437//
f 1437// 1388// 1438//
f 1437// 1438// 1539//
f 1539// 1438// 1540//
f 1539// 1540// 1675//
f 1675// 1540// 1676//
f 1675// 1676// 1831//
f 1831// 1676// 1832//
f 1831// 1832// 1981//
f 1981// 1832// 1982//
f 1981// 1982// 2213//
f 2213// 1982// 2214//
f 2213// 2214// 2390//
f 2390// 2214// 2391//
f 2390// 2391// 2561//
f 2561// 2391// 2562//
f 2561// 2562// 2650//
f 2650// 2562// 2651//
f 2650// 2651// 2711//
f 2711// 2651// 2712//
f 2711// 2712// 2708//
f 2708// 2712// 2709//
f 2708// 2709// 2632//
f 2632// 2709// 2633//
f 2632// 2633// 2524//
f 2524// 2633// 2525//
f 2524// 2525// 2322//
f 2322// 2525// 2323//
f 2322// 2323// 2136//
f 2136// 2323// 2137//
f 2136// 2137// 1935//
f 1935// 2137// 1936//
f 1935// 1936// 1774//
f 1774// 1936// 1775//
f 1774// 1775// 1636//
f 1636// 1775// 1637//
f 1636// 1637// 1492//
f 1492// 1637// 1493//
f 1492// 1493// 1411//
f 1411// 1493// 1412//
f 1411// 1412// 1372//
f 1372// 1412// 1373//
f 2852// 2853// 3235//
f 2852// 3235// 3234//
f 3234// 3235// 3787//
f 3234// 3787// 3786//
f 3786// 3787// 4135//
f 3786// 4135// 4134//
f 4134// 4135// 4175//
f 4134// 4175// 4174//
f 4174// 4175// 4193//
f 4174// 4193// 4192//
f 4192// 4193// 4209//
f 4192// 4209// 4208//
f 4208// 4209// 4219//
f 4208// 4219// 4218//
f 1025// 738// 55//
f 55// 738// 39//
f 39// 738// 356//
f 39// 356// 17//
f 55// 146// 1025//
f 1025// 146// 638//
f 1025// 638// 1286//
f 1286// 638// 1049//
f 1286// 1049// 1528//
f 1528// 1049// 1343//
f 1528// 1343// 1787//
f 1787// 1343// 1626//
f 3618// 3944// 4204//
f 4204// 3944// 4079//
f 4204// 4079// 4218//
f 4079// 4121// 4218//
f 4218// 4121// 4095//
f 4218// 4095// 4208//
f 1005// 1272// 918//
f 918// 1272// 1225//
f 1272// 1522// 1225//
f 1225// 1522// 1773//
f 1225// 1773// 2413//
f 1773// 2021// 2413//
f 2413// 2021// 2341//
f 2413// 2341// 2740//
f 2740// 2341// 2659//
f 4204// 4186// 3618//
f 3618// 4186// 4162//
f 3618// 4162// 3273//
f 3273// 4162// 4060//
f 3273// 4060// 2971//
f 2971// 4060// 3548//
f 2971// 3548// 2659//
f 2659// 3548// 3085//
f 2659// 3085// 2740//
f 4095// 4023// 4208//
f 4208// 4023// 3982//
f 4208// 3982// 4192//
f 4134// 4174// 3424//
f 356// 193// 17//
f 17// 193// 114//
f 17// 114// 5//
f 5// 114// 107//
f 5// 107// 15//
f 15// 107// 180//
f 15// 180// 31//
f 31// 180// 343//
f 31// 343// 47//
f 47// 343// 725//
f 47// 725// 85//
f 85// 725// 1005//
f 85// 1005// 419//
f 419// 1005// 918//
f 3234// 3786// 2995//
f 3982// 3903// 4192//
f 4192// 3903// 3724//
f 4192// 3724// 4174//
f 4174// 3724// 3674//
f 4174// 3674// 3424//
f 3424// 3362// 4134//
f 4134// 3362// 3169//
f 4134// 3169// 3786//
f 3786// 3169// 3036//
f 3786// 3036// 2995//
f 2450// 2331// 2852//
f 2852// 2331// 2116//
f 2852// 2116// 1626//
f 1626// 2116// 2044//
f 1626// 2044// 1787//
f 2995// 2760// 3234//
f 3234// 2760// 2731//
f 3234// 2731// 2852//
f 2852// 2731// 2570//
f 2852// 2570// 2450//
f 4061// 2562// 2391//
f 1388// 1373// 18//
f 18// 1373// 1412//
f 18// 1412// 40//
f 40// 1412// 1493//
f 2214// 3086// 2391//
f 2391// 3086// 3549//
f 2391// 3549// 4061//
f 1637// 147// 1493//
f 1493// 147// 56//
f 1493// 56// 40//
f 1540// 420// 1676//
f 1676// 420// 919//
f 1676// 919// 1832//
f 1832// 919// 1226//
f 1832// 1226// 1982//
f 1982// 1226// 2414//
f 1982// 2414// 2214//
f 2214// 2414// 2741//
f 2214// 2741// 3086//
f 1438// 48// 1540//
f 1540// 48// 86//
f 1540// 86// 420//
f 1775// 1050// 1637//
f 1637// 1050// 639//
f 1637// 639// 147//
f 2525// 3787// 2323//
f 2323// 3787// 3235//
f 2323// 3235// 2137//
f 2137// 3235// 2853//
f 2137// 2853// 1936//
f 1936// 2853// 1627//
f 1936// 1627// 1775//
f 1775// 1627// 1344//
f 1775// 1344// 1050//
f 18// 6// 1388//
f 1388// 6// 16//
f 1388// 16// 1438//
f 1438// 16// 32//
f 1438// 32// 48//
f 2633// 4175// 2525//
f 2525// 4175// 4135//
f 2525// 4135// 3787//
f 4061// 4163// 2562//
f 2562// 4163// 4187//
f 2562// 4187// 2651//
f 2651// 4187// 4205//
f 2651// 4205// 2712//
f 2712// 4205// 4219//
f 2712// 4219// 2709//
f 2709// 4219// 4209//
f 2709// 4209// 2633//
f 2633// 4209// 4193//
f 2633// 4193// 4175//
f 2582// 2290// 2100//
f 1169// 1217// 1360//
f 532// 582// 824//
f 1580// 1466// 1591//
f 2799// 3298// 3048//
f 3048// 3298// 3629//
f 3048// 3629// 3229//
f 3229// 3629// 3945//
f 3229// 3945// 3410//
f 3410// 3945// 4081//
f 3410// 4081// 3449//
f 3449// 4081// 4120//
f 3449// 4120// 3443//
f 2100// 2290// 2018//
f 2018// 2290// 1997//
f 2018// 1997// 1913//
f 2582// 2100// 2799//
f 2799// 2100// 2112//
f 2799// 2112// 2355//
f 2355// 2667// 2799//
f 2799// 2667// 2992//
f 2799// 2992// 3298//
f 966// 783// 846//
f 783// 966// 685//
f 1265// 1389// 1376//
f 1376// 1389// 1591//
f 1376// 1591// 1413//
f 1413// 1591// 1466//
f 2035// 2097// 1987//
f 753// 405// 746//
f 746// 405// 367//
f 746// 367// 366//
f 818// 709// 984//
f 984// 709// 698//
f 984// 698// 834//
f 834// 698// 683//
f 834// 683// 579//
f 1096// 986// 1175//
f 1175// 986// 956//
f 1175// 956// 984//
f 984// 956// 892//
f 984// 892// 818//
f 1778// 1813// 1885//
f 1885// 1813// 2035//
f 1885// 2035// 1902//
f 1902// 2035// 1987//
f 3542// 3066// 3617//
f 3617// 3066// 3260//
f 3443// 4120// 3412//
f 3412// 4120// 4078//
f 3412// 4078// 3260//
f 3260// 4078// 3943//
f 3260// 3943// 3617//
f 846// 847// 966//
f 966// 847// 951//
f 966// 951// 1160//
f 1265// 1249// 1389//
f 1389// 1249// 1196//
f 1389// 1196// 1175//
f 1175// 1196// 1108//
f 1175// 1108// 1096//
f 1778// 1736// 1813//
f 1813// 1736// 1674//
f 1813// 1674// 1591//
f 1591// 1674// 1585//
f 1591// 1585// 1580//
f 2097// 2035// 2256//
f 2256// 2035// 2311//
f 2256// 2311// 2313//
f 2566// 2560// 2311//
f 2311// 2560// 2402//
f 2311// 2402// 2313//
f 3180// 3055// 2814//
f 2814// 3055// 3027//
f 1692// 1746// 1788//
f 1788// 1746// 1810//
f 1788// 1810// 1997//
f 1997// 1810// 1906//
f 1997// 1906// 1913//
f 1217// 1336// 1360//
f 1360// 1336// 1439//
f 1360// 1439// 1572//
f 824// 582// 966//
f 966// 582// 684//
f 966// 684// 685//
f 579// 549// 834//
f 834// 549// 482//
f 834// 482// 753//
f 753// 482// 431//
f 753// 431// 405//
f 2566// 2311// 2607//
f 2607// 2311// 2608//
f 2607// 2608// 2727//
f 1439// 1546// 1572//
f 1572// 1546// 1605//
f 1572// 1605// 1788//
f 1788// 1605// 1653//
f 1788// 1653// 1692//
f 951// 1003// 1160//
f 1160// 1003// 1063//
f 1160// 1063// 1360//
f 1360// 1063// 1164//
f 1360// 1164// 1169//
f 366// 408// 746//
f 746// 408// 447//
f 746// 447// 824//
f 824// 447// 486//
f 824// 486// 532//
f 3542// 3487// 3066//
f 3066// 3487// 3379//
f 3066// 3379// 2814//
f 2814// 3379// 3190//
f 2814// 3190// 3180//
f 3027// 3008// 2814//
f 2814// 3008// 2856//
f 2814// 2856// 2608//
f 2608// 2856// 2763//
f 2608// 2763// 2727//
f 746// 747// 753//
f 753// 747// 754//
f 753// 754// 834//
f 834// 754// 835//
f 834// 835// 984//
f 984// 835// 985//
f 984// 985// 1175//
f 1175// 985// 1176//
f 1175// 1176// 1389//
f 1389// 1176// 1390//
f 1389// 1390// 1591//
f 1591// 1390// 1592//
f 1591// 1592// 1813//
f 1813// 1592// 1814//
f 1813// 1814// 2035//
f 2035// 1814// 2036//
f 2035// 2036// 2311//
f 2311// 2036// 2312//
f 2311// 2312// 2608//
f 2608// 2312// 2609//
f 2608// 2609// 2814//
f 2814// 2609// 2815//
f 2814// 2815// 3066//
f 3066// 2815// 3067//
f 3066// 3067// 3260//
f 3260// 3067// 3261//
f 3260// 3261// 3412//
f 3412// 3261// 3413//
f 3412// 3413// 3443//
f 3443// 3413// 3444//
f 3443// 3444// 3449//
f 3449// 3444// 3450//
f 3449// 3450// 3410//
f 3410// 3450// 3411//
f 3410// 3411// 3229//
f 3229// 3411// 3230//
f 3229// 3230// 3048//
f 3048// 3230// 3049//
f 3048// 3049// 2799//
f 2799// 3049// 2800//
f 2799// 2800// 2582//
f 2582// 2800// 2583//
f 2582// 2583// 2290//
f 2290// 2583// 2291//
f 2290// 2291// 1997//
f 1997// 2291// 1998//
f 1997// 1998// 1788//
f 1788// 1998// 1789//
f 1788// 1789// 1572//
f 1572// 1789// 1573//
f 1572// 1573// 1360//
f 1360// 1573// 1361//
f 1360// 1361// 1160//
f 1160// 1361// 1161//
f 1160// 1161// 966//
f 966// 1161// 967//
f 966// 967// 824//
f 824// 967// 825//
f 824// 825// 746//
f 746// 825// 747//
f 2113// 2112// 2101//
f 2101// 2112// 2100//
f 2117// 2118// 2104//
f 2103// 2115// 2116//
f 2104// 2096// 2095//
f 2117// 2104// 2116//
f 2104// 2095// 2116//
f 2116// 2095// 2094//
f 2116// 2094// 2103//
f 3623// 3721// 3514//
f 1785// 1647// 1667//
f 1287// 1268// 1319//
f 105// 137// 269//
f 892// 819// 818//
f 2097// 2090// 1987//
f 3180// 3190// 3136//
f 3775// 3565// 3542//
f 3542// 3565// 3371//
f 3542// 3371// 3487//
f 3136// 3190// 3371//
f 3371// 3190// 3379//
f 3371// 3379// 3487//
f 3180// 3136// 3055//
f 3055// 3136// 2945//
f 3055// 2945// 3027//
f 2763// 2856// 2945//
f 2945// 2856// 3008//
f 2945// 3008// 3027//
f 2550// 2607// 2743//
f 2743// 2607// 2727//
f 2402// 2560// 2550//
f 2550// 2560// 2566//
f 2550// 2566// 2607//
f 2090// 2097// 2310//
f 2310// 2097// 2256//
f 2310// 2256// 2313//
f 1745// 1684// 1674//
f 1674// 1684// 1585//
f 1585// 1684// 1604//
f 1585// 1604// 1580//
f 1580// 1604// 1466//
f 1466// 1604// 1503//
f 1466// 1503// 1413//
f 1413// 1503// 1436//
f 1413// 1436// 1376//
f 1376// 1436// 1345//
f 1376// 1345// 1265//
f 1265// 1345// 1278//
f 1265// 1278// 1249//
f 1249// 1278// 1196//
f 1196// 1278// 1180//
f 1196// 1180// 1108//
f 1108// 1180// 1121//
f 1108// 1121// 1096//
f 1096// 1121// 986//
f 986// 1121// 1015//
f 986// 1015// 956//
f 956// 1015// 965//
f 956// 965// 892//
f 892// 965// 865//
f 892// 865// 819//
f 2349// 2318// 2356//
f 2356// 2318// 2559//
f 2788// 2673// 2559//
f 2559// 2673// 2588//
f 2559// 2588// 2356//
f 3248// 3033// 2953//
f 2953// 3033// 2989//
f 2953// 2989// 2748//
f 3635// 3502// 3378//
f 3378// 3502// 3297//
f 3378// 3297// 3146//
f 3781// 3571// 3946//
f 3946// 3571// 3812//
f 3946// 3812// 3971//
f 3971// 3812// 4070//
f 4083// 3920// 3983//
f 4080// 4110// 3984//
f 3984// 4110// 4126//
f 3984// 4126// 3983//
f 3983// 4126// 4109//
f 3983// 4109// 4083//
f 3848// 3937// 3847//
f 3847// 3937// 4000//
f 3847// 4000// 3929//
f 3322// 3552// 3417//
f 3417// 3552// 3621//
f 3417// 3621// 3616//
f 3274// 3172// 3009//
f 2828// 2965// 3009//
f 3009// 2965// 3069//
f 3009// 3069// 3274//
f 2785// 2606// 2657//
f 2028// 2171// 2164//
f 2164// 2171// 2345//
f 2164// 2345// 2373//
f 2373// 2345// 2412//
f 2373// 2412// 2606//
f 2606// 2412// 2636//
f 2606// 2636// 2657//
f 1937// 1938// 1762//
f 1762// 1938// 1780//
f 1762// 1780// 1593//
f 1519// 1618// 1403//
f 1403// 1618// 1440//
f 1403// 1440// 1273//
f 1216// 1267// 1032//
f 1032// 1267// 1100//
f 1032// 1100// 1006//
f 209// 319// 534//
f 534// 319// 341//
f 534// 341// 742//
f 742// 341// 591//
f 742// 591// 924//
f 924// 591// 718//
f 924// 718// 823//
f 108// 127// 258//
f 258// 127// 185//
f 258// 185// 323//
f 95// 225// 113//
f 113// 225// 248//
f 113// 248// 120//
f 120// 248// 158//
f 195// 286// 263//
f 263// 286// 434//
f 263// 434// 360//
f 458// 644// 726//
f 726// 644// 836//
f 726// 836// 938//
f 938// 836// 1014//
f 938// 1014// 1021//
f 1021// 1014// 1136//
f 1494// 1320// 1362//
f 1362// 1320// 1288//
f 1362// 1288// 1192//
f 1781// 1689// 1699//
f 1699// 1689// 1527//
f 1699// 1527// 1526//
f 1871// 1876// 2040//
f 2040// 1876// 2051//
f 2040// 2051// 2056//
f 2056// 2051// 2286//
f 2542// 2359// 2517//
f 2517// 2359// 2269//
f 2542// 2517// 2674//
f 2674// 2517// 2707//
f 2674// 2707// 2744//
f 2744// 2707// 2975//
f 2975// 2707// 2906//
f 2975// 2906// 3173//
f 3294// 3091// 3442//
f 3442// 3091// 3331//
f 3442// 3331// 3633//
f 3725// 3515// 3925//
f 3925// 3515// 3756//
f 3925// 3756// 3948//
f 4039// 3902// 4085//
f 4085// 3902// 3972//
f 4085// 3972// 4103//
f 4103// 3972// 4119//
f 4114// 3991// 4098//
f 4098// 3991// 3955//
f 4098// 3955// 4075//
f 4075// 3955// 3877//
f 4075// 3877// 4018//
f 4018// 3877// 3935//
f 3887// 3690// 3613//
f 3613// 3690// 3462//
f 3613// 3462// 3377//
f 3280// 3233// 3106//
f 3106// 3233// 3045//
f 3106// 3045// 2968//
f 2907// 2819// 2682//
f 2682// 2819// 2642//
f 2682// 2642// 2658//
f 1819// 1984// 1983//
f 1983// 1984// 2023//
f 1983// 2023// 2223//
f 2223// 2023// 2238//
f 2223// 2238// 2445//
f 2445// 2238// 2347//
f 2445// 2347// 2487//
f 1517// 1645// 1659//
f 1659// 1645// 1770//
f 1659// 1770// 1827//
f 1448// 1472// 1270//
f 1270// 1472// 1316//
f 1270// 1316// 1266//
f 1266// 1316// 1085//
f 723// 875// 964//
f 964// 875// 1012//
f 964// 1012// 1144//
f 653// 782// 365//
f 365// 782// 583//
f 365// 583// 342//
f 269// 137// 363//
f 363// 137// 187//
f 363// 187// 227//
f 99// 230// 100//
f 100// 230// 232//
f 100// 232// 118//
f 138// 270// 197//
f 197// 270// 364//
f 197// 364// 231//
f 231// 364// 358//
f 384// 590// 663//
f 663// 590// 789//
f 663// 789// 733//
f 883// 968// 1019//
f 1019// 968// 1150//
f 1319// 1268// 1150//
f 1150// 1268// 1089//
f 1150// 1089// 1019//
f 1667// 1647// 1475//
f 1475// 1647// 1531//
f 1475// 1531// 1453//
f 1828// 1842// 1996//
f 1996// 1842// 1993//
f 1996// 1993// 2042//
f 2243// 2235// 2361//
f 2361// 2235// 2459//
f 2361// 2459// 2498//
f 2498// 2459// 2670//
f 2689// 2646// 2916//
f 2916// 2646// 2831//
f 2916// 2831// 2990//
f 3132// 3057// 3293//
f 3293// 3057// 3259//
f 3293// 3259// 3386//
f 3386// 3259// 3626//
f 4022// 3952// 3702//
f 3702// 3952// 3888//
f 3702// 3888// 3470//
f 4117// 4099// 3960//
f 3960// 4099// 4082//
f 3960// 4082// 3880//
f 4071// 4102// 3970//
f 3970// 4102// 4118//
f 3970// 4118// 3994//
f 4038// 3896// 3939//
f 3939// 3896// 3747//
f 3514// 3721// 3747//
f 3747// 3721// 3921//
f 3747// 3921// 3939//
f 3432// 3323// 3279//
f 3279// 3323// 3084//
f 3279// 3084// 3164//
f 3164// 3084// 2962//
f 2534// 2656// 2690//
f 2690// 2656// 2739//
f 2690// 2739// 2891//
f 2046// 2281// 2263//
f 2263// 2281// 2344//
f 2263// 2344// 2513//
f 2022// 2045// 1870//
f 1681// 1767// 1870//
f 1870// 1767// 1869//
f 1870// 1869// 2022//
f 1317// 1491// 1523//
f 1523// 1491// 1520//
f 1523// 1520// 1695//
f 1011// 1132// 1179//
f 1179// 1132// 1275//
f 1179// 1275// 1358//
f 927// 1000// 724//
f 724// 1000// 828//
f 724// 828// 712//
f 712// 828// 448//
f 340// 632// 257//
f 257// 632// 428//
f 257// 428// 182//
f 157// 278// 119//
f 119// 278// 242//
f 119// 242// 106//
f 106// 242// 226//
f 130// 115// 226//
f 226// 115// 96//
f 226// 96// 106//
f 320// 210// 326//
f 326// 210// 194//
f 326// 194// 262//
f 732// 597// 752//
f 752// 597// 353//
f 752// 353// 544//
f 833// 932// 1022//
f 1022// 932// 1116//
f 1022// 1116// 1051//
f 1051// 1116// 1218//
f 1534// 1410// 1442//
f 1442// 1410// 1289//
f 1442// 1289// 1277//
f 1606// 1628// 1779//
f 1779// 1628// 1790//
f 1779// 1790// 1945//
f 2039// 1946// 2174//
f 2174// 1946// 2168//
f 2174// 2168// 2358//
f 2440// 2382// 2639//
f 2639// 2382// 2610//
f 2639// 2610// 2668//
f 2832// 2789// 2988//
f 2988// 2789// 3017//
f 2988// 3017// 3073//
f 3073// 3017// 3295//
f 3332// 3183// 3560//
f 3560// 3183// 3426//
f 3560// 3426// 3632//
f 3632// 3426// 3625//
f 3632// 3625// 3852//
f 3852// 3625// 3949//
f 4003// 3851// 4088//
f 4088// 3851// 3932//
f 4088// 3932// 4113//
f 4127// 3987// 4106//
f 4106// 3987// 3979//
f 4106// 3979// 4074//
f 4069// 3919// 3969//
f 3969// 3919// 3798//
f 3969// 3798// 3940//
f 2094// 2318// 2103//
f 2103// 2318// 2349//
f 2103// 2349// 2115//
f 2531// 2559// 2304//
f 2304// 2559// 2318//
f 2304// 2318// 2294//
f 2294// 2318// 2094//
f 2531// 2545// 2559//
f 2559// 2545// 2748//
f 2559// 2748// 2788//
f 2788// 2748// 2989//
f 2876// 2953// 2728//
f 2728// 2953// 2748//
f 2728// 2748// 2710//
f 2710// 2748// 2545//
f 2876// 2933// 2953//
f 2953// 2933// 3146//
f 2953// 3146// 3248//
f 3248// 3146// 3297//
f 3228// 3378// 3100//
f 3100// 3378// 3146//
f 3100// 3146// 3068//
f 3068// 3146// 2933//
f 3228// 3326// 3378//
f 3378// 3326// 3571//
f 3378// 3571// 3635//
f 3635// 3571// 3781//
f 3572// 3812// 3488//
f 3488// 3812// 3571//
f 3488// 3571// 3427//
f 3427// 3571// 3326//
f 3572// 3657// 3812//
f 3812// 3657// 3920//
f 3812// 3920// 4070//
f 4070// 3920// 4083//
f 3657// 3732// 3920//
f 3920// 3732// 3771//
f 3920// 3771// 3983//
f 3983// 3771// 3813//
f 3983// 3813// 3984//
f 3984// 3813// 3838//
f 3838// 3819// 3984//
f 3984// 3819// 3929//
f 3984// 3929// 4080//
f 4080// 3929// 4000//
f 3819// 3776// 3929//
f 3929// 3776// 3753//
f 3929// 3753// 3847//
f 3847// 3753// 3669//
f 3669// 3602// 3847//
f 3847// 3602// 3616//
f 3847// 3616// 3848//
f 3848// 3616// 3621//
f 3602// 3505// 3616//
f 3616// 3505// 3456//
f 3616// 3456// 3417//
f 3417// 3456// 3341//
f 3341// 3285// 3417//
f 3417// 3285// 3172//
f 3417// 3172// 3322//
f 3322// 3172// 3274//
f 3285// 3109// 3172//
f 3172// 3109// 3087//
f 3172// 3087// 3009//
f 3009// 3087// 2942//
f 2942// 2930// 3009//
f 3009// 2930// 2785//
f 3009// 2785// 2828//
f 2828// 2785// 2657//
f 2930// 2749// 2785//
f 2785// 2749// 2742//
f 2785// 2742// 2606//
f 2606// 2742// 2565//
f 2606// 2565// 2373//
f 2147// 2164// 2326//
f 2326// 2164// 2373//
f 2326// 2373// 2340//
f 2340// 2373// 2565//
f 2147// 2107// 2164//
f 2164// 2107// 1938//
f 2164// 1938// 2028//
f 2028// 1938// 1937//
f 1801// 1780// 1915//
f 1915// 1780// 1938//
f 1915// 1938// 1941//
f 1941// 1938// 2107//
f 1801// 1747// 1780//
f 1780// 1747// 1618//
f 1780// 1618// 1593//
f 1593// 1618// 1519//
f 1467// 1440// 1588//
f 1588// 1440// 1618//
f 1588// 1618// 1640//
f 1640// 1618// 1747//
f 1467// 1423// 1440//
f 1440// 1423// 1267//
f 1440// 1267// 1273//
f 1273// 1267// 1216//
f 1165// 1100// 1246//
f 1246// 1100// 1267//
f 1246// 1267// 1318//
f 1318// 1267// 1423//
f 1165// 1093// 1100//
f 1100// 1093// 924//
f 1100// 924// 1006//
f 1006// 924// 823//
f 1093// 999// 924//
f 924// 999// 928//
f 924// 928// 742//
f 742// 928// 856//
f 742// 856// 534//
f 534// 856// 772//
f 772// 703// 534//
f 534// 703// 323//
f 534// 323// 209//
f 209// 323// 185//
f 703// 600// 323//
f 323// 600// 557//
f 323// 557// 258//
f 258// 557// 465//
f 465// 440// 258//
f 258// 440// 225//
f 258// 225// 108//
f 108// 225// 95//
f 440// 392// 225//
f 225// 392// 377//
f 225// 377// 248//
f 248// 377// 396//
f 396// 415// 248//
f 248// 415// 286//
f 248// 286// 158//
f 158// 286// 195//
f 415// 471// 286//
f 286// 471// 487//
f 286// 487// 434//
f 434// 487// 605//
f 605// 627// 434//
f 434// 627// 644//
f 434// 644// 360//
f 360// 644// 458//
f 1099// 1014// 933//
f 933// 1014// 836//
f 933// 836// 781//
f 781// 836// 644//
f 781// 644// 777//
f 777// 644// 627//
f 1099// 1109// 1014//
f 1014// 1109// 1192//
f 1014// 1192// 1136//
f 1136// 1192// 1288//
f 1400// 1362// 1262//
f 1262// 1362// 1192//
f 1262// 1192// 1239//
f 1239// 1192// 1109//
f 1400// 1431// 1362//
f 1362// 1431// 1526//
f 1362// 1526// 1494//
f 1494// 1526// 1527//
f 1715// 1699// 1607//
f 1607// 1699// 1526//
f 1607// 1526// 1559//
f 1559// 1526// 1431//
f 1715// 1759// 1699//
f 1699// 1759// 1876//
f 1699// 1876// 1781//
f 1781// 1876// 1871//
f 2047// 2051// 1930//
f 1930// 2051// 1876//
f 1930// 1876// 1877//
f 1877// 1876// 1759//
f 2047// 2133// 2051//
f 2051// 2133// 2269//
f 2051// 2269// 2286//
f 2286// 2269// 2359//
f 2133// 2257// 2269//
f 2269// 2257// 2335//
f 2269// 2335// 2517//
f 2517// 2335// 2483//
f 2517// 2483// 2707//
f 2483// 2574// 2707//
f 2707// 2574// 2647//
f 2707// 2647// 2906//
f 2906// 2647// 2755//
f 2755// 2813// 2906//
f 2906// 2813// 3091//
f 2906// 3091// 3173//
f 3173// 3091// 3294//
f 2813// 2959// 3091//
f 3091// 2959// 3032//
f 3091// 3032// 3331//
f 3331// 3032// 3137//
f 3137// 3177// 3331//
f 3331// 3177// 3515//
f 3331// 3515// 3633//
f 3633// 3515// 3725//
f 3177// 3348// 3515//
f 3515// 3348// 3385//
f 3515// 3385// 3756//
f 3756// 3385// 3511//
f 3511// 3543// 3756//
f 3756// 3543// 3902//
f 3756// 3902// 3948//
f 3948// 3902// 4039//
f 3543// 3676// 3902//
f 3902// 3676// 3699//
f 3902// 3699// 3972//
f 3972// 3699// 3782//
f 3782// 3790// 3972//
f 3972// 3790// 3991//
f 3972// 3991// 4119//
f 4119// 3991// 4114//
f 3662// 3877// 3768//
f 3768// 3877// 3955//
f 3768// 3955// 3831//
f 3831// 3955// 3991//
f 3831// 3991// 3834//
f 3834// 3991// 3790//
f 3662// 3638// 3877//
f 3877// 3638// 3690//
f 3877// 3690// 3935//
f 3935// 3690// 3887//
f 3347// 3462// 3484//
f 3484// 3462// 3690//
f 3484// 3690// 3501//
f 3501// 3690// 3638//
f 3347// 3309// 3462//
f 3462// 3309// 3233//
f 3462// 3233// 3377//
f 3377// 3233// 3280//
f 2974// 3045// 3088//
f 3088// 3045// 3233//
f 3088// 3233// 3140//
f 3140// 3233// 3309//
f 2974// 2919// 3045//
f 3045// 2919// 2819//
f 3045// 2819// 2968//
f 2968// 2819// 2907//
f 2611// 2642// 2717//
f 2717// 2642// 2819//
f 2717// 2819// 2773//
f 2773// 2819// 2919//
f 2611// 2539// 2642//
f 2642// 2539// 2445//
f 2642// 2445// 2658//
f 2658// 2445// 2487//
f 2539// 2407// 2445//
f 2445// 2407// 2297//
f 2445// 2297// 2223//
f 2223// 2297// 2204//
f 2223// 2204// 1983//
f 1983// 2204// 2074//
f 2074// 1980// 1983//
f 1983// 1980// 1827//
f 1983// 1827// 1819//
f 1819// 1827// 1770//
f 1980// 1899// 1827//
f 1827// 1899// 1841//
f 1827// 1841// 1659//
f 1659// 1841// 1722//
f 1722// 1677// 1659//
f 1659// 1677// 1472//
f 1659// 1472// 1517//
f 1517// 1472// 1448//
f 1677// 1562// 1472//
f 1472// 1562// 1502//
f 1472// 1502// 1316//
f 1316// 1502// 1397//
f 1397// 1359// 1316//
f 1316// 1359// 1144//
f 1316// 1144// 1085//
f 1085// 1144// 1012//
f 1359// 1219// 1144//
f 1144// 1219// 1199//
f 1144// 1199// 964//
f 964// 1199// 1074//
f 1074// 1058// 964//
f 964// 1058// 782//
f 964// 782// 723//
f 723// 782// 653//
f 1058// 915// 782//
f 782// 915// 886//
f 782// 886// 583//
f 583// 886// 755//
f 755// 745// 583//
f 583// 745// 363//
f 583// 363// 342//
f 342// 363// 227//
f 459// 269// 586//
f 586// 269// 363//
f 586// 363// 589//
f 589// 363// 745//
f 459// 449// 269//
f 269// 449// 230//
f 269// 230// 105//
f 105// 230// 99//
f 395// 232// 381//
f 381// 232// 230//
f 381// 230// 389//
f 389// 230// 449//
f 395// 411// 232//
f 232// 411// 270//
f 232// 270// 118//
f 118// 270// 138//
f 592// 364// 483//
f 483// 364// 270//
f 483// 270// 460//
f 460// 270// 411//
f 592// 635// 364//
f 364// 635// 590//
f 364// 590// 358//
f 358// 590// 384//
f 903// 789// 793//
f 793// 789// 590//
f 793// 590// 751//
f 751// 590// 635//
f 903// 961// 789//
f 789// 961// 968//
f 789// 968// 733//
f 733// 968// 883//
f 961// 1062// 968//
f 968// 1062// 1133//
f 968// 1133// 1150//
f 1150// 1133// 1207//
f 1150// 1207// 1319//
f 1319// 1207// 1295//
f 1295// 1363// 1319//
f 1319// 1363// 1475//
f 1319// 1475// 1287//
f 1287// 1475// 1453//
f 1363// 1445// 1475//
f 1475// 1445// 1506//
f 1475// 1506// 1667//
f 1667// 1506// 1629//
f 1629// 1680// 1667//
f 1667// 1680// 1842//
f 1667// 1842// 1785//
f 1785// 1842// 1828//
f 1680// 1791// 1842//
f 1842// 1791// 1848//
f 1842// 1848// 1993//
f 1993// 1848// 1942//
f 1942// 1990// 1993//
f 1993// 1990// 2235//
f 1993// 2235// 2042//
f 2042// 2235// 2243//
f 1990// 2165// 2235//
f 2235// 2165// 2222//
f 2235// 2222// 2459//
f 2459// 2222// 2374//
f 2374// 2432// 2459//
f 2459// 2432// 2646//
f 2459// 2646// 2670//
f 2670// 2646// 2689//
f 2432// 2601// 2646//
f 2646// 2601// 2616//
f 2646// 2616// 2831//
f 2831// 2616// 2779//
f 2779// 2784// 2831//
f 2831// 2784// 3057//
f 2831// 3057// 2990//
f 2990// 3057// 3132//
f 3145// 3259// 3003//
f 3003// 3259// 3057//
f 3003// 3057// 2998//
f 2998// 3057// 2784//
f 3145// 3152// 3259//
f 3259// 3152// 3470//
f 3259// 3470// 3626//
f 3626// 3470// 3888//
f 3508// 3702// 3372//
f 3372// 3702// 3470//
f 3372// 3470// 3353//
f 3353// 3470// 3152//
f 3508// 3525// 3702//
f 3702// 3525// 3880//
f 3702// 3880// 4022//
f 4022// 3880// 4082//
f 3774// 3960// 3696//
f 3696// 3960// 3880//
f 3696// 3880// 3663//
f 3663// 3880// 3525//
f 3774// 3795// 3960//
f 3960// 3795// 3994//
f 3960// 3994// 4117//
f 4117// 3994// 4118//
f 3785// 3970// 3826//
f 3826// 3970// 3994//
f 3826// 3994// 3837//
f 3837// 3994// 3795//
f 3785// 3759// 3970//
f 3970// 3759// 3896//
f 3970// 3896// 4071//
f 4071// 3896// 4038//
f 3759// 3691// 3896//
f 3896// 3691// 3605//
f 3896// 3605// 3747//
f 3747// 3605// 3536//
f 3747// 3536// 3514//
f 3514// 3536// 3451//
f 3451// 3382// 3514//
f 3514// 3382// 3323//
f 3514// 3323// 3623//
f 3623// 3323// 3432//
f 3382// 3264// 3323//
f 3323// 3264// 3171//
f 3323// 3171// 3084//
f 3084// 3171// 3070//
f 3070// 3024// 3084//
f 3084// 3024// 2891//
f 3084// 2891// 2962//
f 2962// 2891// 2739//
f 3024// 2877// 2891//
f 2891// 2877// 2805//
f 2891// 2805// 2690//
f 2690// 2805// 2692//
f 2692// 2645// 2690//
f 2690// 2645// 2513//
f 2690// 2513// 2534//
f 2534// 2513// 2344//
f 2645// 2514// 2513//
f 2513// 2514// 2478//
f 2513// 2478// 2263//
f 2263// 2478// 2270//
f 2270// 2249// 2263//
f 2263// 2249// 2045//
f 2263// 2045// 2046//
f 2046// 2045// 2022//
f 2249// 2048// 2045//
f 2045// 2048// 2034//
f 2045// 2034// 1870//
f 1870// 2034// 1873//
f 1873// 1872// 1870//
f 1870// 1872// 1695//
f 1870// 1695// 1681//
f 1681// 1695// 1520//
f 1555// 1523// 1705//
f 1705// 1523// 1695//
f 1705// 1695// 1710//
f 1710// 1695// 1872//
f 1555// 1543// 1523//
f 1523// 1543// 1358//
f 1523// 1358// 1317//
f 1317// 1358// 1275//
f 1231// 1179// 1380//
f 1380// 1179// 1358//
f 1380// 1358// 1396//
f 1396// 1358// 1543//
f 1231// 1204// 1179//
f 1179// 1204// 1000//
f 1179// 1000// 1011//
f 1011// 1000// 927//
f 931// 828// 1055//
f 1055// 828// 1000//
f 1055// 1000// 1088//
f 1088// 1000// 1204//
f 931// 880// 828//
f 828// 880// 632//
f 828// 632// 448//
f 448// 632// 340//
f 621// 428// 715//
f 715// 428// 632//
f 715// 632// 780//
f 780// 632// 880//
f 621// 566// 428//
f 428// 566// 278//
f 428// 278// 182//
f 182// 278// 157//
f 566// 479// 278//
f 278// 479// 443//
f 278// 443// 242//
f 242// 443// 414//
f 242// 414// 226//
f 226// 414// 372//
f 372// 378// 226//
f 226// 378// 262//
f 226// 262// 130//
f 130// 262// 194//
f 378// 416// 262//
f 262// 416// 446//
f 262// 446// 326//
f 326// 446// 515//
f 515// 560// 326//
f 326// 560// 544//
f 326// 544// 320//
f 320// 544// 353//
f 560// 658// 544//
f 544// 658// 708//
f 544// 708// 752//
f 752// 708// 820//
f 820// 868// 752//
f 752// 868// 932//
f 752// 932// 732//
f 732// 932// 833//
f 868// 977// 932//
f 932// 977// 1013//
f 932// 1013// 1116//
f 1116// 1013// 1151//
f 1151// 1168// 1116//
f 1116// 1168// 1277//
f 1116// 1277// 1218//
f 1218// 1277// 1289//
f 1168// 1313// 1277//
f 1277// 1313// 1323//
f 1277// 1323// 1442//
f 1442// 1323// 1468//
f 1468// 1471// 1442//
f 1442// 1471// 1628//
f 1442// 1628// 1534//
f 1534// 1628// 1606//
f 1805// 1790// 1650//
f 1650// 1790// 1628//
f 1650// 1628// 1646//
f 1646// 1628// 1471//
f 1805// 1820// 1790//
f 1790// 1820// 1946//
f 1790// 1946// 1945//
f 1945// 1946// 2039//
f 2159// 2168// 1977//
f 1977// 2168// 1946//
f 1977// 1946// 1947//
f 1947// 1946// 1820//
f 2159// 2201// 2168//
f 2168// 2201// 2382//
f 2168// 2382// 2358//
f 2358// 2382// 2440//
f 2573// 2610// 2435//
f 2435// 2610// 2382//
f 2435// 2382// 2354//
f 2354// 2382// 2201//
f 2573// 2624// 2610//
f 2610// 2624// 2789//
f 2610// 2789// 2668//
f 2668// 2789// 2832//
f 2938// 3017// 2794//
f 2794// 3017// 2789//
f 2794// 2789// 2747//
f 2747// 2789// 2624//
f 2938// 3021// 3017//
f 3017// 3021// 3183//
f 3017// 3183// 3295//
f 3295// 3183// 3332//
f 3021// 3094// 3183//
f 3183// 3094// 3174//
f 3183// 3174// 3426//
f 3426// 3174// 3303//
f 3426// 3303// 3625//
f 3625// 3303// 3397//
f 3397// 3459// 3625//
f 3625// 3459// 3851//
f 3625// 3851// 3949//
f 3949// 3851// 4003//
f 3459// 3555// 3851//
f 3851// 3555// 3608//
f 3851// 3608// 3932//
f 3932// 3608// 3726//
f 3726// 3757// 3932//
f 3932// 3757// 3987//
f 3932// 3987// 4113//
f 4113// 3987// 4127//
f 3757// 3809// 3987//
f 3987// 3809// 3822//
f 3987// 3822// 3979//
f 3979// 3822// 3816//
f 3816// 3801// 3979//
f 3979// 3801// 3919//
f 3979// 3919// 4074//
f 4074// 3919// 4069//
f 3801// 3744// 3919//
f 3919// 3744// 3731//
f 3919// 3731// 3798//
f 3798// 3731// 3594//
f 3594// 3570// 3798//
f 3798// 3570// 3565//
f 3798// 3565// 3940//
f 3940// 3565// 3775//
f 3570// 3433// 3565//
f 3565// 3433// 3420//
f 3565// 3420// 3371//
f 3371// 3420// 3217//
f 3371// 3217// 3136//
f 2865// 2945// 3050//
f 3050// 2945// 3136//
f 3050// 3136// 3056//
f 3056// 3136// 3217//
f 2865// 2833// 2945//
f 2945// 2833// 2743//
f 2945// 2743// 2763//
f 2763// 2743// 2727//
f 2523// 2550// 2660//
f 2660// 2550// 2743//
f 2660// 2743// 2691//
f 2691// 2743// 2833//
f 2523// 2484// 2550//
f 2550// 2484// 2310//
f 2550// 2310// 2402//
f 2402// 2310// 2313//
f 1674// 1736// 1745//
f 1745// 1736// 1778//
f 1745// 1778// 1862//
f 1862// 1778// 1885//
f 1862// 1885// 1905//
f 1905// 1885// 1902//
f 1905// 1902// 2009//
f 2009// 1902// 1987//
f 2009// 1987// 2077//
f 2077// 1987// 2090//
f 2077// 2090// 2246//
f 2246// 2090// 2310//
f 2246// 2310// 2287//
f 2287// 2310// 2484//
f 405// 431// 432//
f 699// 709// 866//
f 866// 709// 818//
f 866// 818// 819//
f 579// 683// 699//
f 699// 683// 698//
f 699// 698// 709//
f 432// 431// 550//
f 550// 431// 482//
f 550// 482// 549//
f 582// 532// 533//
f 533// 532// 486//
f 533// 486// 429//
f 429// 486// 447//
f 429// 447// 426//
f 426// 447// 408//
f 426// 408// 368//
f 368// 408// 366//
f 368// 366// 367//
f 686// 685// 684//
f 582// 533// 684//
f 684// 533// 674//
f 684// 674// 686//
f 685// 686// 783//
f 783// 686// 826//
f 783// 826// 846//
f 846// 826// 847//
f 847// 826// 848//
f 847// 848// 951//
f 951// 848// 975//
f 951// 975// 1003//
f 1003// 975// 1004//
f 1003// 1004// 1063//
f 1063// 1004// 1137//
f 1063// 1137// 1164//
f 1164// 1137// 1170//
f 1164// 1170// 1169//
f 1169// 1170// 1217//
f 1217// 1170// 1298//
f 1217// 1298// 1336//
f 2094// 2095// 2294//
f 2294// 2095// 2305//
f 2710// 2545// 2546//
f 2546// 2545// 2531//
f 2546// 2531// 2305//
f 2305// 2531// 2304//
f 2305// 2304// 2294//
f 2728// 2729// 2876//
f 2876// 2729// 2934//
f 2876// 2934// 2933//
f 2933// 2934// 3068//
f 3100// 3101// 3228//
f 3228// 3101// 3327//
f 3228// 3327// 3326//
f 3326// 3327// 3427//
f 3488// 3489// 3572//
f 3572// 3489// 3658//
f 3572// 3658// 3657//
f 3657// 3658// 3732//
f 3776// 3819// 3839//
f 3839// 3819// 3838//
f 3839// 3838// 3772//
f 3772// 3838// 3813//
f 3772// 3813// 3771//
f 3753// 3777// 3669//
f 3669// 3777// 3670//
f 3669// 3670// 3602//
f 3602// 3670// 3505//
f 3456// 3506// 3341//
f 3341// 3506// 3342//
f 3341// 3342// 3285//
f 3285// 3342// 3109//
f 2943// 2750// 2749//
f 3087// 3110// 2942//
f 2942// 3110// 2943//
f 2942// 2943// 2930//
f 2930// 2943// 2749//
f 2327// 2340// 2563//
f 2563// 2340// 2565//
f 2563// 2565// 2750//
f 2750// 2565// 2742//
f 2750// 2742// 2749//
f 1941// 2107// 2108//
f 2108// 2107// 2147//
f 2108// 2147// 2327//
f 2327// 2147// 2326//
f 2327// 2326// 2340//
f 1915// 1916// 1801//
f 1801// 1916// 1748//
f 1801// 1748// 1747//
f 1747// 1748// 1640//
f 1588// 1589// 1467//
f 1467// 1589// 1424//
f 1467// 1424// 1423//
f 1423// 1424// 1318//
f 1246// 1247// 1165//
f 1165// 1247// 1094//
f 1165// 1094// 1093//
f 1093// 1094// 999//
f 600// 703// 773//
f 773// 703// 772//
f 773// 772// 929//
f 929// 772// 856//
f 929// 856// 928//
f 557// 601// 465//
f 465// 601// 466//
f 465// 466// 440//
f 440// 466// 392//
f 377// 393// 396//
f 396// 393// 397//
f 396// 397// 415//
f 415// 397// 471//
f 606// 605// 472//
f 472// 605// 487//
f 1099// 933// 936//
f 936// 933// 781//
f 936// 781// 778//
f 778// 781// 777//
f 778// 777// 606//
f 606// 777// 627//
f 606// 627// 605//
f 1109// 1110// 1239//
f 1239// 1110// 1263//
f 1239// 1263// 1262//
f 1262// 1263// 1400//
f 1431// 1432// 1559//
f 1559// 1432// 1608//
f 1559// 1608// 1607//
f 1607// 1608// 1715//
f 1759// 1760// 1877//
f 1877// 1760// 1931//
f 1877// 1931// 1930//
f 1930// 1931// 2047//
f 2133// 2134// 2257//
f 2257// 2134// 2336//
f 2257// 2336// 2335//
f 2335// 2336// 2483//
f 2959// 2813// 2756//
f 2756// 2813// 2755//
f 2756// 2755// 2575//
f 2575// 2755// 2647//
f 2575// 2647// 2574//
f 3032// 2960// 3137//
f 3137// 2960// 3138//
f 3137// 3138// 3177//
f 3177// 3138// 3348//
f 3512// 3511// 3349//
f 3349// 3511// 3385//
f 3782// 3699// 3677//
f 3677// 3699// 3676//
f 3677// 3676// 3512//
f 3512// 3676// 3543//
f 3512// 3543// 3511//
f 3831// 3834// 3835//
f 3835// 3834// 3790//
f 3835// 3790// 3783//
f 3768// 3764// 3662//
f 3662// 3764// 3639//
f 3662// 3639// 3638//
f 3638// 3639// 3501//
f 3484// 3485// 3347//
f 3347// 3485// 3310//
f 2974// 3088// 3089//
f 3089// 3088// 3140//
f 3089// 3140// 3310//
f 3310// 3140// 3309//
f 3310// 3309// 3347//
f 2919// 2920// 2773//
f 2773// 2920// 2718//
f 2773// 2718// 2717//
f 2717// 2718// 2611//
f 2539// 2540// 2407//
f 2407// 2540// 2298//
f 2407// 2298// 2297//
f 2297// 2298// 2204//
f 1722// 1841// 1900//
f 1900// 1841// 1899//
f 1900// 1899// 2075//
f 2075// 1899// 1980//
f 2075// 1980// 2074//
f 1563// 1562// 1723//
f 1723// 1562// 1677//
f 1219// 1359// 1398//
f 1398// 1359// 1397//
f 1398// 1397// 1563//
f 1563// 1397// 1502//
f 1563// 1502// 1562//
f 1199// 1220// 1074//
f 1074// 1220// 1075//
f 1074// 1075// 1058//
f 1058// 1075// 915//
f 886// 916// 755//
f 755// 916// 756//
f 755// 756// 745//
f 745// 756// 589//
f 586// 587// 459//
f 459// 587// 450//
f 395// 381// 382//
f 382// 381// 389//
f 382// 389// 450//
f 450// 389// 449//
f 450// 449// 459//
f 411// 412// 460//
f 460// 412// 484//
f 460// 484// 483//
f 483// 484// 592//
f 635// 636// 751//
f 751// 636// 794//
f 751// 794// 793//
f 793// 794// 903//
f 961// 962// 1062//
f 1062// 962// 1134//
f 1062// 1134// 1133//
f 1133// 1134// 1207//
f 1446// 1445// 1296//
f 1296// 1445// 1363//
f 1296// 1363// 1295//
f 1791// 1680// 1630//
f 1630// 1680// 1629//
f 1630// 1629// 1446//
f 1446// 1629// 1506//
f 1446// 1506// 1445//
f 1848// 1792// 1942//
f 1942// 1792// 1943//
f 1942// 1943// 1990//
f 1990// 1943// 2165//
f 2222// 2166// 2374//
f 2374// 2166// 2375//
f 2374// 2375// 2432//
f 2432// 2375// 2601//
f 2784// 2779// 2780//
f 2780// 2779// 2616//
f 2780// 2616// 2602//
f 3353// 3152// 3153//
f 3153// 3152// 3145//
f 3153// 3145// 3004//
f 3004// 3145// 3003//
f 3004// 3003// 2998//
f 3372// 3373// 3508//
f 3508// 3373// 3526//
f 3508// 3526// 3525//
f 3525// 3526// 3663//
f 3696// 3697// 3774//
f 3774// 3697// 3796//
f 3774// 3796// 3795//
f 3795// 3796// 3837//
f 3826// 3827// 3785//
f 3785// 3827// 3760//
f 3785// 3760// 3759//
f 3759// 3760// 3691//
f 3605// 3606// 3536//
f 3536// 3606// 3452//
f 3536// 3452// 3451//
f 3265// 3264// 3452//
f 3452// 3264// 3382//
f 3452// 3382// 3451//
f 2877// 3024// 3071//
f 3071// 3024// 3070//
f 3071// 3070// 3265//
f 3265// 3070// 3171//
f 3265// 3171// 3264//
f 2805// 2878// 2692//
f 2692// 2878// 2693//
f 2692// 2693// 2645//
f 2645// 2693// 2514//
f 2478// 2515// 2270//
f 2270// 2515// 2271//
f 2270// 2271// 2249//
f 2249// 2271// 2048//
f 2034// 2049// 1874//
f 1710// 1872// 1874//
f 1874// 1872// 1873//
f 1874// 1873// 2034//
f 1705// 1706// 1555//
f 1555// 1706// 1544//
f 1555// 1544// 1543//
f 1543// 1544// 1396//
f 1380// 1381// 1231//
f 1231// 1381// 1205//
f 1231// 1205// 1204//
f 1204// 1205// 1088//
f 1055// 1056// 931//
f 931// 1056// 881//
f 931// 881// 880//
f 880// 881// 780//
f 715// 716// 621//
f 621// 716// 567//
f 444// 479// 567//
f 567// 479// 566//
f 567// 566// 621//
f 373// 414// 444//
f 444// 414// 443//
f 444// 443// 479//
f 416// 378// 373//
f 373// 378// 372//
f 373// 372// 414//
f 446// 417// 515//
f 515// 417// 516//
f 515// 516// 560//
f 560// 516// 658//
f 708// 659// 820//
f 820// 659// 821//
f 820// 821// 868//
f 868// 821// 977//
f 1013// 978// 1151//
f 1151// 978// 1152//
f 1151// 1152// 1168//
f 1168// 1152// 1313//
f 1323// 1314// 1468//
f 1468// 1314// 1469//
f 1468// 1469// 1471//
f 1471// 1469// 1646//
f 1650// 1651// 1805//
f 1805// 1651// 1821//
f 1805// 1821// 1820//
f 1820// 1821// 1947//
f 1977// 1978// 2159//
f 2159// 1978// 2202//
f 2159// 2202// 2201//
f 2201// 2202// 2354//
f 2435// 2436// 2573//
f 2573// 2436// 2625//
f 2938// 2794// 2795//
f 2795// 2794// 2747//
f 2795// 2747// 2625//
f 2625// 2747// 2624//
f 2625// 2624// 2573//
f 3021// 3022// 3094//
f 3094// 3022// 3175//
f 3397// 3303// 3175//
f 3175// 3303// 3174//
f 3175// 3174// 3094//
f 3459// 3398// 3555//
f 3555// 3398// 3556//
f 3555// 3556// 3608//
f 3608// 3556// 3726//
f 3810// 3809// 3727//
f 3727// 3809// 3757//
f 3744// 3801// 3817//
f 3817// 3801// 3816//
f 3817// 3816// 3810//
f 3810// 3816// 3822//
f 3810// 3822// 3809//
f 3731// 3745// 3594//
f 3594// 3745// 3595//
f 3594// 3595// 3570//
f 3570// 3595// 3433//
f 3056// 3217// 3222//
f 3222// 3217// 3420//
f 3222// 3420// 3434//
f 3050// 3051// 2865//
f 2865// 3051// 2834//
f 2865// 2834// 2833//
f 2833// 2834// 2691//
f 2660// 2661// 2523//
f 2523// 2661// 2485//
f 2077// 2246// 2247//
f 2247// 2246// 2287//
f 2247// 2287// 2485//
f 2485// 2287// 2484//
f 2485// 2484// 2523//
f 2009// 2010// 1905//
f 1905// 2010// 1863//
f 1905// 1863// 1862//
f 1862// 1863// 1745//
f 1684// 1685// 1604//
f 1604// 1685// 1504//
f 1345// 1436// 1504//
f 1504// 1436// 1503//
f 1504// 1503// 1604//
f 1181// 1180// 1346//
f 1346// 1180// 1278//
f 865// 965// 1016//
f 1016// 965// 1015//
f 1016// 1015// 1181//
f 1181// 1015// 1121//
f 1181// 1121// 1180//
f 2527// 2546// 2306//
f 2306// 2546// 2305//
f 2306// 2305// 2293//
f 2293// 2305// 2095//
f 2293// 2095// 2096//
f 2527// 2547// 2546//
f 2546// 2547// 2729//
f 2546// 2729// 2710//
f 2710// 2729// 2728//
f 2547// 2706// 2729//
f 2729// 2706// 2730//
f 2729// 2730// 2934//
f 2934// 2730// 2873//
f 2873// 2935// 2934//
f 2934// 2935// 3101//
f 2934// 3101// 3068//
f 3068// 3101// 3100//
f 2935// 3062// 3101//
f 3101// 3062// 3102//
f 3101// 3102// 3327//
f 3327// 3102// 3225//
f 3225// 3328// 3327//
f 3327// 3328// 3489//
f 3327// 3489// 3427//
f 3427// 3489// 3488//
f 3328// 3419// 3489//
f 3489// 3419// 3490//
f 3489// 3490// 3658//
f 3658// 3490// 3567//
f 3658// 3567// 3659//
f 3659// 3730// 3658//
f 3658// 3730// 3772//
f 3658// 3772// 3732//
f 3732// 3772// 3771//
f 3840// 3839// 3803//
f 3803// 3839// 3772//
f 3803// 3772// 3773//
f 3773// 3772// 3730//
f 3840// 3821// 3839//
f 3839// 3821// 3777//
f 3839// 3777// 3776//
f 3776// 3777// 3753//
f 3671// 3670// 3758//
f 3758// 3670// 3777//
f 3758// 3777// 3778//
f 3778// 3777// 3821//
f 3671// 3615// 3670//
f 3670// 3615// 3506//
f 3670// 3506// 3505//
f 3505// 3506// 3456//
f 3343// 3342// 3469//
f 3469// 3342// 3506//
f 3469// 3506// 3507//
f 3507// 3506// 3615//
f 3343// 3317// 3342//
f 3342// 3317// 3110//
f 3342// 3110// 3109//
f 3109// 3110// 3087//
f 3317// 3111// 3110//
f 3110// 3111// 3099//
f 3110// 3099// 2943//
f 2943// 3099// 2944//
f 2943// 2944// 2750//
f 2944// 2751// 2750//
f 2750// 2751// 2585//
f 2750// 2585// 2563//
f 2563// 2585// 2564//
f 2563// 2564// 2327//
f 2564// 2368// 2327//
f 2327// 2368// 2328//
f 2327// 2328// 2108//
f 2108// 2328// 2170//
f 2170// 2109// 2108//
f 2108// 2109// 1916//
f 2108// 1916// 1941//
f 1941// 1916// 1915//
f 2109// 1949// 1916//
f 1916// 1949// 1917//
f 1916// 1917// 1748//
f 1748// 1917// 1818//
f 1818// 1749// 1748//
f 1748// 1749// 1589//
f 1748// 1589// 1640//
f 1640// 1589// 1588//
f 1749// 1661// 1589//
f 1589// 1661// 1590//
f 1589// 1590// 1424//
f 1424// 1590// 1490//
f 1424// 1490// 1425//
f 1425// 1340// 1424//
f 1424// 1340// 1247//
f 1424// 1247// 1318//
f 1318// 1247// 1246//
f 1095// 1094// 1184//
f 1184// 1094// 1247//
f 1184// 1247// 1248//
f 1248// 1247// 1340//
f 1095// 1036// 1094//
f 1094// 1036// 929//
f 1094// 929// 999//
f 999// 929// 928//
f 774// 773// 877//
f 877// 773// 929//
f 877// 929// 930//
f 930// 929// 1036//
f 774// 729// 773//
f 773// 729// 601//
f 773// 601// 600//
f 600// 601// 557//
f 467// 466// 574//
f 574// 466// 601//
f 574// 601// 602//
f 602// 601// 729//
f 467// 453// 466//
f 466// 453// 393//
f 466// 393// 392//
f 392// 393// 377//
f 398// 397// 386//
f 386// 397// 393//
f 386// 393// 394//
f 394// 393// 453//
f 398// 400// 397//
f 397// 400// 472//
f 397// 472// 471//
f 471// 472// 487//
f 400// 473// 472//
f 472// 473// 596//
f 472// 596// 606//
f 606// 596// 607//
f 606// 607// 778//
f 607// 761// 778//
f 778// 761// 779//
f 778// 779// 936//
f 936// 779// 912//
f 912// 937// 936//
f 936// 937// 1110//
f 936// 1110// 1099//
f 1099// 1110// 1109//
f 937// 1067// 1110//
f 1110// 1067// 1111//
f 1110// 1111// 1263//
f 1263// 1111// 1211//
f 1211// 1264// 1263//
f 1263// 1264// 1432//
f 1263// 1432// 1400//
f 1400// 1432// 1431//
f 1264// 1367// 1432//
f 1432// 1367// 1433//
f 1432// 1433// 1608//
f 1608// 1433// 1513//
f 1608// 1513// 1609//
f 1609// 1683// 1608//
f 1608// 1683// 1760//
f 1608// 1760// 1715//
f 1715// 1760// 1759//
f 1932// 1931// 1850//
f 1850// 1931// 1760//
f 1850// 1760// 1761//
f 1761// 1760// 1683//
f 1932// 1989// 1931//
f 1931// 1989// 2134//
f 1931// 2134// 2047//
f 2047// 2134// 2133//
f 2337// 2336// 2221//
f 2221// 2336// 2134//
f 2221// 2134// 2135//
f 2135// 2134// 1989//
f 2337// 2421// 2336//
f 2336// 2421// 2575//
f 2336// 2575// 2483//
f 2483// 2575// 2574//
f 2757// 2756// 2615//
f 2615// 2756// 2575//
f 2615// 2575// 2576//
f 2576// 2575// 2421//
f 2757// 2783// 2756//
f 2756// 2783// 2960//
f 2756// 2960// 2959//
f 2959// 2960// 3032//
f 3139// 3138// 2994//
f 2994// 3138// 2960//
f 2994// 2960// 2961//
f 2961// 2960// 2783//
f 3139// 3142// 3138//
f 3138// 3142// 3349//
f 3138// 3349// 3348//
f 3348// 3349// 3385//
f 3142// 3350// 3349//
f 3349// 3350// 3500//
f 3349// 3500// 3512//
f 3512// 3500// 3513//
f 3512// 3513// 3677//
f 3677// 3513// 3661//
f 3661// 3678// 3677//
f 3677// 3678// 3783//
f 3677// 3783// 3782//
f 3782// 3783// 3790//
f 3678// 3767// 3783//
f 3783// 3767// 3784//
f 3783// 3784// 3835//
f 3835// 3784// 3833//
f 3833// 3836// 3835//
f 3835// 3836// 3764//
f 3835// 3764// 3831//
f 3831// 3764// 3768//
f 3836// 3792// 3764//
f 3764// 3792// 3765//
f 3764// 3765// 3639//
f 3639// 3765// 3704//
f 3704// 3640// 3639//
f 3639// 3640// 3485//
f 3639// 3485// 3501//
f 3501// 3485// 3484//
f 3640// 3551// 3485//
f 3485// 3551// 3486//
f 3485// 3486// 3310//
f 3310// 3486// 3403//
f 3090// 3089// 3182//
f 3182// 3089// 3310//
f 3182// 3310// 3311//
f 3311// 3310// 3403//
f 3090// 3035// 3089//
f 3089// 3035// 2920//
f 3089// 2920// 2974//
f 2974// 2920// 2919//
f 2719// 2718// 2830//
f 2830// 2718// 2920//
f 2830// 2920// 2921//
f 2921// 2920// 3035//
f 2719// 2666// 2718//
f 2718// 2666// 2540//
f 2718// 2540// 2611//
f 2611// 2540// 2539//
f 2299// 2298// 2506//
f 2506// 2298// 2540//
f 2506// 2540// 2541//
f 2541// 2540// 2666//
f 2299// 2268// 2298//
f 2298// 2268// 2075//
f 2298// 2075// 2204//
f 2204// 2075// 2074//
f 1901// 1900// 2055//
f 2055// 1900// 2075//
f 2055// 2075// 2076//
f 2076// 2075// 2268//
f 1901// 1892// 1900//
f 1900// 1892// 1723//
f 1900// 1723// 1722//
f 1722// 1723// 1677//
f 1892// 1724// 1723//
f 1723// 1724// 1582//
f 1723// 1582// 1563//
f 1563// 1582// 1564//
f 1563// 1564// 1398//
f 1398// 1564// 1419//
f 1419// 1399// 1398//
f 1398// 1399// 1220//
f 1398// 1220// 1219//
f 1219// 1220// 1199//
f 1399// 1253// 1220//
f 1220// 1253// 1221//
f 1220// 1221// 1075//
f 1075// 1221// 1115//
f 1115// 1076// 1075//
f 1075// 1076// 916//
f 1075// 916// 915//
f 915// 916// 886//
f 1076// 953// 916//
f 916// 953// 917//
f 916// 917// 756//
f 756// 917// 801//
f 801// 757// 756//
f 756// 757// 587//
f 756// 587// 589//
f 589// 587// 586//
f 757// 650// 587//
f 587// 650// 588//
f 587// 588// 450//
f 450// 588// 514//
f 383// 382// 422//
f 422// 382// 450//
f 422// 450// 451//
f 451// 450// 514//
f 383// 371// 382//
f 382// 371// 412//
f 382// 412// 395//
f 395// 412// 411//
f 485// 484// 430//
f 430// 484// 412//
f 430// 412// 413//
f 413// 412// 371//
f 485// 535// 484//
f 484// 535// 636//
f 484// 636// 592//
f 592// 636// 635//
f 795// 794// 675//
f 675// 794// 636//
f 675// 636// 637//
f 637// 636// 535//
f 795// 827// 794//
f 794// 827// 962//
f 794// 962// 903//
f 903// 962// 961//
f 1135// 1134// 976//
f 976// 1134// 962//
f 976// 962// 963//
f 963// 962// 827//
f 1135// 1138// 1134//
f 1134// 1138// 1296//
f 1134// 1296// 1207//
f 1207// 1296// 1295//
f 1138// 1297// 1296//
f 1296// 1297// 1441//
f 1296// 1441// 1446//
f 1446// 1441// 1447//
f 1446// 1447// 1630//
f 1630// 1447// 1610//
f 1610// 1631// 1630//
f 1630// 1631// 1792//
f 1630// 1792// 1791//
f 1791// 1792// 1848//
f 1631// 1754// 1792//
f 1792// 1754// 1793//
f 1792// 1793// 1943//
f 1943// 1793// 1914//
f 1914// 1944// 1943//
f 1943// 1944// 2166//
f 1943// 2166// 2165//
f 2165// 2166// 2222//
f 1944// 2093// 2166//
f 2166// 2093// 2167//
f 2166// 2167// 2375//
f 2375// 2167// 2292//
f 2292// 2376// 2375//
f 2375// 2376// 2602//
f 2375// 2602// 2601//
f 2601// 2602// 2616//
f 2376// 2526// 2602//
f 2602// 2526// 2603//
f 2602// 2603// 2780//
f 2780// 2603// 2705//
f 2780// 2705// 2781//
f 2781// 2872// 2780//
f 2780// 2872// 3004//
f 2780// 3004// 2784//
f 2784// 3004// 2998//
f 3154// 3153// 3061//
f 3061// 3153// 3004//
f 3061// 3004// 3005//
f 3005// 3004// 2872//
f 3154// 3224// 3153//
f 3153// 3224// 3373//
f 3153// 3373// 3353//
f 3353// 3373// 3372//
f 3527// 3526// 3418//
f 3418// 3526// 3373//
f 3418// 3373// 3374//
f 3374// 3373// 3224//
f 3527// 3566// 3526//
f 3526// 3566// 3697//
f 3526// 3697// 3663//
f 3663// 3697// 3696//
f 3797// 3796// 3729//
f 3729// 3796// 3697//
f 3729// 3697// 3698//
f 3698// 3697// 3566//
f 3797// 3802// 3796//
f 3796// 3802// 3827//
f 3796// 3827// 3837//
f 3837// 3827// 3826//
f 3761// 3760// 3820//
f 3820// 3760// 3827//
f 3820// 3827// 3828//
f 3828// 3827// 3802//
f 3761// 3614// 3760//
f 3760// 3614// 3606//
f 3760// 3606// 3691//
f 3691// 3606// 3605//
f 3614// 3607// 3606//
f 3606// 3607// 3468//
f 3606// 3468// 3452//
f 3452// 3468// 3453//
f 3452// 3453// 3265//
f 3453// 3316// 3265//
f 3265// 3316// 3266//
f 3265// 3266// 3071//
f 3071// 3266// 3098//
f 3098// 3072// 3071//
f 3071// 3072// 2878//
f 3071// 2878// 2877//
f 2877// 2878// 2805//
f 3072// 2941// 2878//
f 2878// 2941// 2879//
f 2878// 2879// 2693//
f 2693// 2879// 2754//
f 2754// 2694// 2693//
f 2693// 2694// 2515//
f 2693// 2515// 2514//
f 2514// 2515// 2478//
f 2694// 2584// 2515//
f 2515// 2584// 2516//
f 2515// 2516// 2271//
f 2271// 2516// 2367//
f 2271// 2367// 2272//
f 2272// 2169// 2271//
f 2271// 2169// 2049//
f 2271// 2049// 2048//
f 2048// 2049// 2034//
f 1875// 1874// 1948//
f 1948// 1874// 2049//
f 1948// 2049// 2050//
f 2050// 2049// 2169//
f 1875// 1817// 1874//
f 1874// 1817// 1706//
f 1874// 1706// 1710//
f 1710// 1706// 1705//
f 1545// 1544// 1660//
f 1660// 1544// 1706//
f 1660// 1706// 1707//
f 1707// 1706// 1817//
f 1545// 1489// 1544//
f 1544// 1489// 1381//
f 1544// 1381// 1396//
f 1396// 1381// 1380//
f 1206// 1205// 1339//
f 1339// 1205// 1381//
f 1339// 1381// 1382//
f 1382// 1381// 1489//
f 1206// 1183// 1205//
f 1205// 1183// 1056//
f 1205// 1056// 1088//
f 1088// 1056// 1055//
f 882// 881// 1035//
f 1035// 881// 1056//
f 1035// 1056// 1057//
f 1057// 1056// 1183//
f 882// 876// 881//
f 881// 876// 716//
f 881// 716// 780//
f 780// 716// 715//
f 876// 717// 716//
f 716// 717// 573//
f 716// 573// 567//
f 567// 573// 568//
f 567// 568// 444//
f 568// 452// 444//
f 444// 452// 445//
f 444// 445// 373//
f 373// 445// 385//
f 385// 374// 373//
f 373// 374// 417//
f 373// 417// 416//
f 416// 417// 446//
f 374// 399// 417//
f 417// 399// 418//
f 417// 418// 516//
f 516// 418// 468//
f 468// 517// 516//
f 516// 517// 659//
f 516// 659// 658//
f 658// 659// 708//
f 517// 595// 659//
f 659// 595// 660//
f 659// 660// 821//
f 821// 660// 760//
f 821// 760// 822//
f 822// 911// 821//
f 821// 911// 978//
f 821// 978// 977//
f 977// 978// 1013//
f 1153// 1152// 1066//
f 1066// 1152// 978//
f 1066// 978// 979//
f 979// 978// 911//
f 1153// 1210// 1152//
f 1152// 1210// 1314//
f 1152// 1314// 1313//
f 1313// 1314// 1323//
f 1470// 1469// 1366//
f 1366// 1469// 1314//
f 1366// 1314// 1315//
f 1315// 1314// 1210//
f 1470// 1512// 1469//
f 1469// 1512// 1651//
f 1469// 1651// 1646//
f 1646// 1651// 1650//
f 1822// 1821// 1682//
f 1682// 1821// 1651//
f 1682// 1651// 1652//
f 1652// 1651// 1512//
f 1822// 1849// 1821//
f 1821// 1849// 1978//
f 1821// 1978// 1947//
f 1947// 1978// 1977//
f 2203// 2202// 1988//
f 1988// 2202// 1978//
f 1988// 1978// 1979//
f 1979// 1978// 1849//
f 2203// 2220// 2202//
f 2202// 2220// 2436//
f 2202// 2436// 2354//
f 2354// 2436// 2435//
f 2220// 2437// 2436//
f 2436// 2437// 2614//
f 2436// 2614// 2625//
f 2625// 2614// 2626//
f 2625// 2626// 2795//
f 2795// 2626// 2782//
f 2782// 2796// 2795//
f 2795// 2796// 3022//
f 2795// 3022// 2938//
f 2938// 3022// 3021//
f 2796// 2993// 3022//
f 3022// 2993// 3023//
f 3022// 3023// 3175//
f 3175// 3023// 3141//
f 3141// 3176// 3175//
f 3175// 3176// 3398//
f 3175// 3398// 3397//
f 3397// 3398// 3459//
f 3176// 3346// 3398//
f 3398// 3346// 3399//
f 3398// 3399// 3556//
f 3556// 3399// 3499//
f 3499// 3557// 3556//
f 3556// 3557// 3727//
f 3556// 3727// 3726//
f 3726// 3727// 3757//
f 3557// 3660// 3727//
f 3727// 3660// 3728//
f 3727// 3728// 3810//
f 3810// 3728// 3766//
f 3818// 3817// 3832//
f 3832// 3817// 3810//
f 3832// 3810// 3811//
f 3811// 3810// 3766//
f 3818// 3791// 3817//
f 3817// 3791// 3745//
f 3817// 3745// 3744//
f 3744// 3745// 3731//
f 3596// 3595// 3703//
f 3703// 3595// 3745//
f 3703// 3745// 3746//
f 3746// 3745// 3791//
f 3596// 3550// 3595//
f 3595// 3550// 3434//
f 3595// 3434// 3433//
f 3433// 3434// 3420//
f 3223// 3222// 3402//
f 3402// 3222// 3434//
f 3402// 3434// 3435//
f 3435// 3434// 3550//
f 3223// 3181// 3222//
f 3222// 3181// 3051//
f 3222// 3051// 3056//
f 3056// 3051// 3050//
f 2835// 2834// 3034//
f 3034// 2834// 3051//
f 3034// 3051// 3052//
f 3052// 3051// 3181//
f 2835// 2829// 2834//
f 2834// 2829// 2661//
f 2834// 2661// 2691//
f 2691// 2661// 2660//
f 2829// 2662// 2661//
f 2661// 2662// 2505//
f 2661// 2505// 2485//
f 2485// 2505// 2486//
f 2485// 2486// 2247//
f 2247// 2486// 2267//
f 2267// 2248// 2247//
f 2247// 2248// 2010//
f 2247// 2010// 2077//
f 2077// 2010// 2009//
f 2248// 2054// 2010//
f 2010// 2054// 2011//
f 2010// 2011// 1863//
f 1863// 2011// 1891//
f 1891// 1864// 1863//
f 1863// 1864// 1685//
f 1863// 1685// 1745//
f 1745// 1685// 1684//
f 1864// 1727// 1685//
f 1685// 1727// 1686//
f 1685// 1686// 1504//
f 1504// 1686// 1581//
f 1581// 1505// 1504//
f 1504// 1505// 1346//
f 1504// 1346// 1345//
f 1345// 1346// 1278//
f 1505// 1418// 1346//
f 1346// 1418// 1347//
f 1346// 1347// 1181//
f 1181// 1347// 1252//
f 1017// 1016// 1114//
f 1114// 1016// 1181//
f 1114// 1181// 1182//
f 1182// 1181// 1252//
f 1017// 952// 1016//
f 1016// 952// 866//
f 1016// 866// 865//
f 865// 866// 819//
f 700// 699// 800//
f 800// 699// 866//
f 800// 866// 867//
f 867// 866// 952//
f 700// 649// 699//
f 699// 649// 550//
f 699// 550// 579//
f 579// 550// 549//
f 433// 432// 513//
f 513// 432// 550//
f 513// 550// 551//
f 551// 550// 649//
f 433// 421// 432//
f 432// 421// 368//
f 432// 368// 405//
f 405// 368// 367//
f 421// 369// 368//
f 368// 369// 370//
f 368// 370// 426//
f 426// 370// 427//
f 426// 427// 429//
f 2997// 3029// 2952//
f 2762// 2787// 2746//
f 2572// 2587// 2552//
f 3311// 3403// 3531//
f 2306// 2293// 2315//
f 1583// 1605// 1546//
f 1583// 1546// 1401//
f 1810// 1746// 1740//
f 1740// 1746// 1692//
f 1740// 1692// 1583//
f 1583// 1692// 1653//
f 1583// 1653// 1605//
f 1810// 1740// 1906//
f 1906// 1740// 1911//
f 1906// 1911// 1913//
f 1913// 1911// 2018//
f 2018// 1911// 2101//
f 2018// 2101// 2100//
f 2293// 2096// 2104//
f 2306// 2315// 2527//
f 2706// 2547// 2552//
f 2873// 2730// 2746//
f 3062// 2935// 2952//
f 3376// 3225// 3144//
f 3144// 3225// 3102//
f 3567// 3490// 3564//
f 3564// 3490// 3419//
f 3564// 3419// 3376//
f 3376// 3419// 3328//
f 3376// 3328// 3225//
f 3794// 3918// 3659//
f 3981// 3773// 3918//
f 3918// 3773// 3730//
f 3918// 3730// 3659//
f 3778// 3821// 3986//
f 3986// 3821// 3840//
f 3986// 3840// 3981//
f 3981// 3840// 3803//
f 3981// 3803// 3773//
f 3758// 3934// 3671//
f 3671// 3934// 3858//
f 3671// 3858// 3615//
f 3615// 3858// 3507//
f 3469// 3644// 3343//
f 3343// 3644// 3437//
f 3185// 3111// 3437//
f 3437// 3111// 3317//
f 3437// 3317// 3343//
f 2623// 2585// 2793//
f 2793// 2585// 2751//
f 2793// 2751// 3026//
f 3026// 2751// 2944//
f 3026// 2944// 3185//
f 3185// 2944// 3099//
f 3185// 3099// 3111//
f 2170// 2328// 2406//
f 2406// 2328// 2368//
f 2406// 2368// 2623//
f 2623// 2368// 2564//
f 2623// 2564// 2585//
f 1951// 1809// 1818//
f 2109// 2180// 1949//
f 1949// 2180// 1951//
f 1949// 1951// 1917//
f 1917// 1951// 1818//
f 1490// 1590// 1644//
f 1644// 1590// 1661//
f 1644// 1661// 1809//
f 1809// 1661// 1749//
f 1809// 1749// 1818//
f 1425// 1459// 1340//
f 1340// 1459// 1308//
f 1340// 1308// 1248//
f 1248// 1308// 1123//
f 945// 1095// 1123//
f 1123// 1095// 1184//
f 1123// 1184// 1248//
f 769// 930// 945//
f 945// 930// 1036//
f 945// 1036// 1095//
f 570// 774// 769//
f 769// 774// 877//
f 769// 877// 930//
f 467// 574// 347//
f 347// 574// 602//
f 347// 602// 570//
f 570// 602// 729//
f 570// 729// 774//
f 453// 268// 394//
f 394// 268// 229//
f 234// 398// 229//
f 229// 398// 386//
f 229// 386// 394//
f 380// 594// 761//
f 761// 607// 380//
f 380// 607// 596//
f 380// 596// 272//
f 272// 596// 473//
f 272// 473// 234//
f 234// 473// 400//
f 234// 400// 398//
f 797// 972// 1067//
f 1067// 937// 797//
f 797// 937// 912//
f 797// 912// 594//
f 594// 912// 779//
f 594// 779// 761//
f 1155// 1322// 1367//
f 1367// 1264// 1155//
f 1155// 1264// 1211//
f 1155// 1211// 972//
f 972// 1211// 1111//
f 972// 1111// 1067//
f 1683// 1609// 1477//
f 1477// 1609// 1513//
f 1477// 1513// 1322//
f 1322// 1513// 1433//
f 1322// 1433// 1367//
f 1669// 1844// 1761//
f 1992// 1932// 1844//
f 1844// 1932// 1850//
f 1844// 1850// 1761//
f 2234// 2135// 1992//
f 1992// 2135// 1989//
f 1992// 1989// 1932//
f 2452// 2337// 2234//
f 2234// 2337// 2221//
f 2234// 2221// 2135//
f 2644// 2576// 2452//
f 2452// 2576// 2421//
f 2452// 2421// 2337//
f 2823// 2757// 2644//
f 2644// 2757// 2615//
f 2644// 2615// 2576//
f 3054// 2961// 2823//
f 2823// 2961// 2783//
f 2823// 2783// 2757//
f 3350// 3142// 3247//
f 3247// 3142// 3139//
f 3247// 3139// 3054//
f 3054// 3139// 2994//
f 3054// 2994// 2961//
f 3661// 3513// 3687//
f 3687// 3513// 3500//
f 3687// 3500// 3461//
f 3954// 3993// 3833//
f 3678// 3874// 3767//
f 3767// 3874// 3954//
f 3767// 3954// 3784//
f 3784// 3954// 3833//
f 3974// 3906// 3704//
f 3704// 3765// 3974//
f 3974// 3765// 3792//
f 3974// 3792// 3993//
f 3993// 3792// 3836//
f 3993// 3836// 3833//
f 3531// 3403// 3763//
f 3403// 3486// 3763//
f 3763// 3486// 3551//
f 3763// 3551// 3906//
f 3906// 3551// 3640//
f 3906// 3640// 3704//
f 3182// 3340// 3090//
f 3090// 3340// 3093//
f 2918// 2921// 3093//
f 3093// 2921// 3035//
f 3093// 3035// 3090//
f 2541// 2666// 2716//
f 2716// 2666// 2719//
f 2716// 2719// 2918//
f 2918// 2719// 2830//
f 2918// 2830// 2921//
f 2506// 2533// 2299//
f 2299// 2533// 2285//
f 2060// 2076// 2285//
f 2285// 2076// 2268//
f 2285// 2268// 2299//
f 1884// 1901// 2060//
f 2060// 1901// 2055//
f 2060// 2055// 2076//
f 1550// 1582// 1714//
f 1714// 1582// 1724//
f 1714// 1724// 1884//
f 1884// 1724// 1892//
f 1884// 1892// 1901//
f 1253// 1399// 1392//
f 1392// 1399// 1419//
f 1392// 1419// 1550//
f 1550// 1419// 1564//
f 1550// 1564// 1582//
f 1048// 864// 953//
f 1221// 1209// 1115//
f 1115// 1209// 1048//
f 1115// 1048// 1076//
f 1076// 1048// 953//
f 650// 757// 669//
f 669// 757// 801//
f 669// 801// 864//
f 864// 801// 917//
f 864// 917// 953//
f 588// 457// 514//
f 514// 457// 298//
f 514// 298// 451//
f 451// 298// 250//
f 224// 383// 250//
f 250// 383// 422//
f 250// 422// 451//
f 252// 413// 224//
f 224// 413// 371//
f 224// 371// 383//
f 309// 485// 252//
f 252// 485// 430//
f 252// 430// 413//
f 795// 675// 481//
f 481// 675// 637//
f 481// 637// 309//
f 309// 637// 535//
f 309// 535// 485//
f 827// 705// 963//
f 963// 705// 885//
f 1080// 1135// 885//
f 885// 1135// 976//
f 885// 976// 963//
f 1402// 1584// 1610//
f 1610// 1447// 1402//
f 1402// 1447// 1441//
f 1402// 1441// 1228//
f 1228// 1441// 1297//
f 1228// 1297// 1080//
f 1080// 1297// 1138//
f 1080// 1138// 1135//
f 1741// 1912// 1914//
f 1914// 1793// 1741//
f 1741// 1793// 1754//
f 1741// 1754// 1584//
f 1584// 1754// 1631//
f 1584// 1631// 1610//
f 2292// 2167// 2102//
f 2102// 2167// 2093//
f 2102// 2093// 1912//
f 1912// 2093// 1944//
f 1912// 1944// 1914//
f 2376// 2314// 2526//
f 2526// 2314// 2551//
f 2526// 2551// 2603//
f 2603// 2551// 2705//
f 2745// 2951// 2781//
f 3143// 3005// 2951//
f 2951// 3005// 2872//
f 2951// 2872// 2781//
f 3375// 3154// 3143//
f 3143// 3154// 3061//
f 3143// 3061// 3005//
f 3563// 3374// 3375//
f 3375// 3374// 3224//
f 3375// 3224// 3154//
f 3793// 3527// 3563//
f 3563// 3527// 3418//
f 3563// 3418// 3374//
f 3917// 3698// 3793//
f 3793// 3698// 3566//
f 3793// 3566// 3527//
f 3980// 3797// 3917//
f 3917// 3797// 3729//
f 3917// 3729// 3698//
f 3761// 3820// 3985//
f 3985// 3820// 3828//
f 3985// 3828// 3980//
f 3980// 3828// 3802//
f 3980// 3802// 3797//
f 3468// 3607// 3857//
f 3857// 3607// 3614//
f 3857// 3614// 3933//
f 3436// 3316// 3643//
f 3643// 3316// 3453//
f 3184// 3025// 2941//
f 2941// 3072// 3184//
f 3184// 3072// 3098//
f 3184// 3098// 3436//
f 3436// 3098// 3266//
f 3436// 3266// 3316//
f 2792// 2622// 2584//
f 2584// 2694// 2792//
f 2792// 2694// 2754//
f 2792// 2754// 3025//
f 3025// 2754// 2879//
f 3025// 2879// 2941//
f 2169// 2272// 2405//
f 2405// 2272// 2367//
f 2405// 2367// 2622//
f 2622// 2367// 2516//
f 2622// 2516// 2584//
f 2179// 1950// 2050//
f 1808// 1875// 1950//
f 1950// 1875// 1948//
f 1950// 1948// 2050//
f 1545// 1660// 1643//
f 1643// 1660// 1707//
f 1643// 1707// 1808//
f 1808// 1707// 1817//
f 1808// 1817// 1875//
f 1489// 1458// 1382//
f 1382// 1458// 1307//
f 1122// 1206// 1307//
f 1307// 1206// 1339//
f 1307// 1339// 1382//
f 944// 1057// 1122//
f 1122// 1057// 1183//
f 1122// 1183// 1206//
f 768// 882// 944//
f 944// 882// 1035//
f 944// 1035// 1057//
f 452// 568// 346//
f 346// 568// 573//
f 346// 573// 569//
f 569// 573// 717//
f 569// 717// 768//
f 768// 717// 876//
f 768// 876// 882//
f 228// 385// 267//
f 267// 385// 445//
f 233// 271// 468//
f 468// 418// 233//
f 233// 418// 399//
f 233// 399// 228//
f 228// 399// 374//
f 228// 374// 385//
f 379// 593// 760//
f 760// 660// 379//
f 379// 660// 595//
f 379// 595// 271//
f 271// 595// 517//
f 271// 517// 468//
f 971// 979// 796//
f 796// 979// 911//
f 796// 911// 593//
f 593// 911// 822//
f 593// 822// 760//
f 1154// 1153// 971//
f 971// 1153// 1066//
f 971// 1066// 979//
f 1321// 1315// 1154//
f 1154// 1315// 1210//
f 1154// 1210// 1153//
f 1652// 1512// 1476//
f 1476// 1512// 1470//
f 1476// 1470// 1321//
f 1321// 1470// 1366//
f 1321// 1366// 1315//
f 1682// 1668// 1822//
f 1822// 1668// 1843//
f 1991// 1979// 1843//
f 1843// 1979// 1849//
f 1843// 1849// 1822//
f 2233// 2203// 1991//
f 1991// 2203// 1988//
f 1991// 1988// 1979//
f 2643// 2614// 2451//
f 2451// 2614// 2437//
f 2451// 2437// 2233//
f 2233// 2437// 2220//
f 2233// 2220// 2203//
f 2822// 3053// 2993//
f 2993// 2796// 2822//
f 2822// 2796// 2782//
f 2822// 2782// 2643//
f 2643// 2782// 2626//
f 2643// 2626// 2614//
f 3346// 3176// 3246//
f 3246// 3176// 3141//
f 3246// 3141// 3053//
f 3053// 3141// 3023//
f 3053// 3023// 2993//
f 3399// 3460// 3499//
f 3499// 3460// 3686//
f 3499// 3686// 3557//
f 3557// 3686// 3660//
f 3728// 3873// 3766//
f 3766// 3873// 3953//
f 3766// 3953// 3811//
f 3811// 3953// 3992//
f 3973// 3818// 3992//
f 3992// 3818// 3832//
f 3992// 3832// 3811//
f 3905// 3746// 3973//
f 3973// 3746// 3791//
f 3973// 3791// 3818//
f 3762// 3596// 3905//
f 3905// 3596// 3703//
f 3905// 3703// 3746//
f 3223// 3402// 3530//
f 3530// 3402// 3435//
f 3530// 3435// 3762//
f 3762// 3435// 3550//
f 3762// 3550// 3596//
f 3181// 3339// 3052//
f 3052// 3339// 3092//
f 3052// 3092// 3034//
f 3034// 3092// 2835//
f 2835// 3092// 2917//
f 2835// 2917// 2829//
f 2829// 2917// 2662//
f 2662// 2917// 2715//
f 2662// 2715// 2505//
f 2284// 2267// 2532//
f 2532// 2267// 2486//
f 2059// 1883// 1891//
f 1891// 2011// 2059//
f 2059// 2011// 2054//
f 2059// 2054// 2284//
f 2284// 2054// 2248//
f 2284// 2248// 2267//
f 1713// 1549// 1581//
f 1581// 1686// 1713//
f 1713// 1686// 1727//
f 1713// 1727// 1883//
f 1883// 1727// 1864//
f 1883// 1864// 1891//
f 1252// 1347// 1391//
f 1391// 1347// 1418//
f 1391// 1418// 1549//
f 1549// 1418// 1505//
f 1549// 1505// 1581//
f 1208// 1047// 1182//
f 863// 1017// 1047//
f 1047// 1017// 1114//
f 1047// 1114// 1182//
f 700// 800// 668//
f 668// 800// 867//
f 668// 867// 863//
f 863// 867// 952//
f 863// 952// 1017//
f 649// 456// 551//
f 551// 456// 297//
f 249// 433// 297//
f 297// 433// 513//
f 297// 513// 551//
f 223// 369// 249//
f 249// 369// 421//
f 249// 421// 433//
f 251// 427// 223//
f 223// 427// 370//
f 223// 370// 369//
f 826// 686// 480//
f 480// 686// 674//
f 480// 674// 308//
f 308// 674// 533//
f 308// 533// 251//
f 251// 533// 429//
f 251// 429// 427//
f 884// 1079// 1137//
f 848// 704// 975//
f 975// 704// 884//
f 975// 884// 1004//
f 1004// 884// 1137//
f 1546// 1439// 1401//
f 1401// 1439// 1336//
f 1401// 1336// 1227//
f 1227// 1336// 1298//
f 1227// 1298// 1079//
f 1079// 1298// 1170//
f 1079// 1170// 1137//
f 2293// 2104// 2315//
f 2315// 2104// 2118//
f 2315// 2118// 2339//
f 2339// 2572// 2315//
f 2315// 2572// 2552//
f 2315// 2552// 2527//
f 2527// 2552// 2547//
f 2587// 2762// 2552//
f 2552// 2762// 2746//
f 2552// 2746// 2706//
f 2706// 2746// 2730//
f 2787// 2997// 2746//
f 2746// 2997// 2952//
f 2746// 2952// 2873//
f 2873// 2952// 2935//
f 3029// 3170// 2952//
f 2952// 3170// 3144//
f 2952// 3144// 3062//
f 3062// 3144// 3102//
f 3170// 3237// 3144//
f 3144// 3237// 3425//
f 3144// 3425// 3376//
f 3376// 3425// 3494//
f 3376// 3494// 3564//
f 3564// 3494// 3675//
f 3675// 3770// 3564//
f 3564// 3770// 3794//
f 3564// 3794// 3567//
f 3567// 3794// 3659//
f 3770// 3904// 3794//
f 3794// 3904// 3965//
f 3794// 3965// 3918//
f 3918// 3965// 4024//
f 4024// 4068// 3918//
f 3918// 4068// 4095//
f 3918// 4095// 3981//
f 3981// 4095// 4108//
f 3981// 4108// 3986//
f 3986// 4108// 4125//
f 4125// 4112// 3986//
f 3986// 4112// 3934//
f 3986// 3934// 3778//
f 3778// 3934// 3758//
f 4005// 3858// 4077//
f 4077// 3858// 3934//
f 4077// 3934// 4092//
f 4092// 3934// 4112//
f 4005// 3938// 3858//
f 3858// 3938// 3644//
f 3858// 3644// 3507//
f 3507// 3644// 3469//
f 3938// 3865// 3644//
f 3644// 3865// 3620//
f 3644// 3620// 3437//
f 3437// 3620// 3569//
f 3437// 3569// 3185//
f 3569// 3345// 3185//
f 3185// 3345// 3276//
f 3185// 3276// 3026//
f 3026// 3276// 3081//
f 3026// 3081// 2793//
f 2444// 2406// 2649//
f 2649// 2406// 2623//
f 2649// 2623// 2858//
f 2858// 2623// 2793//
f 2858// 2793// 2967//
f 2967// 2793// 3081//
f 2444// 2348// 2406//
f 2406// 2348// 2180//
f 2406// 2180// 2170//
f 2170// 2180// 2109//
f 2348// 2208// 2180//
f 2180// 2208// 2027//
f 2180// 2027// 1951//
f 1951// 2027// 1953//
f 1951// 1953// 1809//
f 1623// 1644// 1772//
f 1772// 1644// 1809//
f 1772// 1809// 1800//
f 1800// 1809// 1953//
f 1623// 1518// 1644//
f 1644// 1518// 1459//
f 1644// 1459// 1490//
f 1490// 1459// 1425//
f 1518// 1435// 1459//
f 1459// 1435// 1271//
f 1459// 1271// 1308//
f 1308// 1271// 1241//
f 1308// 1241// 1123//
f 1241// 1065// 1123//
f 1123// 1065// 1010//
f 1123// 1010// 945//
f 945// 1010// 858//
f 945// 858// 769//
f 220// 347// 345//
f 345// 347// 570//
f 345// 570// 631//
f 631// 570// 769//
f 631// 769// 722//
f 722// 769// 858//
f 220// 186// 347//
f 347// 186// 268//
f 347// 268// 467//
f 467// 268// 453//
f 186// 134// 268//
f 268// 134// 104//
f 268// 104// 229//
f 229// 104// 98//
f 229// 98// 234//
f 98// 102// 234//
f 234// 102// 117//
f 234// 117// 272//
f 272// 117// 140//
f 272// 140// 380//
f 380// 140// 198//
f 198// 241// 380//
f 380// 241// 359//
f 380// 359// 594//
f 594// 359// 410//
f 594// 410// 797//
f 410// 677// 797//
f 797// 677// 735//
f 797// 735// 972//
f 972// 735// 894//
f 972// 894// 1155//
f 1455// 1477// 1280//
f 1280// 1477// 1322//
f 1280// 1322// 1098//
f 1098// 1322// 1155//
f 1098// 1155// 1020//
f 1020// 1155// 894//
f 1455// 1533// 1477//
f 1477// 1533// 1669//
f 1477// 1669// 1683//
f 1683// 1669// 1761//
f 1533// 1649// 1669//
f 1669// 1649// 1786//
f 1669// 1786// 1844//
f 1844// 1786// 1830//
f 1844// 1830// 1992//
f 1830// 1995// 1992//
f 1992// 1995// 2043//
f 1992// 2043// 2234//
f 2234// 2043// 2242//
f 2234// 2242// 2452//
f 2452// 2242// 2362//
f 2362// 2495// 2452//
f 2452// 2495// 2671//
f 2452// 2671// 2644//
f 2644// 2671// 2688//
f 2644// 2688// 2823//
f 2688// 2911// 2823//
f 2823// 2911// 2987//
f 2823// 2987// 3054//
f 3054// 2987// 3127//
f 3054// 3127// 3247//
f 3247// 3127// 3292//
f 3292// 3381// 3247//
f 3247// 3381// 3461//
f 3247// 3461// 3350//
f 3350// 3461// 3500//
f 3882// 3687// 3631//
f 3631// 3687// 3461//
f 3631// 3461// 3612//
f 3612// 3461// 3381//
f 3882// 3951// 3687//
f 3687// 3951// 3874//
f 3687// 3874// 3661//
f 3661// 3874// 3678//
f 3951// 4015// 3874//
f 3874// 4015// 4087//
f 3874// 4087// 3954//
f 3954// 4087// 4097//
f 3954// 4097// 3993//
f 4097// 4116// 3993//
f 3993// 4116// 4123//
f 3993// 4123// 3974//
f 3974// 4123// 4105//
f 3974// 4105// 3906//
f 3906// 4105// 4073//
f 3734// 3531// 3931//
f 3931// 3531// 3763//
f 3931// 3763// 3942//
f 3942// 3763// 3906//
f 3942// 3906// 4047//
f 4047// 3906// 4073//
f 3734// 3624// 3531//
f 3531// 3624// 3340//
f 3531// 3340// 3311//
f 3311// 3340// 3182//
f 3624// 3448// 3340//
f 3340// 3448// 3278//
f 3340// 3278// 3093//
f 3093// 3278// 3179//
f 3093// 3179// 2918//
f 2759// 2716// 2970//
f 2970// 2716// 2918//
f 2970// 2918// 3000//
f 3000// 2918// 3179//
f 2759// 2655// 2716//
f 2716// 2655// 2533//
f 2716// 2533// 2541//
f 2541// 2533// 2506//
f 2655// 2556// 2533//
f 2533// 2556// 2343//
f 2533// 2343// 2285//
f 2285// 2343// 2303//
f 2285// 2303// 2060//
f 2303// 2068// 2060//
f 2060// 2068// 2025//
f 2060// 2025// 1884//
f 1884// 2025// 1879//
f 1884// 1879// 1714//
f 1342// 1392// 1515//
f 1515// 1392// 1550//
f 1515// 1550// 1701//
f 1701// 1550// 1714//
f 1701// 1714// 1769//
f 1769// 1714// 1879//
f 1342// 1276// 1392//
f 1392// 1276// 1209//
f 1392// 1209// 1253//
f 1253// 1209// 1221//
f 1276// 1157// 1209//
f 1209// 1157// 1009//
f 1209// 1009// 1048//
f 1048// 1009// 960//
f 1048// 960// 864//
f 496// 669// 720//
f 720// 669// 864//
f 720// 864// 759//
f 759// 864// 960//
f 496// 339// 669//
f 669// 339// 457//
f 669// 457// 650//
f 650// 457// 588//
f 339// 274// 457//
f 457// 274// 183//
f 457// 183// 298//
f 298// 183// 169//
f 298// 169// 250//
f 169// 122// 250//
f 250// 122// 110//
f 250// 110// 224//
f 224// 110// 94//
f 224// 94// 252//
f 296// 481// 192//
f 192// 481// 309//
f 192// 309// 126//
f 126// 309// 252//
f 126// 252// 112//
f 112// 252// 94//
f 296// 355// 481//
f 481// 355// 705//
f 481// 705// 795//
f 795// 705// 827//
f 355// 553// 705//
f 705// 553// 737//
f 705// 737// 885//
f 885// 737// 788//
f 885// 788// 1080//
f 788// 993// 1080//
f 1080// 993// 1024//
f 1080// 1024// 1228//
f 1228// 1024// 1191//
f 1228// 1191// 1402//
f 1402// 1191// 1291//
f 1291// 1375// 1402//
f 1402// 1375// 1532//
f 1402// 1532// 1584//
f 1584// 1532// 1552//
f 1584// 1552// 1741//
f 1552// 1726// 1741//
f 1741// 1726// 1783//
f 1741// 1783// 1912//
f 1912// 1783// 1908//
f 1912// 1908// 2102//
f 2102// 1908// 2038//
f 2038// 2114// 2102//
f 2102// 2114// 2314//
f 2102// 2314// 2292//
f 2292// 2314// 2376//
f 2586// 2551// 2357//
f 2357// 2551// 2314//
f 2357// 2314// 2338//
f 2338// 2314// 2114//
f 2586// 2672// 2551//
f 2551// 2672// 2745//
f 2551// 2745// 2705//
f 2705// 2745// 2781//
f 2672// 2786// 2745//
f 2745// 2786// 2991//
f 2745// 2991// 2951//
f 2951// 2991// 3028//
f 2951// 3028// 3143//
f 3028// 3236// 3143//
f 3143// 3236// 3296//
f 3143// 3296// 3375//
f 3375// 3296// 3493//
f 3375// 3493// 3563//
f 3563// 3493// 3634//
f 3634// 3769// 3563//
f 3563// 3769// 3947//
f 3563// 3947// 3793//
f 3793// 3947// 3964//
f 3793// 3964// 3917//
f 3964// 4067// 3917//
f 3917// 4067// 4084//
f 3917// 4084// 3980//
f 3980// 4084// 4107//
f 3980// 4107// 3985//
f 3985// 4107// 4124//
f 4124// 4111// 3985//
f 3985// 4111// 3933//
f 3985// 3933// 3761//
f 3761// 3933// 3614//
f 4004// 3857// 4076//
f 4076// 3857// 3933//
f 4076// 3933// 4091//
f 4091// 3933// 4111//
f 4004// 3936// 3857//
f 3857// 3936// 3643//
f 3857// 3643// 3468//
f 3468// 3643// 3453//
f 3936// 3864// 3643//
f 3643// 3864// 3619//
f 3643// 3619// 3436//
f 3436// 3619// 3568//
f 3436// 3568// 3184//
f 3568// 3344// 3184//
f 3184// 3344// 3275//
f 3184// 3275// 3025//
f 3025// 3275// 3080//
f 3025// 3080// 2792//
f 2443// 2405// 2648//
f 2648// 2405// 2622//
f 2648// 2622// 2857//
f 2857// 2622// 2792//
f 2857// 2792// 2966//
f 2966// 2792// 3080//
f 2443// 2346// 2405//
f 2405// 2346// 2179//
f 2405// 2179// 2169//
f 2169// 2179// 2050//
f 2346// 2207// 2179//
f 2179// 2207// 2026//
f 2179// 2026// 1950//
f 1950// 2026// 1952//
f 1950// 1952// 1808//
f 1622// 1643// 1771//
f 1771// 1643// 1808//
f 1771// 1808// 1799//
f 1799// 1808// 1952//
f 1622// 1516// 1643//
f 1643// 1516// 1458//
f 1643// 1458// 1545//
f 1545// 1458// 1489//
f 1516// 1434// 1458//
f 1458// 1434// 1269//
f 1458// 1269// 1307//
f 1307// 1269// 1240//
f 1307// 1240// 1122//
f 1240// 1064// 1122//
f 1122// 1064// 1008//
f 1122// 1008// 944//
f 944// 1008// 857//
f 944// 857// 768//
f 219// 346// 344//
f 344// 346// 569//
f 344// 569// 630//
f 630// 569// 768//
f 630// 768// 721//
f 721// 768// 857//
f 219// 184// 346//
f 346// 184// 267//
f 346// 267// 452//
f 452// 267// 445//
f 184// 133// 267//
f 267// 133// 103//
f 267// 103// 228//
f 228// 103// 97//
f 228// 97// 233//
f 97// 101// 233//
f 233// 101// 116//
f 233// 116// 271//
f 271// 116// 139//
f 271// 139// 379//
f 379// 139// 196//
f 196// 240// 379//
f 379// 240// 357//
f 379// 357// 593//
f 593// 357// 409//
f 593// 409// 796//
f 409// 676// 796//
f 796// 676// 734//
f 796// 734// 971//
f 971// 734// 893//
f 971// 893// 1154//
f 1454// 1476// 1279//
f 1279// 1476// 1321//
f 1279// 1321// 1097//
f 1097// 1321// 1154//
f 1097// 1154// 1018//
f 1018// 1154// 893//
f 1454// 1530// 1476//
f 1476// 1530// 1668//
f 1476// 1668// 1652//
f 1652// 1668// 1682//
f 1530// 1648// 1668//
f 1668// 1648// 1784//
f 1668// 1784// 1843//
f 1843// 1784// 1829//
f 1843// 1829// 1991//
f 1829// 1994// 1991//
f 1991// 1994// 2041//
f 1991// 2041// 2233//
f 2233// 2041// 2241//
f 2233// 2241// 2451//
f 2451// 2241// 2360//
f 2360// 2494// 2451//
f 2451// 2494// 2669//
f 2451// 2669// 2643//
f 2643// 2669// 2687//
f 2643// 2687// 2822//
f 2687// 2910// 2822//
f 2822// 2910// 2986//
f 2822// 2986// 3053//
f 3053// 2986// 3126//
f 3053// 3126// 3246//
f 3246// 3126// 3291//
f 3291// 3380// 3246//
f 3246// 3380// 3460//
f 3246// 3460// 3346//
f 3346// 3460// 3399//
f 3881// 3686// 3630//
f 3630// 3686// 3460//
f 3630// 3460// 3611//
f 3611// 3460// 3380//
f 3881// 3950// 3686//
f 3686// 3950// 3873//
f 3686// 3873// 3660//
f 3660// 3873// 3728//
f 3950// 4014// 3873//
f 3873// 4014// 4086//
f 3873// 4086// 3953//
f 3953// 4086// 4096//
f 3953// 4096// 3992//
f 4096// 4115// 3992//
f 3992// 4115// 4122//
f 3992// 4122// 3973//
f 3973// 4122// 4104//
f 3973// 4104// 3905//
f 3905// 4104// 4072//
f 3733// 3530// 3930//
f 3930// 3530// 3762//
f 3930// 3762// 3941//
f 3941// 3762// 3905//
f 3941// 3905// 4046//
f 4046// 3905// 4072//
f 3733// 3622// 3530//
f 3530// 3622// 3339//
f 3530// 3339// 3223//
f 3223// 3339// 3181//
f 3622// 3447// 3339//
f 3339// 3447// 3277//
f 3339// 3277// 3092//
f 3092// 3277// 3178//
f 3092// 3178// 2917//
f 2758// 2715// 2969//
f 2969// 2715// 2917//
f 2969// 2917// 2999//
f 2999// 2917// 3178//
f 2758// 2654// 2715//
f 2715// 2654// 2532//
f 2715// 2532// 2505//
f 2505// 2532// 2486//
f 2654// 2555// 2532//
f 2532// 2555// 2342//
f 2532// 2342// 2284//
f 2284// 2342// 2302//
f 2284// 2302// 2059//
f 2302// 2067// 2059//
f 2059// 2067// 2024//
f 2059// 2024// 1883//
f 1883// 2024// 1878//
f 1883// 1878// 1713//
f 1713// 1878// 1768//
f 1341// 1391// 1514//
f 1514// 1391// 1549//
f 1514// 1549// 1521//
f 1521// 1549// 1713//
f 1521// 1713// 1700//
f 1700// 1713// 1768//
f 1341// 1274// 1391//
f 1391// 1274// 1208//
f 1391// 1208// 1252//
f 1252// 1208// 1182//
f 1274// 1156// 1208//
f 1208// 1156// 1007//
f 1208// 1007// 1047//
f 1047// 1007// 959//
f 1047// 959// 863//
f 495// 668// 719//
f 719// 668// 863//
f 719// 863// 758//
f 758// 863// 959//
f 495// 338// 668//
f 668// 338// 456//
f 668// 456// 700//
f 700// 456// 649//
f 338// 273// 456//
f 456// 273// 181//
f 456// 181// 297//
f 297// 181// 168//
f 297// 168// 249//
f 168// 121// 249//
f 249// 121// 109//
f 249// 109// 223//
f 223// 109// 93//
f 223// 93// 251//
f 295// 480// 191//
f 191// 480// 308//
f 191// 308// 125//
f 125// 308// 251//
f 125// 251// 111//
f 111// 251// 93//
f 295// 354// 480//
f 480// 354// 704//
f 480// 704// 826//
f 826// 704// 848//
f 354// 552// 704//
f 704// 552// 736//
f 704// 736// 884//
f 884// 736// 787//
f 884// 787// 1079//
f 787// 992// 1079//
f 1079// 992// 1023//
f 1079// 1023// 1227//
f 1227// 1023// 1190//
f 1227// 1190// 1401//
f 1401// 1190// 1290//
f 1290// 1374// 1401//
f 1401// 1374// 1529//
f 1401// 1529// 1583//
f 1583// 1529// 1551//
f 1583// 1551// 1740//
f 1551// 1725// 1740//
f 1740// 1725// 1782//
f 1740// 1782// 1911//
f 1911// 1782// 1907//
f 1911// 1907// 2101//
f 2101// 1907// 2037//
f 2101// 2037// 2113//
f 4095// 4068// 4023//
f 4023// 4068// 4024//
f 4023// 4024// 3982//
f 3982// 4024// 3965//
f 3982// 3965// 3903//
f 3903// 3965// 3904//
f 3903// 3904// 3724//
f 3904// 3770// 3724//
f 3724// 3770// 3675//
f 3724// 3675// 3674//
f 3674// 3675// 3424//
f 3675// 3494// 3424//
f 3424// 3494// 3425//
f 3424// 3425// 3362//
f 3362// 3425// 3169//
f 2731// 2760// 2761//
f 2761// 2760// 2995//
f 2761// 2995// 2996//
f 2996// 2995// 3036//
f 2570// 2571// 2450//
f 2450// 2571// 2332//
f 2450// 2332// 2331//
f 2331// 2332// 2117//
f 2331// 2117// 2116//
f 2762// 2571// 2761//
f 2761// 2571// 2570//
f 2761// 2570// 2731//
f 2118// 2117// 2339//
f 2339// 2117// 2332//
f 2339// 2332// 2572//
f 2572// 2332// 2571//
f 2572// 2571// 2587//
f 2587// 2571// 2762//
f 3425// 3237// 3169//
f 3169// 3237// 3170//
f 3169// 3170// 3036//
f 3036// 3170// 3029//
f 3036// 3029// 2996//
f 2996// 3029// 2997//
f 2996// 2997// 2761//
f 2761// 2997// 2787//
f 2761// 2787// 2762//
f 536// 78// 507//
f 507// 78// 58//
f 507// 58// 614//
f 2985// 4090// 2704//
f 2704// 4090// 3879//
f 2704// 3879// 2423//
f 657// 1350// 1599//
f 3474// 4161// 3203//
f 3203// 4161// 4155//
f 3203// 4155// 2985//
f 2985// 4155// 4147//
f 2985// 4147// 4090//
f 3474// 3654// 4161//
f 4161// 3654// 3711//
f 4161// 3711// 4143//
f 4143// 3711// 3582//
f 1733// 318// 1965//
f 1965// 318// 3519//
f 1965// 3519// 2275//
f 536// 690// 78//
f 78// 690// 902//
f 78// 902// 92//
f 92// 902// 1131//
f 92// 1131// 174//
f 1350// 657// 1131//
f 1131// 657// 330//
f 1131// 330// 174//
f 3856// 2843// 3519//
f 3519// 2843// 2600//
f 3519// 2600// 2275//
f 64// 1045// 58//
f 58// 1045// 815//
f 58// 815// 614//
f 3582// 3389// 4143//
f 4143// 3389// 3112//
f 4143// 3112// 4129//
f 4129// 3112// 2843//
f 4129// 2843// 4037//
f 4037// 2843// 3856//
f 1733// 1486// 318//
f 318// 1486// 1254//
f 318// 1254// 132//
f 132// 1254// 1045//
f 132// 1045// 74//
f 74// 1045// 64//
f 1599// 1840// 657//
f 657// 1840// 2002//
f 657// 2002// 3879//
f 3879// 2002// 2082//
f 3879// 2082// 2423//
f 41// 4152// 42//
f 42// 4152// 4153//
f 4225// 4203// 4224//
f 4224// 4203// 4202//
f 4180// 65// 4181//
f 4181// 65// 66//
f 2// 20// 1//
f 1// 20// 19//
f 23// 648// 464//
f 1// 256// 3//
f 3// 256// 362//
f 3// 362// 11//
f 11// 362// 25//
f 25// 362// 629//
f 25// 629// 41//
f 41// 629// 850//
f 41// 850// 4152//
f 3846// 4220// 3957//
f 3957// 4220// 4224//
f 3957// 4224// 3999//
f 23// 464// 19//
f 19// 464// 376//
f 19// 376// 1//
f 1// 376// 222//
f 1// 222// 256//
f 3999// 4224// 3830//
f 3830// 4224// 4202//
f 3830// 4202// 3736//
f 3736// 4202// 4200//
f 3736// 4200// 3541//
f 850// 3125// 4152//
f 4152// 3125// 3352//
f 4152// 3352// 4176//
f 4176// 3352// 3541//
f 4176// 3541// 4190//
f 4190// 3541// 4200//
f 23// 35// 648//
f 648// 35// 45//
f 648// 45// 832//
f 832// 45// 65//
f 832// 65// 1002//
f 1002// 65// 3338//
f 3338// 65// 4180//
f 3338// 4180// 3554//
f 3554// 4180// 4194//
f 3554// 4194// 3846//
f 3846// 4194// 4210//
f 3846// 4210// 4220//
f 3610// 3578// 3582//
f 2641// 2598// 2600//
f 2008// 1967// 1965//
f 1073// 1042// 1045//
f 525// 539// 536//
f 2001// 2002// 1840//
f 3458// 3473// 3477//
f 3642// 3576// 3577//
f 1577// 1485// 1487//
f 1243// 1357// 1354//
f 2274// 2431// 2428//
f 2081// 2085// 2057//
f 2081// 2057// 2000//
f 2000// 2057// 1893//
f 2000// 1893// 1866//
f 1525// 1404// 1371//
f 1371// 1404// 1356//
f 1371// 1356// 1351//
f 1866// 1893// 1839//
f 1839// 1893// 1835//
f 1839// 1835// 1691//
f 1691// 1835// 1720//
f 1691// 1720// 1594//
f 1594// 1720// 1595//
f 1594// 1595// 1525//
f 1525// 1595// 1570//
f 1525// 1570// 1404//
f 1351// 1356// 1213//
f 1213// 1356// 1242//
f 1213// 1242// 1126//
f 1242// 1129// 1126//
f 1126// 1129// 1104//
f 1126// 1104// 1071//
f 1071// 1104// 946//
f 1071// 946// 921//
f 634// 558// 546//
f 546// 558// 540//
f 546// 540// 537//
f 921// 946// 901//
f 901// 946// 897//
f 901// 897// 771//
f 771// 897// 802//
f 771// 802// 695//
f 695// 802// 691//
f 695// 691// 634//
f 634// 691// 666//
f 634// 666// 558//
f 537// 540// 489//
f 489// 540// 497//
f 489// 497// 508//
f 497// 505// 508//
f 508// 505// 511//
f 508// 511// 529//
f 529// 511// 584//
f 529// 584// 604//
f 879// 987// 1034//
f 1034// 987// 1043//
f 1034// 1043// 1046//
f 604// 584// 613//
f 613// 584// 619//
f 613// 619// 744//
f 744// 619// 706//
f 744// 706// 812//
f 812// 706// 813//
f 812// 813// 879//
f 879// 813// 844//
f 879// 844// 987//
f 1046// 1043// 1178//
f 1178// 1043// 1145//
f 1178// 1145// 1261//
f 1145// 1257// 1261//
f 1261// 1257// 1309//
f 1261// 1309// 1338//
f 1338// 1309// 1451//
f 1338// 1451// 1479//
f 1479// 1451// 1482//
f 1479// 1482// 1663//
f 1663// 1482// 1624//
f 1663// 1624// 1728//
f 1728// 1624// 1731//
f 1728// 1731// 1824//
f 1731// 1776// 1824//
f 1824// 1776// 1933//
f 1824// 1933// 1962//
f 1962// 1933// 1968//
f 1962// 1968// 2176//
f 2176// 1968// 2125//
f 2176// 2125// 2280//
f 2280// 2125// 2278//
f 2280// 2278// 2386//
f 2278// 2324// 2386//
f 2386// 2324// 2553//
f 2386// 2553// 2599//
f 2599// 2553// 2595//
f 2599// 2595// 2605//
f 2605// 2595// 2772//
f 2772// 2595// 2735//
f 2772// 2735// 2836//
f 2836// 2735// 2837//
f 2836// 2837// 2964//
f 2964// 2837// 2922//
f 2964// 2922// 3113//
f 2922// 3082// 3113//
f 3113// 3082// 3114//
f 3113// 3114// 3129//
f 3129// 3114// 3262//
f 3129// 3262// 3330//
f 3464// 3561// 3581//
f 3581// 3561// 3579//
f 3581// 3579// 3591//
f 3330// 3262// 3394//
f 3394// 3262// 3395//
f 3394// 3395// 3464//
f 3464// 3395// 3438//
f 3464// 3438// 3561//
f 3591// 3579// 3685//
f 3685// 3579// 3672//
f 3685// 3672// 3712//
f 3712// 3672// 3705//
f 3712// 3705// 3716//
f 3716// 3705// 3722//
f 3716// 3722// 3650//
f 3722// 3667// 3650//
f 3650// 3667// 3651//
f 3650// 3651// 3637//
f 3637// 3651// 3558//
f 3637// 3558// 3524//
f 3388// 3257// 3205//
f 3205// 3257// 3206//
f 3205// 3206// 3187//
f 3524// 3558// 3476//
f 3476// 3558// 3479//
f 3476// 3479// 3388//
f 3388// 3479// 3430//
f 3388// 3430// 3257//
f 3187// 3206// 3044//
f 3044// 3206// 3076//
f 3044// 3076// 2977//
f 2977// 3076// 2978//
f 2977// 2978// 2845//
f 2845// 2978// 2912//
f 2845// 2912// 2700//
f 2428// 2431// 2548//
f 2912// 2723// 2700//
f 2700// 2723// 2701//
f 2700// 2701// 2681//
f 2681// 2701// 2548//
f 2681// 2548// 2510//
f 2510// 2548// 2431//
f 2428// 2316// 2274//
f 2274// 2316// 2110//
f 2274// 2110// 2086//
f 2086// 2110// 2083//
f 2086// 2083// 2058//
f 2058// 2083// 1894//
f 1894// 2083// 1923//
f 1894// 1923// 1836//
f 1836// 1923// 1833//
f 1836// 1833// 1721//
f 1721// 1833// 1763//
f 1721// 1763// 1596//
f 1596// 1763// 1614//
f 1596// 1614// 1600//
f 1354// 1357// 1443//
f 1443// 1357// 1405//
f 1443// 1405// 1600//
f 1600// 1405// 1571//
f 1600// 1571// 1596//
f 1354// 1305// 1243//
f 1243// 1305// 1142//
f 1243// 1142// 1130//
f 1130// 1142// 1127//
f 1130// 1127// 1105//
f 1105// 1127// 982//
f 1105// 982// 947//
f 947// 982// 898//
f 898// 982// 895//
f 898// 895// 803//
f 895// 837// 803//
f 803// 837// 701//
f 803// 701// 692//
f 692// 701// 693//
f 692// 693// 667//
f 667// 693// 559//
f 559// 693// 580//
f 559// 580// 541//
f 541// 580// 542//
f 541// 542// 498//
f 498// 542// 509//
f 498// 509// 506//
f 509// 499// 506//
f 506// 499// 501//
f 506// 501// 512//
f 512// 501// 561//
f 512// 561// 585//
f 707// 806// 814//
f 814// 806// 816//
f 814// 816// 845//
f 585// 561// 620//
f 620// 561// 615//
f 620// 615// 707//
f 707// 615// 670//
f 707// 670// 806//
f 845// 816// 988//
f 988// 816// 954//
f 988// 954// 1044//
f 1044// 954// 1039//
f 1044// 1039// 1146//
f 1146// 1039// 1112//
f 1146// 1112// 1258//
f 1112// 1250// 1258//
f 1258// 1250// 1255//
f 1258// 1255// 1310//
f 1310// 1255// 1414//
f 1310// 1414// 1452//
f 1452// 1414// 1483//
f 1483// 1414// 1484//
f 1483// 1484// 1625//
f 1625// 1484// 1576//
f 1625// 1576// 1732//
f 1732// 1576// 1734//
f 1732// 1734// 1777//
f 1777// 1734// 1934//
f 1934// 1734// 1897//
f 1934// 1897// 1969//
f 1969// 1897// 1970//
f 1969// 1970// 2126//
f 2126// 1970// 2061//
f 2126// 2061// 2279//
f 2279// 2061// 2282//
f 2279// 2282// 2325//
f 2325// 2282// 2518//
f 2325// 2518// 2554//
f 3439// 3532// 3562//
f 3562// 3532// 3575//
f 3562// 3575// 3580//
f 2554// 2518// 2596//
f 2596// 2518// 2593//
f 2596// 2593// 2736//
f 2736// 2593// 2685//
f 2736// 2685// 2838//
f 2838// 2685// 2841//
f 2838// 2841// 2923//
f 2923// 2841// 2854//
f 2923// 2854// 3083//
f 3083// 2854// 3046//
f 3083// 3046// 3115//
f 3115// 3046// 3118//
f 3115// 3118// 3263//
f 3263// 3118// 3188//
f 3263// 3188// 3396//
f 3396// 3188// 3392//
f 3396// 3392// 3439//
f 3439// 3392// 3406//
f 3439// 3406// 3532//
f 3580// 3575// 3673//
f 3673// 3575// 3641//
f 3673// 3641// 3706//
f 3641// 3707// 3706//
f 3706// 3707// 3719//
f 3706// 3719// 3723//
f 3723// 3719// 3682//
f 3723// 3682// 3668//
f 3431// 3320// 3258//
f 3258// 3320// 3210//
f 3258// 3210// 3207//
f 3668// 3682// 3652//
f 3652// 3682// 3647//
f 3652// 3647// 3559//
f 3559// 3647// 3585//
f 3559// 3585// 3480//
f 3480// 3585// 3472//
f 3480// 3472// 3431//
f 3431// 3472// 3457//
f 3431// 3457// 3320//
f 3207// 3210// 3077//
f 3077// 3210// 3107//
f 3077// 3107// 2979//
f 3107// 2982// 2979//
f 2979// 2982// 2957//
f 2979// 2957// 2913//
f 2913// 2957// 2764//
f 2913// 2764// 2724//
f 2317// 2172// 2111//
f 2111// 2172// 2087//
f 2111// 2087// 2084//
f 2724// 2764// 2702//
f 2702// 2764// 2695//
f 2702// 2695// 2549//
f 2549// 2695// 2591//
f 2549// 2591// 2429//
f 2429// 2591// 2424//
f 2429// 2424// 2317//
f 2317// 2424// 2380//
f 2317// 2380// 2172//
f 2084// 2087// 1924//
f 1924// 2087// 1954//
f 1924// 1954// 1834//
f 1954// 1837// 1834//
f 1834// 1837// 1815//
f 1834// 1815// 1764//
f 1764// 1815// 1654//
f 1764// 1654// 1615//
f 1306// 1173// 1143//
f 1143// 1173// 1124//
f 1143// 1124// 1128//
f 1615// 1654// 1601//
f 1601// 1654// 1597//
f 1601// 1597// 1444//
f 1444// 1597// 1473//
f 1444// 1473// 1355//
f 1355// 1473// 1352//
f 1355// 1352// 1306//
f 1306// 1352// 1329//
f 1306// 1329// 1173//
f 1128// 1124// 983//
f 983// 1124// 1026//
f 983// 1026// 896//
f 1026// 899// 896//
f 896// 899// 873//
f 896// 873// 838//
f 838// 873// 730//
f 838// 730// 702//
f 810// 807// 775//
f 775// 807// 671//
f 702// 730// 694//
f 694// 730// 696//
f 694// 696// 581//
f 581// 696// 598//
f 581// 598// 543//
f 543// 598// 538//
f 543// 538// 510//
f 510// 538// 524//
f 510// 524// 500//
f 500// 524// 490//
f 500// 490// 502//
f 502// 490// 503//
f 502// 503// 562//
f 562// 503// 547//
f 562// 547// 616//
f 616// 547// 617//
f 616// 617// 671//
f 671// 617// 642//
f 671// 642// 775//
f 1487// 1485// 1385//
f 1385// 1485// 1415//
f 1385// 1415// 1259//
f 1259// 1415// 1256//
f 1259// 1256// 1214//
f 1214// 1256// 1251//
f 1214// 1251// 1072//
f 1072// 1251// 1113//
f 1072// 1113// 1041//
f 1041// 1113// 1040//
f 1041// 1040// 922//
f 922// 1040// 955//
f 922// 955// 810//
f 810// 955// 817//
f 810// 817// 807//
f 1487// 1535// 1577//
f 1577// 1535// 1693//
f 1577// 1693// 1735//
f 1735// 1693// 1729//
f 1735// 1729// 1898//
f 1898// 1729// 1867//
f 1898// 1867// 1971//
f 1971// 1867// 1966//
f 1971// 1966// 2062//
f 2062// 1966// 2007//
f 2062// 2007// 2283//
f 2686// 2801// 2842//
f 2842// 2801// 2839//
f 2842// 2839// 2855//
f 2007// 2239// 2283//
f 2283// 2239// 2276//
f 2283// 2276// 2519//
f 2519// 2276// 2463//
f 2519// 2463// 2594//
f 2594// 2463// 2597//
f 2594// 2597// 2686//
f 2686// 2597// 2640//
f 2686// 2640// 2801//
f 2855// 2839// 3047//
f 3047// 2839// 3015//
f 3047// 3015// 3119//
f 3119// 3015// 3116//
f 3119// 3116// 3189//
f 3189// 3116// 3160//
f 3189// 3160// 3393//
f 3393// 3160// 3366//
f 3393// 3366// 3390//
f 3577// 3576// 3503//
f 3503// 3576// 3533//
f 3503// 3533// 3390//
f 3390// 3533// 3407//
f 3390// 3407// 3393//
f 3577// 3609// 3642//
f 3642// 3609// 3700//
f 3642// 3700// 3708//
f 3708// 3700// 3713//
f 3708// 3713// 3720//
f 3720// 3713// 3694//
f 3720// 3694// 3683//
f 3683// 3694// 3648//
f 3648// 3694// 3645//
f 3648// 3645// 3586//
f 3586// 3645// 3603//
f 3586// 3603// 3473//
f 3473// 3603// 3497//
f 3473// 3497// 3477//
f 3458// 3477// 3321//
f 3321// 3477// 3360//
f 3321// 3360// 3211//
f 3211// 3360// 3208//
f 3211// 3208// 3108//
f 3108// 3208// 3155//
f 3108// 3155// 2983//
f 3155// 3010// 2983//
f 2983// 3010// 2980//
f 2983// 2980// 2958//
f 2958// 2980// 2797//
f 2958// 2797// 2765//
f 2592// 2446// 2425//
f 2425// 2446// 2426//
f 2425// 2426// 2381//
f 2765// 2797// 2696//
f 2696// 2797// 2697//
f 2696// 2697// 2592//
f 2592// 2697// 2634//
f 2592// 2634// 2446//
f 2381// 2426// 2173//
f 2173// 2426// 2236//
f 2173// 2236// 2088//
f 2088// 2236// 2089//
f 2088// 2089// 1955//
f 1955// 2089// 2001//
f 1955// 2001// 1838//
f 1838// 2001// 1840//
f 1838// 1840// 1816//
f 1816// 1840// 1655//
f 1655// 1840// 1599//
f 1655// 1599// 1598//
f 1350// 1353// 1599//
f 1599// 1353// 1474//
f 1599// 1474// 1598//
f 1131// 1174// 1350//
f 1350// 1174// 1330//
f 1350// 1330// 1353//
f 874// 900// 902//
f 902// 900// 1027//
f 902// 1027// 1131//
f 1131// 1027// 1125//
f 1131// 1125// 1174//
f 874// 902// 731//
f 731// 902// 690//
f 731// 690// 697//
f 536// 539// 690//
f 690// 539// 599//
f 690// 599// 697//
f 525// 536// 491//
f 491// 536// 507//
f 491// 507// 504//
f 504// 507// 548//
f 548// 507// 614//
f 548// 614// 618//
f 815// 811// 776//
f 815// 776// 614//
f 614// 776// 643//
f 614// 643// 618//
f 1045// 1042// 815//
f 815// 1042// 923//
f 815// 923// 811//
f 1073// 1045// 1215//
f 1215// 1045// 1254//
f 1215// 1254// 1260//
f 1733// 1730// 1694//
f 1733// 1694// 1486//
f 1694// 1536// 1486//
f 1486// 1536// 1488//
f 1486// 1488// 1254//
f 1254// 1488// 1386//
f 1254// 1386// 1260//
f 1965// 1967// 1733//
f 1733// 1967// 1868//
f 1733// 1868// 1730//
f 2008// 1965// 2240//
f 2240// 1965// 2275//
f 2240// 2275// 2277//
f 2600// 2598// 2275//
f 2275// 2598// 2464//
f 2275// 2464// 2277//
f 2641// 2600// 2802//
f 2802// 2600// 2843//
f 2802// 2843// 2840//
f 3391// 3367// 3389//
f 3389// 3367// 3161//
f 3389// 3161// 3112//
f 3112// 3161// 3117//
f 3112// 3117// 2843//
f 2843// 3117// 3016//
f 2843// 3016// 2840//
f 3582// 3578// 3389//
f 3389// 3578// 3504//
f 3389// 3504// 3391//
f 3610// 3582// 3701//
f 3701// 3582// 3711//
f 3701// 3711// 3714//
f 3474// 3478// 3498//
f 3474// 3498// 3654//
f 3498// 3604// 3654//
f 3654// 3604// 3646//
f 3654// 3646// 3711//
f 3711// 3646// 3695//
f 3711// 3695// 3714//
f 3478// 3474// 3361//
f 3361// 3474// 3203//
f 3361// 3203// 3209//
f 2985// 3011// 3203//
f 3203// 3011// 3156//
f 3203// 3156// 3209//
f 2635// 2698// 2704//
f 2704// 2698// 2798//
f 2704// 2798// 2985//
f 2985// 2798// 2981//
f 2985// 2981// 3011//
f 2635// 2704// 2447//
f 2447// 2704// 2423//
f 2447// 2423// 2427//
f 2427// 2423// 2237//
f 2237// 2423// 2082//
f 2237// 2082// 2002//
f 2085// 2081// 2273//
f 2273// 2081// 2422//
f 2273// 2422// 2430//
f 2703// 2680// 2422//
f 2422// 2680// 2509//
f 2422// 2509// 2430//
f 3043// 2976// 2984//
f 2984// 2976// 2844//
f 2984// 2844// 2703//
f 2703// 2844// 2699//
f 2703// 2699// 2680//
f 3043// 2984// 3186//
f 3186// 2984// 3202//
f 3186// 3202// 3204//
f 3204// 3202// 3387//
f 3387// 3202// 3471//
f 3387// 3471// 3475//
f 3475// 3471// 3523//
f 3523// 3471// 3653//
f 3523// 3653// 3636//
f 3710// 3715// 3653//
f 3653// 3715// 3649//
f 3653// 3649// 3636//
f 2066// 2000// 1852//
f 1852// 2000// 1766//
f 1852// 1766// 1639//
f 1639// 1766// 1538//
f 1639// 1538// 1427//
f 1427// 1538// 1311//
f 1427// 1311// 1230//
f 1230// 1311// 1087//
f 1230// 1087// 1084//
f 1084// 1087// 860//
f 1084// 860// 958//
f 958// 860// 654//
f 958// 654// 910//
f 910// 654// 522//
f 910// 522// 926//
f 926// 522// 520//
f 926// 520// 1029//
f 520// 646// 1029//
f 1029// 646// 840//
f 1029// 840// 1172//
f 1172// 840// 1068//
f 1172// 1068// 1349//
f 1349// 1068// 1303//
f 1349// 1303// 1554//
f 1554// 1303// 1511//
f 1554// 1511// 1756//
f 1756// 1511// 1751//
f 1756// 1751// 1976//
f 1976// 1751// 1985//
f 1976// 1985// 2255//
f 2255// 1985// 2295//
f 2255// 2295// 2538//
f 2538// 2295// 2613//
f 2538// 2613// 2753//
f 2753// 2613// 2864//
f 2753// 2864// 2973//
f 2973// 2864// 3133//
f 2973// 3133// 3121//
f 3121// 3133// 3404//
f 3121// 3404// 3219//
f 3219// 3404// 3584//
f 3219// 3584// 3250//
f 3250// 3584// 3709//
f 3250// 3709// 3245//
f 3245// 3709// 3653//
f 3245// 3653// 3163//
f 3163// 3653// 3471//
f 3163// 3471// 3038//
f 3038// 3471// 3202//
f 3038// 3202// 2810//
f 2810// 3202// 2984//
f 2810// 2984// 2618//
f 2618// 2984// 2703//
f 2618// 2703// 2351//
f 2351// 2703// 2422//
f 2351// 2422// 2066//
f 2066// 2422// 2081//
f 2066// 2081// 2000//
f 2617// 3337// 2809//
f 2809// 3337// 3553//
f 1851// 1001// 2065//
f 2065// 1001// 3337//
f 2065// 3337// 2350//
f 2350// 3337// 2617//
f 3553// 3845// 2809//
f 2809// 3845// 3956//
f 2809// 3956// 3037//
f 3037// 3956// 3998//
f 3037// 3998// 3162//
f 463// 1229// 375//
f 375// 1229// 1083//
f 1083// 957// 375//
f 375// 957// 909//
f 375// 909// 221//
f 1851// 1638// 1001//
f 1001// 1638// 1426//
f 1001// 1426// 831//
f 831// 1426// 1229//
f 831// 1229// 647//
f 647// 1229// 463//
f 909// 925// 221//
f 221// 925// 1028//
f 221// 1028// 255//
f 255// 1028// 1171//
f 1553// 849// 1348//
f 1348// 849// 628//
f 1348// 628// 1171//
f 1171// 628// 361//
f 1171// 361// 255//
f 1553// 1755// 849//
f 849// 1755// 1975//
f 849// 1975// 3124//
f 3829// 2972// 3120//
f 1975// 2254// 3124//
f 3124// 2254// 2537//
f 3124// 2537// 3351//
f 3351// 2537// 2752//
f 3351// 2752// 3540//
f 2972// 3829// 2752//
f 2752// 3829// 3735//
f 2752// 3735// 3540//
f 3120// 3218// 3829//
f 3829// 3218// 3249//
f 3829// 3249// 3998//
f 3998// 3249// 3244//
f 3998// 3244// 3162//
f 3125// 850// 3124//
f 3124// 850// 849//
f 375// 221// 376//
f 376// 221// 222//
f 1002// 3338// 1001//
f 1001// 3338// 3337//
f 3829// 3998// 3830//
f 3830// 3998// 3999//
f 909// 910// 925//
f 925// 910// 926//
f 925// 926// 1028//
f 1028// 926// 1029//
f 1028// 1029// 1171//
f 1171// 1029// 1172//
f 1171// 1172// 1348//
f 1348// 1172// 1349//
f 1348// 1349// 1553//
f 1553// 1349// 1554//
f 1553// 1554// 1755//
f 1755// 1554// 1756//
f 1755// 1756// 1975//
f 1975// 1756// 1976//
f 1975// 1976// 2254//
f 2254// 1976// 2255//
f 2254// 2255// 2537//
f 2537// 2255// 2538//
f 2537// 2538// 2752//
f 2752// 2538// 2753//
f 2752// 2753// 2972//
f 2972// 2753// 2973//
f 2972// 2973// 3120//
f 3120// 2973// 3121//
f 3120// 3121// 3218//
f 3218// 3121// 3219//
f 3218// 3219// 3249//
f 3249// 3219// 3250//
f 3249// 3250// 3244//
f 3244// 3250// 3245//
f 3244// 3245// 3162//
f 3162// 3245// 3163//
f 3162// 3163// 3037//
f 3037// 3163// 3038//
f 3037// 3038// 2809//
f 2809// 3038// 2810//
f 2809// 2810// 2617//
f 2617// 2810// 2618//
f 2617// 2618// 2350//
f 2350// 2618// 2351//
f 2350// 2351// 2065//
f 2065// 2351// 2066//
f 2065// 2066// 1851//
f 1851// 2066// 1852//
f 1851// 1852// 1638//
f 1638// 1852// 1639//
f 1638// 1639// 1426//
f 1426// 1639// 1427//
f 1426// 1427// 1229//
f 1229// 1427// 1230//
f 1229// 1230// 1083//
f 1083// 1230// 1084//
f 1083// 1084// 957//
f 957// 1084// 958//
f 957// 958// 909//
f 909// 958// 910//
f 3519// 318// 3518//
f 3518// 318// 317//
f 4142// 4160// 4143//
f 4143// 4160// 4161//
f 3878// 656// 3879//
f 3879// 656// 657//
f 58// 78// 57//
f 57// 78// 77//
f 4142// 4128// 4203//
f 20// 2// 57//
f 57// 2// 63//
f 63// 2// 4//
f 63// 4// 73//
f 42// 131// 26//
f 26// 131// 73//
f 26// 73// 12//
f 12// 73// 4//
f 4203// 4128// 4201//
f 4201// 4128// 4036//
f 4201// 4036// 4191//
f 4191// 4036// 4177//
f 4177// 4036// 3855//
f 4177// 3855// 4153//
f 4153// 3855// 3518//
f 4153// 3518// 42//
f 42// 3518// 317//
f 42// 317// 131//
f 57// 77// 20//
f 20// 77// 91//
f 20// 91// 24//
f 24// 91// 173//
f 24// 173// 36//
f 4142// 4203// 4160//
f 4160// 4203// 4225//
f 4160// 4225// 4154//
f 4154// 4225// 4221//
f 4154// 4221// 4146//
f 4181// 4089// 4195//
f 4195// 4089// 4146//
f 4195// 4146// 4211//
f 4211// 4146// 4221//
f 36// 173// 46//
f 46// 173// 329//
f 46// 329// 66//
f 66// 329// 656//
f 66// 656// 4181//
f 4181// 656// 3878//
f 4181// 3878// 4089//
f 1478// 1510// 1511//
f 3583// 3590// 3584//
f 3584// 3590// 3684//
f 3584// 3684// 3710//
f 3583// 3584// 3463//
f 3463// 3584// 3404//
f 3463// 3404// 3405//
f 3405// 3404// 3329//
f 3329// 3404// 3133//
f 3329// 3133// 3128//
f 3128// 3133// 2963//
f 2963// 3133// 2864//
f 2963// 2864// 2863//
f 2295// 2296// 2385//
f 2295// 2385// 2613//
f 2385// 2604// 2613//
f 2613// 2604// 2612//
f 2613// 2612// 2864//
f 2864// 2612// 2771//
f 2864// 2771// 2863//
f 1751// 1750// 1823//
f 1751// 1823// 1985//
f 1823// 1961// 1985//
f 1985// 1961// 1986//
f 1985// 1986// 2295//
f 2295// 1986// 2175//
f 2295// 2175// 2296//
f 1511// 1510// 1751//
f 1751// 1510// 1662//
f 1751// 1662// 1750//
f 1478// 1511// 1337//
f 1337// 1511// 1303//
f 1337// 1303// 1304//
f 1304// 1303// 1177//
f 1177// 1303// 1068//
f 1177// 1068// 1069//
f 840// 839// 878//
f 840// 878// 1068//
f 1068// 878// 1033//
f 1068// 1033// 1069//
f 839// 840// 743//
f 743// 840// 646//
f 743// 646// 645//
f 645// 646// 603//
f 603// 646// 520//
f 603// 520// 528//
f 545// 523// 522//
f 522// 523// 488//
f 522// 488// 520//
f 520// 488// 521//
f 520// 521// 528//
f 545// 522// 633//
f 633// 522// 654//
f 633// 654// 655//
f 655// 654// 770//
f 770// 654// 860//
f 770// 860// 859//
f 859// 860// 920//
f 920// 860// 1087//
f 920// 1087// 1070//
f 1370// 1312// 1311//
f 1311// 1312// 1212//
f 1311// 1212// 1087//
f 1087// 1212// 1086//
f 1087// 1086// 1070//
f 1370// 1311// 1524//
f 1524// 1311// 1538//
f 1524// 1538// 1537//
f 1537// 1538// 1690//
f 1690// 1538// 1766//
f 1690// 1766// 1765//
f 1765// 1766// 1865//
f 1865// 1766// 2000//
f 1865// 2000// 1999//
f 2005// 2015// 2016//
f 2001// 2005// 2002//
f 2002// 2005// 2016//
f 2002// 2016// 2006//
f 2006// 2016// 2017//
f 2003// 1999// 2000//
f 2004// 2014// 2013//
f 2004// 2013// 2000//
f 2000// 2013// 2012//
f 2000// 2012// 2003//
f 1697// 1696// 1881//
f 1881// 1696// 1880//
f 1881// 1880// 2072//
f 2072// 1880// 2071//
f 2072// 2071// 2308//
f 2308// 2071// 2307//
f 2308// 2307// 2568//
f 2568// 2307// 2567//
f 2568// 2567// 2767//
f 2767// 2567// 2766//
f 2767// 2766// 3013//
f 3013// 2766// 3012//
f 3013// 3012// 3198//
f 3198// 3012// 3197//
f 3198// 3197// 3466//
f 3466// 3197// 3465//
f 3466// 3465// 3740//
f 3740// 3465// 3739//
f 3740// 3739// 3923//
f 3923// 3739// 3922//
f 3923// 3922// 4020//
f 4020// 3922// 4019//
f 4020// 4019// 4055//
f 4055// 4019// 4054//
f 4055// 4054// 4044//
f 4044// 4054// 4043//
f 4044// 4043// 3996//
f 3996// 4043// 3995//
f 3996// 3995// 3869//
f 3869// 3995// 3868//
f 3869// 3868// 3598//
f 3598// 3868// 3597//
f 3598// 3597// 3369//
f 3369// 3597// 3368//
f 3369// 3368// 3104//
f 3104// 3368// 3103//
f 3104// 3103// 2897//
f 2897// 3103// 2896//
f 2897// 2896// 2678//
f 2678// 2896// 2677//
f 2678// 2677// 2472//
f 2472// 2677// 2471//
f 2472// 2471// 2225//
f 2225// 2471// 2224//
f 2225// 2224// 1973//
f 1973// 2224// 1972//
f 1973// 1972// 1803//
f 1803// 1972// 1802//
f 1803// 1802// 1620//
f 1620// 1802// 1619//
f 1620// 1619// 1429//
f 1429// 1619// 1428//
f 1429// 1428// 1235//
f 1235// 1428// 1234//
f 1235// 1234// 1060//
f 1060// 1234// 1059//
f 1060// 1059// 852//
f 852// 1059// 851//
f 852// 851// 625//
f 625// 851// 624//
f 625// 624// 351//
f 351// 624// 350//
f 351// 350// 246//
f 246// 350// 245//
f 246// 245// 171//
f 171// 245// 170//
f 171// 170// 144//
f 144// 170// 143//
f 144// 143// 178//
f 178// 143// 177//
f 178// 177// 260//
f 260// 177// 259//
f 260// 259// 424//
f 424// 259// 423//
f 424// 423// 679//
f 679// 423// 678//
f 679// 678// 890//
f 890// 678// 889//
f 890// 889// 1091//
f 1091// 889// 1090//
f 1091// 1090// 1282//
f 1282// 1090// 1281//
f 1282// 1281// 1461//
f 1461// 1281// 1460//
f 1461// 1460// 1657//
f 1657// 1460// 1656//
f 1657// 1656// 1846//
f 1846// 1656// 1845//
f 1846// 1845// 2013//
f 2013// 1845// 2012//
f 2016// 2015// 2261//
f 2261// 2015// 2260//
f 2261// 2260// 2521//
f 2521// 2260// 2520//
f 2521// 2520// 2721//
f 2721// 2520// 2720//
f 2721// 2720// 2947//
f 2947// 2720// 2946//
f 2947// 2946// 3150//
f 3150// 2946// 3149//
f 3150// 3149// 3415//
f 3415// 3149// 3414//
f 3415// 3414// 3665//
f 3665// 3414// 3664//
f 3665// 3664// 3890//
f 3890// 3664// 3889//
f 3890// 3889// 4007//
f 4007// 3889// 4006//
f 4007// 4006// 4049//
f 4049// 4006// 4048//
f 4049// 4048// 4052//
f 4052// 4048// 4051//
f 4052// 4051// 4010//
f 4010// 4051// 4009//
f 4010// 4009// 3900//
f 3900// 4009// 3899//
f 3900// 3899// 3680//
f 3680// 3899// 3679//
f 3680// 3679// 3422//
f 3422// 3679// 3421//
f 3422// 3421// 3158//
f 3158// 3421// 3157//
f 3158// 3157// 2955//
f 2955// 3157// 2954//
f 2955// 2954// 2733//
f 2733// 2954// 2732//
f 2733// 2732// 2529//
f 2529// 2732// 2528//
f 2529// 2528// 2265//
f 2265// 2528// 2264//
f 2265// 2264// 2032//
f 2032// 2264// 2031//
f 2032// 2031// 1854//
f 1854// 2031// 1853//
f 1854// 1853// 1665//
f 1665// 1853// 1664//
f 1665// 1664// 1464//
f 1464// 1664// 1463//
f 1464// 1463// 1293//
f 1293// 1463// 1292//
f 1293// 1292// 1102//
f 1102// 1292// 1101//
f 1102// 1101// 905//
f 905// 1101// 904//
f 905// 904// 688//
f 688// 904// 687//
f 688// 687// 438//
f 438// 687// 437//
f 438// 437// 265//
f 265// 437// 264//
f 265// 264// 189//
f 189// 264// 188//
f 189// 188// 149//
f 149// 188// 148//
f 149// 148// 166//
f 166// 148// 165//
f 166// 165// 236//
f 236// 165// 235//
f 236// 235// 336//
f 336// 235// 335//
f 336// 335// 609//
f 609// 335// 608//
f 609// 608// 842//
f 842// 608// 841//
f 842// 841// 1053//
f 1053// 841// 1052//
f 1053// 1052// 1223//
f 1223// 1052// 1222//
f 1223// 1222// 1421//
f 1421// 1222// 1420//
f 1421// 1420// 1612//
f 1612// 1420// 1611//
f 1612// 1611// 1795//
f 1795// 1611// 1794//
f 1795// 1794// 1959//
f 1959// 1794// 1958//
f 1959// 1958// 2216//
f 2216// 1958// 2215//
f 2216// 2215// 2461//
f 2461// 2215// 2460//
f 2461// 2460// 2664//
f 2664// 2460// 2663//
f 2664// 2663// 2887//
f 2887// 2663// 2886//
f 2887// 2886// 3096//
f 3096// 2886// 3095//
f 3096// 3095// 3364//
f 3364// 3095// 3363//
f 3364// 3363// 3588//
f 3588// 3363// 3587//
f 3588// 3587// 3862//
f 3862// 3587// 3861//
f 3862// 3861// 3989//
f 3989// 3861// 3988//
f 3989// 3988// 4041//
f 4041// 3988// 4040//
f 4041// 4040// 4058//
f 4058// 4040// 4057//
f 4058// 4057// 4026//
f 4026// 4057// 4025//
f 4026// 4025// 3927//
f 3927// 4025// 3926//
f 3927// 3926// 3751//
f 3751// 3926// 3750//
f 3751// 3750// 3482//
f 3482// 3750// 3481//
f 3482// 3481// 3213//
f 3213// 3481// 3212//
f 3213// 3212// 3019//
f 3019// 3212// 3018//
f 3019// 3018// 2777//
f 2777// 3018// 2776//
f 2777// 2776// 2578//
f 2578// 2776// 2577//
f 2578// 2577// 2320//
f 2320// 2577// 2319//
f 2320// 2319// 2079//
f 2079// 2319// 2078//
f 2079// 2078// 1889//
f 1889// 2078// 1888//
f 1889// 1888// 1703//
f 1703// 1888// 1702//
f 1703// 1702// 1508//
f 1508// 1702// 1507//
f 1508// 1507// 1334//
f 1334// 1507// 1333//
f 1334// 1333// 1148//
f 1148// 1333// 1147//
f 1148// 1147// 949//
f 949// 1147// 948//
f 949// 948// 749//
f 749// 948// 748//
f 749// 748// 493//
f 493// 748// 492//
f 493// 492// 284//
f 284// 492// 283//
f 284// 283// 205//
f 205// 283// 204//
f 205// 204// 155//
f 155// 204// 154//
f 155// 154// 160//
f 160// 154// 159//
f 160// 159// 212//
f 212// 159// 211//
f 212// 211// 306//
f 306// 211// 305//
f 306// 305// 555//
f 555// 305// 554//
f 555// 554// 785//
f 785// 554// 784//
f 785// 784// 990//
f 990// 784// 989//
f 990// 989// 1188//
f 1188// 989// 1187//
f 1188// 1187// 1378//
f 1378// 1187// 1377//
f 1378// 1377// 1557//
f 1557// 1377// 1556//
f 1557// 1556// 1738//
f 1738// 1556// 1737//
f 1738// 1737// 1919//
f 1919// 1737// 1918//
f 1919// 1918// 2145//
f 2145// 1918// 2144//
f 2145// 2144// 2378//
f 2378// 2144// 2377//
f 2378// 2377// 2620//
f 2620// 2377// 2619//
f 2620// 2619// 2807//
f 2807// 2619// 2806//
f 2807// 2806// 3059//
f 3059// 2806// 3058//
f 3059// 3058// 3289//
f 3289// 3058// 3288//
f 3289// 3288// 3521//
f 3521// 3288// 3520//
f 3521// 3520// 3805//
f 3805// 3520// 3804//
f 3805// 3804// 3962//
f 3962// 3804// 3961//
f 3962// 3961// 4029//
f 4029// 3961// 4028//
f 4029// 4028// 4063//
f 4063// 4028// 4062//
f 4063// 4062// 4032//
f 4032// 4062// 4031//
f 4032// 4031// 3967//
f 3967// 4031// 3966//
f 3967// 3966// 3824//
f 3824// 3966// 3823//
f 3824// 3823// 3538//
f 3538// 3823// 3537//
f 3538// 3537// 3307//
f 3307// 3537// 3306//
f 3307// 3306// 3064//
f 3064// 3306// 3063//
f 3064// 3063// 2817//
f 2817// 3063// 2816//
f 2817// 2816// 2628//
f 2628// 2816// 2627//
f 2628// 2627// 2388//
f 2388// 2627// 2387//
f 2388// 2387// 2153//
f 2153// 2387// 2152//
f 2153// 2152// 1926//
f 1926// 2152// 1925//
f 1926// 1925// 1743//
f 1743// 1925// 1742//
f 1743// 1742// 1566//
f 1566// 1742// 1565//
f 1566// 1565// 1394//
f 1394// 1565// 1393//
f 1394// 1393// 1194//
f 1194// 1393// 1193//
f 1194// 1193// 995//
f 995// 1193// 994//
f 995// 994// 791//
f 791// 994// 790//
f 791// 790// 564//
f 564// 790// 563//
f 564// 563// 315//
f 315// 563// 314//
f 315// 314// 217//
f 217// 314// 216//
f 217// 216// 163//
f 163// 216// 162//
f 163// 162// 152//
f 152// 162// 151//
f 152// 151// 202//
f 202// 151// 201//
f 202// 201// 276//
f 276// 201// 275//
f 276// 275// 477//
f 477// 275// 476//
f 477// 476// 740//
f 740// 476// 739//
f 740// 739// 942//
f 942// 739// 941//
f 942// 941// 1140//
f 1140// 941// 1139//
f 1140// 1139// 1327//
f 1327// 1139// 1326//
f 1327// 1326// 1500//
f 1500// 1326// 1499//
f 1500// 1499// 1697//
f 1697// 1499// 1696//
f 1698// 1697// 1882//
f 1882// 1697// 1881//
f 1882// 1881// 2073//
f 2073// 1881// 2072//
f 2073// 2072// 2309//
f 2309// 2072// 2308//
f 2309// 2308// 2569//
f 2569// 2308// 2568//
f 2569// 2568// 2768//
f 2768// 2568// 2767//
f 2768// 2767// 3014//
f 3014// 2767// 3013//
f 3014// 3013// 3199//
f 3199// 3013// 3198//
f 3199// 3198// 3467//
f 3467// 3198// 3466//
f 3467// 3466// 3741//
f 3741// 3466// 3740//
f 3741// 3740// 3924//
f 3924// 3740// 3923//
f 3924// 3923// 4021//
f 4021// 3923// 4020//
f 4021// 4020// 4056//
f 4056// 4020// 4055//
f 4056// 4055// 4045//
f 4045// 4055// 4044//
f 4045// 4044// 3997//
f 3997// 4044// 3996//
f 3997// 3996// 3870//
f 3870// 3996// 3869//
f 3870// 3869// 3599//
f 3599// 3869// 3598//
f 3599// 3598// 3370//
f 3370// 3598// 3369//
f 3370// 3369// 3105//
f 3105// 3369// 3104//
f 3105// 3104// 2898//
f 2898// 3104// 2897//
f 2898// 2897// 2679//
f 2679// 2897// 2678//
f 2679// 2678// 2473//
f 2473// 2678// 2472//
f 2473// 2472// 2226//
f 2226// 2472// 2225//
f 2226// 2225// 1974//
f 1974// 2225// 1973//
f 1974// 1973// 1804//
f 1804// 1973// 1803//
f 1804// 1803// 1621//
f 1621// 1803// 1620//
f 1621// 1620// 1430//
f 1430// 1620// 1429//
f 1430// 1429// 1236//
f 1236// 1429// 1235//
f 1236// 1235// 1061//
f 1061// 1235// 1060//
f 1061// 1060// 853//
f 853// 1060// 852//
f 853// 852// 626//
f 626// 852// 625//
f 626// 625// 352//
f 352// 625// 351//
f 352// 351// 247//
f 247// 351// 246//
f 247// 246// 172//
f 172// 246// 171//
f 172// 171// 145//
f 145// 171// 144//
f 145// 144// 179//
f 179// 144// 178//
f 179// 178// 261//
f 261// 178// 260//
f 261// 260// 425//
f 425// 260// 424//
f 425// 424// 680//
f 680// 424// 679//
f 680// 679// 891//
f 891// 679// 890//
f 891// 890// 1092//
f 1092// 890// 1091//
f 1092// 1091// 1283//
f 1283// 1091// 1282//
f 1283// 1282// 1462//
f 1462// 1282// 1461//
f 1462// 1461// 1658//
f 1658// 1461// 1657//
f 1658// 1657// 1847//
f 1847// 1657// 1846//
f 1847// 1846// 2014//
f 2014// 1846// 2013//
f 2017// 2016// 2262//
f 2262// 2016// 2261//
f 2262// 2261// 2522//
f 2522// 2261// 2521//
f 2522// 2521// 2722//
f 2722// 2521// 2721//
f 2722// 2721// 2948//
f 2948// 2721// 2947//
f 2948// 2947// 3151//
f 3151// 2947// 3150//
f 3151// 3150// 3416//
f 3416// 3150// 3415//
f 3416// 3415// 3666//
f 3666// 3415// 3665//
f 3666// 3665// 3891//
f 3891// 3665// 3890//
f 3891// 3890// 4008//
f 4008// 3890// 4007//
f 4008// 4007// 4050//
f 4050// 4007// 4049//
f 4050// 4049// 4053//
f 4053// 4049// 4052//
f 4053// 4052// 4011//
f 4011// 4052// 4010//
f 4011// 4010// 3901//
f 3901// 4010// 3900//
f 3901// 3900// 3681//
f 3681// 3900// 3680//
f 3681// 3680// 3423//
f 3423// 3680// 3422//
f 3423// 3422// 3159//
f 3159// 3422// 3158//
f 3159// 3158// 2956//
f 2956// 3158// 2955//
f 2956// 2955// 2734//
f 2734// 2955// 2733//
f 2734// 2733// 2530//
f 2530// 2733// 2529//
f 2530// 2529// 2266//
f 2266// 2529// 2265//
f 2266// 2265// 2033//
f 2033// 2265// 2032//
f 2033// 2032// 1855//
f 1855// 2032// 1854//
f 1855// 1854// 1666//
f 1666// 1854// 1665//
f 1666// 1665// 1465//
f 1465// 1665// 1464//
f 1465// 1464// 1294//
f 1294// 1464// 1293//
f 1294// 1293// 1103//
f 1103// 1293// 1102//
f 1103// 1102// 906//
f 906// 1102// 905//
f 906// 905// 689//
f 689// 905// 688//
f 689// 688// 439//
f 439// 688// 438//
f 439// 438// 266//
f 266// 438// 265//
f 266// 265// 190//
f 190// 265// 189//
f 190// 189// 150//
f 150// 189// 149//
f 150// 149// 167//
f 167// 149// 166//
f 167// 166// 237//
f 237// 166// 236//
f 237// 236// 337//
f 337// 236// 336//
f 337// 336// 610//
f 610// 336// 609//
f 610// 609// 843//
f 843// 609// 842//
f 843// 842// 1054//
f 1054// 842// 1053//
f 1054// 1053// 1224//
f 1224// 1053// 1223//
f 1224// 1223// 1422//
f 1422// 1223// 1421//
f 1422// 1421// 1613//
f 1613// 1421// 1612//
f 1613// 1612// 1796//
f 1796// 1612// 1795//
f 1796// 1795// 1960//
f 1960// 1795// 1959//
f 1960// 1959// 2217//
f 2217// 1959// 2216//
f 2217// 2216// 2462//
f 2462// 2216// 2461//
f 2462// 2461// 2665//
f 2665// 2461// 2664//
f 2665// 2664// 2888//
f 2888// 2664// 2887//
f 2888// 2887// 3097//
f 3097// 2887// 3096//
f 3097// 3096// 3365//
f 3365// 3096// 3364//
f 3365// 3364// 3589//
f 3589// 3364// 3588//
f 3589// 3588// 3863//
f 3863// 3588// 3862//
f 3863// 3862// 3990//
f 3990// 3862// 3989//
f 3990// 3989// 4042//
f 4042// 3989// 4041//
f 4042// 4041// 4059//
f 4059// 4041// 4058//
f 4059// 4058// 4027//
f 4027// 4058// 4026//
f 4027// 4026// 3928//
f 3928// 4026// 3927//
f 3928// 3927// 3752//
f 3752// 3927// 3751//
f 3752// 3751// 3483//
f 3483// 3751// 3482//
f 3483// 3482// 3214//
f 3214// 3482// 3213//
f 3214// 3213// 3020//
f 3020// 3213// 3019//
f 3020// 3019// 2778//
f 2778// 3019// 2777//
f 2778// 2777// 2579//
f 2579// 2777// 2578//
f 2579// 2578// 2321//
f 2321// 2578// 2320//
f 2321// 2320// 2080//
f 2080// 2320// 2079//
f 2080// 2079// 1890//
f 1890// 2079// 1889//
f 1890// 1889// 1704//
f 1704// 1889// 1703//
f 1704// 1703// 1509//
f 1509// 1703// 1508//
f 1509// 1508// 1335//
f 1335// 1508// 1334//
f 1335// 1334// 1149//
f 1149// 1334// 1148//
f 1149// 1148// 950//
f 950// 1148// 949//
f 950// 949// 750//
f 750// 949// 749//
f 750// 749// 494//
f 494// 749// 493//
f 494// 493// 285//
f 285// 493// 284//
f 285// 284// 206//
f 206// 284// 205//
f 206// 205// 156//
f 156// 205// 155//
f 156// 155// 161//
f 161// 155// 160//
f 161// 160// 213//
f 213// 160// 212//
f 213// 212// 307//
f 307// 212// 306//
f 307// 306// 556//
f 556// 306// 555//
f 556// 555// 786//
f 786// 555// 785//
f 786// 785// 991//
f 991// 785// 990//
f 991// 990// 1189//
f 1189// 990// 1188//
f 1189// 1188// 1379//
f 1379// 1188// 1378//
f 1379// 1378// 1558//
f 1558// 1378// 1557//
f 1558// 1557// 1739//
f 1739// 1557// 1738//
f 1739// 1738// 1920//
f 1920// 1738// 1919//
f 1920// 1919// 2146//
f 2146// 1919// 2145//
f 2146// 2145// 2379//
f 2379// 2145// 2378//
f 2379// 2378// 2621//
f 2621// 2378// 2620//
f 2621// 2620// 2808//
f 2808// 2620// 2807//
f 2808// 2807// 3060//
f 3060// 2807// 3059//
f 3060// 3059// 3290//
f 3290// 3059// 3289//
f 3290// 3289// 3522//
f 3522// 3289// 3521//
f 3522// 3521// 3806//
f 3806// 3521// 3805//
f 3806// 3805// 3963//
f 3963// 3805// 3962//
f 3963// 3962// 4030//
f 4030// 3962// 4029//
f 4030// 4029// 4064//
f 4064// 4029// 4063//
f 4064// 4063// 4033//
f 4033// 4063// 4032//
f 4033// 4032// 3968//
f 3968// 4032// 3967//
f 3968// 3967// 3825//
f 3825// 3967// 3824//
f 3825// 3824// 3539//
f 3539// 3824// 3538//
f 3539// 3538// 3308//
f 3308// 3538// 3307//
f 3308// 3307// 3065//
f 3065// 3307// 3064//
f 3065// 3064// 2818//
f 2818// 3064// 2817//
f 2818// 2817// 2629//
f 2629// 2817// 2628//
f 2629// 2628// 2389//
f 2389// 2628// 2388//
f 2389// 2388// 2154//
f 2154// 2388// 2153//
f 2154// 2153// 1927//
f 1927// 2153// 1926//
f 1927// 1926// 1744//
f 1744// 1926// 1743//
f 1744// 1743// 1567//
f 1567// 1743// 1566//
f 1567// 1566// 1395//
f 1395// 1566// 1394//
f 1395// 1394// 1195//
f 1195// 1394// 1194//
f 1195// 1194// 996//
f 996// 1194// 995//
f 996// 995// 792//
f 792// 995// 791//
f 792// 791// 565//
f 565// 791// 564//
f 565// 564// 316//
f 316// 564// 315//
f 316// 315// 218//
f 218// 315// 217//
f 218// 217// 164//
f 164// 217// 163//
f 164// 163// 153//
f 153// 163// 152//
f 153// 152// 203//
f 203// 152// 202//
f 203// 202// 277//
f 277// 202// 276//
f 277// 276// 478//
f 478// 276// 477//
f 478// 477// 741//
f 741// 477// 740//
f 741// 740// 943//
f 943// 740// 942//
f 943// 942// 1141//
f 1141// 942// 1140//
f 1141// 1140// 1328//
f 1328// 1140// 1327//
f 1328// 1327// 1501//
f 1501// 1327// 1500//
f 1501// 1500// 1698//
f 1698// 1500// 1697//
f 3075// 2871// 2948//
f 3693// 3492// 3666//
f 3910// 3908// 4050//
f 3496// 3718// 3901//
f 2881// 3079// 3159//
f 2251// 2504// 2530//
f 1679// 1861// 1855//
f 1163// 1332// 1294//
f 623// 809// 689//
f 282// 313// 190//
f 572// 388// 237//
f 1118// 935// 843//
f 1635// 1450// 1422//
f 2188// 1957// 1960//
f 2804// 2631// 2665//
f 3441// 3201// 3365//
f 3895// 3842// 3990//
f 3755// 3876// 4027//
f 3131// 3359// 3483//
f 1201// 1384// 1335//
f 673// 862// 750//
f 290// 325// 206//
f 527// 334// 213//
f 1078// 888// 786//
f 1587// 1407// 1379//
f 2132// 1922// 1920//
f 2770// 2581// 2621//
f 3401// 3166// 3290//
f 3884// 3780// 3963//
f 3789// 3886// 4033//
f 3168// 3409// 3539//
f 2590// 2775// 2818//
f 1929// 2143// 2154//
f 1417// 1603// 1567//
f 908// 1082// 996//
f 349// 531// 316//
f 322// 288// 153//
f 855// 665// 478//
f 1369// 1198// 1141//
f 1887// 1712// 1698//
f 2536// 2289// 2309//
f 3123// 2937// 3014//
f 3743// 3535// 3741//
f 3898// 3912// 4056//
f 3446// 3656// 3870//
f 2812// 3042// 3105//
f 940// 1120// 1061//
f 402// 576// 352//
f 311// 280// 145//
f 805// 612// 425//
f 1325// 1159// 1092//
f 1847// 1859// 1658//
f 1658// 1859// 1673//
f 1658// 1673// 1462//
f 1462// 1673// 1481//
f 1462// 1481// 1283//
f 1092// 1159// 891//
f 891// 1159// 974//
f 891// 974// 680//
f 425// 612// 261//
f 261// 612// 436//
f 261// 436// 179//
f 145// 280// 172//
f 172// 280// 304//
f 172// 304// 247//
f 352// 576// 626//
f 626// 576// 767//
f 626// 767// 853//
f 1061// 1120// 1236//
f 1236// 1120// 1300//
f 1236// 1300// 1430//
f 1430// 1300// 1457//
f 1430// 1457// 1621//
f 1621// 1457// 1642//
f 1621// 1642// 1804//
f 1804// 1642// 1812//
f 1804// 1812// 1974//
f 1974// 1812// 1964//
f 1974// 1964// 2226//
f 2226// 1964// 2210//
f 2226// 2210// 2473//
f 2473// 2210// 2442//
f 2473// 2442// 2679//
f 2679// 2442// 2638//
f 2679// 2638// 2898//
f 3105// 3042// 3370//
f 3370// 3042// 3221//
f 3370// 3221// 3599//
f 3870// 3656// 3997//
f 3997// 3656// 3844//
f 3997// 3844// 4045//
f 4056// 3912// 4021//
f 4021// 3912// 3872//
f 4021// 3872// 3924//
f 3741// 3535// 3467//
f 3467// 3535// 3355//
f 3467// 3355// 3199//
f 3014// 2937// 2768//
f 2768// 2937// 2726//
f 2768// 2726// 2569//
f 2309// 2289// 2073//
f 2073// 2289// 2064//
f 2073// 2064// 1882//
f 1698// 1712// 1501//
f 1501// 1712// 1542//
f 1501// 1542// 1328//
f 1141// 1198// 943//
f 943// 1198// 1031//
f 943// 1031// 741//
f 478// 665// 277//
f 277// 665// 470//
f 277// 470// 203//
f 153// 288// 164//
f 164// 288// 294//
f 164// 294// 218//
f 316// 531// 565//
f 565// 531// 714//
f 565// 714// 792//
f 996// 1082// 1195//
f 1195// 1082// 1238//
f 1195// 1238// 1395//
f 1567// 1603// 1744//
f 1744// 1603// 1758//
f 1744// 1758// 1927//
f 2154// 2143// 2389//
f 2389// 2143// 2364//
f 2389// 2364// 2629//
f 2818// 2775// 3065//
f 3065// 2775// 3007//
f 3065// 3007// 3308//
f 3539// 3409// 3825//
f 3825// 3409// 3593//
f 3825// 3593// 3968//
f 4033// 3886// 4064//
f 4064// 3886// 3916//
f 4064// 3916// 4030//
f 3963// 3780// 3806//
f 3806// 3780// 3574//
f 3806// 3574// 3522//
f 3290// 3166// 3060//
f 3060// 3166// 3002//
f 3060// 3002// 2808//
f 2621// 2581// 2379//
f 2379// 2581// 2353//
f 2379// 2353// 2146//
f 1920// 1922// 1739//
f 1739// 1922// 1753//
f 1739// 1753// 1558//
f 1379// 1407// 1189//
f 1189// 1407// 1233//
f 1189// 1233// 991//
f 786// 888// 556//
f 556// 888// 711//
f 556// 711// 307//
f 213// 334// 161//
f 161// 334// 292//
f 161// 292// 156//
f 206// 325// 285//
f 285// 325// 475//
f 285// 475// 494//
f 750// 862// 950//
f 950// 862// 1038//
f 950// 1038// 1149//
f 1335// 1384// 1509//
f 1509// 1384// 1548//
f 1509// 1548// 1704//
f 1704// 1548// 1717//
f 1704// 1717// 1890//
f 1890// 1717// 1896//
f 1890// 1896// 2080//
f 2080// 1896// 2070//
f 2080// 2070// 2321//
f 2321// 2070// 2301//
f 2321// 2301// 2579//
f 2579// 2301// 2544//
f 2579// 2544// 2778//
f 2778// 2544// 2738//
f 2778// 2738// 3020//
f 3020// 2738// 2940//
f 3020// 2940// 3214//
f 3483// 3359// 3752//
f 3752// 3359// 3545//
f 3752// 3545// 3928//
f 4027// 3876// 4059//
f 4059// 3876// 3914//
f 4059// 3914// 4042//
f 3990// 3842// 3863//
f 3863// 3842// 3628//
f 3863// 3628// 3589//
f 3365// 3201// 3097//
f 3097// 3201// 3040//
f 3097// 3040// 2888//
f 2665// 2631// 2462//
f 2462// 2631// 2434//
f 2462// 2434// 2217//
f 1960// 1957// 1796//
f 1796// 1957// 1807//
f 1796// 1807// 1613//
f 1422// 1450// 1224//
f 1224// 1450// 1285//
f 1224// 1285// 1054//
f 843// 935// 610//
f 610// 935// 765//
f 610// 765// 337//
f 237// 388// 167//
f 167// 388// 302//
f 167// 302// 150//
f 190// 313// 266//
f 266// 313// 442//
f 266// 442// 439//
f 689// 809// 906//
f 906// 809// 981//
f 906// 981// 1103//
f 1294// 1332// 1465//
f 1465// 1332// 1496//
f 1465// 1496// 1666//
f 1855// 1861// 2033//
f 2033// 1861// 2020//
f 2033// 2020// 2266//
f 2530// 2504// 2734//
f 2734// 2504// 2684//
f 2734// 2684// 2956//
f 3159// 3079// 3423//
f 3423// 3079// 3305//
f 3423// 3305// 3681//
f 3901// 3718// 4011//
f 4011// 3718// 3860//
f 4011// 3860// 4053//
f 4050// 3908// 4008//
f 4008// 3908// 3854//
f 4008// 3854// 3891//
f 3666// 3492// 3416//
f 3416// 3492// 3287//
f 3416// 3287// 3151//
f 2948// 2871// 2722//
f 2722// 2871// 2676//
f 2722// 2676// 2522//
f 2006// 2017// 2245//
f 2245// 2017// 2262//
f 2245// 2262// 2493//
f 2000// 1859// 2004//
f 2004// 1859// 1847//
f 2004// 1847// 2014//
f 2000// 1866// 1859//
f 1859// 1866// 1839//
f 1859// 1839// 1673//
f 1673// 1839// 1691//
f 1673// 1691// 1481//
f 1481// 1691// 1594//
f 1594// 1525// 1481//
f 1481// 1525// 1325//
f 1481// 1325// 1283//
f 1283// 1325// 1092//
f 1525// 1371// 1325//
f 1325// 1371// 1351//
f 1325// 1351// 1159//
f 1159// 1351// 1213//
f 1159// 1213// 974//
f 974// 1213// 1126//
f 1126// 1071// 974//
f 974// 1071// 805//
f 974// 805// 680//
f 680// 805// 425//
f 1071// 921// 805//
f 805// 921// 901//
f 805// 901// 612//
f 612// 901// 771//
f 612// 771// 436//
f 436// 771// 695//
f 695// 634// 436//
f 436// 634// 311//
f 436// 311// 179//
f 179// 311// 145//
f 634// 546// 311//
f 311// 546// 537//
f 311// 537// 280//
f 280// 537// 489//
f 280// 489// 304//
f 304// 489// 508//
f 508// 529// 304//
f 304// 529// 402//
f 304// 402// 247//
f 247// 402// 352//
f 529// 604// 402//
f 402// 604// 613//
f 402// 613// 576//
f 576// 613// 744//
f 576// 744// 767//
f 767// 744// 812//
f 812// 879// 767//
f 767// 879// 940//
f 767// 940// 853//
f 853// 940// 1061//
f 879// 1034// 940//
f 940// 1034// 1046//
f 940// 1046// 1120//
f 1120// 1046// 1178//
f 1120// 1178// 1300//
f 1178// 1261// 1300//
f 1300// 1261// 1338//
f 1300// 1338// 1457//
f 1457// 1338// 1479//
f 1457// 1479// 1642//
f 1642// 1479// 1663//
f 1642// 1663// 1812//
f 1663// 1728// 1812//
f 1812// 1728// 1824//
f 1812// 1824// 1964//
f 1964// 1824// 1962//
f 1964// 1962// 2210//
f 2210// 1962// 2176//
f 2210// 2176// 2442//
f 2176// 2280// 2442//
f 2442// 2280// 2386//
f 2442// 2386// 2638//
f 2638// 2386// 2599//
f 2599// 2605// 2638//
f 2638// 2605// 2812//
f 2638// 2812// 2898//
f 2898// 2812// 3105//
f 2605// 2772// 2812//
f 2812// 2772// 2836//
f 2812// 2836// 3042//
f 3042// 2836// 2964//
f 3042// 2964// 3221//
f 3221// 2964// 3113//
f 3113// 3129// 3221//
f 3221// 3129// 3446//
f 3221// 3446// 3599//
f 3599// 3446// 3870//
f 3129// 3330// 3446//
f 3446// 3330// 3394//
f 3446// 3394// 3656//
f 3656// 3394// 3464//
f 3656// 3464// 3844//
f 3844// 3464// 3581//
f 3581// 3591// 3844//
f 3844// 3591// 3898//
f 3844// 3898// 4045//
f 4045// 3898// 4056//
f 3591// 3685// 3898//
f 3898// 3685// 3712//
f 3898// 3712// 3912//
f 3912// 3712// 3716//
f 3912// 3716// 3872//
f 3872// 3716// 3650//
f 3650// 3637// 3872//
f 3872// 3637// 3743//
f 3872// 3743// 3924//
f 3924// 3743// 3741//
f 3637// 3524// 3743//
f 3743// 3524// 3476//
f 3743// 3476// 3535//
f 3535// 3476// 3388//
f 3535// 3388// 3355//
f 3355// 3388// 3205//
f 3205// 3187// 3355//
f 3355// 3187// 3123//
f 3355// 3123// 3199//
f 3199// 3123// 3014//
f 3187// 3044// 3123//
f 3123// 3044// 2977//
f 3123// 2977// 2937//
f 2937// 2977// 2845//
f 2937// 2845// 2726//
f 2726// 2845// 2700//
f 2700// 2681// 2726//
f 2726// 2681// 2536//
f 2726// 2536// 2569//
f 2569// 2536// 2309//
f 2681// 2510// 2536//
f 2536// 2510// 2431//
f 2536// 2431// 2289//
f 2289// 2431// 2274//
f 2289// 2274// 2064//
f 2064// 2274// 2086//
f 2086// 2058// 2064//
f 2064// 2058// 1887//
f 2064// 1887// 1882//
f 1882// 1887// 1698//
f 2058// 1894// 1887//
f 1887// 1894// 1836//
f 1887// 1836// 1712//
f 1712// 1836// 1721//
f 1712// 1721// 1542//
f 1542// 1721// 1596//
f 1596// 1571// 1542//
f 1542// 1571// 1369//
f 1542// 1369// 1328//
f 1328// 1369// 1141//
f 1571// 1405// 1369//
f 1369// 1405// 1357//
f 1369// 1357// 1198//
f 1198// 1357// 1243//
f 1198// 1243// 1031//
f 1031// 1243// 1130//
f 1130// 1105// 1031//
f 1031// 1105// 855//
f 1031// 855// 741//
f 741// 855// 478//
f 1105// 947// 855//
f 855// 947// 898//
f 855// 898// 665//
f 665// 898// 803//
f 665// 803// 470//
f 470// 803// 692//
f 692// 667// 470//
f 470// 667// 322//
f 470// 322// 203//
f 203// 322// 153//
f 667// 559// 322//
f 322// 559// 541//
f 322// 541// 288//
f 288// 541// 498//
f 288// 498// 294//
f 294// 498// 506//
f 506// 512// 294//
f 294// 512// 349//
f 294// 349// 218//
f 218// 349// 316//
f 512// 585// 349//
f 349// 585// 620//
f 349// 620// 531//
f 531// 620// 707//
f 531// 707// 714//
f 714// 707// 814//
f 814// 845// 714//
f 714// 845// 908//
f 714// 908// 792//
f 792// 908// 996//
f 845// 988// 908//
f 908// 988// 1044//
f 908// 1044// 1082//
f 1082// 1044// 1146//
f 1082// 1146// 1238//
f 1238// 1146// 1258//
f 1258// 1310// 1238//
f 1238// 1310// 1417//
f 1238// 1417// 1395//
f 1395// 1417// 1567//
f 1310// 1452// 1417//
f 1417// 1452// 1483//
f 1417// 1483// 1603//
f 1603// 1483// 1625//
f 1603// 1625// 1758//
f 1758// 1625// 1732//
f 1732// 1777// 1758//
f 1758// 1777// 1929//
f 1758// 1929// 1927//
f 1927// 1929// 2154//
f 1777// 1934// 1929//
f 1929// 1934// 1969//
f 1929// 1969// 2143//
f 2143// 1969// 2126//
f 2143// 2126// 2364//
f 2364// 2126// 2279//
f 2279// 2325// 2364//
f 2364// 2325// 2590//
f 2364// 2590// 2629//
f 2629// 2590// 2818//
f 2325// 2554// 2590//
f 2590// 2554// 2596//
f 2590// 2596// 2775//
f 2775// 2596// 2736//
f 2775// 2736// 3007//
f 3007// 2736// 2838//
f 2838// 2923// 3007//
f 3007// 2923// 3168//
f 3007// 3168// 3308//
f 3308// 3168// 3539//
f 2923// 3083// 3168//
f 3168// 3083// 3115//
f 3168// 3115// 3409//
f 3409// 3115// 3263//
f 3409// 3263// 3593//
f 3593// 3263// 3396//
f 3396// 3439// 3593//
f 3593// 3439// 3789//
f 3593// 3789// 3968//
f 3968// 3789// 4033//
f 3439// 3562// 3789//
f 3789// 3562// 3580//
f 3789// 3580// 3886//
f 3886// 3580// 3673//
f 3886// 3673// 3916//
f 3916// 3673// 3706//
f 3706// 3723// 3916//
f 3916// 3723// 3884//
f 3916// 3884// 4030//
f 4030// 3884// 3963//
f 3723// 3668// 3884//
f 3884// 3668// 3652//
f 3884// 3652// 3780//
f 3780// 3652// 3559//
f 3780// 3559// 3574//
f 3574// 3559// 3480//
f 3480// 3431// 3574//
f 3574// 3431// 3401//
f 3574// 3401// 3522//
f 3522// 3401// 3290//
f 3431// 3258// 3401//
f 3401// 3258// 3207//
f 3401// 3207// 3166//
f 3166// 3207// 3077//
f 3166// 3077// 3002//
f 3002// 3077// 2979//
f 2979// 2913// 3002//
f 3002// 2913// 2770//
f 3002// 2770// 2808//
f 2808// 2770// 2621//
f 2913// 2724// 2770//
f 2770// 2724// 2702//
f 2770// 2702// 2581//
f 2581// 2702// 2549//
f 2581// 2549// 2353//
f 2353// 2549// 2429//
f 2429// 2317// 2353//
f 2353// 2317// 2132//
f 2353// 2132// 2146//
f 2146// 2132// 1920//
f 2317// 2111// 2132//
f 2132// 2111// 2084//
f 2132// 2084// 1922//
f 1922// 2084// 1924//
f 1922// 1924// 1753//
f 1753// 1924// 1834//
f 1834// 1764// 1753//
f 1753// 1764// 1587//
f 1753// 1587// 1558//
f 1558// 1587// 1379//
f 1764// 1615// 1587//
f 1587// 1615// 1601//
f 1587// 1601// 1407//
f 1407// 1601// 1444//
f 1407// 1444// 1233//
f 1233// 1444// 1355//
f 1355// 1306// 1233//
f 1233// 1306// 1078//
f 1233// 1078// 991//
f 991// 1078// 786//
f 1306// 1143// 1078//
f 1078// 1143// 1128//
f 1078// 1128// 888//
f 888// 1128// 983//
f 888// 983// 711//
f 711// 983// 896//
f 896// 838// 711//
f 711// 838// 527//
f 711// 527// 307//
f 307// 527// 213//
f 838// 702// 527//
f 527// 702// 694//
f 527// 694// 334//
f 334// 694// 581//
f 334// 581// 292//
f 292// 581// 543//
f 543// 510// 292//
f 292// 510// 290//
f 292// 290// 156//
f 156// 290// 206//
f 510// 500// 290//
f 290// 500// 502//
f 290// 502// 325//
f 325// 502// 562//
f 325// 562// 475//
f 475// 562// 616//
f 616// 671// 475//
f 475// 671// 673//
f 475// 673// 494//
f 494// 673// 750//
f 671// 807// 673//
f 673// 807// 817//
f 673// 817// 862//
f 862// 817// 955//
f 862// 955// 1038//
f 1038// 955// 1040//
f 1040// 1113// 1038//
f 1038// 1113// 1201//
f 1038// 1201// 1149//
f 1149// 1201// 1335//
f 1113// 1251// 1201//
f 1201// 1251// 1256//
f 1201// 1256// 1384//
f 1384// 1256// 1415//
f 1384// 1415// 1548//
f 1415// 1485// 1548//
f 1548// 1485// 1577//
f 1548// 1577// 1717//
f 1717// 1577// 1735//
f 1717// 1735// 1896//
f 1896// 1735// 1898//
f 1896// 1898// 2070//
f 1898// 1971// 2070//
f 2070// 1971// 2062//
f 2070// 2062// 2301//
f 2301// 2062// 2283//
f 2301// 2283// 2544//
f 2283// 2519// 2544//
f 2544// 2519// 2594//
f 2544// 2594// 2738//
f 2738// 2594// 2686//
f 2738// 2686// 2940//
f 2940// 2686// 2842//
f 2842// 2855// 2940//
f 2940// 2855// 3131//
f 2940// 3131// 3214//
f 3214// 3131// 3483//
f 2855// 3047// 3131//
f 3131// 3047// 3119//
f 3131// 3119// 3359//
f 3359// 3119// 3189//
f 3359// 3189// 3545//
f 3545// 3189// 3393//
f 3393// 3407// 3545//
f 3545// 3407// 3755//
f 3545// 3755// 3928//
f 3928// 3755// 4027//
f 3407// 3533// 3755//
f 3755// 3533// 3576//
f 3755// 3576// 3876//
f 3876// 3576// 3642//
f 3876// 3642// 3914//
f 3914// 3642// 3708//
f 3708// 3720// 3914//
f 3914// 3720// 3895//
f 3914// 3895// 4042//
f 4042// 3895// 3990//
f 3720// 3683// 3895//
f 3895// 3683// 3648//
f 3895// 3648// 3842//
f 3842// 3648// 3586//
f 3842// 3586// 3628//
f 3628// 3586// 3473//
f 3473// 3458// 3628//
f 3628// 3458// 3441//
f 3628// 3441// 3589//
f 3589// 3441// 3365//
f 3458// 3321// 3441//
f 3441// 3321// 3211//
f 3441// 3211// 3201//
f 3201// 3211// 3108//
f 3201// 3108// 3040//
f 3040// 3108// 2983//
f 2983// 2958// 3040//
f 3040// 2958// 2804//
f 3040// 2804// 2888//
f 2888// 2804// 2665//
f 2958// 2765// 2804//
f 2804// 2765// 2696//
f 2804// 2696// 2631//
f 2631// 2696// 2592//
f 2631// 2592// 2434//
f 2434// 2592// 2425//
f 2425// 2381// 2434//
f 2434// 2381// 2188//
f 2434// 2188// 2217//
f 2217// 2188// 1960//
f 2381// 2173// 2188//
f 2188// 2173// 2088//
f 2188// 2088// 1957//
f 1957// 2088// 1955//
f 1957// 1955// 1807//
f 1807// 1955// 1838//
f 1838// 1816// 1807//
f 1807// 1816// 1635//
f 1807// 1635// 1613//
f 1613// 1635// 1422//
f 1816// 1655// 1635//
f 1635// 1655// 1598//
f 1635// 1598// 1450//
f 1450// 1598// 1474//
f 1450// 1474// 1285//
f 1285// 1474// 1353//
f 1353// 1330// 1285//
f 1285// 1330// 1118//
f 1285// 1118// 1054//
f 1054// 1118// 843//
f 1330// 1174// 1118//
f 1118// 1174// 1125//
f 1118// 1125// 935//
f 935// 1125// 1027//
f 935// 1027// 765//
f 765// 1027// 900//
f 900// 874// 765//
f 765// 874// 572//
f 765// 572// 337//
f 337// 572// 237//
f 874// 731// 572//
f 572// 731// 697//
f 572// 697// 388//
f 388// 697// 599//
f 388// 599// 302//
f 302// 599// 539//
f 539// 525// 302//
f 302// 525// 282//
f 302// 282// 150//
f 150// 282// 190//
f 525// 491// 282//
f 282// 491// 504//
f 282// 504// 313//
f 313// 504// 548//
f 313// 548// 442//
f 442// 548// 618//
f 618// 643// 442//
f 442// 643// 623//
f 442// 623// 439//
f 439// 623// 689//
f 643// 776// 623//
f 623// 776// 811//
f 623// 811// 809//
f 809// 811// 923//
f 809// 923// 981//
f 981// 923// 1042//
f 1042// 1073// 981//
f 981// 1073// 1163//
f 981// 1163// 1103//
f 1103// 1163// 1294//
f 1073// 1215// 1163//
f 1163// 1215// 1260//
f 1163// 1260// 1332//
f 1332// 1260// 1386//
f 1332// 1386// 1496//
f 1496// 1386// 1488//
f 1488// 1536// 1496//
f 1496// 1536// 1679//
f 1496// 1679// 1666//
f 1666// 1679// 1855//
f 1536// 1694// 1679//
f 1679// 1694// 1730//
f 1679// 1730// 1861//
f 1861// 1730// 1868//
f 1861// 1868// 2020//
f 2020// 1868// 1967//
f 1967// 2008// 2020//
f 2020// 2008// 2251//
f 2020// 2251// 2266//
f 2266// 2251// 2530//
f 2008// 2240// 2251//
f 2251// 2240// 2277//
f 2251// 2277// 2504//
f 2504// 2277// 2464//
f 2504// 2464// 2684//
f 2684// 2464// 2598//
f 2598// 2641// 2684//
f 2684// 2641// 2881//
f 2684// 2881// 2956//
f 2956// 2881// 3159//
f 2641// 2802// 2881//
f 2881// 2802// 2840//
f 2881// 2840// 3079//
f 3079// 2840// 3016//
f 3079// 3016// 3305//
f 3305// 3016// 3117//
f 3117// 3161// 3305//
f 3305// 3161// 3496//
f 3305// 3496// 3681//
f 3681// 3496// 3901//
f 3161// 3367// 3496//
f 3496// 3367// 3391//
f 3496// 3391// 3718//
f 3718// 3391// 3504//
f 3718// 3504// 3860//
f 3860// 3504// 3578//
f 3578// 3610// 3860//
f 3860// 3610// 3910//
f 3860// 3910// 4053//
f 4053// 3910// 4050//
f 3610// 3701// 3910//
f 3910// 3701// 3714//
f 3910// 3714// 3908//
f 3908// 3714// 3695//
f 3908// 3695// 3854//
f 3854// 3695// 3646//
f 3646// 3604// 3854//
f 3854// 3604// 3693//
f 3854// 3693// 3891//
f 3891// 3693// 3666//
f 3604// 3498// 3693//
f 3693// 3498// 3478//
f 3693// 3478// 3492//
f 3492// 3478// 3361//
f 3492// 3361// 3287//
f 3287// 3361// 3209//
f 3209// 3156// 3287//
f 3287// 3156// 3075//
f 3287// 3075// 3151//
f 3151// 3075// 2948//
f 3156// 3011// 3075//
f 3075// 3011// 2981//
f 3075// 2981// 2871//
f 2871// 2981// 2798//
f 2871// 2798// 2676//
f 2676// 2798// 2698//
f 2698// 2635// 2676//
f 2676// 2635// 2493//
f 2676// 2493// 2522//
f 2522// 2493// 2262//
f 2002// 2006// 2237//
f 2237// 2006// 2245//
f 2237// 2245// 2427//
f 2427// 2245// 2493//
f 2427// 2493// 2447//
f 2447// 2493// 2635//
f 2426// 2446// 2492//
f 2492// 2446// 2675//
f 3286// 3074// 3010//
f 3853// 3692// 3497//
f 3859// 3909// 3700//
f 3304// 3495// 3366//
f 2683// 2880// 2801//
f 2019// 2250// 2239//
f 1495// 1678// 1693//
f 980// 1162// 1214//
f 441// 622// 775//
f 301// 281// 490//
f 764// 571// 730//
f 1284// 1117// 1173//
f 1806// 1634// 1654//
f 2433// 2187// 2172//
f 3039// 2803// 2764//
f 3627// 3440// 3320//
f 3913// 3894// 3682//
f 3544// 3754// 3532//
f 2939// 3130// 3046//
f 1037// 1200// 1250//
f 474// 672// 806//
f 291// 289// 499//
f 710// 526// 701//
f 1232// 1077// 1142//
f 1752// 1586// 1614//
f 2352// 2131// 2110//
f 3001// 2769// 2723//
f 3573// 3400// 3257//
f 3915// 3883// 3667//
f 3592// 3788// 3561//
f 3006// 3167// 3082//
f 2363// 2589// 2553//
f 1757// 1928// 1933//
f 1237// 1416// 1451//
f 713// 907// 987//
f 293// 348// 584//
f 469// 321// 558//
f 1030// 854// 946//
f 1541// 1368// 1404//
f 2063// 1886// 1893//
f 2725// 2535// 2509//
f 3354// 3122// 3043//
f 3871// 3742// 3523//
f 3843// 3897// 3684//
f 2441// 2637// 2604//
f 1811// 1963// 1961//
f 1299// 1456// 1478//
f 766// 939// 1033//
f 303// 401// 603//
f 435// 310// 545//
f 973// 804// 920//
f 1480// 1324// 1370//
f 1858// 1865// 2003//
f 2003// 1865// 1999//
f 1370// 1524// 1480//
f 1480// 1524// 1537//
f 1480// 1537// 1672//
f 1672// 1537// 1690//
f 1672// 1690// 1858//
f 1858// 1690// 1765//
f 1858// 1765// 1865//
f 920// 1070// 973//
f 973// 1070// 1086//
f 973// 1086// 1158//
f 1158// 1086// 1212//
f 1158// 1212// 1324//
f 1324// 1212// 1312//
f 1324// 1312// 1370//
f 545// 633// 435//
f 435// 633// 655//
f 435// 655// 611//
f 611// 655// 770//
f 611// 770// 804//
f 804// 770// 859//
f 804// 859// 920//
f 603// 528// 303//
f 303// 528// 521//
f 303// 521// 279//
f 279// 521// 488//
f 279// 488// 310//
f 310// 488// 523//
f 310// 523// 545//
f 1033// 878// 766//
f 766// 878// 839//
f 766// 839// 575//
f 575// 839// 743//
f 575// 743// 401//
f 401// 743// 645//
f 401// 645// 603//
f 1478// 1337// 1299//
f 1299// 1337// 1304//
f 1299// 1304// 1119//
f 1119// 1304// 1177//
f 1119// 1177// 939//
f 939// 1177// 1069//
f 939// 1069// 1033//
f 1961// 1823// 1811//
f 1811// 1823// 1750//
f 1811// 1750// 1641//
f 1641// 1750// 1662//
f 1641// 1662// 1456//
f 1456// 1662// 1510//
f 1456// 1510// 1478//
f 2604// 2385// 2441//
f 2441// 2385// 2296//
f 2441// 2296// 2209//
f 2209// 2296// 2175//
f 2209// 2175// 1963//
f 1963// 2175// 1986//
f 1963// 1986// 1961//
f 3041// 2863// 2811//
f 2811// 2863// 2771//
f 2811// 2771// 2637//
f 2637// 2771// 2612//
f 2637// 2612// 2604//
f 3445// 3329// 3220//
f 3220// 3329// 3128//
f 3220// 3128// 3041//
f 3041// 3128// 2963//
f 3041// 2963// 2863//
f 3684// 3590// 3843//
f 3843// 3590// 3583//
f 3843// 3583// 3655//
f 3655// 3583// 3463//
f 3655// 3463// 3445//
f 3445// 3463// 3405//
f 3445// 3405// 3329//
f 3523// 3636// 3871//
f 3871// 3636// 3649//
f 3871// 3649// 3911//
f 3911// 3649// 3715//
f 3911// 3715// 3897//
f 3897// 3715// 3709//
f 3897// 3709// 3684//
f 3043// 3186// 3354//
f 3354// 3186// 3204//
f 3354// 3204// 3534//
f 3534// 3204// 3387//
f 3534// 3387// 3742//
f 3742// 3387// 3475//
f 3742// 3475// 3523//
f 2509// 2680// 2725//
f 2725// 2680// 2699//
f 2725// 2699// 2936//
f 2936// 2699// 2844//
f 2936// 2844// 3122//
f 3122// 2844// 2976//
f 3122// 2976// 3043//
f 1893// 2057// 2063//
f 2063// 2057// 2085//
f 2063// 2085// 2288//
f 2288// 2085// 2273//
f 2288// 2273// 2535//
f 2535// 2273// 2430//
f 2535// 2430// 2509//
f 1404// 1570// 1541//
f 1541// 1570// 1595//
f 1541// 1595// 1711//
f 1711// 1595// 1720//
f 1711// 1720// 1886//
f 1886// 1720// 1835//
f 1886// 1835// 1893//
f 946// 1104// 1030//
f 1030// 1104// 1129//
f 1030// 1129// 1197//
f 1197// 1129// 1242//
f 1197// 1242// 1368//
f 1368// 1242// 1356//
f 1368// 1356// 1404//
f 558// 666// 469//
f 469// 666// 691//
f 469// 691// 664//
f 664// 691// 802//
f 664// 802// 854//
f 854// 802// 897//
f 854// 897// 946//
f 584// 511// 293//
f 293// 511// 505//
f 293// 505// 287//
f 287// 505// 497//
f 287// 497// 321//
f 321// 497// 540//
f 321// 540// 558//
f 987// 844// 713//
f 713// 844// 813//
f 713// 813// 530//
f 530// 813// 706//
f 530// 706// 348//
f 348// 706// 619//
f 348// 619// 584//
f 1451// 1309// 1237//
f 1237// 1309// 1257//
f 1237// 1257// 1081//
f 1081// 1257// 1145//
f 1081// 1145// 907//
f 907// 1145// 1043//
f 907// 1043// 987//
f 1933// 1776// 1757//
f 1757// 1776// 1731//
f 1757// 1731// 1602//
f 1602// 1731// 1624//
f 1602// 1624// 1416//
f 1416// 1624// 1482//
f 1416// 1482// 1451//
f 2553// 2324// 2363//
f 2363// 2324// 2278//
f 2363// 2278// 2142//
f 2142// 2278// 2125//
f 2142// 2125// 1928//
f 1928// 2125// 1968//
f 1928// 1968// 1933//
f 3082// 2922// 3006//
f 3006// 2922// 2837//
f 3006// 2837// 2774//
f 2774// 2837// 2735//
f 2774// 2735// 2589//
f 2589// 2735// 2595//
f 2589// 2595// 2553//
f 3561// 3438// 3592//
f 3592// 3438// 3395//
f 3592// 3395// 3408//
f 3408// 3395// 3262//
f 3408// 3262// 3167//
f 3167// 3262// 3114//
f 3167// 3114// 3082//
f 3667// 3722// 3915//
f 3915// 3722// 3705//
f 3915// 3705// 3885//
f 3885// 3705// 3672//
f 3885// 3672// 3788//
f 3788// 3672// 3579//
f 3788// 3579// 3561//
f 3257// 3430// 3573//
f 3573// 3430// 3479//
f 3573// 3479// 3779//
f 3779// 3479// 3558//
f 3779// 3558// 3883//
f 3883// 3558// 3651//
f 3883// 3651// 3667//
f 2723// 2912// 3001//
f 3001// 2912// 2978//
f 3001// 2978// 3165//
f 3165// 2978// 3076//
f 3165// 3076// 3400//
f 3400// 3076// 3206//
f 3400// 3206// 3257//
f 2110// 2316// 2352//
f 2352// 2316// 2428//
f 2352// 2428// 2580//
f 2580// 2428// 2548//
f 2580// 2548// 2769//
f 2769// 2548// 2701//
f 2769// 2701// 2723//
f 1614// 1763// 1752//
f 1752// 1763// 1833//
f 1752// 1833// 1921//
f 1921// 1833// 1923//
f 1921// 1923// 2131//
f 2131// 1923// 2083//
f 2131// 2083// 2110//
f 1142// 1305// 1232//
f 1232// 1305// 1354//
f 1232// 1354// 1406//
f 1406// 1354// 1443//
f 1406// 1443// 1586//
f 1586// 1443// 1600//
f 1586// 1600// 1614//
f 701// 837// 710//
f 710// 837// 895//
f 710// 895// 887//
f 887// 895// 982//
f 887// 982// 1077//
f 1077// 982// 1127//
f 1077// 1127// 1142//
f 499// 509// 291//
f 291// 509// 542//
f 291// 542// 333//
f 333// 542// 580//
f 333// 580// 526//
f 526// 580// 693//
f 526// 693// 701//
f 806// 670// 474//
f 474// 670// 615//
f 474// 615// 324//
f 324// 615// 561//
f 324// 561// 289//
f 289// 561// 501//
f 289// 501// 499//
f 1250// 1112// 1037//
f 1037// 1112// 1039//
f 1037// 1039// 861//
f 861// 1039// 954//
f 861// 954// 672//
f 672// 954// 816//
f 672// 816// 806//
f 1547// 1484// 1383//
f 1383// 1484// 1414//
f 1383// 1414// 1200//
f 1200// 1414// 1255//
f 1200// 1255// 1250//
f 1895// 1897// 1716//
f 1716// 1897// 1734//
f 1716// 1734// 1547//
f 1547// 1734// 1576//
f 1547// 1576// 1484//
f 2543// 2518// 2300//
f 2300// 2518// 2282//
f 2300// 2282// 2069//
f 2069// 2282// 2061//
f 2069// 2061// 1895//
f 1895// 2061// 1970//
f 1895// 1970// 1897//
f 3046// 2854// 2939//
f 2939// 2854// 2841//
f 2939// 2841// 2737//
f 2737// 2841// 2685//
f 2737// 2685// 2543//
f 2543// 2685// 2593//
f 2543// 2593// 2518//
f 3532// 3406// 3544//
f 3544// 3406// 3392//
f 3544// 3392// 3358//
f 3358// 3392// 3188//
f 3358// 3188// 3130//
f 3130// 3188// 3118//
f 3130// 3118// 3046//
f 3682// 3719// 3913//
f 3913// 3719// 3707//
f 3913// 3707// 3875//
f 3875// 3707// 3641//
f 3875// 3641// 3754//
f 3754// 3641// 3575//
f 3754// 3575// 3532//
f 3320// 3457// 3627//
f 3627// 3457// 3472//
f 3627// 3472// 3841//
f 3841// 3472// 3585//
f 3841// 3585// 3894//
f 3894// 3585// 3647//
f 3894// 3647// 3682//
f 2764// 2957// 3039//
f 3039// 2957// 2982//
f 3039// 2982// 3200//
f 3200// 2982// 3107//
f 3200// 3107// 3440//
f 3440// 3107// 3210//
f 3440// 3210// 3320//
f 2172// 2380// 2433//
f 2433// 2380// 2424//
f 2433// 2424// 2630//
f 2630// 2424// 2591//
f 2630// 2591// 2803//
f 2803// 2591// 2695//
f 2803// 2695// 2764//
f 1654// 1815// 1806//
f 1806// 1815// 1837//
f 1806// 1837// 1956//
f 1956// 1837// 1954//
f 1956// 1954// 2187//
f 2187// 1954// 2087//
f 2187// 2087// 2172//
f 1173// 1329// 1284//
f 1284// 1329// 1352//
f 1284// 1352// 1449//
f 1449// 1352// 1473//
f 1449// 1473// 1634//
f 1634// 1473// 1597//
f 1634// 1597// 1654//
f 730// 873// 764//
f 764// 873// 899//
f 764// 899// 934//
f 934// 899// 1026//
f 934// 1026// 1117//
f 1117// 1026// 1124//
f 1117// 1124// 1173//
f 490// 524// 301//
f 301// 524// 538//
f 301// 538// 387//
f 387// 538// 598//
f 387// 598// 571//
f 571// 598// 696//
f 571// 696// 730//
f 775// 642// 441//
f 441// 642// 617//
f 441// 617// 312//
f 312// 617// 547//
f 312// 547// 281//
f 281// 547// 503//
f 281// 503// 490//
f 1214// 1072// 980//
f 980// 1072// 1041//
f 980// 1041// 808//
f 808// 1041// 922//
f 808// 922// 622//
f 622// 922// 810//
f 622// 810// 775//
f 1693// 1535// 1495//
f 1495// 1535// 1487//
f 1495// 1487// 1331//
f 1331// 1487// 1385//
f 1331// 1385// 1162//
f 1162// 1385// 1259//
f 1162// 1259// 1214//
f 2239// 2007// 2019//
f 2019// 2007// 1966//
f 2019// 1966// 1860//
f 1860// 1966// 1867//
f 1860// 1867// 1678//
f 1678// 1867// 1729//
f 1678// 1729// 1693//
f 2801// 2640// 2683//
f 2683// 2640// 2597//
f 2683// 2597// 2503//
f 2503// 2597// 2463//
f 2503// 2463// 2250//
f 2250// 2463// 2276//
f 2250// 2276// 2239//
f 3366// 3160// 3304//
f 3304// 3160// 3116//
f 3304// 3116// 3078//
f 3078// 3116// 3015//
f 3078// 3015// 2880//
f 2880// 3015// 2839//
f 2880// 2839// 2801//
f 3700// 3609// 3859//
f 3859// 3609// 3577//
f 3859// 3577// 3717//
f 3717// 3577// 3503//
f 3717// 3503// 3495//
f 3495// 3503// 3390//
f 3495// 3390// 3366//
f 3497// 3603// 3853//
f 3853// 3603// 3645//
f 3853// 3645// 3907//
f 3907// 3645// 3694//
f 3907// 3694// 3909//
f 3909// 3694// 3713//
f 3909// 3713// 3700//
f 3010// 3155// 3286//
f 3286// 3155// 3208//
f 3286// 3208// 3491//
f 3491// 3208// 3360//
f 3491// 3360// 3692//
f 3692// 3360// 3477//
f 3692// 3477// 3497//
f 2446// 2634// 2675//
f 2675// 2634// 2697//
f 2675// 2697// 2870//
f 2870// 2697// 2797//
f 2870// 2797// 3074//
f 3074// 2797// 2980//
f 3074// 2980// 3010//
f 2426// 2492// 2236//
f 2236// 2492// 2244//
f 2236// 2244// 2089//
f 2089// 2244// 2005//
f 2089// 2005// 2001//
f 1696// 1711// 1880//
f 1880// 1711// 1886//
f 1880// 1886// 2071//
f 2071// 1886// 2063//
f 2071// 2063// 2307//
f 2307// 2063// 2288//
f 2307// 2288// 2567//
f 2567// 2288// 2535//
f 2567// 2535// 2766//
f 2766// 2535// 2725//
f 2766// 2725// 3012//
f 3012// 2725// 2936//
f 3012// 2936// 3197//
f 3197// 2936// 3122//
f 3197// 3122// 3465//
f 3465// 3122// 3354//
f 3465// 3354// 3739//
f 3739// 3354// 3534//
f 3739// 3534// 3922//
f 3922// 3534// 3742//
f 3922// 3742// 4019//
f 4019// 3742// 3871//
f 4019// 3871// 4054//
f 4054// 3871// 3911//
f 4054// 3911// 4043//
f 4043// 3911// 3897//
f 4043// 3897// 3995//
f 3995// 3897// 3843//
f 3995// 3843// 3868//
f 3868// 3843// 3655//
f 3868// 3655// 3597//
f 3597// 3655// 3445//
f 3597// 3445// 3368//
f 3368// 3445// 3220//
f 3368// 3220// 3103//
f 3103// 3220// 3041//
f 3103// 3041// 2896//
f 2896// 3041// 2811//
f 2896// 2811// 2677//
f 2677// 2811// 2637//
f 2677// 2637// 2471//
f 2471// 2637// 2441//
f 2471// 2441// 2224//
f 2224// 2441// 2209//
f 2224// 2209// 1972//
f 1972// 2209// 1963//
f 1972// 1963// 1802//
f 1802// 1963// 1811//
f 1802// 1811// 1619//
f 1619// 1811// 1641//
f 1619// 1641// 1428//
f 1428// 1641// 1456//
f 1428// 1456// 1234//
f 1234// 1456// 1299//
f 1234// 1299// 1059//
f 1059// 1299// 1119//
f 1059// 1119// 851//
f 851// 1119// 939//
f 851// 939// 624//
f 624// 939// 766//
f 624// 766// 350//
f 350// 766// 575//
f 350// 575// 245//
f 245// 575// 401//
f 245// 401// 170//
f 170// 401// 303//
f 170// 303// 143//
f 143// 303// 279//
f 143// 279// 177//
f 177// 279// 310//
f 177// 310// 259//
f 259// 310// 435//
f 259// 435// 423//
f 423// 435// 611//
f 423// 611// 678//
f 678// 611// 804//
f 678// 804// 889//
f 889// 804// 973//
f 889// 973// 1090//
f 1090// 973// 1158//
f 1090// 1158// 1281//
f 1281// 1158// 1324//
f 1281// 1324// 1460//
f 1460// 1324// 1480//
f 1460// 1480// 1656//
f 1656// 1480// 1672//
f 1656// 1672// 1845//
f 1845// 1672// 1858//
f 1845// 1858// 2012//
f 2012// 1858// 2003//
f 2015// 2005// 2260//
f 2260// 2005// 2244//
f 2260// 2244// 2520//
f 2520// 2244// 2492//
f 2520// 2492// 2720//
f 2720// 2492// 2675//
f 2720// 2675// 2946//
f 2946// 2675// 2870//
f 2946// 2870// 3149//
f 3149// 2870// 3074//
f 3149// 3074// 3414//
f 3414// 3074// 3286//
f 3414// 3286// 3664//
f 3664// 3286// 3491//
f 3664// 3491// 3889//
f 3889// 3491// 3692//
f 3889// 3692// 4006//
f 4006// 3692// 3853//
f 4006// 3853// 4048//
f 4048// 3853// 3907//
f 4048// 3907// 4051//
f 4051// 3907// 3909//
f 4051// 3909// 4009//
f 4009// 3909// 3859//
f 4009// 3859// 3899//
f 3899// 3859// 3717//
f 3899// 3717// 3679//
f 3679// 3717// 3495//
f 3679// 3495// 3421//
f 3421// 3495// 3304//
f 3421// 3304// 3157//
f 3157// 3304// 3078//
f 3157// 3078// 2954//
f 2954// 3078// 2880//
f 2954// 2880// 2732//
f 2732// 2880// 2683//
f 2732// 2683// 2528//
f 2528// 2683// 2503//
f 2528// 2503// 2264//
f 2264// 2503// 2250//
f 2264// 2250// 2031//
f 2031// 2250// 2019//
f 2031// 2019// 1853//
f 1853// 2019// 1860//
f 1853// 1860// 1664//
f 1664// 1860// 1678//
f 1664// 1678// 1463//
f 1463// 1678// 1495//
f 1463// 1495// 1292//
f 1292// 1495// 1331//
f 1292// 1331// 1101//
f 1101// 1331// 1162//
f 1101// 1162// 904//
f 904// 1162// 980//
f 904// 980// 687//
f 687// 980// 808//
f 687// 808// 437//
f 437// 808// 622//
f 437// 622// 264//
f 264// 622// 441//
f 264// 441// 188//
f 188// 441// 312//
f 188// 312// 148//
f 148// 312// 281//
f 148// 281// 165//
f 165// 281// 301//
f 165// 301// 235//
f 235// 301// 387//
f 235// 387// 335//
f 335// 387// 571//
f 335// 571// 608//
f 608// 571// 764//
f 608// 764// 841//
f 841// 764// 934//
f 841// 934// 1052//
f 1052// 934// 1117//
f 1052// 1117// 1222//
f 1222// 1117// 1284//
f 1222// 1284// 1420//
f 1420// 1284// 1449//
f 1420// 1449// 1611//
f 1611// 1449// 1634//
f 1611// 1634// 1794//
f 1794// 1634// 1806//
f 1794// 1806// 1958//
f 1958// 1806// 1956//
f 1958// 1956// 2215//
f 2215// 1956// 2187//
f 2215// 2187// 2460//
f 2460// 2187// 2433//
f 2460// 2433// 2663//
f 2663// 2433// 2630//
f 2663// 2630// 2886//
f 2886// 2630// 2803//
f 2886// 2803// 3095//
f 3095// 2803// 3039//
f 3095// 3039// 3363//
f 3363// 3039// 3200//
f 3363// 3200// 3587//
f 3587// 3200// 3440//
f 3587// 3440// 3861//
f 3861// 3440// 3627//
f 3861// 3627// 3988//
f 3988// 3627// 3841//
f 3988// 3841// 4040//
f 4040// 3841// 3894//
f 4040// 3894// 4057//
f 4057// 3894// 3913//
f 4057// 3913// 4025//
f 4025// 3913// 3875//
f 4025// 3875// 3926//
f 3926// 3875// 3754//
f 3926// 3754// 3750//
f 3750// 3754// 3544//
f 3750// 3544// 3481//
f 3481// 3544// 3358//
f 3481// 3358// 3212//
f 3212// 3358// 3130//
f 3212// 3130// 3018//
f 3018// 3130// 2939//
f 3018// 2939// 2776//
f 2776// 2939// 2737//
f 2776// 2737// 2577//
f 2577// 2737// 2543//
f 2577// 2543// 2319//
f 2319// 2543// 2300//
f 2319// 2300// 2078//
f 2078// 2300// 2069//
f 2078// 2069// 1888//
f 1888// 2069// 1895//
f 1888// 1895// 1702//
f 1702// 1895// 1716//
f 1702// 1716// 1507//
f 1507// 1716// 1547//
f 1507// 1547// 1333//
f 1333// 1547// 1383//
f 1333// 1383// 1147//
f 1147// 1383// 1200//
f 1147// 1200// 948//
f 948// 1200// 1037//
f 948// 1037// 748//
f 748// 1037// 861//
f 748// 861// 492//
f 492// 861// 672//
f 492// 672// 283//
f 283// 672// 474//
f 283// 474// 204//
f 204// 474// 324//
f 204// 324// 154//
f 154// 324// 289//
f 154// 289// 159//
f 159// 289// 291//
f 159// 291// 211//
f 211// 291// 333//
f 211// 333// 305//
f 305// 333// 526//
f 305// 526// 554//
f 554// 526// 710//
f 554// 710// 784//
f 784// 710// 887//
f 784// 887// 989//
f 989// 887// 1077//
f 989// 1077// 1187//
f 1187// 1077// 1232//
f 1187// 1232// 1377//
f 1377// 1232// 1406//
f 1377// 1406// 1556//
f 1556// 1406// 1586//
f 1556// 1586// 1737//
f 1737// 1586// 1752//
f 1737// 1752// 1918//
f 1918// 1752// 1921//
f 1918// 1921// 2144//
f 2144// 1921// 2131//
f 2144// 2131// 2377//
f 2377// 2131// 2352//
f 2377// 2352// 2619//
f 2619// 2352// 2580//
f 2619// 2580// 2806//
f 2806// 2580// 2769//
f 2806// 2769// 3058//
f 3058// 2769// 3001//
f 3058// 3001// 3288//
f 3288// 3001// 3165//
f 3288// 3165// 3520//
f 3520// 3165// 3400//
f 3520// 3400// 3804//
f 3804// 3400// 3573//
f 3804// 3573// 3961//
f 3961// 3573// 3779//
f 3961// 3779// 4028//
f 4028// 3779// 3883//
f 4028// 3883// 4062//
f 4062// 3883// 3915//
f 4062// 3915// 4031//
f 4031// 3915// 3885//
f 4031// 3885// 3966//
f 3966// 3885// 3788//
f 3966// 3788// 3823//
f 3823// 3788// 3592//
f 3823// 3592// 3537//
f 3537// 3592// 3408//
f 3537// 3408// 3306//
f 3306// 3408// 3167//
f 3306// 3167// 3063//
f 3063// 3167// 3006//
f 3063// 3006// 2816//
f 2816// 3006// 2774//
f 2816// 2774// 2627//
f 2627// 2774// 2589//
f 2627// 2589// 2387//
f 2387// 2589// 2363//
f 2387// 2363// 2152//
f 2152// 2363// 2142//
f 2152// 2142// 1925//
f 1925// 2142// 1928//
f 1925// 1928// 1742//
f 1742// 1928// 1757//
f 1742// 1757// 1565//
f 1565// 1757// 1602//
f 1565// 1602// 1393//
f 1393// 1602// 1416//
f 1393// 1416// 1193//
f 1193// 1416// 1237//
f 1193// 1237// 994//
f 994// 1237// 1081//
f 994// 1081// 790//
f 790// 1081// 907//
f 790// 907// 563//
f 563// 907// 713//
f 563// 713// 314//
f 314// 713// 530//
f 314// 530// 216//
f 216// 530// 348//
f 216// 348// 162//
f 162// 348// 293//
f 162// 293// 151//
f 151// 293// 287//
f 151// 287// 201//
f 201// 287// 321//
f 201// 321// 275//
f 275// 321// 469//
f 275// 469// 476//
f 476// 469// 664//
f 476// 664// 739//
f 739// 664// 854//
f 739// 854// 941//
f 941// 854// 1030//
f 941// 1030// 1139//
f 1139// 1030// 1197//
f 1139// 1197// 1326//
f 1326// 1197// 1368//
f 1326// 1368// 1499//
f 1499// 1368// 1541//
f 1499// 1541// 1696//
f 1696// 1541// 1711//
f 3829// 3830// 3736//
f 3829// 3736// 3735//
f 3735// 3736// 3541//
f 3735// 3541// 3540//
f 3540// 3541// 3352//
f 3540// 3352// 3351//
f 3351// 3352// 3125//
f 3351// 3125// 3124//
f 375// 376// 464//
f 375// 464// 463//
f 463// 464// 648//
f 463// 648// 647//
f 647// 648// 832//
f 647// 832// 831//
f 831// 832// 1002//
f 831// 1002// 1001//
f 849// 850// 629//
f 849// 629// 628//
f 628// 629// 362//
f 628// 362// 361//
f 361// 362// 256//
f 361// 256// 255//
f 255// 256// 222//
f 255// 222// 221//
f 3337// 3338// 3554//
f 3337// 3554// 3553//
f 3553// 3554// 3846//
f 3553// 3846// 3845//
f 3845// 3846// 3957//
f 3845// 3957// 3956//
f 3956// 3957// 3999//
f 3956// 3999// 3998//
f 2// 1// 3//
f 2// 3// 4//
f 4// 3// 11//
f 4// 11// 12//
f 12// 11// 25//
f 12// 25// 26//
f 26// 25// 41//
f 26// 41// 42//
f 4225// 4224// 4220//
f 4225// 4220// 4221//
f 4221// 4220// 4210//
f 4221// 4210// 4211//
f 4211// 4210// 4194//
f 4211// 4194// 4195//
f 4195// 4194// 4180//
f 4195// 4180// 4181//
f 4153// 4152// 4176//
f 4153// 4176// 4177//
f 4177// 4176// 4190//
f 4177// 4190// 4191//
f 4191// 4190// 4200//
f 4191// 4200// 4201//
f 4201// 4200// 4202//
f 4201// 4202// 4203//
f 66// 65// 45//
f 66// 45// 46//
f 46// 45// 35//
f 46// 35// 36//
f 36// 35// 23//
f 36// 23// 24//
f 24// 23// 19//
f 24// 19// 20//
f 3519// 3518// 3855//
f 3519// 3855// 3856//
f 3856// 3855// 4036//
f 3856// 4036// 4037//
f 4037// 4036// 4128//
f 4037// 4128// 4129//
f 4129// 4128// 4142//
f 4129// 4142// 4143//
f 3878// 3879// 4090//
f 3878// 4090// 4089//
f 4089// 4090// 4147//
f 4089// 4147// 4146//
f 4146// 4147// 4155//
f 4146// 4155// 4154//
f 4154// 4155// 4161//
f 4154// 4161// 4160//
f 317// 318// 132//
f 317// 132// 131//
f 131// 132// 74//
f 131// 74// 73//
f 73// 74// 64//
f 73// 64// 63//
f 63// 64// 58//
f 63// 58// 57//
f 657// 656// 329//
f 657// 329// 330//
f 330// 329// 173//
f 330// 173// 174//
f 174// 173// 91//
f 174// 91// 92//
f 92// 91// 77//
f 92// 77// 78//
