v -0.16207273 0.11028311 0.091881894
v -0.16206548 0.11034164 0.091823228
v -0.16205342 0.11021018 0.092004076
v -0.16205131 0.11039099 0.091787755
v -0.16199714 0.11018446 0.092132807
v -0.16199253 0.11051489 0.091738842
v -0.16190366 0.11018446 0.0922947
v -0.16180608 0.11021855 0.092422254
v -0.16175532 0.11025514 0.092465684
v -0.16170542 0.1103017 0.092495486
v -0.16160356 0.11043306 0.092512146
v -0.16012026 0.11380704 0.090976648
v -0.15777972 0.11688712 0.091283455
v -0.15728548 0.11777403 0.091060527
v -0.15618668 0.12150192 0.088428557
v -0.15607335 0.12000441 0.090446621
v -0.15558147 0.12278266 0.087918721
v -0.15505677 0.12207291 0.089690953
v -0.15470399 0.12441491 0.087452821
v -0.15460247 0.12455072 0.087463446
v -0.1545426 0.12335201 0.089025453
v -0.15453796 0.12462214 0.087488316
v -0.15446202 0.12468244 0.08754646
v -0.15443291 0.1246952 0.087581381
v -0.15440197 0.12469879 0.087630562
v -0.15434858 0.12465878 0.087771773
v -0.15431434 0.12439311 0.088154256
v -0.15029348 0.099232443 0.084839441
v -0.15027897 0.099309802 0.084744155
v -0.15027422 0.099180073 0.084952421
v -0.15023227 0.099404335 0.084675945
v -0.15022434 0.099161536 0.085064083
v -0.15018655 0.099469602 0.084651291
v -0.13836521 0.088319436 0.078093775
v -0.13830358 0.088331342 0.078177907
v -0.13821341 0.08837837 0.07825619
v -0.13813336 0.088441752 0.078292944
v -0.13804775 0.08853244 0.078297563
v -0.13781001 0.087766133 0.077352263
v -0.13779572 0.087844349 0.077257179
v -0.1377905 0.087713189 0.077465348
v -0.13774925 0.087939866 0.077189505
v -0.13774045 0.087694503 0.077577308
v -0.13770367 0.088005751 0.077165395
v -0.12532414 0.087681659 0.07087674
v -0.12182371 0.094457172 0.068696916
v -0.11403774 0.066163436 0.063383177
v -0.11402995 0.066156268 0.063378446
v -0.11397739 0.066174582 0.063465513
v -0.11388919 0.06621936 0.063542835
v -0.11381056 0.066280074 0.063580312
v -0.11372571 0.066367567 0.063587554
v -0.11271314 0.064956181 0.062320493
v -0.11269839 0.065034531 0.062225182
v -0.11269383 0.064903073 0.062433895
v -0.11265124 0.065130107 0.062157474
v -0.11260518 0.065195955 0.062133472
v -0.094872445 0.0541852 0.052219413
v -0.090686232 0.044162858 0.049138725
v -0.0904653 0.061671373 0.050745498
v -0.090378694 0.043865349 0.048949115
v -0.090073302 0.043569751 0.048760783
v -0.090002552 0.043605141 0.048818756
v -0.089924045 0.043661729 0.048856065
v -0.089838229 0.043744098 0.04886483
v -0.088047296 0.041638963 0.047402415
v -0.088033251 0.04159119 0.047501482
v -0.088030674 0.041716419 0.047306105
v -0.087980963 0.041810594 0.04723743
v -0.087933011 0.04187528 0.04721291
v -0.086628616 0.06909772 0.048356269
v -0.08432252 0.073818468 0.046607528
v -0.083698846 0.074837774 0.046447713
v -0.083626233 0.073384359 0.048341647
v -0.08358527 0.074956983 0.046499405
v -0.083493218 0.075013049 0.046590649
v -0.083423771 0.075006023 0.046719473
v -0.083392747 0.074245267 0.047698695
v -0.083377272 0.074938692 0.046881907
v -0.083213955 0.036894105 0.044518672
v -0.080714077 0.034448087 0.042967353
v -0.07589452 0.029722407 0.039969202
v -0.075877659 0.029793968 0.03988247
v -0.07582701 0.029887876 0.039813582
v -0.075778373 0.029952288 0.039789036
v -0.075681537 0.029513454 0.039836507
v -0.071264543 0.025184179 0.037081197
v -0.069835909 0.023788568 0.036188766
v -0.069780715 0.023894601 0.036107969
v -0.069731794 0.023958942 0.036083445
v -0.067015477 0.021056047 0.034425143
v -0.065233618 0.019372996 0.033316005
v -0.064686321 0.01887331 0.032979887
v -0.064245097 0.01849252 0.032714821
v -0.057167161 0.01281704 0.028579047
v -0.057120156 0.012797929 0.02855657
v -0.056984711 0.012791324 0.028504804
v -0.055873327 0.013071205 0.02810812
v -0.055788055 0.013092674 0.028077684
v -0.055661056 0.013379495 0.027967919
v -0.055606455 0.035661075 0.030614253
v -0.054471295 0.013424271 0.027607696
v -0.053733941 0.01360996 0.027344516
v -0.052717652 0.013855133 0.02696223
v -0.051677734 0.014228161 0.026808988
v -0.051433533 0.043738276 0.028015627
v -0.050555497 0.014710523 0.025779914
v -0.049990475 0.01439411 0.025887793
v -0.049859025 0.01441532 0.025834998
v -0.049826089 0.014420738 0.025820306
v -0.049605213 0.014608226 0.026061034
v -0.04856519 0.014753764 0.025666391
v -0.048435051 0.014769891 0.02561615
v -0.048369974 0.014777786 0.025590956
v -0.048337433 0.014781691 0.025578342
v -0.048304886 0.014785565 0.025565712
v -0.048044488 0.014815539 0.025464254
v -0.047933947 0.015075383 0.024596693
v -0.047903806 0.014880602 0.024619548
v -0.047864486 0.014781844 0.024683619
v -0.047748957 0.014776433 0.024651356
v -0.047620419 0.014698993 0.024973642
v -0.047577139 0.014719675 0.025087539
v -0.047545303 0.014775711 0.025181202
v -0.047523428 0.014870024 0.02525904
v -0.047517668 0.014975333 0.025299007
v -0.045151107 0.015247058 0.023304207
v -0.044128925 0.014873585 0.023196736
v -0.041076958 0.014769959 0.022176433
v -0.039492026 0.014967096 0.020573709
v -0.038214128 0.014597639 0.019977318
v -0.038206682 0.014791723 0.019933574
v -0.03819178 0.014500081 0.020051362
v -0.038188197 0.014443561 0.020161105
v -0.038173649 0.014424996 0.020299518
v -0.037911553 0.014421243 0.020697692
v -0.037858792 0.014442643 0.020801131
v -0.037805691 0.014505133 0.02089276
v -0.037760109 0.014603426 0.020957457
v -0.03773183 0.014711472 0.020982996
v -0.033243679 0.013724262 0.017375933
v -0.032654714 0.01321735 0.017451491
v -0.0288694 0.01203529 0.015053434
v -0.028860062 0.011946926 0.015135555
v -0.028834103 0.012213321 0.014985899
v -0.028826019 0.011887482 0.015241168
v -0.028775757 0.011869041 0.015345567
v -0.028582837 0.011922008 0.015977874
v -0.028516557 0.011945958 0.016084567
v -0.028451405 0.012004972 0.016162744
v -0.028384844 0.012101563 0.016215285
v -0.028336387 0.012207069 0.016227052
v -0.027888229 0.034955572 0.01398332
v -0.027817953 0.034958772 0.013958136
v -0.027801523 0.035583436 0.014086846
v -0.027736103 0.035578199 0.014071973
v -0.027727179 0.035739016 0.014145128
v -0.027699551 0.034959894 0.013950803
v -0.027672039 0.035799373 0.014186264
v -0.027667871 0.035726484 0.014135549
v -0.027662415 0.035807036 0.01419374
v -0.027649697 0.011704145 0.014328149
v -0.027630659 0.035561025 0.014074062
v -0.027626056 0.032395598 0.013837617
v -0.027621275 0.035778992 0.014176291
v -0.027618801 0.034957733 0.013969838
v -0.027589973 0.035846692 0.014261812
v -0.027575508 0.03569562 0.014140077
v -0.027573707 0.035851698 0.014282031
v -0.027572671 0.035753533 0.014173364
v -0.027560843 0.03554339 0.014094121
v -0.027560145 0.035745949 0.014173766
v -0.027555101 0.03241213 0.013803139
v -0.027535353 0.035729557 0.014176117
v -0.027526433 0.03585501 0.01435825
v -0.027515994 0.034950666 0.014029632
v -0.027515965 0.035667296 0.01415744
v -0.027512807 0.035795629 0.014248667
v -0.027488142 0.035821937 0.014335171
v -0.02747339 0.035511758 0.014147709
v -0.027462505 0.035667881 0.014197948
v -0.0274517 0.035798632 0.014524283
v -0.027443066 0.035766374 0.014307374
v -0.027442774 0.0356193 0.014201373
v -0.027440026 0.035100061 0.014139411
v -0.027431922 0.035785042 0.014400373
v -0.027431091 0.032438498 0.013785827
v -0.027429497 0.035703063 0.014256092
v -0.027425056 0.035733502 0.014295732
v -0.027422102 0.035620101 0.014225055
v -0.027408948 0.035694432 0.014284218
v -0.027398692 0.035653029 0.014273662
v -0.027398296 0.035650358 0.014273012
v -0.027397923 0.035647672 0.014272358
v -0.027397098 0.035640702 0.014270674
v -0.027396278 0.035631448 0.014268466
v -0.027395746 0.035622716 0.014266414
v -0.027395308 0.03560961 0.014263405
v -0.027394831 0.035586059 0.014259038
v -0.027394338 0.035578445 0.014258527
v -0.027393851 0.035651036 0.014282233
v -0.027393594 0.035608899 0.014266416
v -0.027393183 0.035648223 0.014282057
v -0.027392544 0.035645399 0.01428188
v -0.027391348 0.035639703 0.014281522
v -0.027390802 0.035568513 0.014262321
v -0.027389271 0.035628166 0.014280796
v -0.02738658 0.035736475 0.014494134
v -0.027386183 0.035604611 0.014279325
v -0.027384104 0.035709579 0.014373201
v -0.027382411 0.035561636 0.014276487
v -0.027379461 0.035641938 0.014307634
v -0.027378336 0.035636075 0.014306853
v -0.027377328 0.035630167 0.014306073
v -0.027375624 0.035618205 0.014304524
v -0.027373277 0.035593837 0.014301458
v -0.027370708 0.035549946 0.014296109
v -0.027355209 0.035618477 0.014349835
v -0.027353514 0.035606213 0.014347158
v -0.027352257 0.035593789 0.014344534
v -0.027350824 0.035568543 0.014339413
v -0.02734975 0.035523854 0.014330907
v -0.027344668 0.032455195 0.013802073
v -0.027339906 0.035657629 0.014455271
v -0.027323812 0.035611734 0.014436916
v -0.02731419 0.035562709 0.0144197
v -0.027312847 0.035612121 0.014637883
v -0.027312277 0.035537213 0.014411672
v -0.027311955 0.035511229 0.014403967
v -0.027288847 0.03542091 0.014429715
v -0.027286641 0.03545934 0.014862414
v -0.027266689 0.035532366 0.014584839
v -0.027252017 0.035485849 0.014559046
v -0.027248669 0.035337988 0.014493058
v -0.02724473 0.035384517 0.014512438
v -0.027244436 0.035436314 0.014534721
v -0.027233481 0.011199226 0.014488787
v -0.027228225 0.032437347 0.013860066
v -0.027181439 0.035331465 0.014816092
v -0.027142109 0.035248853 0.01478931
v -0.027137026 0.032400664 0.013954288
v -0.027134566 0.035065461 0.014664722
v -0.027124112 0.035158444 0.014721832
v -0.02693069 0.03448347 0.014934228
v -0.026923088 0.034626711 0.01510203
v -0.026911352 0.034557179 0.015012357
v -0.02690311 0.034561213 0.01514016
v -0.026744675 0.033616126 0.015609563
v -0.02672754 0.033810746 0.015140926
v -0.02667048 0.033253342 0.015666863
v -0.026614053 0.033261769 0.015604803
v -0.026592616 0.033264499 0.015575905
v -0.026580211 0.033238392 0.015230913
v -0.026563684 0.033266615 0.015518279
v -0.026547339 0.033265773 0.015461515
v -0.026542442 0.033257537 0.015349668
v -0.026429163 0.032314528 0.015739741
v -0.026112555 0.031208204 0.015752561
v -0.02600359 0.031246146 0.015601846
v -0.025986299 0.031253401 0.015534272
v -0.025965625 0.028688615 0.01354716
v -0.025953066 0.031161882 0.015488355
v -0.02563088 0.026823843 0.013050652
v -0.025567405 0.026863612 0.013019844
v -0.025508879 0.029731723 0.015201555
v -0.025454264 0.02692361 0.013008303
v -0.025374046 0.026959106 0.013028163
v -0.025285657 0.029146949 0.015121885
v -0.025266338 0.026996164 0.013096537
v -0.025191996 0.027009981 0.01319143
v -0.025167855 0.028528186 0.015481465
v -0.024898486 0.0132581 0.012720172
v -0.024881106 0.013683318 0.012897718
v -0.024852548 0.015201687 0.01269365
v -0.024821941 0.0132581 0.012852753
v -0.024752675 0.015201678 0.012866649
v -0.024662957 0.015499011 0.012823052
v -0.024187233 0.026391884 0.014992734
v -0.024141995 0.025120545 0.012631519
v -0.024074577 0.026490545 0.014852423
v -0.0240581 0.026518548 0.014784131
v -0.024035281 0.013258099 0.014215291
v -0.024018822 0.026468484 0.014688561
v -0.023968719 0.01689717 0.012183371
v -0.023952194 0.026269021 0.014466693
v -0.023935903 0.015099839 0.014337564
v -0.023909763 0.010695372 0.012262982
v -0.023860145 0.016897159 0.012371439
v -0.023765352 0.014572702 0.014830311
v -0.023750352 0.010343002 0.012057298
v -0.023743005 0.017023485 0.012300499
v -0.023701485 0.0132581 0.014793438
v -0.023640439 0.01456742 0.014955646
v -0.023614086 0.013263978 0.014894102
v -0.023577331 0.013268442 0.01491921
v -0.0235037 0.016131235 0.014212281
v -0.023496063 0.013280711 0.014954078
v -0.02347016 0.01455298 0.015001882
v -0.023409126 0.013296695 0.014966644
v -0.023365388 0.013305754 0.014964239
v -0.023301436 0.016131354 0.014562469
v -0.023300149 0.014533257 0.014956633
v -0.023241948 0.013335291 0.014923031
v -0.023236983 0.010809432 0.013572799
v -0.02322185 0.024681093 0.014448869
v -0.023182036 0.016107544 0.014690988
v -0.023083733 0.01672532 0.014049561
v -0.023026826 0.01604249 0.014745923
v -0.022877391 0.015953621 0.014712553
v -0.022581907 0.008924027 0.011460508
v -0.022553353 0.010343002 0.014130563
v -0.022472795 0.01786283 0.0113197
v -0.022469644 0.010358256 0.014233358
v -0.022447277 0.017323425 0.013767618
v -0.022394082 0.01786283 0.011456037
v -0.022362137 0.010401694 0.014299407
v -0.022316126 0.017323792 0.0139936
v -0.022247201 0.010466699 0.014318652
v -0.022217432 0.0083798654 0.011646
v -0.022208439 0.017285807 0.014128881
v -0.022145728 0.022275025 0.01149602
v -0.022142334 0.010543381 0.014288168
v -0.022129701 0.021536892 0.011096952
v -0.022085225 0.017182028 0.01420229
v -0.022076825 0.021592038 0.011074523
v -0.021980137 0.021673469 0.011074365
v -0.0219795 0.017040262 0.014194156
v -0.021909781 0.021720491 0.011100003
v -0.021805337 0.021671679 0.011091756
v -0.021726135 0.0087860059 0.012609799
v -0.021712892 0.0081703421 0.010880969
v -0.021679198 0.017756103 0.013390916
v -0.02167022 0.0081703467 0.010954872
v -0.021625312 0.0086932182 0.012550007
v -0.021442162 0.022440584 0.013017762
v -0.021369264 0.017862832 0.013231071
v -0.021351736 0.021329921 0.011047691
v -0.021275796 0.01786283 0.013392964
v -0.021180471 0.017818438 0.013535383
v -0.021091042 0.017697152 0.013628297
v -0.021031471 0.017531475 0.013646811
v -0.020971794 0.008170343 0.012164589
v -0.020594351 0.0072365636 0.010455089
v -0.020594047 0.0072826101 0.010395205
v -0.020588564 0.0073135584 0.0103641
v -0.020581728 0.0071985456 0.010526786
v -0.020571055 0.0071854373 0.010562457
v -0.020562794 0.0073902467 0.010308069
v -0.020548375 0.0071744798 0.010518558
v -0.020527944 0.0072329692 0.010376194
v -0.02052228 0.0071680532 0.010669633
v -0.020515893 0.0081703421 0.012954234
v -0.020474512 0.0073342025 0.010276703
v -0.020474298 0.0071357801 0.010524714
v -0.020473436 0.02129491 0.012684015
v -0.02046082 0.0073264628 0.010274967
v -0.020457756 0.021073073 0.012826961
v -0.020451121 0.0073095202 0.01027956
v -0.02043874 0.0081925858 0.013060816
v -0.020431068 0.0073101684 0.010272928
v -0.020419559 0.007176348 0.0103852
v -0.020413429 0.021154908 0.012742865
v -0.020403231 0.021196941 0.012678116
v -0.020400805 0.0071148328 0.010559113
v -0.020391446 0.0071139149 0.010594096
v -0.020387558 0.0072202142 0.010327705
v -0.020378878 0.0072828322 0.010273439
v -0.020371884 0.0071122353 0.010582803
v -0.020349896 0.0082559222 0.013137638
v -0.020331098 0.0072380728 0.010299132
v -0.020330541 0.020810552 0.012762876
v -0.02031835 0.0071580838 0.010409335
v -0.020312034 0.0071456986 0.01043553
v -0.020286951 0.0072378926 0.0102849
v -0.020269712 0.0071734833 0.010385561
v -0.020262895 0.0083507169 0.013173013
v -0.02025363 0.0071346508 0.010514528
v -0.020207303 0.0071498081 0.01049256
v -0.020190973 0.0084625334 0.013161549
v -0.02014784 0.0071680532 0.011318183
v -0.020139836 0.0071720821 0.010323332
v -0.020115728 0.0071559576 0.010446603
v -0.020106446 0.018084997 0.010024464
v -0.020100117 0.0071771862 0.011389155
v -0.020092802 0.0071526137 0.010434613
v -0.020073267 0.0071884147 0.01142105
v -0.02006256 0.007179087 0.011412606
v -0.020050988 0.0071411165 0.010412236
v -0.020046165 0.0071192491 0.011259482
v -0.020017006 0.0071139149 0.011242646
v -0.020010462 0.0071225059 0.010389867
v -0.020000996 0.0071185748 0.011289475
v -0.019993454 0.0072404593 0.011491308
v -0.019986684 0.0071075382 0.010376379
v -0.019941522 0.0072874352 0.011519766
v -0.019919012 0.0072020479 0.011445961
v -0.019906931 0.0071241385 0.011179095
v -0.019905401 0.0073263156 0.011531377
v -0.019900564 0.007134642 0.011312814
v -0.019899206 0.007333539 0.011532633
v -0.01987919 0.0071346508 0.011163078
v -0.019855229 0.007390426 0.011534191
v -0.019850275 0.0071445834 0.01115325
v -0.01983021 0.0071572717 0.011294141
v -0.019820519 0.0073649357 0.011510502
v -0.019813482 0.0071949684 0.011366982
v -0.019807229 0.0072418284 0.011424931
v -0.019807106 0.007245766 0.011428908
v -0.01980333 0.0071546026 0.01113596
v -0.019794628 0.007344278 0.011487423
v -0.019763762 0.0071702041 0.011237191
v -0.019754803 0.0073098671 0.011443257
v -0.019735083 0.0071560466 0.011107998
v -0.019719534 0.019618906 0.010125885
v -0.019703036 0.018026091 0.0097205788
v -0.019700013 0.007255177 0.011358341
v -0.019685239 0.00717388 0.011203248
v -0.019673917 0.0072245682 0.011302899
v -0.01965902 0.0072050723 0.0112646
v -0.01963014 0.0071612368 0.01117049
v -0.019625388 0.0071530049 0.011151653
v -0.019602014 0.0071075382 0.011042646
v -0.019008541 0.017869215 0.009356075
v -0.018993372 0.018084761 0.011946928
v -0.018752335 0.0089817168 0.0071971533
v -0.018694378 0.0097368797 0.0071636923
v -0.01854093 0.010392936 0.0070750988
v -0.018506031 0.018026087 0.011793841
v -0.018468117 0.01060676 0.0070330598
v -0.018426389 0.017980771 0.011945313
v -0.018379802 0.017856961 0.012062962
v -0.018378755 0.017687835 0.012115265
v -0.018369796 0.019114107 0.011230581
v -0.018298259 0.01761282 0.0089315148
v -0.018283458 0.011035956 0.0069264467
v -0.018268885 0.0069319904 0.0069180331
v -0.018068336 0.0089817168 0.0083818762
v -0.018026466 0.0083702402 0.0083577028
v -0.01793875 0.0083742291 0.008458185
v -0.017914731 0.01019213 0.0082931928
v -0.017878437 0.017414326 0.0086833965
v -0.017827723 0.010184559 0.008394083
v -0.017819827 0.0083855791 0.0085176425
v -0.01771082 0.010163 0.0084547056
v -0.017687805 0.0084025655 0.0085270237
v -0.017599458 0.011035956 0.0081111696
v -0.017584885 0.0069319904 0.008102756
v -0.017581813 0.010130729 0.0084658293
v -0.017562777 0.0084226001 0.0084848991
v -0.017474111 0.017189447 0.008454971
v -0.017460352 0.010092665 0.0084257647
v -0.017442552 0.0066727959 0.0080205798
v -0.017358541 0.0066875508 0.0081232013
v -0.017250167 0.0067295656 0.0081887478
v -0.017133929 0.0067924405 0.0082072429
v -0.017129483 0.011777618 0.0078398287
v -0.017095268 0.016936051 0.0082149832
v -0.017082881 0.016936051 0.0082364399
v -0.017047452 0.011759989 0.007943593
v -0.017027525 0.0068666097 0.0081758713
v -0.01698789 0.012544273 0.0061784508
v -0.016962644 0.0054359939 0.0061638746
v -0.016944731 0.011709784 0.0080124037
v -0.01683696 0.011634655 0.0080357883
v -0.016806608 0.016867628 0.0081256237
v -0.016804444 0.017002171 0.0082198838
v -0.016746368 0.016926246 0.0081570614
v -0.016740538 0.011546027 0.0080101797
v -0.016695404 0.01739835 0.010661202
v -0.016652009 0.0046156924 0.0079590669
v -0.016574226 0.016579103 0.0079438165
v -0.016487464 0.0083702402 0.011023329
v -0.016445594 0.017260958 0.010515779
v -0.016375732 0.01019213 0.01095882
v -0.016303891 0.012544273 0.0073631736
v -0.016278643 0.0054359939 0.0073485975
v -0.016202012 0.0054585924 0.0074554789
v -0.016114661 0.0055229478 0.0075331642
v -0.016086731 0.008994339 0.005658166
v -0.016067358 0.016221784 0.0076468792
v -0.016029892 0.0056192633 0.0075698276
v -0.016027652 0.016278602 0.0076502743
v -0.016000956 0.016311431 0.0076587172
v -0.015969511 0.0095078982 0.0055904891
v -0.01596587 0.0084819095 0.0055883862
v -0.015964109 0.016157301 0.0076136943
v -0.015960606 0.0057328735 0.0075598857
v -0.015948139 0.016159261 0.0076127071
v -0.015942432 0.016371194 0.0076911459
v -0.015939856 0.016936051 0.010216216
v -0.015934547 0.016141158 0.0076118223
v -0.015914286 0.016248673 0.0076266374
v -0.015903551 0.0066727959 0.010686206
v -0.015898269 0.016936051 0.010288248
v -0.015882775 0.016114112 0.0076125623
v -0.015881194 0.016643863 0.010673298
v -0.015868828 0.016350813 0.0076831835
v -0.015858239 0.016430026 0.0077688219
v -0.015845336 0.0089817168 0.012232225
v -0.015833395 0.016896907 0.010448247
v -0.015830915 0.016173111 0.0076290355
v -0.015827138 0.016789956 0.010589181
v -0.01582624 0.012812674 0.007087402
v -0.015822435 0.01685047 0.010523708
v -0.015813697 0.016417297 0.0077739414
v -0.015803466 0.0083702402 0.012208051
v -0.015791513 0.016069591 0.0076242499
v -0.015786909 0.01644961 0.0078692306
v -0.015779985 0.016196249 0.0076522832
v -0.015769618 0.016437216 0.0078592477
v -0.01575735 0.0089818239 0.012332551
v -0.015752476 0.012788478 0.0071959384
v -0.015747273 0.016269751 0.0076929759
v -0.015733421 0.016042924 0.0076371869
v -0.015722958 0.016184861 0.0076874602
v -0.015707597 0.016317595 0.0077582863
v -0.015691731 0.01019213 0.012143542
v -0.015687104 0.016341265 0.0078116083
v -0.015682306 0.016054597 0.0076728924
v -0.0156733 0.012719581 0.0072783437
v -0.015649248 0.016005965 0.0076614604
v -0.015645623 0.0098849814 0.0054034926
v -0.015640194 0.016192656 0.0077845245
v -0.015639313 0.0081079118 0.0053998488
v -0.015637673 0.0089821294 0.012391573
v -0.015601863 0.016069163 0.007772652
v -0.015600758 0.012616461 0.0073220665
v -0.015590481 0.011777618 0.010505455
v -0.0155588 0.015967639 0.0076921051
v -0.015545902 0.012494829 0.0073204557
v -0.015528859 0.015969485 0.0077356477
v -0.015504516 0.0089825829 0.012400299
v -0.015493104 0.015940104 0.0077153607
v -0.015455009 0.0046156924 0.010032333
v -0.015419368 0.016570875 0.0099170357
v -0.015378158 0.0089831203 0.012357407
v -0.015377858 0.0046379366 0.010138913
v -0.015376458 0.011035956 0.011961519
v -0.015361886 0.0069319904 0.011953105
v -0.015291448 0.011023031 0.012063563
v -0.015289011 0.0047012744 0.010215735
v -0.015276967 0.0069450992 0.012055201
v -0.015260964 0.0079751117 0.005181409
v -0.015231657 0.0090127997 0.0071390267
v -0.015212773 0.013102514 0.0051535862
v -0.015202011 0.0047960691 0.01025111
v -0.015201842 0.010024539 0.005147275
v -0.015180239 0.010986228 0.012127474
v -0.01516602 0.0069824299 0.012119263
v -0.01513009 0.0049078842 0.010239648
v -0.015120737 0.0085019711 0.0070749871
v -0.015108492 0.0095198704 0.0070679174
v -0.015059759 0.010931144 0.01214352
v -0.015045934 0.0070383004 0.012135537
v -0.014972012 0.01644961 0.0092806723
v -0.014948354 0.010866172 0.01210926
v -0.014945284 0.016429611 0.0092652412
v -0.014934993 0.0071042026 0.012101547
v -0.014920664 0.016429843 0.0093936063
v -0.014920224 0.016222168 0.0096350322
v -0.014915906 0.016234567 0.0096282186
v -0.014909219 0.016229084 0.0096245948
v -0.014906482 0.011777618 0.011690178
v -0.014905981 0.016390054 0.0092425495
v -0.014896184 0.016320551 0.0095631676
v -0.014896042 0.016371638 0.0095042251
v -0.014894644 0.016347649 0.0095344717
v -0.014890709 0.016405275 0.0093973111
v -0.014877435 0.016334031 0.0095258495
v -0.014872207 0.016341265 0.0092230504
v -0.014870188 0.0080450177 0.0049557947
v -0.014844117 0.016161824 0.009568451
v -0.014834645 0.016340315 0.0093384022
v -0.014830936 0.016164523 0.0095490403
v -0.014826691 0.01614517 0.0095438734
v -0.014825297 0.016192656 0.0091959666
v -0.014821256 0.016278891 0.0092554474
v -0.01481781 0.016141718 0.0091891121
v -0.014807287 0.01617014 0.009504376
v -0.014804963 0.0081219785 0.0068926746
v -0.014799837 0.016117275 0.0094986707
v -0.014798603 0.016242689 0.0094430186
v -0.014786127 0.016177207 0.009438213
v -0.014784313 0.0081079118 0.0068807518
v -0.014783696 0.0098895906 0.0068803965
v -0.014783086 0.016187156 0.0093145389
v -0.014783066 0.016047632 0.0091654295
v -0.014778876 0.016183645 0.0093642371
v -0.014776491 0.0038930057 0.0068762363
v -0.014776024 0.016113942 0.00943032
v -0.014774707 0.016133241 0.0093074674
v -0.014770722 0.016026717 0.0091577349
v -0.014762116 0.016071573 0.0094137378
v -0.014757087 0.0098891873 0.0048904959
v -0.014743146 0.015989766 0.0091411117
v -0.014739644 0.0054359939 0.010014224
v -0.014719658 0.016004419 0.009266478
v -0.014710614 0.01595741 0.009122151
v -0.014688252 0.015940104 0.0091094049
v -0.01454438 0.008303782 0.0047676889
v -0.014528773 0.013102514 0.006338309
v -0.01446611 0.0095799882 0.0047224998
v -0.014348065 0.0087001538 0.0046543465
v -0.014343551 0.0079725496 0.0066262786
v -0.014342844 0.010024549 0.0066258707
v -0.01432013 0.0091556255 0.0046382183
v -0.014312291 0.0039511435 0.0046336921
v -0.01428724 0.012812674 0.0097530279
v -0.014263133 0.013092297 0.0061849412
v -0.014199284 0.013066327 0.0062992028
v -0.014148343 0.012992376 0.0063979095
v -0.014118062 0.0128817 0.006466032
v -0.014113053 0.01275115 0.0064932005
v -0.01408089 0.012544273 0.011213522
v -0.014055644 0.0054359939 0.011198946
v -0.014015188 0.0080450177 0.0064366981
v -0.014004096 0.012521778 0.01132031
v -0.013979012 0.0054585924 0.011305828
v -0.013916292 0.012457729 0.011397733
v -0.013902698 0.0081075057 0.0063717514
v -0.013902088 0.0098891873 0.0063713994
v -0.013891662 0.0055229478 0.011383513
v -0.013881437 0.0098751197 0.0063594766
v -0.013863731 0.008994339 0.0095085148
v -0.01383084 0.012361869 0.011434002
v -0.013806893 0.0056192633 0.011420176
v -0.013760751 0.012248797 0.011423597
v -0.013746512 0.0095078982 0.0094408384
v -0.01374287 0.0084819095 0.0094387354
v -0.013737607 0.0057328735 0.011410234
v -0.013689379 0.008303782 0.0062485924
v -0.01360324 0.012812674 0.01093775
v -0.013579491 0.0038930057 0.0089495014
v -0.013577905 0.0084772268 0.0061842324
v -0.01356566 0.0094951252 0.0061771628
v -0.01351185 0.0039189132 0.009061574
v -0.013493065 0.0087001538 0.00613525
v -0.013465131 0.0091556255 0.0061191218
v -0.013454743 0.0089843003 0.0061131245
v -0.013450113 0.0039926968 0.0091540469
v -0.013436963 0.0081219785 0.0092621204
v -0.013433751 0.012561101 0.0041264668
v -0.013422624 0.0098849814 0.0092538418
v -0.013416313 0.0081079118 0.0092501976
v -0.013403676 0.0041031213 0.0092128413
v -0.013379605 0.0042333747 0.0092290044
v -0.013338638 0.0040014116 0.0060460917
v -0.013267317 0.0058991294 0.0040303762
v -0.013037964 0.0079751117 0.0090317577
v -0.013008731 0.008994339 0.010989418
v -0.012978842 0.010024539 0.0089976238
v -0.012975551 0.0079725496 0.0089957239
v -0.012970974 0.0064515579 0.0038592825
v -0.012891511 0.0095078982 0.010921742
v -0.012887869 0.0084819095 0.010919639
v -0.012885634 0.0042116656 0.0089438101
v -0.012871463 0.0066370601 0.0038018299
v -0.012815151 0.0041815317 0.0057438565
v -0.01274975 0.012561101 0.0053111897
v -0.012725788 0.012264221 0.0056922622
v -0.012724132 0.013092297 0.008850567
v -0.012695507 0.012538504 0.0054309969
v -0.012682535 0.012377833 0.0056372294
v -0.012671905 0.012474149 0.0055454872
v -0.012647188 0.0080450177 0.0088061439
v -0.012567624 0.0098849814 0.010734745
v -0.012561312 0.0081079118 0.010731101
v -0.012534698 0.0081075057 0.0087411972
v -0.012534088 0.0098891873 0.0087408451
v -0.012513437 0.0098751197 0.0087289223
v -0.012321379 0.008303782 0.0086180381
v -0.012305773 0.013102514 0.010188658
v -0.01224311 0.0095799882 0.0085728485
v -0.012240242 0.013076481 0.010301949
v -0.012209905 0.0084772268 0.0085536782
v -0.01219766 0.0094951252 0.0085466085
v -0.012184504 0.013002347 0.010397885
v -0.012182964 0.0079751117 0.010512661
v -0.012147041 0.012891393 0.010461861
v -0.012133561 0.012760518 0.010484139
v -0.012125066 0.0087001538 0.0085046953
v -0.012123842 0.010024539 0.010478527
v -0.012097131 0.0091556255 0.0084885675
v -0.012086743 0.0089843003 0.0084825698
v -0.012034385 0.013381402 0.005293081
v -0.011792189 0.0080450177 0.010287047
v -0.011679088 0.0098891873 0.010221749
v -0.011651415 0.0089114094 0.0030974352
v -0.011618151 0.0041815317 0.0078171212
v -0.011560464 0.0042059761 0.00793494
v -0.01154902 0.0045026662 0.0081721162
v -0.011527071 0.0042755888 0.0080437781
v -0.011523053 0.004379773 0.0081270635
v -0.011466379 0.008303782 0.010098942
v -0.01138811 0.0095799882 0.010053752
v -0.011355072 0.0094638383 0.0029263413
v -0.011270065 0.0087001538 0.0099855987
v -0.01124213 0.0091556255 0.009969471
v -0.011210751 0.012561101 0.007976816
v -0.011156457 0.0054241261 0.0047862092
v -0.010837385 0.013381402 0.0073663457
v -0.010820305 0.013089211 0.0077513917
v -0.010804636 0.0051146168 0.0026085472
v -0.010783665 0.013359162 0.0074864547
v -0.010774422 0.013201031 0.0076948409
v -0.010767392 0.0057219137 0.0025870441
v -0.010761552 0.013295822 0.007601805
v -0.010616154 0.011790636 0.004474265
v -0.01061 0.0045488039 0.0024961738
v -0.01052675 0.012561101 0.0091615384
v -0.010505644 0.0062504099 0.0024359233
v -0.010502788 0.012264221 0.0095426114
v -0.010472507 0.012538504 0.0092813456
v -0.010459535 0.012377833 0.0094875786
v -0.010448905 0.012474149 0.0093958359
v -0.010242328 0.0050622602 0.0042584362
v -0.010222032 0.0041365363 0.00227218
v -0.010195771 0.0058213789 0.0042315568
v -0.010143335 0.0050822957 0.004171222
v -0.01012894 0.0073746811 0.0041929721
v -0.010120637 0.0051146168 0.0037932703
v -0.010103819 0.010532759 0.0041784681
v -0.010100344 0.0057833167 0.0041464008
v -0.010085449 0.0050992821 0.0040521962
v -0.010083392 0.0057219137 0.003771767
v -0.010077479 0.0051106322 0.0039194776
v -0.010071228 0.006595429 0.0021851135
v -0.010045476 0.0057510473 0.004029118
v -0.010039526 0.0057294867 0.0038975656
v -0.010000908 0.0056624212 0.0072783129
v -0.0099990312 0.0043549906 0.0041179685
v -0.0099594574 0.0054241261 0.0068594743
v -0.0099361064 0.0096468609 0.004081639
v -0.0099326251 0.0055712312 0.0072088293
v -0.0099260006 0.0045488039 0.0036808969
v -0.0099186599 0.0044291597 0.0040415055
v -0.0099101933 0.0054422654 0.0069821556
v -0.0099007692 0.0054939226 0.0071048322
v -0.0098791365 0.004534049 0.0038049647
v -0.0098765604 0.0044920379 0.0039315945
v -0.0098685818 0.0064819972 0.0040426538
v -0.0098216431 0.0062504099 0.0036206462
v -0.0097981971 0.0063933744 0.0039719562
v -0.0097727934 0.0062680375 0.0037435673
v -0.0097645586 0.0063182404 0.0038669305
v -0.0095501915 0.0066886349 0.0018842932
v -0.0095380312 0.0041365363 0.0034569029
v -0.0095140692 0.0038396569 0.0038379754
v -0.0094966227 0.011604496 0.0069871638
v -0.0094837854 0.0041139377 0.0035767087
v -0.0094708167 0.0039532669 0.0037829429
v -0.0094601801 0.0040495805 0.0036911971
v -0.0094191544 0.011790636 0.0065475302
v -0.0094145555 0.01167573 0.0069097215
v -0.0093872277 0.006595429 0.0033698364
v -0.0093726292 0.011776468 0.0066717933
v -0.0093710143 0.011736116 0.006798978
v -0.0093567399 0.011336772 0.0069064023
v -0.0093301116 0.0066196225 0.0034879851
v -0.0093255658 0.0069132731 0.0037291434
v -0.0092983376 0.0066885226 0.0035977575
v -0.0092967404 0.0067916401 0.0036824406
v -0.0090457313 0.0065115704 0.001593043
v -0.0090418914 0.0074829394 0.0067246244
v -0.0089473939 0.00744151 0.0066400054
v -0.0089319404 0.0073746811 0.0062662368
v -0.0088933147 0.0074063898 0.0065231784
v -0.0088878879 0.00738292 0.0063919276
v -0.0088661918 0.0066886349 0.0030690159
v -0.0088619152 0.009603641 0.0066207154
v -0.0087991599 0.0067146029 0.0031814398
v -0.0087624947 0.0096201804 0.0065332544
v -0.0087391501 0.0067885555 0.0032749106
v -0.0087391064 0.0096468609 0.0061549041
v -0.0087042479 0.0096342023 0.0064140204
v -0.0086960355 0.0096435715 0.0062811612
v -0.0086952951 0.0068992316 0.0033351954
v -0.0086742714 0.0070297825 0.003353118
v -0.0083617317 0.0065115704 0.002777766
v -0.0082850996 0.006534169 0.0028846471
v -0.0081977528 0.0065985261 0.0029623343
v -0.0081129801 0.0066948403 0.0029989958
v -0.0080436943 0.00680845 0.0029890542
v -0.006856794 0.0039755879 0.0054630581
v -0.0068195504 0.0045828833 0.0054415553
v -0.0066621583 0.0034097736 0.0053506852
v -0.0066006458 -0.00095504301 0.0017610025
v -0.006557798 0.0051113791 0.0052904324
v -0.0065240138 -0.00093244441 0.0018678837
v -0.0064366637 -0.00086808926 0.0019455693
v -0.0063518942 -0.00077177351 0.0019822326
v -0.0062977201 -0.0011248284 0.0016919231
v -0.006282608 -0.00065816351 0.0019722909
v -0.0062790518 -0.0010697412 0.0018120232
v -0.0062741865 0.0029975038 0.0051266896
v -0.0062562241 -0.0016341789 -1.7479844e-05
v -0.006240841 -0.00097784505 0.0019009148
v -0.006188903 -0.00086312747 0.0019450649
v -0.0061311466 -0.00074305519 0.0019377524
v -0.0061233859 0.0054563982 0.0050396244
v -0.0060507222 -0.00077821885 0.0019540775
v -0.0060382457 -0.0010581932 0.0019708292
v -0.0060256235 -0.0011702501 0.0018994829
v -0.0060202763 -0.00093000359 0.0020032572
v -0.0060017942 0.0039755879 0.0069439616
v -0.0059843264 -0.0012491171 0.0018000776
v -0.0059744501 -0.00080520037 0.0019918296
v -0.0059645502 0.0045828833 0.0069224588
v -0.0058935769 -0.0009991324 0.0021425914
v -0.0058911997 -0.00095448334 0.0021412191
v -0.0058831689 -0.0010876011 0.0021365823
v -0.0058545042 -0.00082794687 0.0021200329
v -0.0058532897 -0.0011699444 0.0021193314
v -0.0058316328 -0.0012070379 0.0021068279
v -0.0058071585 0.0034097736 0.0068315887
v -0.0057444344 -0.0012946101 0.0020564839
v -0.0057225768 -0.0009991324 0.002438772
v -0.0057183313 -0.0010554396 0.0024363208
v -0.0057103755 -0.0009005777 0.0024317275
v -0.0057027978 0.0051113791 0.0067713358
v -0.0056835045 -0.00082794687 0.0024162133
v -0.0056822896 -0.0011699444 0.002415512
v -0.005672452 -0.0010693022 0.002494266
v -0.0056492435 -0.00093238568 0.0025188401
v -0.0056374571 -0.0011977679 0.0024477832
v -0.0056023491 0.0055496059 0.004738804
v -0.0055963187 -0.00084142509 0.0025200825
v -0.0055734348 -0.0012946101 0.0023526645
v -0.0055635585 -0.00085069344 0.0025444166
v -0.0055622561 -0.0010845246 0.0025693902
v -0.0055511887 -0.0012923363 0.0023885977
v -0.0055444632 -0.00097954483 0.002588233
v -0.0055354256 -0.0011830219 0.0025337508
v -0.0054968037 -0.0012720132 0.0024595463
v -0.0054798578 -0.0009219065 0.0025969492
v -0.0054692798 -0.0012555327 0.0024883705
v -0.0054311333 -0.0010863754 0.0025980512
v -0.0054243486 0.0014199932 0.0010818671
v -0.0054214918 -0.0010295047 0.0026082576
v -0.0054191868 0.0029975038 0.006607593
v -0.0054165977 -0.0011397335 0.0025787444
v -0.0054094526 -0.0012076565 0.0025372314
v -0.0054068593 -0.00091284054 0.0025984922
v -0.0054003862 0.0011231138 0.0014629398
v -0.0053939503 -0.0026147049 -0.00051531394
v -0.0053895861 -0.00098038802 0.002607343
v -0.0053667231 -0.00093280064 0.0025982079
v -0.0053585465 0.0013802176 0.0012413301
v -0.0053497767 0.0012715543 0.0013808128
v -0.0053465003 0.0013330395 0.001316163
v -0.0053417333 -0.00094875309 0.0025954877
v -0.0053246836 -0.0011113422 0.0025738953
v -0.0053042658 -0.00096728979 0.002585768
v -0.0052999817 -0.00096982531 0.0025843231
v -0.0052992813 -0.0010745687 0.0025758336
v -0.0052889786 0.0010581402 0.001428679
v -0.0052683861 0.0054563982 0.0065205279
v -0.0052553979 -0.00099773228 0.0025639536
v -0.0052234442 0.0011978738 0.0013419626
v -0.0052015334 0.0012900445 0.001013346
v -0.0051914365 0.0012827575 0.0011899394
v -0.0051685004 0.0010030584 0.0014447265
v -0.0050978898 0.0053725401 0.0044475542
v -0.0050868234 0.0011354139 0.0013601589
v -0.0050799274 0.00074085733 -0.00069661526
v -0.0050592241 -0.0016341789 0.0020557849
v -0.0050572897 0.00096625293 0.0015086359
v -0.005010718 0.0012001346 0.0012140095
v -0.0049722795 0.00095332839 0.0016106803
v -0.0049607148 0.0010936785 0.0014326315
v -0.004960577 0.0011798826 0.0010454401
v -0.0049540265 -0.0015944033 0.0021925031
v -0.0049492246 -0.0027457948 -0.00077207648
v -0.0048952424 -0.0015472252 0.0022403519
v -0.0048643146 0.0010790224 0.0015483466
v -0.0048439028 0.0011449273 0.0013098747
v -0.0048376154 -0.00148574 0.0022698392
v -0.0048012799 0.00095332839 0.0019068607
v -0.0047930051 0.0011135277 0.001507176
v -0.0047473488 0.0055496059 0.006219707
v -0.0047411867 -0.0013372994 0.0022670738
v -0.0047381581 0.0011062735 0.0011732606
v -0.0047254385 0.0010540155 0.0018630739
v -0.0047163898 0.0011255441 0.0014629421
v -0.0047123278 0.001048725 0.0018939497
v -0.0046813339 0.00093058188 0.0020350639
v -0.0046771732 0.0009292941 0.0020377662
v -0.0046220054 0.0011135277 0.0018033566
v -0.0046215216 0.00099205167 0.0020182421
v -0.00459573 0.0011059806 0.0018601182
v -0.0045681377 0.001080426 0.0013773486
v -0.0045261034 0.0010625259 0.001955417
v -0.0045246365 0.00086843828 0.0020891407
v -0.0045192009 0.0011243274 0.0017440023
v -0.0045067193 0.0011227991 0.0017367961
v -0.0044912142 0.00090840989 0.0020723762
v -0.0044869208 0.00056038704 -0.0010389878
v -0.0044823908 0.0011195943 0.0017436844
v -0.0044711884 0.0011135641 0.0018106195
v -0.0044459524 0.0011061912 0.0017017124
v -0.0044334708 0.0010900239 0.0018622456
v -0.0044261906 0.00099839468 0.0019969235
v -0.0043971376 0.001080426 0.0016735292
v -0.0043793456 0.0010552823 0.0018847309
v -0.0043731751 0.00078354659 0.0020546021
v -0.0043578893 0.0010703088 0.0017530788
v -0.0043563219 0.00082021323 0.0020418479
v -0.0043428917 0.0010578275 0.001793335
v -0.0043299221 0.00089715654 0.0019995696
v -0.0043227663 0.00093077245 0.0019735179
v -0.0043192888 0.00099347241 0.001907825
v -0.0042834827 -0.003221967 -0.0011564428
v -0.0042480491 0.0037950275 0.00040273013
v -0.0042428896 0.0053725401 0.0059284577
v -0.0041969502 -0.0026147049 0.0015579509
v -0.0041714199 0.0038176279 0.00050961302
v -0.0040840697 0.0038819832 0.00058729853
v -0.0040773097 -0.0025913506 0.0016863303
v -0.0040332242 -0.0016341789 0.0038328692
v -0.0039992975 0.0039782971 0.00062396011
v -0.0039451262 0.0036252441 0.0003336524
v -0.0039300141 0.0040919087 0.00061402004
v -0.003926455 0.0036803293 0.00045375086
v -0.0039214473 -0.002527548 0.001740889
v -0.0039042511 -0.0007978091 -0.0013753922
v -0.0039036302 0.0031158936 -0.0013757506
v -0.0038952138 0.00074646657 -0.0013806098
v -0.003888244 0.0037722255 0.00054264243
v -0.0038829274 0.00074085733 0.0013766496
v -0.0038589647 0.00044397786 0.0017577227
v -0.0038363063 0.003886943 0.00058679254
v -0.0038286813 0.00071825873 0.0014964554
v -0.0038157119 0.00055758783 0.0017026901
v -0.0038050786 0.00065390364 0.0016109454
v -0.0037785498 0.0040070154 0.00057948002
v -0.0037771831 -0.0044531915 -0.0014487549
v -0.0037711281 -0.0024403909 0.0017070103
v -0.0036981283 0.0039718538 0.00059580675
v -0.0036856516 0.0036918793 0.00061255839
v -0.0036730266 0.0035798203 0.00054121058
v -0.0036676796 0.0038200668 0.00064498477
v -0.0036317296 0.0035009533 0.00044180531
v -0.0036218534 0.0039448701 0.00063355733
v -0.0036079076 -0.00024538071 -0.0015464863
v -0.0035409802 0.003750938 0.00078431901
v -0.003538606 0.0037955891 0.00078294828
v -0.003530575 0.0036624714 0.00077831157
v -0.0035083969 -5.9878232e-05 -0.0016039386
v -0.0035019075 0.0039221235 0.00076176046
v -0.0035006928 0.003580126 0.00076105911
v -0.003479036 0.0035430326 0.00074855564
v -0.0034682155 0.0026172281 -0.0016271375
v -0.0034633591 0.0012492398 -0.0016299413
v -0.0033948654 -0.0027387084 -0.0016694862
v -0.0033918414 0.0034554608 0.0006982137
v -0.003378571 -0.0024730172 -0.0016788937
v -0.0033699803 0.003750938 0.0010804995
v -0.0033657346 0.0036946309 0.0010780484
v -0.0033577816 0.0038494947 0.0010734566
v -0.0033492241 -0.0016341789 0.0050175921
v -0.0033309076 0.0039221235 0.001057941
v -0.0033296929 0.003580126 0.0010572396
v -0.0033198553 0.0036807682 0.0011359937
v -0.003309712 -0.0029862532 -0.0017186495
v -0.0033070664 0.0019339864 -0.001720177
v -0.0032966468 0.0038176847 0.0011605677
v -0.0032899205 0.00056038704 0.0010342771
v -0.0032848604 0.0035523025 0.001089511
v -0.0032725923 -0.0016115803 0.005124473
v -0.0032640551 -0.0022417998 -0.0017450096
v -0.0032458978 0.003909199 0.0011599852
v -0.0032385092 -0.0012739814 -0.0017597586
v -0.0032243868 0.00053435325 0.0011475659
v -0.0032208415 0.0034554608 0.00099439418
v -0.0032096619 0.0036655478 0.0012111194
v -0.003198592 0.0034577341 0.0010303253
v -0.0031918664 0.0037705256 0.0012299606
v -0.0031852424 -0.0015472252 0.0052021588
v -0.0031828287 0.0035670486 0.0011754786
v -0.0031709503 -0.0026147049 0.0033350352
v -0.0031686493 0.00046021907 0.0012435029
v -0.0031576599 0.0038812258 0.001214985
v -0.0031442095 0.0034780593 0.0011012754
v -0.0031399762 -0.0031666197 -0.0018166465
v -0.0031346898 0.0038723955 0.0012238963
v -0.0031329698 0.0038611938 0.0012282722
v -0.0031311859 0.00034926506 0.0013074789
v -0.0031177057 0.0002183895 0.0013297567
v -0.0031166831 0.0034945377 0.0011300982
v -0.0031004725 -0.0014509094 0.0052388222
v -0.0030785394 0.003663697 0.0012397805
v -0.0030739992 -0.0020908543 -0.0018547383
v -0.0030717519 0.0061700637 -0.00027640525
v -0.0030688986 0.0037205662 0.0012499873
v -0.0030640012 0.0036103369 0.001220472
v -0.0030568596 0.0035424144 0.001178961
v -0.0030477897 0.0058731842 0.00010466747
v -0.0030369919 0.0037696844 0.0012490724
v -0.0030311868 -0.0013372994 0.0052288803
v -0.0030142081 0.0038173134 0.0012399417
v -0.0030059523 0.0061302902 -0.00011694072
v -0.0029992762 0.0038094658 0.0012383581
v -0.00299718 0.0060216249 2.2540531e-05
v -0.0029939034 0.0060831099 -4.2109386e-05
v -0.0029891368 0.0038013174 0.0012372155
v -0.0029720869 0.0036387283 0.001215623
v -0.0029678175 0.003792129 0.0012322211
v -0.0029466846 0.0036755018 0.0012175611
v -0.0029434301 0.003777883 0.0012246436
v -0.0029421656 -0.00072155305 -0.0019308525
v -0.0029363816 0.0058082105 7.0406662e-05
v -0.0029028037 0.0037523401 0.001205683
v -0.0028805344 -0.0032455742 -0.0019664352
v -0.00287085 0.0059479461 -1.6308177e-05
v -0.0028619599 -0.0042387121 -0.0019771592
v -0.0028489397 0.0060401168 -0.00034492477
v -0.002846045 -0.0020500757 -0.0019863478
v -0.0028426549 -0.00053605053 -0.001988305
v -0.0028388423 0.0060328301 -0.00016833129
v -0.0028159036 0.0057531288 8.6454173e-05
v -0.0027342269 0.0058854842 1.8864861e-06
v -0.0027273304 0.005490928 -0.0020548876
v -0.0027066302 0.0031158936 0.00069751428
v -0.0027046956 0.0057163252 0.00015036522
v -0.0026982138 0.00074646657 0.00069265504
v -0.0026581238 0.0059502069 -0.00014426127
v -0.0026328119 -5.0250683e-06 -0.002109458
v -0.0026299984 0.0031384921 0.00080439553
v -0.0026253443 -0.0021275408 -0.0021137695
v -0.0026216616 -0.0031641654 -0.0021158955
v -0.0026214214 0.00072397495 0.00079944363
v -0.0026196856 0.0057034008 0.00025240943
v -0.0026081183 0.0058437488 7.4359188e-05
v -0.0026079803 0.005929953 -0.00031283224
v -0.0025801831 -0.0044531915 0.00062450994
v -0.0025426485 0.0032028472 0.00088208111
v -0.0025336158 0.00065992289 0.00087686611
v -0.0025117206 0.0058290949 0.00019007581
v -0.002492816 0.00060832454 -0.0021902847
v -0.0024913088 0.005895 -4.8396087e-05
v -0.0024884639 -0.00061702827 -0.0021927974
v -0.0024869503 -0.0026147049 0.0045197578
v -0.0024749825 -0.004413418 0.00076122634
v -0.0024578758 0.0032991611 0.00091874303
v -0.0024486857 0.0057034008 0.00054858997
v -0.0024481625 0.00056406291 0.00091313513
v -0.0024404083 0.0058635981 0.00014890364
v -0.0024348507 -0.0023457075 -0.0022237508
v -0.0024327259 -0.0029442031 -0.0022249778
v -0.0024021133 -0.0026014368 0.004621902
v -0.0023885926 0.0034127731 0.00090880302
v -0.0023855614 0.005856344 -0.00018501174
v -0.002378074 0.00045099074 0.00090273016
v -0.0023728448 0.005804088 0.00050480309
v -0.0023643491 -0.0026446255 -0.002264455
v -0.002363794 0.0058756131 0.00010467026
v -0.002363675 0.0056904778 0.00065063371
v -0.0023597337 0.0057987976 0.00053567888
v -0.0023585744 -0.0043047527 0.00083856401
v -0.0023247006 0.0056794044 0.00067941373
v -0.0022913998 -0.00256365 0.0046860985
v -0.0022883497 0.0022144711 -0.0023083333
v -0.0022712154 0.0026172281 0.00044612735
v -0.0022694084 0.0058635981 0.00044508415
v -0.0022689251 0.005742122 0.00065996969
v -0.002266359 0.0012492398 0.00044332354
v -0.0022621453 -0.004156312 0.00083579868
v -0.0022524642 0.0056536724 0.00071454316
v -0.0022431333 0.0058560511 0.00050184591
v -0.0022155417 0.0058304952 1.907673e-05
v -0.0021862977 0.0026303353 0.00054822478
v -0.0021813491 0.0012363152 0.00054536777
v -0.0021735069 0.0058125965 0.00059714465
v -0.0021716589 -0.0025070992 0.0047025713
v -0.0021676044 0.0056163813 0.00073111639
v -0.0021666039 0.0058743977 0.00038572995
v -0.0021541251 0.0058728717 0.00037852529
v -0.00213862 0.0056584822 0.00071410538
v -0.0021319862 0.0055985907 0.00073059066
v -0.0021297969 0.0058696666 0.00038541364
v -0.002127473 0.0010438185 -0.0024012155
v -0.0021185915 0.0058636344 0.00045234713
v -0.0021100664 0.0019339864 0.0003530879
v -0.0020984495 -0.001063699 -0.0024179723
v -0.0020933584 0.0058562635 0.00034344158
v -0.0020808741 0.0058400943 0.00050397328
v -0.0020753534 0.0026676678 0.00061228813
v -0.0020735969 0.0057484671 0.00063865259
v -0.0020701382 0.0011995097 0.00060927722
v -0.0020611284 -0.0024403909 0.0046688169
v -0.0020445418 0.0058304952 0.00031525726
v -0.0020268653 -0.0027387084 0.00069995958
v -0.0020267488 0.0058053527 0.00052645855
v -0.0020220818 0.0019340918 0.00045341472
v -0.0020205784 0.005533617 0.00069632987
v -0.0020105708 -0.0024730172 0.00069055211
v -0.0020052954 0.0058203815 0.00039480801
v -0.0020037277 0.0055702855 0.00068357715
v -0.0019920061 0.0027668995 -0.0024794273
v -0.001990295 0.005807898 0.00043506254
v -0.0019773256 0.0056472272 0.00064129732
v -0.0019701698 0.0056808428 0.00061524549
v -0.001966693 0.0057435413 0.00054955314
v -0.001955268 0.0027235381 0.00062856229
v -0.0019496594 0.0011444296 0.00062532426
v -0.0019417118 -0.0029862532 0.00065079628
v -0.0019033995 0.00011117894 0.0026032142
v -0.0019024017 0.0019343965 0.00051243446
v -0.0018960549 -0.0022417998 0.0006244363
v -0.0018887633 0.0011693639 -0.0025390347
v -0.0018443262 0.0027894422 0.00059457065
v -0.0018382523 0.0010794544 0.00059106393
v -0.0018169865 -0.0022907264 -0.0025804751
v -0.001771976 -0.0031666197 0.00055279926
v -0.0017692475 0.0019348507 0.00052116334
v -0.001705999 -0.0020908543 0.00051470747
v -0.0016428871 0.0019353866 0.00047826977
v -0.0016226077 0.0017382988 -0.0026926997
v -0.0015850549 -0.0051299753 -0.0027143809
v -0.0015672744 -0.0012253515 -0.0027246464
v -0.0015581958 0.0051299762 -0.0027298878
v -0.0015541831 -0.0044531915 0.0024015941
v -0.0015303305 0.005490928 1.8377285e-05
v -0.0015206429 -0.001738298 -0.002751569
v -0.0015125342 -0.0032455742 0.00040301049
v -0.0015063679 0.0051940484 0.00039945039
v -0.0014780449 -0.0020500757 0.00038309806
v -0.0014760846 0.0054683294 0.00013818308
v -0.001463118 0.0053076604 0.00034441942
v -0.0014524818 0.0054039741 0.00025267314
v -0.0014211324 -0.0015527955 -0.0028090214
v -0.0013865804 0.0012065901 -0.0028289701
v -0.0013262641 0.0022907271 -0.0028637936
v -0.0013103929 -6.929136e-05 0.0022608417
v -0.0012648118 -5.0250683e-06 0.00025998789
v -0.001257344 -0.0021275408 0.00025567639
v -0.0012536614 -0.0031641654 0.00025355018
v -0.0011248159 0.00060832454 0.00017916122
v -0.0011204637 -0.00061702827 0.00017664846
v -0.0010668506 -0.0023457075 0.00014569492
v -0.0010647256 -0.0029442031 0.00014446808
v -0.0010483995 0.00011117894 0.0040841177
v -0.0010372641 -0.0010586726 -0.003030648
v -0.00099634903 -0.0026446255 0.00010499082
v -0.00092600961 0.00097249844 -0.0030948806
v -0.00087018305 -0.0044531915 0.0035863169
v -0.00079355121 -0.004430593 0.0036931981
v -0.00077890145 0.0026446264 -0.0031798137
v -0.00075947278 0.0010438185 -3.176973e-05
v -0.00073044928 -0.001063699 -4.8526454e-05
v -0.00072710251 0.0024862152 0.0019240789
v -0.00071868615 0.00011678814 0.0019192197
v -0.00071052567 0.0029442024 -0.0032192904
v -0.00070839986 0.0023457084 -0.0032205177
v -0.00070620119 -0.0043662377 0.0037708837
v -0.00065043458 -0.00060832367 -0.003253984
v -0.00062143221 -0.0042699235 0.0038075475
v -0.00061061257 0.00051972881 -0.0032769754
v -0.00055214547 -0.004156312 0.0037976054
v -0.00052158633 0.0031641643 -0.0033283746
v -0.00052076305 0.0011693639 -0.00016958885
v -0.00051790639 0.0021275417 -0.0033304992
v -0.00051130995 -4.9911105e-05 -0.0033343076
v -0.0005043305 0.005490928 0.0017954614
v -0.0004553929 -6.929136e-05 0.0037417451
v -0.00041591734 -0.0054909289 -0.0033893827
v -0.00038805482 -0.0051299753 -0.00064111588
v -0.00036119574 0.0051299762 -0.00065662299
v -0.00032254509 -0.0051039439 -0.00052781322
v -0.00030243467 -0.0050841565 -0.00049309473
v -0.00029720285 0.0020500745 -0.0034579225
v -0.0002958249 0.0051039425 -0.00054324017
v -0.00029168848 0.0019875481 0.0016726925
v -0.00028683129 0.00061956135 0.0016698883
v -0.00026687694 -0.0050298069 -0.00043183618
v -0.00026271623 0.0032455751 -0.0034778332
v -0.00024054314 0.0050298078 -0.00044704002
v -0.00023951546 -0.004958977 -0.00038487522
v -0.00022951806 -0.0049188551 -0.00036779986
v -0.00021615929 -0.0047879773 -0.00034545193
v -0.00020376548 0.0049188561 -0.00038266811
v -0.00020108506 0.00072155386 -0.003513416
v -0.00019927431 -0.0012253515 -0.00035520046
v -0.00019109099 0.0047879783 -0.00035992509
v -0.00013053944 0.0013043064 0.0015796531
v -6.9251386e-05 0.0020908553 -0.0035895302
v -1.9730618e-05 0.0048068417 -0.0036181211
v -1.8580236e-05 0.0012065901 -0.00045952425
v -3.2753189e-06 0.003166619 -0.0036276216
v 9.5258481e-05 0.0012739822 -0.00368451
v 0.00012080448 0.0022418008 -0.0036992591
v 0.00012789745 0.0024862152 0.0034049824
v 0.00013631386 0.00011678814 0.0034001232
v 0.00016646048 0.0029862525 -0.0037256186
v 0.00017777149 -0.0021378105 -0.003732149
v 0.00017966953 0.005490928 0.0029801843
v 0.00020363192 0.0051940484 0.003361257
v 0.00021501615 -0.0015305134 -0.0037536523
v 0.00023391542 0.0054683294 0.0030999898
v 0.00023531962 0.0024730165 -0.0037653744
v 0.00024688189 0.0053076604 0.0033062261
v 0.00025161472 0.0027387091 -0.0037747824
v 0.00025751817 0.0054039741 0.0032144801
v 0.00033073602 -0.0010586726 -0.00066120207
v 0.00037240982 -0.0027036266 -0.0038445236
v 0.00044199056 0.00097249844 -0.00072543492
v 0.00047676772 -0.0010020192 -0.0039047746
v 0.00056331151 0.0019875481 0.0031535958
v 0.0005681687 0.00061956135 0.0031507916
v 0.00058909872 0.0026446264 -0.00081036781
v 0.00063393248 0.0044531925 -0.0039955135
v 0.0006379452 -0.0051299753 0.0011359683
v 0.00065747451 0.0029442024 -0.0008498446
v 0.00065960031 0.0023457084 -0.00085107196
v 0.00066480431 0.0051299762 0.0011204612
v 0.00071756559 -0.00060832367 -0.00088453823
v 0.00072446058 0.0013043064 0.0030605565
v 0.00075738761 0.00051972881 -0.00090752949
v 0.00076037965 -0.0031158926 -0.0040685181
v 0.00078108266 -0.0054909289 -0.0013161177
v 0.00084641384 0.0031641643 -0.00095892878
v 0.00085009378 0.0021275417 -0.00096105342
v 0.00085669023 -4.9911105e-05 -0.00096486189
v 0.00085771456 -0.0054683303 -0.0012092364
v 0.0009111804 -0.00065699813 -0.0041555827
v 0.00094506453 -0.005403975 -0.0011315509
v 0.0010221819 -0.0058759889 -0.0022451316
v 0.0010298345 -0.0053076595 -0.0010948874
v 0.0010707973 0.0020500745 -0.0010884766
v 0.001085217 -0.0060002794 -0.0025706175
v 0.0010991204 -0.0051940493 -0.001104829
v 0.001105284 0.0032455751 -0.0011083875
v 0.0011242931 -0.0058304975 -0.0019091778
v 0.0011959618 -0.0059097325 -0.0022467365
v 0.0012432378 -0.0060029533 -0.0024908506
v 0.0012530833 -0.0021901687 -0.0011937196
v 0.0012725428 -0.0058756135 -0.0019947698
v 0.001295293 -0.0058304975 -0.0016129973
v 0.0012965015 -0.0061700628 -0.0027984176
v 0.0012987488 0.0020908553 -0.0012200845
v 0.0012996397 -0.0014310499 -0.0012205989
v 0.0013219452 -0.0051299753 0.002320691
v 0.0013395506 -0.0058543659 -0.0016385493
v 0.0013437709 -0.005856127 -0.001640986
v 0.001344561 -0.0058203805 -0.0015392324
v 0.0013488043 0.0051299762 0.002305184
v 0.001362577 -0.0058548879 -0.0022706587
v 0.0013647248 0.003166619 -0.0012581758
v 0.0013719222 -0.0058078971 -0.0015061144
v 0.0013731334 -0.0061474643 -0.0026915362
v 0.0013747716 -0.0021378105 -0.0016588841
v 0.0013765172 -0.0021639904 -0.0013178921
v 0.0013806872 -0.005867817 -0.0016594939
v 0.0013874549 -0.0051039439 0.0024339936
v 0.0013983148 -0.0059253583 -0.0024552036
v 0.0014017021 -0.0061302893 -0.0026617013
v 0.0014047937 -0.0058728587 -0.0016762174
v 0.0014120162 -0.0015305134 -0.0016803874
v 0.0014141751 0.0051039425 0.0024185667
v 0.0014184172 -0.0014807798 -0.0013420831
v 0.0014204703 -0.005829094 -0.0020801758
v 0.0014210597 -0.0021448252 -0.0014881548
v 0.0014311559 -0.0058685788 -0.0016297679
v 0.0014322166 -0.00056379219 -0.0044564032
v 0.0014431231 -0.0050298069 0.0025299708
v 0.0014435427 -0.0058756135 -0.0016985892
v 0.0014592721 -0.0057435418 -0.0014284288
v 0.0014595499 -0.0015171878 -0.001510377
v 0.0014604834 -0.006083109 -0.0026138509
v 0.0014654926 -0.0058000013 -0.0014846583
v 0.0014659645 -0.0058554164 -0.0015845305
v 0.0014694569 0.0050298078 0.002514767
v 0.0014773803 -0.0057261479 -0.0023104867
v 0.0014782191 -0.0058309417 -0.0015327409
v 0.0014804818 -0.0049188551 0.0025940069
v 0.0014888047 0.0022418008 -0.0013298133
v 0.0014938406 -0.0047879773 0.0026163547
v 0.0014963804 -0.0028974386 -0.0013341871
v 0.0015062344 0.0049188561 0.0025791386
v 0.0015088961 -0.0057882932 -0.0024732284
v 0.001516615 -0.0058674463 -0.0016958921
v 0.0015179026 -0.0056808419 -0.001398594
v 0.0015181102 -0.006021624 -0.0025843636
v 0.0015189089 0.0047879783 0.0026018815
v 0.0015284345 -0.0057034018 -0.002142509
v 0.0015344607 0.0029862525 -0.0013561728
v 0.0015440448 -0.0056472281 -0.0013917668
v 0.001545255 -0.0059867967 -0.0025771887
v 0.0015694099 -0.0027036266 -0.0017712587
v 0.0015828561 -0.0057385853 -0.0014629321
v 0.0015837252 -0.0058408794 -0.00164729
v 0.0015914702 -0.005829094 -0.0017839952
v 0.0015938585 -0.005570285 -0.0013934902
v 0.0015954844 -0.0028005308 -0.0014443129
v 0.0016033198 0.0024730165 -0.0013959287
v 0.0016063486 -0.0057957014 -0.0015516911
v 0.001613328 -0.0055336161 -0.0014017069
v 0.0016145391 -0.0058731833 -0.0025871291
v 0.0016196149 0.0027387091 -0.0014053367
v 0.0016216057 -0.0058058482 -0.0018013939
v 0.0016222156 -0.0027295905 -0.0016042921
v 0.0016268266 -0.00077042967 -0.0014095004
v 0.0016737677 -0.0010020192 -0.0018315098
v 0.0016785712 -0.0056455918 -0.0014774007
v 0.0016797072 -0.0057790107 -0.0017178457
v 0.0016987027 -0.0055985898 -0.0014810587
v 0.0016994344 -0.0057034018 -0.0018463284
v 0.0017092115 -0.0057200855 -0.0015931623
v 0.0017128892 -0.00088622462 -0.0015120966
v 0.0017300686 -0.00097099203 -0.001666561
v 0.0017318396 -0.005698862 -0.0017743265
v 0.0017450441 -0.0056536715 -0.0015934194
v 0.0017453023 -0.0056904769 -0.0017216855
v 0.0017494765 -0.005664594 -0.0016239372
v 0.0018070827 -0.0054909289 0.0004609664
v 0.0018309326 0.0044531925 -0.0019222489
v 0.001854895 0.0041563129 -0.0015411758
v 0.0018851785 0.0044305939 -0.0018024431
v 0.0018981481 0.0042699235 -0.0015962085
v 0.0019087811 0.0043662386 -0.001687953
v 0.0019366767 -0.00074085646 -0.0047476534
v 0.0019573797 -0.0031158926 -0.0019952531
v 0.0019813422 -0.0034127722 -0.00161418
v 0.0020231793 -0.0031556664 -0.0018357886
v 0.0020319507 -0.0032643331 -0.0016963069
v 0.0021081804 -0.00065699813 -0.0020823181
v 0.0021698449 -0.00033915584 -0.0017230122
v 0.0021790327 -0.00061441597 -0.0019257705
v 0.0021984817 -0.0035009545 -0.0029242686
v 0.002201604 -0.00049807876 -0.0017942562
v 0.0022506996 0.0026147056 -0.0049289549
v 0.0022615131 -0.0036252448 -0.0032497523
v 0.00230059 -0.0034554615 -0.0025883131
v 0.0023052169 -0.0035798231 -0.00291033
v 0.0023561895 -0.0036803305 -0.0031735357
v 0.0023596021 -0.003944871 -0.0028198378
v 0.0023733166 -0.0036918784 -0.0028855884
v 0.0023877886 -0.0035430335 -0.0026386571
v 0.0023911216 -0.0040070163 -0.0029825813
v 0.0023924154 -0.003820068 -0.0028538126
v 0.0024094416 -0.0035801267 -0.0026511585
v 0.0024106572 -0.0039221225 -0.0026518605
v 0.0024140629 -0.0037722262 -0.0030959961
v 0.0024263298 -0.0038869421 -0.0030289423
v 0.0024393245 -0.0036624705 -0.0026684115
v 0.0024473555 -0.0037955882 -0.0026730483
v 0.0024497297 -0.0037509373 -0.002674419
v 0.0024715899 -0.0034554615 -0.0022921327
v 0.0024728014 -0.0037950287 -0.0034775545
v 0.0024910828 -0.0054909289 0.0016456892
v 0.0024915833 -0.0034577332 -0.0022548989
v 0.0024955526 -0.0037523408 -0.0019110595
v 0.0024967636 -0.0040919082 -0.0030964818
v 0.0025270472 -0.0038176272 -0.0033577487
v 0.0025277806 -0.0036755009 -0.0019431228
v 0.0025322861 -0.0037778837 -0.0019367628
v 0.0025373898 -0.003495235 -0.0021326682
v 0.0025386009 -0.0038348022 -0.00331809
v 0.0025400135 -0.0039782962 -0.0031515127
v 0.0025461619 -0.0036039003 -0.0019931868
v 0.0025473724 -0.0039434689 -0.0031786084
v 0.0025497566 -0.0035710575 -0.0020245281
v 0.0025506499 -0.0038819823 -0.0032432587
v 0.0025510432 -0.0037921281 -0.0019540945
v 0.0025660307 -0.0038013186 -0.001970062
v 0.0025677145 -0.0054683303 0.0017525704
v 0.0025720871 -0.0038094649 -0.00197827
v 0.0025804415 -0.0035801267 -0.0023549781
v 0.0025809247 -0.0038173124 -0.0019904096
v 0.0025816571 -0.0039221225 -0.0023556799
v 0.0025859766 -0.0035523036 -0.0023000182
v 0.0025889627 -0.0036103381 -0.0020432679
v 0.0026002238 -0.0037696837 -0.0020055757
v 0.0026085309 -0.0038494938 -0.0023711955
v 0.0026094082 -0.0035670476 -0.002168671
v 0.0026129498 -0.0036636977 -0.0020462023
v 0.002616487 -0.0036946319 -0.0023757888
v 0.0026169687 -0.0037205669 -0.0020327498
v 0.0026207296 -0.0037509373 -0.0023782384
v 0.0026272687 -0.0038723962 -0.002102772
v 0.0026275243 -0.0039092 -0.0022310365
v 0.0026292165 -0.00056379219 -0.0023831383
v 0.0026301993 -0.0038611928 -0.0020990951
v 0.0026310373 -0.0038812249 -0.002127121
v 0.0026437265 -0.0036807675 -0.0023070818
v 0.0026534041 -0.0038176838 -0.0022746958
v 0.0026536905 -0.0036655471 -0.0021740887
v 0.0026550647 -0.005403975 0.0018302561
v 0.002661109 -0.0037705263 -0.0021492564
v 0.0027175196 -0.0005180873 -0.0022366662
v 0.0027398344 -0.0053076595 0.0018669193
v 0.002787767 -0.00039321929 -0.0021326775
v 0.0028091203 -0.0051940493 0.0018569777
v 0.0028211402 -0.00022264676 -0.0020990376
v 0.0028569326 0.0044531925 -0.00014516467
v 0.0029759181 -0.0023230081 -0.00021386099
v 0.0031129736 0.0016341797 -0.0054267887
v 0.0031322099 -0.0016382631 -0.00030409615
v 0.0031336767 -0.00074085646 -0.0026743885
v 0.0031370698 -0.0030062518 -0.00030690202
v 0.0032388773 -0.00070108287 -0.0025376722
v 0.0033552854 -0.00059241755 -0.0024603345
v 0.003363878 0.0024403918 -0.0024123874
v 0.003385152 -0.0011062727 -0.0035167346
v 0.0033856658 -0.0011798817 -0.0037732655
v 0.0034476996 0.0026147056 -0.0028556897
v 0.0034483781 0.0025070983 -0.0024912341
v 0.0034517143 -0.00044397701 -0.0024630998
v 0.003476887 -0.0010804252 -0.0032674486
v 0.0034783524 -0.0012900456 -0.0039979885
v 0.0034937405 0.0026014375 -0.0027311468
v 0.0034939789 0.0025636491 -0.0026031672
v 0.0035409327 0.0044531925 0.0010395581
v 0.0035563384 -0.0011449285 -0.0035400067
v 0.0035567242 -0.0012001357 -0.0037324054
v 0.0035640674 -0.0011354919 -0.00055342924
v 0.0035648949 0.0041563129 0.001420631
v 0.0035724838 -0.0035049189 -0.00055828842
v 0.0035951785 0.0044305939 0.0011593638
v 0.0036081481 0.0042699235 0.0013655983
v 0.0036187812 0.0043662386 0.0012738539
v 0.0036251394 -0.0011255433 -0.0033530421
v 0.0036262383 -0.0012827585 -0.0039009473
v 0.0036478869 -0.0010804252 -0.002971268
v 0.0036490983 -0.0014199923 -0.0041566901
v 0.0036921445 -0.0011042935 -0.00299682
v 0.0036963676 -0.0011060564 -0.0029992582
v 0.003697155 -0.0010703079 -0.0028975031
v 0.0037210523 -0.0010936777 -0.0035797891
v 0.0037213434 -0.001135413 -0.0037252386
v 0.0037332813 -0.0011177447 -0.0030177645
v 0.0037530875 -0.0010406516 -0.0028345515
v 0.0037542961 -0.0013802168 -0.0040199719
v 0.0037573904 -0.0011227883 -0.0030344899
v 0.0037730644 -0.0010790215 -0.0034384464
v 0.0037738944 -0.0011978747 -0.0038526531
v 0.003782901 -0.0010186491 -0.0028080763
v 0.0037837501 -0.0011185062 -0.0029880388
v 0.0037961393 -0.0011255433 -0.0030568615
v 0.00381308 -0.0013330387 -0.0039721229
v 0.0038180866 -0.0010499287 -0.0028429292
v 0.0038185585 -0.0011053442 -0.0029428012
v 0.0038308131 -0.0010808695 -0.0028910118
v 0.0038309181 -0.0023230081 0.0012670425
v 0.0038351614 -0.00096625206 -0.0036254229
v 0.0038354197 -0.0010030576 -0.0037536891
v 0.003869209 -0.0011173738 -0.0030541627
v 0.0038694965 -0.00093198469 -0.0027572145
v 0.003870707 -0.0012715535 -0.0039426358
v 0.0038810284 -0.00095332914 -0.0035007796
v 0.0038817611 -0.0010581393 -0.0038660499
v 0.0039354502 -0.00098851265 -0.0028212029
v 0.0039363219 -0.0010908088 -0.0030055624
v 0.003944064 -0.0010790215 -0.0031422661
v 0.0039464552 -0.00082021434 -0.0027517625
v 0.0039589424 -0.001045629 -0.0029099619
v 0.003965925 -0.00078354572 -0.0027599793
v 0.0039671357 -0.0011231129 -0.0039454014
v 0.0039742026 -0.0010557779 -0.0031596662
v 0.0039872099 -0.0016382631 0.0011768073
v 0.00399207 -0.0030062518 0.0011740014
v 0.0040311678 -0.00089552149 -0.002835673
v 0.0040323013 -0.0010289385 -0.0030761166
v 0.0040512993 -0.00084851932 -0.002839331
v 0.0040520285 -0.00095332914 -0.003204599
v 0.0040618056 -0.00097001297 -0.0029514332
v 0.0040844334 -0.00094878947 -0.0031325973
v 0.004097641 -0.00090360106 -0.0029516916
v 0.0040978962 -0.0009404046 -0.0030799564
v 0.0041020731 -0.00091452338 -0.0029822094
v 0.0041557741 -0.00094941241 -0.00089505129
v 0.0043099737 0.0016341797 -0.003353524
v 0.0043339361 0.0013373003 -0.0029724508
v 0.0043642223 0.0016115792 -0.0032337196
v 0.0043757763 0.0015944041 -0.0031940609
v 0.0043771891 0.0014509102 -0.0030274834
v 0.0043845447 0.0014857393 -0.0030545776
v 0.0043878253 0.001547224 -0.0031192296
v 0.0044190674 -0.0011354919 0.00092747418
v 0.0044274838 -0.0035049189 0.000922615
v 0.0044736997 0.0026147056 -0.0010786057
v 0.0045510754 0.0012491179 -0.0042825392
v 0.0046141096 0.0011248257 -0.0046080248
v 0.0046531842 0.001294611 -0.0039465837
v 0.004657811 0.0011702494 -0.0042686006
v 0.0047087837 0.001069742 -0.0045318063
v 0.0047121989 0.00080519967 -0.00417811
v 0.0047176415 0.00077821972 -0.0042630401
v 0.0047259131 0.001058192 -0.004243861
v 0.0047403825 0.0012070389 -0.0039969278
v 0.0047437157 0.00074305607 -0.0043408521
v 0.0047450094 0.00093000446 -0.0042120833
v 0.0047487807 -0.0011298826 -0.0012374239
v 0.004763254 0.00082794775 -0.004010133
v 0.0047666593 0.00097784423 -0.0044542686
v 0.0047789267 0.00086312828 -0.0043872143
v 0.0047919187 0.001087602 -0.0040266821
v 0.0047999523 0.00095448224 -0.0040313206
v 0.0048241839 0.001294611 -0.0036504033
v 0.0048253951 0.00095504383 -0.0048358254
v 0.0048441803 0.0012923372 -0.0036131714
v 0.0048481468 0.00099773146 -0.0032693304
v 0.0048493575 0.00065816438 -0.0044547524
v 0.0048796413 0.00093244528 -0.0047160196
v 0.0048803776 0.0010745695 -0.0033013951
v 0.0048848828 0.00097218674 -0.0032950351
v 0.0048899865 0.0012548354 -0.0034909404
v 0.0048911977 0.00091526826 -0.0046763625
v 0.0048926105 0.00077177433 -0.0045097852
v 0.0048987558 0.0011461721 -0.0033514576
v 0.0048999665 0.00080660335 -0.0045368792
v 0.0049023507 0.0011790149 -0.003382799
v 0.0049032439 0.00086809014 -0.0046015293
v 0.0049036369 0.00095794431 -0.0033123654
v 0.0049113822 0.0012070389 -0.0037007474
v 0.0049186246 0.00094875396 -0.0033283327
v 0.004924681 0.00094060757 -0.0033365407
v 0.0049335212 0.00093275798 -0.0033486821
v 0.0049342536 0.00082794775 -0.0037139521
v 0.0049385708 0.0011977688 -0.0036582891
v 0.0049415566 0.0011397343 -0.0034015388
v 0.0049528177 0.00098038884 -0.0033638466
v 0.0049611535 0.00090068096 -0.0037294826
v 0.0049620047 0.0011830227 -0.0035269433
v 0.0049629183 0.001087602 -0.0037305017
v 0.0049655437 0.0010863746 -0.0034044732
v 0.0049690474 0.0010556615 -0.0037340403
v 0.0049695652 0.0010295036 -0.0033910221
v 0.0049709524 0.00095448224 -0.00373514
v 0.0049798628 0.00087767618 -0.0034610427
v 0.0049801208 0.00084087072 -0.0035893088
v 0.0049827932 0.00088887947 -0.0034573658
v 0.0049836342 0.0008688455 -0.0034853932
v 0.0049963235 0.001069303 -0.0036653543
v 0.0050060009 0.00093238655 -0.0036329681
v 0.0050062872 0.0010845234 -0.0035323612
v 0.0050107744 -0.00094941241 0.00058585213
v 0.0050137057 0.00097954413 -0.0035075289
v 0.005073878 0.0024403918 0.00054941926
v 0.0051576998 0.0026147056 0.00010611715
v 0.0051583783 0.0025070983 0.00047057256
v 0.0052037407 0.0026014375 0.00023066005
v 0.0052039786 0.0025636491 0.00035863969
v 0.0053359736 0.0016341797 -0.0015764397
v 0.005603781 -0.0011298826 0.0002434796
v 0.0059024836 -0.0065115718 -0.0070373132
v 0.0060199737 0.0016341797 -0.00039171695
v 0.0060439361 0.0013373003 -1.0644152e-05
v 0.0060742223 0.0016115792 -0.00027191287
v 0.0060871886 0.0014509102 -6.5676599e-05
v 0.0060978252 0.001547224 -0.00015742269
v 0.0064954902 -0.0066920421 -0.0073796855
v 0.0065864837 -0.0065115718 -0.0058525903
v 0.0066104461 -0.0068084514 -0.0054715178
v 0.00664073 -0.0065341704 -0.0057327845
v 0.0066522835 -0.0065513453 -0.0056931255
v 0.0066536958 -0.0066948393 -0.0055265487
v 0.0066610547 -0.0066600121 -0.0055536442
v 0.0066643325 -0.0065985252 -0.0056182942
v 0.0070787808 -0.0041365353 -0.0077164485
v 0.0070871944 -0.0065059606 -0.0077213063
v 0.0071794903 -0.0066920421 -0.0061949627
v 0.0072450205 -0.0067180754 -0.0060816719
v 0.0073007606 -0.0067922114 -0.0059857364
v 0.0073382221 -0.0069031622 -0.0059217601
v 0.0073517053 -0.0070340396 -0.0058994838
v 0.0075141918 -0.0046352008 -0.0079678334
v 0.0075190519 -0.0060031894 -0.0079706395
v 0.0076753437 -0.0053184442 -0.0080608744
v 0.0077627809 -0.0041365353 -0.0065317256
v 0.0077711944 -0.0065059606 -0.0065365834
v 0.0078394124 -0.0041139368 -0.0064248443
v 0.0078479871 -0.006528452 -0.0064297947
v 0.007926763 -0.0040495819 -0.0063471589
v 0.0079357922 -0.0065925042 -0.006352372
v 0.0079432707 -0.006391244 -0.0030817636
v 0.0080115311 -0.0039532674 -0.0063104951
v 0.0080212457 -0.0066883643 -0.0063161035
v 0.0080808187 -0.003839656 -0.0063204374
v 0.008091337 -0.0068014385 -0.0063265101
v 0.0081981923 -0.0046352008 -0.0067831106
v 0.008203052 -0.0060031894 -0.0067859162
v 0.0082118213 -0.0094638374 -0.00837061
v 0.0082831103 -0.004622092 -0.0066810134
v 0.0082880622 -0.0060161138 -0.0066838721
v 0.0083593437 -0.0053184442 -0.0068761515
v 0.0083940579 -0.0045847613 -0.0066169519
v 0.0083992705 -0.0060529173 -0.006619961
v 0.0084473295 -0.0053183371 -0.0067758253
v 0.0084673138 -0.0090285968 -0.0065435804
v 0.0085081654 -0.0089114085 -0.0085417042
v 0.0085141426 -0.0045288908 -0.006600678
v 0.008519751 -0.0061079995 -0.0066039162
v 0.0085362773 -0.0065717143 -0.0034241362
v 0.0085670082 -0.005318034 -0.006716805
v 0.0086076753 -0.0087259058 -0.0085991565
v 0.0086250836 -0.0044629886 -0.0066346694
v 0.0086311558 -0.0061729727 -0.0066381749
v 0.0086705703 -0.010532759 -0.0066609308
v 0.0087001631 -0.0053175786 -0.0067080772
v 0.0087982714 -0.006391244 -0.0016008602
v 0.0088265212 -0.0053170407 -0.0067509692
v 0.0090495031 -0.0064596147 -0.0068797073
v 0.0090755252 -0.011589527 -0.0068947319
v 0.0091195675 -0.0040162094 -0.0037608985
v 0.0091279848 -0.0063856347 -0.0037657581
v 0.009391278 -0.0065717143 -0.0019432327
v 0.0095549822 -0.0045148749 -0.0040122853
v 0.009559839 -0.0058828616 -0.0040150895
v 0.0096643139 -0.0090285968 -0.0044703153
v 0.0097161308 -0.0051981164 -0.0041053249
v 0.0097894939 -0.0090283286 -0.0043451344
v 0.0098277228 -0.0064515569 -0.0093035512
v 0.0099604921 -0.0090275947 -0.0042993142
v 0.0099745672 -0.0040162094 -0.002279995
v 0.0099829845 -0.0063856347 -0.0022848547
v 0.010124066 -0.0058991285 -0.0094746454
v 0.010131489 -0.0090265945 -0.004345132
v 0.010246503 -0.0064596147 -0.0048064427
v 0.010272525 -0.011589527 -0.0048214672
v 0.010290503 -0.012561101 -0.0095707374
v 0.010366483 -0.006482291 -0.0046782591
v 0.010392274 -0.011566386 -0.0046931501
v 0.010409982 -0.0045148749 -0.002531382
v 0.01041484 -0.0058828616 -0.0025341862
v 0.010523274 -0.0065442454 -0.0046242364
v 0.01054843 -0.011503161 -0.0046387604
v 0.010571131 -0.0051981164 -0.0026244214
v 0.010659491 -0.011336773 -0.0046499735
v 0.010666095 -0.0045709391 -0.0078130476
v 0.010674866 -0.0066288784 -0.0046588508
v 0.010699154 -0.011416795 -0.0046728733
v 0.010711168 -0.013456207 -0.0078390706
v 0.010974502 -0.012561101 -0.008386014
v 0.011051132 -0.012538504 -0.0082791317
v 0.011079701 -0.012521328 -0.0082492968
v 0.011138483 -0.012474147 -0.0082014464
v 0.011166414 -0.0090027554 -0.010076445
v 0.011196111 -0.012412663 -0.0081719598
v 0.011283632 -0.0084891981 -0.010144121
v 0.011287277 -0.0095151877 -0.010146225
v 0.01129254 -0.012264224 -0.0081747249
v 0.011607525 -0.0081121176 -0.01033112
v 0.011613837 -0.0098891873 -0.010334764
v 0.011803882 -0.013092296 -0.010444487
v 0.011863095 -0.0045709391 -0.0057397825
v 0.011905389 -0.0040014116 -0.0085285539
v 0.011908168 -0.013456207 -0.0057658055
v 0.011968636 -0.004610484 -0.0056032632
v 0.011984765 -0.013433586 -0.0056589041
v 0.011992183 -0.010021986 -0.010553203
v 0.012013307 -0.013416394 -0.0056290533
v 0.012051305 -0.0079725562 -0.010587336
v 0.012072016 -0.013369166 -0.0055811615
v 0.01208598 -0.0047185258 -0.0055264649
v 0.01212955 -0.013307619 -0.0055516199
v 0.012183685 -0.004866113 -0.0055299676
v 0.012225753 -0.01315903 -0.0055542556
v 0.012382957 -0.0099520795 -0.010778816
v 0.012468836 -0.0098891873 -0.0088538611
v 0.012487882 -0.013092296 -0.0092597641
v 0.012496061 -0.0081079099 -0.010844116
v 0.012513503 -0.012561101 -0.0057203881
v 0.012576185 -0.013046592 -0.0091132922
v 0.012646434 -0.012921724 -0.0090093035
v 0.012679804 -0.01275115 -0.0089756632
v 0.012697309 -0.012672084 -0.010960307
v 0.012708767 -0.0096933162 -0.010966923
v 0.012787038 -0.00841711 -0.011012112
v 0.012883926 -0.0038686371 -0.0090935128
v 0.012905082 -0.0092969444 -0.011080265
v 0.012933016 -0.0088414717 -0.011096393
v 0.012993652 -0.012119656 -0.011131401
v 0.013093163 -0.011934154 -0.011188854
v 0.013197503 -0.012561101 -0.0045356653
v 0.013302701 -0.012521328 -0.0043989476
v 0.013349704 -0.0081070168 -0.0093624303
v 0.013361483 -0.012474147 -0.0043510976
v 0.01336699 -0.012812673 -0.011346947
v 0.013419111 -0.012412663 -0.004321611
v 0.013515539 -0.012264224 -0.0043243761
v 0.013819394 -0.0054359958 -0.011608143
v 0.013836836 -0.0098891873 -0.0064844149
v 0.014050989 -0.012812673 -0.010162225
v 0.014080926 -0.0038686371 -0.0070202481
v 0.014112652 -0.01249483 -0.0098029189
v 0.014121841 -0.01277009 -0.010005676
v 0.01414441 -0.012653752 -0.0098741613
v 0.014166658 -0.003914455 -0.0068722912
v 0.014188383 -0.0042116647 -0.0066873804
v 0.014229883 -0.004039634 -0.006764248
v 0.014244414 -0.0090027554 -0.0047451924
v 0.01425366 -0.0042106318 -0.0067250687
v 0.014292524 -0.013102514 -0.0067475066
v 0.014313211 -0.0096598044 -0.011893248
v 0.014361633 -0.0084891981 -0.0048128683
v 0.014365276 -0.0095151877 -0.0048149722
v 0.014503394 -0.0054359958 -0.010423421
v 0.014527357 -0.0057328735 -0.010042348
v 0.014569196 -0.0054757688 -0.010263957
v 0.014577966 -0.0055844346 -0.010124475
v 0.014600457 -0.015892968 -0.0096591646
v 0.014609554 -0.0091073764 -0.012064342
v 0.014613845 -0.015919212 -0.0097281383
v 0.014633415 -0.015955625 -0.0098220939
v 0.014636621 -0.015921155 -0.0096804006
v 0.014655487 -0.015990997 -0.0099080745
v 0.014661077 -0.016003313 -0.0098458687
v 0.01467023 -0.011777616 -0.012099374
v 0.014674921 -0.016017588 -0.0099677863
v 0.014685525 -0.0081121176 -0.0049998676
v 0.014691836 -0.0098891873 -0.0050035114
v 0.014695565 -0.016142771 -0.009942784
v 0.014697245 -0.016132303 -0.0098756533
v 0.01470031 -0.016118711 -0.0099981762
v 0.014707618 -0.016018443 -0.0097265355
v 0.014711049 -0.016059265 -0.010051558
v 0.014716282 -0.016216472 -0.0098951655
v 0.014717705 -0.0081070168 -0.0069929846
v 0.014736623 -0.016084654 -0.010096411
v 0.014740125 -0.016140759 -0.0097555602
v 0.014741776 -0.016192202 -0.010072649
v 0.014744405 -0.016102184 -0.010107642
v 0.01475319 -0.016099812 -0.010120947
v 0.014754199 -0.016264347 -0.0098288404
v 0.014770563 -0.016294619 -0.010006477
v 0.014790714 -0.016287751 -0.0097847674
v 0.01481442 -0.016252315 -0.010132548
v 0.014814742 -0.016313046 -0.010066517
v 0.014819637 -0.016218958 -0.010159415
v 0.014823253 -0.016361145 -0.0099143097
v 0.014835119 -0.016161222 -0.010194674
v 0.014841394 -0.016372833 -0.0099556195
v 0.014875585 -0.016380925 -0.009833768
v 0.014893173 -0.016392738 -0.0098439232
v 0.014976524 -0.013102514 -0.0055627837
v 0.014983304 -0.0066727968 -0.012280127
v 0.015061862 -0.013056695 -0.0054145996
v 0.015070182 -0.010021986 -0.0052219499
v 0.015108729 -0.0045408905 -0.010378003
v 0.015124006 -0.012931515 -0.0053059328
v 0.015129304 -0.0079725562 -0.0052560843
v 0.01514631 -0.012760516 -0.0052659018
v 0.01530729 -0.011546028 -0.010492642
v 0.01535423 -0.011777616 -0.010914651
v 0.01535439 -0.016501511 -0.010490181
v 0.015393349 -0.011661823 -0.010595237
v 0.015405308 -0.015892968 -0.00826512
v 0.01541053 -0.011746589 -0.010749702
v 0.015427952 -0.015909525 -0.0082783578
v 0.015455482 -0.010192132 -0.012552739
v 0.015460958 -0.0099520795 -0.0054475642
v 0.015461429 -0.015940784 -0.0082975077
v 0.015490519 -0.015976798 -0.0083136
v 0.015503873 -0.015997283 -0.0083207432
v 0.015544081 -0.016090129 -0.0083403327
v 0.015555021 -0.016140759 -0.0083441185
v 0.015558405 -0.015954137 -0.0082147438
v 0.015567217 -0.0083702412 -0.01261725
v 0.01557406 -0.0081079099 -0.0055128639
v 0.015594275 -0.0068666087 -0.010658333
v 0.01560561 -0.016287751 -0.0083733257
v 0.01560729 -0.016221792 -0.0083084656
v 0.015624807 -0.016081028 -0.0082437005
v 0.015633691 -0.016841164 -0.010537575
v 0.01563511 -0.016781522 -0.010604612
v 0.015636461 -0.01613461 -0.008248196
v 0.015640587 -0.0163354 -0.0083935196
v 0.015667304 -0.0066727968 -0.011095405
v 0.015680859 -0.016373636 -0.00841677
v 0.015688922 -0.016282849 -0.0082788803
v 0.015693113 -0.016128782 -0.008210782
v 0.01569338 -0.0067697037 -0.010768459
v 0.01570807 -0.016392738 -0.0084324814
v 0.015712572 -0.016019773 -0.008178195
v 0.015718974 -0.016914781 -0.010557345
v 0.01572011 -0.0066987635 -0.010928438
v 0.015731357 -0.016059941 -0.0081831254
v 0.015744815 -0.016122814 -0.0081888344
v 0.015763229 -0.016179195 -0.0081938757
v 0.01577116 -0.016346786 -0.0082992939
v 0.015779722 -0.016372625 -0.0083312374
v 0.015786767 -0.0096933162 -0.0056356709
v 0.015804015 -0.016062422 -0.0081695709
v 0.015856287 -0.016088523 -0.0081706904
v 0.015858427 -0.016841453 -0.010810842
v 0.015861766 -0.016313443 -0.008253755
v 0.01586285 -0.016107429 -0.0081720259
v 0.015865037 -0.00841711 -0.0056808596
v 0.015870815 -0.016841453 -0.010789385
v 0.015878335 -0.016268687 -0.0082224477
v 0.015886176 -0.016104123 -0.0081736911
v 0.01589407 -0.01628121 -0.0082327444
v 0.015911458 -0.016261688 -0.008223746
v 0.015975609 -0.01617419 -0.0082070054
v 0.015977405 -0.016157676 -0.0082037337
v 0.015983082 -0.0092969444 -0.0057490128
v 0.015983354 -0.016161587 -0.0082071563
v 0.016011016 -0.0088414717 -0.0057651401
v 0.016027104 -0.010092665 -0.010908228
v 0.016042395 -0.0054359958 -0.0077577946
v 0.016067641 -0.012544272 -0.0077723702
v 0.016129527 -0.008422601 -0.010967362
v 0.016139481 -0.010192132 -0.011368017
v 0.016145885 -0.010142399 -0.011029713
v 0.016187018 -0.010178805 -0.011198008
v 0.016251218 -0.0083702412 -0.011432527
v 0.016252963 -0.0083964216 -0.011091535
v 0.016261825 -0.017081862 -0.011022482
v 0.016297504 -0.0083772577 -0.011261797
v 0.016305728 -0.0045408905 -0.0083047384
v 0.016330143 -0.0048380676 -0.0079239272
v 0.016371591 -0.004580704 -0.00814531
v 0.016380528 -0.0046894797 -0.0080059236
v 0.016383711 -0.0046279319 -0.0080705192
v 0.016667243 -0.017293306 -0.011261561
v 0.016726393 -0.0054359958 -0.0065730717
v 0.016750358 -0.0057328735 -0.0061919992
v 0.01675164 -0.012544272 -0.0065876474
v 0.0167735 -0.012248795 -0.0062053604
v 0.016792197 -0.0054757688 -0.0064136083
v 0.016800966 -0.0055844346 -0.006274126
v 0.016804243 -0.0055229496 -0.0063387756
v 0.016817158 -0.012504685 -0.006428021
v 0.01682516 -0.012396532 -0.006288094
v 0.017013852 -0.016841447 -0.0088095879
v 0.017055428 -0.016841453 -0.0087375771
v 0.017096799 -0.017477706 -0.011503831
v 0.017132023 -0.016818831 -0.0086306753
v 0.017160567 -0.016801637 -0.0086008254
v 0.017219277 -0.016754409 -0.0085529331
v 0.01727681 -0.016692864 -0.0085233925
v 0.017348634 -0.0069319895 -0.0085119531
v 0.017363209 -0.011035956 -0.0085203676
v 0.017373014 -0.016544275 -0.0085260281
v 0.017788172 -0.01727836 -0.0092479009
v 0.017825704 -0.017710218 -0.011910186
v 0.017832087 -0.0089817178 -0.0087910742
v 0.017947743 -0.007104204 -0.0068833106
v 0.017961105 -0.010866172 -0.0068910248
v 0.018032635 -0.0069319895 -0.0073272302
v 0.01804721 -0.011035956 -0.0073356451
v 0.018052781 -0.0070180972 -0.0069968607
v 0.018066747 -0.010951064 -0.0070049246
v 0.018083852 -0.006955062 -0.0071593462
v 0.018098265 -0.01101321 -0.0071676676
v 0.018390909 -0.0089831203 -0.0071391719
v 0.018492242 -0.017844504 -0.012331476
v 0.018516088 -0.008982419 -0.0072643519
v 0.018516088 -0.0089817178 -0.0076063517
v 0.018561905 -0.0089819068 -0.0074353511
v 0.018813815 -0.019359702 -0.012120566
v 0.018930068 -0.0069139809 -0.012092219
v 0.018954003 -0.0069281547 -0.012106278
v 0.018958405 -0.01788898 -0.012529639
v 0.018962234 -0.0069753816 -0.01225211
v 0.018994084 -0.0069454289 -0.012130447
v 0.0190052 -0.0070394655 -0.01240272
v 0.019034635 -0.0069555598 -0.012155624
v 0.019038536 -0.0070370007 -0.012430937
v 0.019041857 -0.0070815263 -0.012486921
v 0.019056559 -0.0069581545 -0.012169526
v 0.019067828 -0.0071071745 -0.012532
v 0.019081084 -0.0069727208 -0.012333632
v 0.01908334 -0.0071057118 -0.012545671
v 0.019084632 -0.0071224733 -0.012556612
v 0.019091042 -0.0070173326 -0.012465275
v 0.019093171 -0.0071298447 -0.012567708
v 0.019125594 -0.0069557787 -0.012363637
v 0.019141957 -0.0069490736 -0.012225745
v 0.019144811 -0.0069431807 -0.012344889
v 0.019155726 -0.0069718636 -0.0124636
v 0.019160548 -0.018943556 -0.010437573
v 0.019165836 -0.0071832184 -0.012629266
v 0.019183747 -0.0069324514 -0.012254652
v 0.019203495 -0.0070258924 -0.012562762
v 0.019225316 -0.0071051102 -0.012622453
v 0.019254219 -0.0070735938 -0.012611203
v 0.019295406 -0.0069083422 -0.012359506
v 0.0193014 -0.0069061248 -0.012322578
v 0.019302865 -0.0069279457 -0.012440641
v 0.019305075 -0.007026697 -0.012580855
v 0.019314738 -0.0069139809 -0.011425951
v 0.019320991 -0.0069071529 -0.012333889
v 0.019335514 -0.0069648731 -0.012508416
v 0.019359902 -0.006987981 -0.012533525
v 0.019385125 -0.0069746277 -0.012506255
v 0.019421952 -0.0069572884 -0.011392321
v 0.019437535 -0.0069581056 -0.011508084
v 0.019440791 -0.0069651082 -0.01138715
v 0.019453119 -0.0069569279 -0.012410174
v 0.019497029 -0.0069759153 -0.011418644
v 0.0194973 -0.0069546718 -0.011554269
v 0.019535478 -0.0069432403 -0.011586124
v 0.019537879 -0.0070068887 -0.011365701
v 0.019558188 -0.0069324514 -0.011606102
v 0.019565569 -0.0069698021 -0.011469609
v 0.019578863 -0.0070254086 -0.011359744
v 0.019585658 -0.0069210231 -0.011621961
v 0.019641317 -0.00705487 -0.011355025
v 0.019647757 -0.006954398 -0.011498473
v 0.019689241 -0.017844504 -0.010258211
v 0.019695431 -0.0069071529 -0.01168534
v 0.019698519 -0.0069297622 -0.011549727
v 0.019703409 -0.0069914521 -0.011448106
v 0.019724717 -0.0069115185 -0.011702248
v 0.019728098 -0.006911539 -0.011648129
v 0.019743243 -0.0071068038 -0.011360843
v 0.019751625 -0.0070376149 -0.011414384
v 0.019755101 -0.0070414953 -0.011412342
v 0.01977947 -0.017799011 -0.01011285
v 0.019802075 -0.00713949 -0.011373719
v 0.019824702 -0.0069947685 -0.011500083
v 0.01982756 -0.0069569279 -0.011761624
v 0.01983542 -0.007159112 -0.011384865
v 0.019854976 -0.017674722 -0.010011896
v 0.01986539 -0.0069662221 -0.011684941
v 0.019866977 -0.0069687231 -0.011640724
v 0.01987391 -0.0071833879 -0.011403439
v 0.019879872 -0.0069776597 -0.011645907
v 0.019893119 -0.0071254512 -0.011441478
v 0.019894948 -0.0071180942 -0.011447364
v 0.019895528 -0.01750494 -0.0099824024
v 0.019901976 -0.0070784977 -0.011483887
v 0.019902119 -0.0070306594 -0.011542412
v 0.020066772 -0.017888825 -0.010604456
v 0.02025599 -0.0079261353 -0.013349776
v 0.020298656 -0.00792614 -0.01327587
v 0.020881245 -0.02146264 -0.013605407
v 0.020893035 -0.021414254 -0.013678473
v 0.02093946 -0.021330448 -0.013760941
v 0.020945879 -0.021558125 -0.013593839
v 0.020983929 -0.021273687 -0.013794715
v 0.020997087 -0.0079261372 -0.012066155
v 0.021175692 -0.0081120078 -0.013407032
v 0.021210773 -0.0086495532 -0.013823208
v 0.021256797 -0.017589403 -0.013927592
v 0.021335512 -0.017589403 -0.013791255
v 0.021355836 -0.022005383 -0.013619622
v 0.021452989 -0.0079261353 -0.011276511
v 0.021477403 -0.008223312 -0.010895698
v 0.021507271 -0.0079487571 -0.011156726
v 0.021509357 -0.020568579 -0.0113934
v 0.021520482 -0.0081095872 -0.010950631
v 0.021530971 -0.0080131758 -0.011042291
v 0.021565804 -0.021044498 -0.011552227
v 0.021606741 -0.021140933 -0.011611602
v 0.021625893 -0.021001616 -0.01152822
v 0.021670369 -0.0084269932 -0.012446767
v 0.021719154 -0.020917865 -0.011523477
v 0.02177483 -0.0085163759 -0.012505495
v 0.022186512 -0.02304087 -0.014107003
v 0.022325991 -0.022166518 -0.012251792
v 0.022346675 -0.010030288 -0.014556834
v 0.022360327 -0.017589405 -0.012016221
v 0.022453798 -0.017589403 -0.011854327
v 0.022513028 -0.017564377 -0.0117374
v 0.022528373 -0.017545355 -0.01169993
v 0.022543257 -0.01726062 -0.01151107
v 0.022550831 -0.017493105 -0.011631107
v 0.022561118 -0.017425012 -0.011574289
v 0.022561444 -0.017386438 -0.011551631
v 0.02261319 -0.010375583 -0.014597056
v 0.022650942 -0.01747271 -0.012203102
v 0.022719853 -0.01670469 -0.014524844
v 0.022728067 -0.016574502 -0.01477703
v 0.022836654 -0.016574491 -0.01458897
v 0.023350142 -0.017015683 -0.012673534
v 0.023413954 -0.010487529 -0.013361133
v 0.023479743 -0.010238547 -0.012051749
v 0.023543676 -0.010030288 -0.012483569
v 0.023556631 -0.01015885 -0.012126202
v 0.023566887 -0.012906085 -0.015261323
v 0.023569338 -0.014850391 -0.015262739
v 0.023591232 -0.01004614 -0.0123599
v 0.023594042 -0.015150435 -0.01503814
v 0.023595782 -0.010091286 -0.01223441
v 0.023643432 -0.012906085 -0.015128743
v 0.023669219 -0.014850381 -0.015089744
v 0.023722507 -0.013328987 -0.015163591
v 0.023877405 -0.01634354 -0.01228134
v 0.023897408 -0.016397938 -0.013075014
v 0.023917839 -0.016583035 -0.012699592
v 0.0239453 -0.016435191 -0.0123506
v 0.023967182 -0.016564805 -0.012576956
v 0.023976827 -0.016512889 -0.012454406
v 0.024233367 -0.015791306 -0.013348727
v 0.02441217 -0.026585169 -0.015715921
v 0.02442373 -0.026634898 -0.01559499
v 0.024430094 -0.012906083 -0.013766206
v 0.024434177 -0.026547976 -0.015794802
v 0.024435511 -0.015791425 -0.01299847
v 0.024475457 -0.026661422 -0.015485117
v 0.024499215 -0.026485022 -0.015886134
v 0.024510251 -0.024341388 -0.013109272
v 0.024532137 -0.014747777 -0.013645472
v 0.02455662 -0.026443247 -0.015925115
v 0.024645841 -0.014785662 -0.012724997
v 0.024648389 -0.012992818 -0.012726468
v 0.024742367 -0.01481927 -0.012810787
v 0.02474501 -0.012959627 -0.012812313
v 0.024761092 -0.014873482 -0.013186445
v 0.024763886 -0.012906085 -0.013188059
v 0.024798166 -0.014847761 -0.012928607
v 0.024800889 -0.012931488 -0.01293018
v 0.024804739 -0.014866797 -0.01306052
v 0.024807518 -0.012912686 -0.013062124
v 0.024860442 -0.014218023 -0.013243805
v 0.024930062 -0.025910087 -0.013755491
v 0.025217589 -0.026188143 -0.013726895
v 0.025313105 -0.026243972 -0.013722219
v 0.025369927 -0.028744299 -0.016122682
v 0.025379635 -0.026215009 -0.013702018
v 0.025555396 -0.026112551 -0.013727877
v 0.02586489 -0.03032756 -0.016527852
v 0.026178159 -0.031919822 -0.017050428
v 0.026203748 -0.032018825 -0.01711412
v 0.026213758 -0.010764529 -0.016368991
v 0.026232446 -0.032000214 -0.017196832
v 0.026235295 -0.028744223 -0.014623751
v 0.026295716 -0.011261387 -0.016817261
v 0.026308749 -0.031970527 -0.017295169
v 0.026324937 -0.02893265 -0.014641968
v 0.026373643 -0.031951737 -0.017339123
v 0.026430374 -0.029322056 -0.014785587
v 0.026472328 -0.028123448 -0.014333008
v 0.026480049 -0.033629917 -0.017060824
v 0.026548268 -0.034511097 -0.017303534
v 0.026548492 -0.034505729 -0.017184513
v 0.026572185 -0.034511518 -0.017382998
v 0.026637673 -0.034507345 -0.017481836
v 0.026641494 -0.035096165 -0.017199613
v 0.026643399 -0.035065956 -0.017096633
v 0.026659448 -0.035112344 -0.017270345
v 0.026676975 -0.035220232 -0.017130869
v 0.026677249 -0.035173442 -0.017044837
v 0.026680063 -0.035048142 -0.016999297
v 0.026685348 -0.035221566 -0.017064331
v 0.026687438 -0.035174433 -0.017015122
v 0.0266924 -0.035247307 -0.017191514
v 0.026694514 -0.034502037 -0.017530041
v 0.026701516 -0.035133015 -0.016973726
v 0.026702391 -0.035140585 -0.016974006
v 0.026702786 -0.035123095 -0.016968627
v 0.026704388 -0.035281725 -0.017139222
v 0.026706997 -0.035164051 -0.016972575
v 0.026708731 -0.035163336 -0.016969576
v 0.026710147 -0.035177093 -0.016971638
v 0.026710654 -0.035116091 -0.016954223
v 0.02671076 -0.035126917 -0.017362939
v 0.026712408 -0.03518578 -0.016971197
v 0.026715005 -0.035195123 -0.016970934
v 0.026715145 -0.035297513 -0.017162088
v 0.026716096 -0.035159048 -0.01695664
v 0.026717005 -0.0352019 -0.016970906
v 0.026717819 -0.035204563 -0.01697094
v 0.026718652 -0.035207216 -0.016971
v 0.026719501 -0.035182498 -0.016958918
v 0.026720071 -0.035256717 -0.017007176
v 0.026721237 -0.035304785 -0.017173236
v 0.026721355 -0.035103988 -0.016934317
v 0.026721451 -0.035193969 -0.016960518
v 0.0267225 -0.035199624 -0.016961455
v 0.026723044 -0.035202429 -0.016961962
v 0.026723603 -0.035205226 -0.016962493
v 0.026728543 -0.035148285 -0.016934242
v 0.026732976 -0.035172537 -0.01693509
v 0.02673395 -0.035248194 -0.016975192
v 0.026735397 -0.035275929 -0.017274193
v 0.026735464 -0.035184428 -0.016935961
v 0.02673679 -0.035190303 -0.016936531
v 0.026738178 -0.035196122 -0.016937198
v 0.026740085 -0.035077147 -0.016898775
v 0.0267487 -0.035328984 -0.017214229
v 0.026749559 -0.035123013 -0.016895456
v 0.026752941 -0.035286684 -0.016983941
v 0.026755333 -0.035148136 -0.016894499
v 0.026756452 -0.035130311 -0.017412215
v 0.026757577 -0.035347279 -0.017084355
v 0.026758542 -0.035160489 -0.01689445
v 0.026762012 -0.035172664 -0.016894758
v 0.026772918 -0.035319045 -0.016994225
v 0.026773643 -0.035286844 -0.017320937
v 0.026783207 -0.035347953 -0.017253486
v 0.026784601 -0.035065759 -0.016828693
v 0.026785066 -0.035355747 -0.017241528
v 0.026791664 -0.034976725 -0.016797129
v 0.026792081 -0.035091616 -0.016825495
v 0.026798954 -0.035262678 -0.016909402
v 0.026800625 -0.035116941 -0.016823502
v 0.026808789 -0.035396211 -0.017145326
v 0.026818318 -0.035401337 -0.017121157
v 0.026820811 -0.035372946 -0.01702011
v 0.026821556 -0.035165455 -0.016823927
v 0.026825778 -0.034892038 -0.016726784
v 0.026841775 -0.034939218 -0.01671442
v 0.02684663 -0.035210665 -0.016829342
v 0.026848249 -0.035336528 -0.016938297
v 0.026860747 -0.035404719 -0.017042203
v 0.026862213 -0.034990679 -0.016703766
v 0.026888296 -0.035039656 -0.016698878
v 0.026905565 -0.03528776 -0.016851451
v 0.026910761 -0.034620438 -0.016538018
v 0.026919119 -0.035085421 -0.016699351
v 0.026957184 -0.034713231 -0.016502019
v 0.026965756 -0.035347838 -0.016893649
v 0.026990093 -0.035163227 -0.016713934
v 0.027026851 -0.034802187 -0.016485155
v 0.02702778 -0.034040313 -0.016218368
v 0.02707175 -0.034883399 -0.016507002
v 0.027078401 -0.032800194 -0.015748901
v 0.027087454 -0.034113336 -0.016163869
v 0.027089676 -0.033320643 -0.015911786
v 0.027097292 -0.031641509 -0.015294397
v 0.027145289 -0.031731371 -0.015303219
v 0.027162826 -0.03281856 -0.015657084
v 0.027167603 -0.035007935 -0.01657676
v 0.027172688 -0.034181256 -0.016130183
v 0.027194092 -0.034115735 -0.016092874
v 0.02721145 -0.031727336 -0.015284517
v 0.027262323 -0.032825064 -0.015605507
v 0.027319657 -0.032824684 -0.015591282
v 0.027321843 -0.031712655 -0.015282239
v 0.027383959 -0.032821022 -0.015587484
v 0.027419494 -0.03281736 -0.015591534
v 0.027420493 -0.031873427 -0.015350434
v 0.027469244 -0.011731226 -0.017520852
v 0.027497837 -0.033168238 -0.015707366
v 0.027501347 -0.032806627 -0.015609256
v 0.027540924 -0.011551426 -0.017515082
v 0.027605163 -0.011462149 -0.01746466
v 0.027678119 -0.011402061 -0.017381512
v 0.027742937 -0.01138338 -0.017285518
v 0.02819534 -0.011432041 -0.016803022
v 0.028255194 -0.011456097 -0.01669262
v 0.028291795 -0.011515585 -0.016597958
v 0.028295035 -0.011719537 -0.016469114
v 0.028306434 -0.011613038 -0.016515439
v 0.031538159 -0.012604329 -0.019610282
v 0.031780336 -0.013097635 -0.020165732
v 0.03650073 -0.014004218 -0.023198768
v 0.036537495 -0.0138094 -0.023180552
v 0.036588009 -0.013711374 -0.023122769
v 0.036679827 -0.013653387 -0.02306396
v 0.036791921 -0.013633204 -0.022981875
v 0.037005644 -0.013630258 -0.022555772
v 0.037069369 -0.013651473 -0.022458663
v 0.037123732 -0.013713945 -0.022367764
v 0.037159421 -0.013812402 -0.022297354
v 0.03717009 -0.013920741 -0.022261649
v 0.037702359 -0.014138403 -0.023994556
v 0.039876409 -0.013878804 -0.024562014
v 0.042287439 -0.013891767 -0.026695773
v 0.042900559 -0.014238107 -0.027532443
v 0.045353394 -0.013683665 -0.029101318
v 0.045405835 -0.013784396 -0.029252797
v 0.04540595 -0.013978671 -0.029293122
v 0.045439206 -0.013685735 -0.029185291
v 0.045566298 -0.013604823 -0.028827734
v 0.045643803 -0.013624941 -0.028733598
v 0.045710385 -0.013680397 -0.028659994
v 0.045769203 -0.013774101 -0.028603485
v 0.045803547 -0.01387893 -0.028580023
v 0.046205368 -0.013703808 -0.028950809
v 0.046422329 -0.013665959 -0.02912489
v 0.046449393 -0.013661101 -0.029146671
v 0.046476446 -0.013656216 -0.029168455
v 0.046530519 -0.013646359 -0.029212035
v 0.046638515 -0.013626304 -0.02929925
v 0.047394603 -0.013259623 -0.030310089
v 0.04742365 -0.013253178 -0.030331181
v 0.047495265 -0.013449538 -0.029999439
v 0.047520787 -0.013231093 -0.030407559
v 0.047731344 -0.013531712 -0.030966025
v 0.049167112 -0.013008059 -0.031412657
v 0.049823359 -0.01260297 -0.032242037
v 0.050595894 -0.012347611 -0.032877453
v 0.050828278 -0.042493507 -0.031025257
v 0.051221512 -0.012128035 -0.033410236
v 0.052143898 -0.012042726 -0.034273308
v 0.052287128 -0.011754029 -0.034317732
v 0.052356146 -0.011729806 -0.034376506
v 0.05325551 -0.011414152 -0.035142418
v 0.053368226 -0.011416647 -0.035233937
v 0.053411599 -0.01143425 -0.035263631
v 0.054962438 -0.034278449 -0.033222727
v 0.060670573 -0.01687181 -0.039405275
v 0.061107084 -0.01721883 -0.039647669
v 0.061672177 -0.01768936 -0.039954405
v 0.063599579 -0.019340755 -0.040985495
v 0.066464975 -0.022151019 -0.042549796
v 0.066509053 -0.022085136 -0.042578965
v 0.066603951 -0.021976613 -0.042584822
v 0.068125278 -0.023323271 -0.043395549
v 0.072825819 -0.027501237 -0.045904256
v 0.072844021 -0.027938163 -0.046018146
v 0.072887979 -0.027872214 -0.046047058
v 0.072970599 -0.027776096 -0.046055116
v 0.073052339 -0.027702898 -0.046025306
v 0.078174174 -0.032263599 -0.048766818
v 0.080827415 -0.034624103 -0.050190657
v 0.083675258 -0.072633557 -0.050068505
v 0.083684288 -0.072512314 -0.050190981
v 0.08370965 -0.072690576 -0.049943972
v 0.083786316 -0.072683431 -0.049819317
v 0.083902061 -0.07261496 -0.049696859
v 0.084108934 -0.07147561 -0.050636414
v 0.084599748 -0.071909703 -0.049291816
v 0.085251682 -0.071034089 -0.049160063
v 0.085642248 -0.039447062 -0.053000811
v 0.085685827 -0.039380852 -0.053029139
v 0.085767783 -0.039284494 -0.053036481
v 0.085857555 -0.039205279 -0.053001598
v 0.085935123 -0.039156444 -0.052939206
v 0.086657926 -0.0666743 -0.051690761
v 0.088071093 -0.041243959 -0.053851165
v 0.088094115 -0.04106532 -0.054104224
v 0.08810433 -0.041159607 -0.053928662
v 0.088109843 -0.041101627 -0.054014485
v 0.088417158 -0.041350495 -0.054278716
v 0.088742405 -0.041637506 -0.054454446
v 0.090458959 -0.059121195 -0.053711172
v 0.093751043 -0.051507261 -0.056682408
v 0.11146999 -0.061929688 -0.067236386
v 0.11151216 -0.061862379 -0.067263328
v 0.11159197 -0.061764698 -0.067268915
v 0.11167991 -0.061684635 -0.067232899
v 0.11176712 -0.061630405 -0.067158699
v 0.1132838 -0.06283626 -0.067861207
v 0.11329196 -0.062843151 -0.067865685
v 0.11331809 -0.063052028 -0.06749624
v 0.11333338 -0.062854625 -0.067772426
v 0.11335205 -0.062962569 -0.06757208
v 0.11335737 -0.062900469 -0.067658022
v 0.12248757 -0.090855092 -0.072356269
v 0.12595548 -0.083963938 -0.074199617
v 0.13759448 -0.083889432 -0.081778072
v 0.1376365 -0.083822101 -0.081804529
v 0.13771592 -0.083724484 -0.081809551
v 0.13780345 -0.083644584 -0.081773236
v 0.13789031 -0.083590522 -0.081699029
v 0.13796178 -0.083571486 -0.081599444
v 0.1387367 -0.084173195 -0.081891082
v 0.13875981 -0.08439108 -0.081517361
v 0.13877904 -0.084185414 -0.081795819
v 0.13879633 -0.084298357 -0.081592485
v 0.13880293 -0.084233537 -0.081679277
v 0.150599 -0.094930328 -0.089007333
v 0.15064156 -0.094863586 -0.089033641
v 0.15072161 -0.09476696 -0.08903861
v 0.15080944 -0.094687901 -0.089002416
v 0.15089633 -0.094634406 -0.088928476
v 0.15096764 -0.094615519 -0.08882919
v 0.15585576 -0.11992341 -0.091717578
v 0.1558647 -0.11985077 -0.091784857
v 0.15586966 -0.11998475 -0.091623627
v 0.15588567 -0.11999772 -0.091581129
v 0.15590285 -0.11971266 -0.091876119
v 0.15591289 -0.12000138 -0.091529816
v 0.15600747 -0.11996067 -0.09141238
v 0.15631492 -0.11969048 -0.091187626
v 0.15670408 -0.11805253 -0.092379428
v 0.15715741 -0.11863162 -0.090934627
v 0.15741606 -0.11674994 -0.092630073
v 0.15795872 -0.11733067 -0.091028631
v 0.15906951 -0.11522688 -0.091501199
v 0.16015123 -0.11295843 -0.092211649
v 0.16056916 -0.11205638 -0.092515357
v 0.16139638 -0.10892372 -0.094651073
v 0.16290995 -0.10557539 -0.095843695
v 0.16297859 -0.10544939 -0.095868334
v 0.16301516 -0.10539919 -0.095862158
v 0.16306812 -0.10533965 -0.095838271
v 0.16316244 -0.10526548 -0.095759392
v 0.16324516 -0.10523933 -0.095645919
v 0.16333863 -0.10523933 -0.095484018
v 0.1633831 -0.10549216 -0.095118985
v 0.16340114 -0.10527398 -0.095336258
v 0.16341428 -0.10531121 -0.095271081
v 0.16341631 -0.10535858 -0.095213622
s 1
f 1307// 1285// 1370//
f 1370// 1285// 1342//
f 1298// 1353// 1280//
f 1280// 1353// 1339//
f 1280// 1339// 1273//
f 1273// 1339// 1336//
f 1273// 1336// 1285//
f 1285// 1336// 1342//
f 2046// 2043// 2039//
f 2039// 2043// 2042//
f 2039// 2042// 2044//
f 2038// 2051// 2039//
f 2039// 2051// 2048//
f 2039// 2048// 2046//
f 2057// 2059// 2068//
f 2068// 2059// 2076//
f 2057// 2056// 2059//
f 2059// 2056// 2055//
f 2059// 2055// 2052//
f 2076// 2059// 2082//
f 2082// 2059// 2079//
f 2082// 2079// 2093//
f 2079// 2053// 2060//
f 2099// 2093// 2092//
f 2092// 2093// 2079//
f 2092// 2079// 2091//
f 2091// 2079// 2060//
f 2091// 2060// 2086//
f 2086// 2060// 2074//
f 2086// 2074// 2084//
f 2053// 2079// 2045//
f 2045// 2079// 2059//
f 2045// 2059// 2038//
f 2038// 2059// 2052//
f 2038// 2052// 2051//
f 1978// 1973// 1963//
f 1963// 1973// 1954//
f 1963// 1954// 1936//
f 1936// 1954// 1927//
f 1936// 1927// 1928//
f 1938// 1937// 1965//
f 1965// 1937// 1966//
f 1965// 1966// 1967//
f 1967// 1966// 1976//
f 1976// 1966// 1974//
f 1976// 1974// 1979//
f 1979// 1974// 1980//
f 1980// 1974// 1973//
f 1980// 1973// 1978//
f 1721// 1757// 1756//
f 1721// 1756// 1716//
f 1748// 1702// 1750//
f 1750// 1702// 1706//
f 1756// 1755// 1716//
f 1716// 1755// 1754//
f 1716// 1754// 1706//
f 1706// 1754// 1753//
f 1706// 1753// 1750//
f 1704// 1706// 1702//
f 1707// 1708// 1705//
f 1724// 1723// 1720//
f 1720// 1723// 1717//
f 1717// 1723// 1715//
f 1717// 1715// 1710//
f 1705// 1708// 1704//
f 1704// 1708// 1716//
f 1704// 1716// 1706//
f 1710// 1715// 1707//
f 1707// 1715// 1714//
f 1707// 1714// 1708//
f 1708// 1714// 1721//
f 1708// 1721// 1716//
f 1728// 1729// 1726//
f 1727// 1725// 1731//
f 1714// 1715// 1713//
f 1713// 1715// 1723//
f 1713// 1723// 1722//
f 1722// 1723// 1724//
f 1722// 1724// 1730//
f 1730// 1724// 1732//
f 1727// 1731// 1734//
f 1734// 1731// 1733//
f 1734// 1733// 1735//
f 1725// 1718// 1731//
f 1731// 1718// 1726//
f 1731// 1726// 1733//
f 1733// 1726// 1729//
f 1727// 1721// 1725//
f 1725// 1721// 1714//
f 1725// 1714// 1718//
f 1718// 1714// 1713//
f 1718// 1713// 1726//
f 1726// 1713// 1722//
f 1726// 1722// 1728//
f 1728// 1722// 1730//
f 1734// 1735// 1774//
f 1774// 1770// 1734//
f 1734// 1770// 1768//
f 1734// 1768// 1727//
f 1727// 1768// 1762//
f 1727// 1762// 1721//
f 1721// 1762// 1757//
f 1812// 1941// 1944//
f 1812// 1944// 1814//
f 1814// 1944// 1945//
f 1814// 1945// 1815//
f 1815// 1945// 1942//
f 1815// 1942// 1813//
f 1813// 1942// 1940//
f 1813// 1940// 1811//
f 1493// 1605// 1545//
f 1545// 1605// 1615//
f 1493// 1545// 1471//
f 1471// 1545// 1537//
f 1471// 1537// 1416//
f 1416// 1537// 1479//
f 1416// 1479// 1398//
f 1398// 1479// 1460//
f 1398// 1460// 1396//
f 1396// 1460// 1444//
f 1396// 1444// 1400//
f 1400// 1444// 1461//
f 1400// 1461// 1418//
f 1418// 1461// 1480//
f 1576// 1418// 1601//
f 1601// 1418// 1480//
f 1576// 1601// 1594//
f 1594// 1601// 1607//
f 1594// 1607// 1606//
f 1606// 1607// 1616//
f 1606// 1616// 1609//
f 1609// 1616// 1625//
f 1609// 1625// 1611//
f 1611// 1625// 1628//
f 1611// 1628// 1608//
f 1608// 1628// 1624//
f 1608// 1624// 1605//
f 1605// 1624// 1615//
f 1107// 1142// 1134//
f 1134// 1142// 1165//
f 1134// 1165// 1152//
f 1152// 1165// 1193//
f 1152// 1193// 1174//
f 1174// 1193// 1209//
f 1174// 1209// 1185//
f 1185// 1209// 1217//
f 1185// 1217// 1173//
f 1173// 1217// 1208//
f 1173// 1208// 1151//
f 1151// 1208// 1192//
f 863// 1151// 914//
f 914// 1151// 1192//
f 863// 914// 826//
f 826// 914// 880//
f 826// 880// 800//
f 800// 880// 857//
f 800// 857// 788//
f 788// 857// 820//
f 788// 820// 785//
f 785// 820// 808//
f 785// 808// 784//
f 784// 808// 805//
f 784// 805// 786//
f 786// 805// 815//
f 786// 815// 795//
f 795// 815// 840//
f 1107// 795// 1142//
f 1142// 795// 840//
f 1660// 1644// 1641//
f 1662// 1677// 1653//
f 1719// 1760// 1742//
f 1697// 1712// 1683//
f 1677// 1719// 1653//
f 1653// 1719// 1742//
f 1653// 1742// 1643//
f 1643// 1742// 1711//
f 1643// 1711// 1640//
f 1640// 1711// 1696//
f 1640// 1696// 1638//
f 1638// 1696// 1692//
f 1638// 1692// 1641//
f 1641// 1692// 1697//
f 1641// 1697// 1660//
f 1660// 1697// 1683//
f 1677// 1662// 1669//
f 1651// 1644// 1660//
f 1683// 1712// 1739//
f 1683// 1739// 1660//
f 1677// 1669// 1719//
f 1760// 1719// 1789//
f 1789// 1719// 1669//
f 1789// 1669// 1799//
f 1799// 1669// 1672//
f 1799// 1672// 1797//
f 1797// 1672// 1671//
f 1797// 1671// 1783//
f 1783// 1671// 1668//
f 1783// 1668// 1752//
f 1752// 1668// 1659//
f 1752// 1659// 1739//
f 1739// 1659// 1651//
f 1739// 1651// 1660//
f 1149// 1081// 1161//
f 1161// 1081// 1110//
f 1161// 1110// 1188//
f 1188// 1110// 1132//
f 1188// 1132// 1206//
f 1206// 1132// 1145//
f 1206// 1145// 1218//
f 1218// 1145// 1158//
f 1218// 1158// 1223//
f 1223// 1158// 1163//
f 1223// 1163// 1216//
f 1216// 1163// 1156//
f 1162// 1222// 1171//
f 1171// 1222// 1229//
f 1171// 1229// 1186//
f 1186// 1229// 1240//
f 1186// 1240// 1191//
f 1191// 1240// 1276//
f 1191// 1276// 1200//
f 1200// 1276// 1295//
f 1200// 1295// 1202//
f 1202// 1295// 1299//
f 1202// 1299// 1194//
f 1194// 1299// 1286//
f 1194// 1286// 1189//
f 1189// 1286// 1248//
f 1189// 1248// 1176//
f 1176// 1248// 1232//
f 1176// 1232// 1160//
f 1160// 1232// 1221//
f 1160// 1221// 1153//
f 1153// 1221// 1213//
f 1153// 1213// 1148//
f 1148// 1213// 1210//
f 1148// 1210// 1154//
f 1154// 1210// 1214//
f 1154// 1214// 1162//
f 1162// 1214// 1222//
f 1029// 1136// 1017//
f 1017// 1136// 1127//
f 1017// 1127// 992//
f 992// 1127// 1116//
f 992// 1116// 970//
f 970// 1116// 1109//
f 970// 1109// 956//
f 956// 1109// 1096//
f 956// 1096// 954//
f 954// 1096// 1092//
f 954// 1092// 964//
f 964// 1092// 1106//
f 964// 1106// 984//
f 984// 1106// 1114//
f 984// 1114// 1013//
f 1013// 1114// 1125//
f 1013// 1125// 1030//
f 1030// 1125// 1137//
f 1030// 1137// 1049//
f 1049// 1137// 1141//
f 1049// 1141// 1055//
f 1055// 1141// 1144//
f 1055// 1144// 1048//
f 1048// 1144// 1140//
f 1048// 1140// 1029//
f 1029// 1140// 1136//
f 1321// 1399// 1264//
f 1264// 1399// 1382//
f 1264// 1382// 1225//
f 1225// 1382// 1326//
f 1225// 1326// 1207//
f 1207// 1326// 1303//
f 1207// 1303// 1198//
f 1198// 1303// 1258//
f 1198// 1258// 1195//
f 1195// 1258// 1251//
f 1195// 1251// 1205//
f 1205// 1251// 1289//
f 1205// 1289// 1219//
f 1219// 1289// 1322//
f 1323// 1325// 1294//
f 1325// 1324// 1301//
f 1324// 1322// 1289//
f 1324// 1289// 1301//
f 1301// 1289// 1251//
f 1301// 1251// 1262//
f 1262// 1251// 1258//
f 1262// 1258// 1268//
f 1268// 1258// 1303//
f 1268// 1303// 1310//
f 1310// 1303// 1326//
f 1310// 1326// 1328//
f 1328// 1326// 1382//
f 1328// 1382// 1390//
f 1390// 1382// 1399//
f 1390// 1399// 1401//
f 1325// 1301// 1294//
f 1294// 1301// 1262//
f 1294// 1262// 1252//
f 1252// 1262// 1268//
f 1252// 1268// 1260//
f 1260// 1268// 1310//
f 1260// 1310// 1309//
f 1309// 1310// 1328//
f 1309// 1328// 1330//
f 1330// 1328// 1390//
f 1330// 1390// 1392//
f 1392// 1390// 1401//
f 1392// 1401// 1402//
f 1323// 1294// 1278//
f 1278// 1294// 1252//
f 1278// 1252// 1236//
f 1236// 1252// 1260//
f 1236// 1260// 1241//
f 1241// 1260// 1309//
f 1241// 1309// 1302//
f 1302// 1309// 1330//
f 1302// 1330// 1327//
f 1327// 1330// 1392//
f 1327// 1392// 1394//
f 1394// 1392// 1402//
f 1394// 1402// 1408//
f 1348// 1322// 1351//
f 1351// 1322// 1324//
f 1351// 1324// 1357//
f 1357// 1324// 1362//
f 1362// 1324// 1325//
f 1362// 1325// 1360//
f 1360// 1325// 1355//
f 1355// 1325// 1323//
f 1355// 1323// 1352//
f 1329// 1219// 1333//
f 1333// 1219// 1322//
f 1333// 1322// 1348//
f 1553// 1546// 1349//
f 1349// 1546// 1219//
f 1349// 1219// 1332//
f 1332// 1219// 1329//
f 1546// 1553// 1552//
f 1552// 1553// 1562//
f 1552// 1562// 1561//
f 1561// 1562// 1571//
f 1561// 1571// 1568//
f 1568// 1571// 1582//
f 1568// 1582// 1569//
f 1569// 1582// 1586//
f 1569// 1586// 1567//
f 1567// 1586// 1581//
f 1567// 1581// 1560//
f 1560// 1581// 1570//
f 1560// 1570// 1321//
f 1321// 1570// 1425//
f 1321// 1425// 1410//
f 1410// 1405// 1321//
f 1321// 1405// 1404//
f 1321// 1404// 1399//
f 1399// 1404// 1409//
f 1399// 1409// 1424//
f 1457// 1408// 1455//
f 1455// 1408// 1402//
f 1455// 1402// 1448//
f 1448// 1402// 1437//
f 1437// 1402// 1401//
f 1437// 1401// 1432//
f 1432// 1401// 1428//
f 1428// 1401// 1399//
f 1428// 1399// 1424//
f 801// 799// 798//
f 803// 806// 816//
f 816// 814// 803//
f 803// 814// 813//
f 803// 813// 802//
f 787// 792// 789//
f 789// 792// 794//
f 789// 794// 790//
f 790// 794// 797//
f 790// 797// 791//
f 791// 797// 798//
f 791// 798// 793//
f 793// 798// 799//
f 807// 801// 804//
f 804// 801// 798//
f 804// 798// 802//
f 802// 798// 797//
f 802// 797// 803//
f 803// 797// 794//
f 803// 794// 806//
f 806// 794// 792//
f 813// 811// 802//
f 802// 811// 809//
f 802// 809// 804//
f 804// 809// 810//
f 804// 810// 807//
f 807// 810// 812//
f 601// 503// 512//
f 475// 456// 459//
f 446// 440// 442//
f 437// 438// 439//
f 460// 449// 455//
f 455// 449// 445//
f 455// 445// 454//
f 454// 445// 443//
f 454// 443// 453//
f 453// 443// 439//
f 487// 460// 481//
f 481// 460// 455//
f 481// 455// 478//
f 478// 455// 454//
f 478// 454// 477//
f 477// 454// 453//
f 477// 453// 476//
f 476// 453// 452//
f 439// 438// 453//
f 453// 438// 447//
f 453// 447// 452//
f 449// 451// 445//
f 445// 451// 448//
f 445// 448// 443//
f 443// 448// 444//
f 443// 444// 439//
f 439// 444// 442//
f 439// 442// 437//
f 437// 442// 440//
f 451// 468// 448//
f 448// 468// 464//
f 448// 464// 444//
f 444// 464// 463//
f 444// 463// 442//
f 442// 463// 459//
f 442// 459// 446//
f 446// 459// 456//
f 503// 475// 512//
f 512// 475// 459//
f 512// 459// 520//
f 520// 459// 463//
f 520// 463// 527//
f 527// 463// 464//
f 527// 464// 530//
f 530// 464// 468//
f 609// 601// 610//
f 610// 601// 512//
f 610// 512// 611//
f 611// 512// 520//
f 611// 520// 612//
f 612// 520// 527//
f 612// 527// 613//
f 613// 527// 530//
f 613// 660// 612//
f 612// 660// 663//
f 612// 663// 611//
f 611// 663// 664//
f 611// 664// 610//
f 610// 664// 662//
f 610// 662// 609//
f 609// 662// 659//
f 476// 452// 462//
f 462// 452// 436//
f 435// 429// 440//
f 452// 447// 436//
f 436// 447// 438//
f 436// 438// 425//
f 425// 438// 437//
f 425// 437// 426//
f 426// 437// 440//
f 426// 440// 427//
f 427// 440// 429//
f 440// 446// 435//
f 435// 446// 456//
f 435// 456// 461//
f 456// 475// 461//
f 461// 475// 503//
f 461// 503// 545//
f 659// 642// 609//
f 609// 642// 545//
f 609// 545// 601//
f 601// 545// 503//
f 1119// 1167// 1035//
f 1119// 1035// 936//
f 936// 1035// 915//
f 936// 915// 845//
f 1166// 1220// 1119//
f 1119// 1220// 1167//
f 1220// 1238// 1224//
f 1224// 1238// 1245//
f 1245// 1249// 1224//
f 1224// 1249// 1267//
f 1224// 1267// 1226//
f 1226// 1267// 1228//
f 1267// 1282// 1228//
f 1228// 1282// 1287//
f 1228// 1287// 1231//
f 1231// 1287// 1293//
f 1231// 1293// 1297//
f 1167// 1220// 1169//
f 1169// 1220// 1224//
f 1169// 1224// 1170//
f 1170// 1224// 1226//
f 1228// 1178// 1226//
f 1226// 1178// 1175//
f 1226// 1175// 1170//
f 1231// 1180// 1228//
f 1228// 1180// 1179//
f 1228// 1179// 1178//
f 1180// 1067// 1179//
f 1179// 1067// 1059//
f 1179// 1059// 1178//
f 1178// 1059// 1175//
f 1175// 1059// 1043//
f 1175// 1043// 1170//
f 1170// 1043// 1169//
f 1169// 1043// 1035//
f 1169// 1035// 1167//
f 1067// 937// 1059//
f 1059// 937// 924//
f 1059// 924// 1043//
f 1043// 924// 918//
f 1043// 918// 1035//
f 1035// 918// 915//
f 866// 915// 872//
f 872// 915// 918//
f 872// 918// 874//
f 874// 918// 924//
f 937// 881// 924//
f 924// 881// 877//
f 924// 877// 874//
f 845// 915// 796//
f 796// 915// 866//
f 476// 462// 787//
f 787// 462// 796//
f 787// 796// 792//
f 792// 796// 806//
f 806// 796// 816//
f 816// 796// 866//
f 816// 866// 828//
f 858// 855// 881//
f 881// 855// 877//
f 855// 852// 877//
f 877// 852// 842//
f 877// 842// 874//
f 874// 842// 836//
f 874// 836// 872//
f 828// 866// 831//
f 831// 866// 872//
f 831// 872// 834//
f 834// 872// 836//
f 893// 853// 905//
f 905// 853// 854//
f 905// 854// 858//
f 886// 878// 821//
f 821// 827// 886//
f 886// 827// 829//
f 886// 829// 887//
f 887// 829// 843//
f 887// 843// 893//
f 893// 843// 847//
f 893// 847// 853//
f 855// 839// 837//
f 846// 839// 855//
f 822// 825// 823//
f 829// 827// 824//
f 824// 827// 821//
f 847// 843// 835//
f 835// 843// 829//
f 835// 829// 832//
f 855// 854// 853//
f 821// 819// 824//
f 824// 819// 817//
f 824// 817// 823//
f 823// 817// 818//
f 823// 818// 822//
f 833// 836// 842//
f 839// 830// 837//
f 837// 830// 833//
f 837// 833// 841//
f 841// 833// 842//
f 851// 846// 855//
f 855// 853// 851//
f 851// 853// 847//
f 851// 847// 846//
f 846// 847// 835//
f 846// 835// 839//
f 839// 835// 832//
f 839// 832// 830//
f 858// 854// 855//
f 822// 828// 825//
f 825// 828// 831//
f 825// 831// 834//
f 829// 824// 832//
f 832// 824// 823//
f 832// 823// 830//
f 830// 823// 825//
f 830// 825// 833//
f 833// 825// 834//
f 833// 834// 836//
f 841// 855// 837//
f 842// 852// 841//
f 841// 852// 855//
f 816// 828// 814//
f 814// 828// 822//
f 821// 812// 819//
f 819// 812// 810//
f 819// 810// 817//
f 817// 810// 809//
f 817// 809// 818//
f 818// 809// 811//
f 818// 811// 822//
f 822// 811// 813//
f 822// 813// 814//
f 869// 812// 878//
f 878// 812// 821//
f 812// 869// 867//
f 812// 867// 807//
f 807// 867// 862//
f 807// 862// 801//
f 801// 862// 856//
f 801// 856// 799//
f 799// 856// 844//
f 799// 844// 793//
f 860// 871// 865//
f 865// 871// 882//
f 865// 882// 929//
f 929// 882// 891//
f 929// 891// 903//
f 717// 747// 865//
f 865// 747// 838//
f 865// 838// 860//
f 763// 779// 746//
f 746// 779// 769//
f 746// 769// 727//
f 727// 769// 755//
f 727// 755// 711//
f 711// 755// 742//
f 711// 742// 706//
f 706// 742// 725//
f 706// 725// 703//
f 703// 725// 721//
f 703// 721// 709//
f 709// 721// 735//
f 709// 735// 717//
f 717// 735// 747//
f 938// 935// 931//
f 940// 942// 955//
f 955// 951// 940//
f 940// 951// 950//
f 940// 950// 939//
f 913// 921// 916//
f 916// 921// 923//
f 916// 923// 917//
f 917// 923// 928//
f 917// 928// 920//
f 920// 928// 931//
f 920// 931// 922//
f 922// 931// 935//
f 943// 938// 941//
f 941// 938// 931//
f 941// 931// 939//
f 939// 931// 928//
f 939// 928// 940//
f 940// 928// 923//
f 940// 923// 942//
f 942// 923// 921//
f 950// 947// 939//
f 939// 947// 945//
f 939// 945// 941//
f 941// 945// 946//
f 941// 946// 943//
f 943// 946// 949//
f 922// 783// 782//
f 922// 782// 920//
f 920// 782// 781//
f 920// 781// 917//
f 917// 781// 780//
f 917// 780// 916//
f 916// 780// 779//
f 916// 779// 913//
f 748// 751// 736//
f 751// 752// 740//
f 752// 750// 739//
f 750// 747// 735//
f 750// 735// 739//
f 739// 735// 721//
f 739// 721// 726//
f 726// 721// 725//
f 726// 725// 729//
f 729// 725// 742//
f 729// 742// 744//
f 744// 742// 755//
f 744// 755// 759//
f 759// 755// 769//
f 759// 769// 771//
f 771// 769// 779//
f 771// 779// 780//
f 752// 739// 740//
f 740// 739// 726//
f 740// 726// 724//
f 724// 726// 729//
f 724// 729// 728//
f 728// 729// 744//
f 728// 744// 745//
f 745// 744// 759//
f 745// 759// 761//
f 761// 759// 771//
f 761// 771// 773//
f 773// 771// 780//
f 773// 780// 781//
f 751// 740// 736//
f 736// 740// 724//
f 736// 724// 719//
f 719// 724// 728//
f 719// 728// 723//
f 723// 728// 745//
f 723// 745// 743//
f 743// 745// 761//
f 743// 761// 762//
f 762// 761// 773//
f 762// 773// 777//
f 777// 773// 781//
f 777// 781// 782//
f 748// 736// 731//
f 731// 736// 719//
f 731// 719// 716//
f 716// 719// 723//
f 716// 723// 718//
f 718// 723// 743//
f 718// 743// 741//
f 741// 743// 762//
f 741// 762// 760//
f 760// 762// 777//
f 760// 777// 778//
f 778// 777// 782//
f 778// 782// 783//
f 838// 747// 750//
f 838// 750// 848//
f 848// 750// 752//
f 848// 752// 850//
f 850// 752// 751//
f 850// 751// 849//
f 849// 751// 748//
f 849// 748// 844//
f 869// 875// 870//
f 876// 882// 871//
f 876// 871// 868//
f 868// 871// 860//
f 868// 860// 861//
f 891// 882// 884//
f 884// 882// 876//
f 884// 876// 879//
f 879// 876// 875//
f 860// 838// 861//
f 861// 838// 848//
f 861// 848// 850//
f 875// 876// 870//
f 870// 876// 868//
f 870// 868// 864//
f 864// 868// 861//
f 864// 861// 859//
f 859// 861// 850//
f 859// 850// 849//
f 869// 870// 867//
f 867// 870// 864//
f 867// 864// 862//
f 862// 864// 859//
f 862// 859// 856//
f 856// 859// 849//
f 856// 849// 844//
f 903// 891// 900//
f 900// 891// 884//
f 900// 884// 895//
f 895// 884// 894//
f 894// 884// 879//
f 894// 879// 888//
f 888// 879// 875//
f 888// 875// 883//
f 883// 875// 869//
f 883// 869// 878//
f 893// 896// 889//
f 900// 906// 903//
f 890// 888// 883//
f 906// 898// 899//
f 899// 898// 894//
f 901// 906// 899//
f 906// 900// 898//
f 898// 900// 895//
f 898// 895// 894//
f 883// 878// 885//
f 885// 878// 886//
f 885// 886// 889//
f 889// 886// 887//
f 889// 887// 893//
f 902// 910// 911//
f 911// 904// 902//
f 902// 904// 901//
f 902// 901// 892//
f 892// 901// 899//
f 892// 899// 890//
f 890// 899// 894//
f 890// 894// 888//
f 893// 905// 896//
f 896// 905// 907//
f 896// 907// 909//
f 883// 885// 890//
f 890// 885// 889//
f 890// 889// 892//
f 892// 889// 896//
f 892// 896// 902//
f 902// 896// 909//
f 902// 909// 910//
f 904// 906// 901//
f 911// 908// 904//
f 904// 908// 906//
f 905// 930// 907//
f 907// 930// 933//
f 911// 910// 933//
f 933// 910// 909//
f 933// 909// 907//
f 933// 934// 911//
f 911// 934// 932//
f 911// 932// 908//
f 929// 903// 932//
f 932// 903// 906//
f 932// 906// 908//
f 1051// 1044// 1104//
f 1044// 1036// 1087//
f 1036// 1028// 1071//
f 1028// 1023// 1063//
f 1028// 1063// 1071//
f 1071// 1063// 1083//
f 1071// 1083// 1094//
f 1094// 1083// 1066//
f 1094// 1066// 1072//
f 1072// 1066// 1025//
f 1072// 1025// 1031//
f 1031// 1025// 967//
f 1031// 967// 973//
f 973// 967// 929//
f 973// 929// 932//
f 1036// 1071// 1087//
f 1087// 1071// 1094//
f 1087// 1094// 1108//
f 1108// 1094// 1072//
f 1108// 1072// 1089//
f 1089// 1072// 1031//
f 1089// 1031// 1037//
f 1037// 1031// 973//
f 1037// 973// 981//
f 981// 973// 932//
f 981// 932// 934//
f 1044// 1087// 1104//
f 1104// 1087// 1108//
f 1104// 1108// 1115//
f 1115// 1108// 1089//
f 1115// 1089// 1105//
f 1105// 1089// 1037//
f 1105// 1037// 1046//
f 1046// 1037// 981//
f 1046// 981// 987//
f 987// 981// 934//
f 987// 934// 933//
f 1051// 1104// 1111//
f 1111// 1104// 1115//
f 1111// 1115// 1117//
f 1117// 1115// 1105//
f 1117// 1105// 1112//
f 1112// 1105// 1046//
f 1112// 1046// 1053//
f 1053// 1046// 987//
f 1053// 987// 988//
f 988// 987// 933//
f 988// 933// 930//
f 865// 929// 897//
f 897// 929// 967//
f 897// 967// 927//
f 927// 967// 1025//
f 927// 1025// 953//
f 953// 1025// 1066//
f 953// 1066// 965//
f 965// 1066// 1083//
f 965// 1083// 952//
f 952// 1083// 1063//
f 952// 1063// 926//
f 926// 1063// 1023//
f 779// 763// 913//
f 913// 763// 926//
f 913// 926// 921//
f 921// 926// 942//
f 942// 926// 955//
f 955// 926// 1023//
f 955// 1023// 974//
f 974// 1023// 976//
f 976// 1023// 1028//
f 976// 1028// 983//
f 983// 1028// 989//
f 989// 1028// 1036//
f 989// 1036// 996//
f 996// 1036// 1044//
f 996// 1044// 1006//
f 1006// 1044// 1008//
f 1008// 1044// 1051//
f 1008// 1051// 1012//
f 1149// 1222// 1214//
f 1139// 1135// 881//
f 881// 1135// 1138//
f 1067// 1114// 1106//
f 1067// 1106// 937//
f 1214// 1117// 1112//
f 1144// 1141// 1180//
f 1180// 1141// 1137//
f 1180// 1137// 1067//
f 1067// 1137// 1125//
f 1067// 1125// 1114//
f 1106// 1092// 937//
f 937// 1092// 1096//
f 937// 1096// 1109//
f 1111// 1213// 1221//
f 1138// 1149// 881//
f 881// 1149// 1214//
f 881// 1214// 1053//
f 1053// 1214// 1112//
f 905// 858// 930//
f 930// 858// 881//
f 930// 881// 988//
f 988// 881// 1053//
f 1297// 1352// 1231//
f 1231// 1352// 1323//
f 1231// 1323// 1180//
f 1180// 1323// 1278//
f 1117// 1214// 1111//
f 1111// 1214// 1210//
f 1111// 1210// 1213//
f 1095// 1012// 1126//
f 1126// 1012// 1051//
f 1126// 1051// 1184//
f 1184// 1051// 1111//
f 1184// 1111// 1317//
f 1317// 1111// 1221//
f 1317// 1221// 1232//
f 1144// 1180// 1183//
f 1183// 1180// 1278//
f 1183// 1278// 1204//
f 1204// 1278// 1236//
f 1204// 1236// 1216//
f 1216// 1236// 1241//
f 1216// 1241// 1223//
f 1223// 1241// 1302//
f 1223// 1302// 1327//
f 1457// 1502// 1408//
f 1408// 1502// 1473//
f 1408// 1473// 1394//
f 1394// 1473// 1403//
f 881// 937// 1139//
f 1139// 937// 1109//
f 1139// 1109// 1150//
f 1150// 1109// 1116//
f 1149// 1161// 1222//
f 1222// 1161// 1188//
f 1222// 1188// 1229//
f 1229// 1188// 1206//
f 1403// 1295// 1276//
f 1116// 1127// 1150//
f 1150// 1127// 1136//
f 1150// 1136// 1183//
f 1183// 1136// 1140//
f 1183// 1140// 1144//
f 1232// 1248// 1317//
f 1317// 1248// 1286//
f 1317// 1286// 1403//
f 1403// 1286// 1299//
f 1403// 1299// 1295//
f 1327// 1394// 1223//
f 1223// 1394// 1403//
f 1223// 1403// 1218//
f 1218// 1403// 1276//
f 1218// 1276// 1206//
f 1206// 1276// 1240//
f 1206// 1240// 1229//
f 1091// 1097// 1123//
f 1123// 1097// 1128//
f 1097// 1100// 1128//
f 1128// 1100// 1103//
f 1128// 1103// 1130//
f 1130// 1103// 1102//
f 1130// 1102// 1129//
f 1095// 1126// 1098//
f 1098// 1126// 1129//
f 1098// 1129// 1101//
f 1101// 1129// 1102//
f 1032// 1038// 1033//
f 1047// 1056// 1040//
f 1056// 1070// 1052//
f 1047// 1040// 1038//
f 1056// 1052// 1040//
f 1040// 1052// 1034//
f 1040// 1034// 1026//
f 1026// 1034// 1016//
f 1026// 1016// 1019//
f 1016// 993// 1019//
f 1019// 993// 1001//
f 1019// 1001// 1004//
f 1038// 1040// 1033//
f 1033// 1040// 1026//
f 1033// 1026// 1021//
f 1021// 1026// 1019//
f 1021// 1019// 1014//
f 1014// 1019// 1004//
f 1014// 1004// 1003//
f 1032// 1033// 1024//
f 1024// 1033// 1021//
f 1024// 1021// 1020//
f 1020// 1021// 1014//
f 1020// 1014// 1011//
f 1011// 1014// 1003//
f 1011// 1003// 997//
f 1032// 1045// 1054//
f 1032// 1054// 1038//
f 1038// 1054// 1064//
f 1038// 1064// 1047//
f 1047// 1064// 1076//
f 1047// 1076// 1056//
f 1091// 1070// 1085//
f 1085// 1070// 1056//
f 1085// 1056// 1077//
f 1077// 1056// 1076//
f 1085// 1097// 1091//
f 1069// 1064// 1054//
f 1097// 1080// 1082//
f 1082// 1080// 1076//
f 1086// 1097// 1082//
f 1097// 1085// 1080//
f 1080// 1085// 1077//
f 1080// 1077// 1076//
f 1065// 1068// 1078//
f 1078// 1068// 1075//
f 1078// 1075// 1079//
f 1054// 1045// 1058//
f 1058// 1045// 1057//
f 1058// 1057// 1065//
f 1065// 1057// 1060//
f 1065// 1060// 1068//
f 1088// 1102// 1103//
f 1103// 1093// 1088//
f 1088// 1093// 1086//
f 1088// 1086// 1073//
f 1073// 1086// 1082//
f 1073// 1082// 1069//
f 1069// 1082// 1076//
f 1069// 1076// 1064//
f 1101// 1078// 1098//
f 1098// 1078// 1079//
f 1098// 1079// 1095//
f 1054// 1058// 1069//
f 1069// 1058// 1065//
f 1069// 1065// 1073//
f 1073// 1065// 1078//
f 1073// 1078// 1088//
f 1088// 1078// 1101//
f 1088// 1101// 1102//
f 1093// 1097// 1086//
f 1103// 1100// 1093//
f 1093// 1100// 1097//
f 1009// 1012// 1095//
f 1009// 1095// 1007//
f 1007// 1095// 1079//
f 1007// 1079// 1002//
f 1002// 1079// 1000//
f 1000// 1079// 1075//
f 1000// 1075// 985//
f 985// 1075// 1068//
f 985// 1068// 982//
f 982// 1068// 1060//
f 982// 1060// 971//
f 1060// 1057// 971//
f 971// 1057// 1045//
f 971// 1045// 961//
f 1008// 994// 991//
f 998// 994// 1008//
f 962// 968// 963//
f 1007// 1005// 1008//
f 982// 986// 985//
f 982// 971// 966//
f 966// 971// 961//
f 986// 982// 977//
f 1002// 1000// 998//
f 1007// 1002// 1005//
f 1005// 1002// 998//
f 1005// 998// 1008//
f 1009// 1007// 1008//
f 1012// 1009// 1008//
f 961// 959// 966//
f 966// 959// 957//
f 966// 957// 963//
f 963// 957// 958//
f 963// 958// 962//
f 979// 989// 996//
f 996// 995// 979//
f 979// 995// 991//
f 979// 991// 975//
f 975// 991// 994//
f 975// 994// 977//
f 977// 994// 998//
f 977// 998// 986//
f 986// 998// 1000//
f 986// 1000// 985//
f 962// 974// 968//
f 968// 974// 976//
f 968// 976// 983//
f 982// 966// 977//
f 977// 966// 963//
f 977// 963// 975//
f 975// 963// 968//
f 975// 968// 979//
f 979// 968// 983//
f 979// 983// 989//
f 995// 1008// 991//
f 996// 1006// 995//
f 995// 1006// 1008//
f 961// 949// 959//
f 959// 949// 946//
f 959// 946// 957//
f 957// 946// 945//
f 957// 945// 958//
f 958// 945// 947//
f 958// 947// 962//
f 955// 974// 951//
f 951// 974// 962//
f 951// 962// 950//
f 950// 962// 947//
f 1032// 949// 1045//
f 1045// 949// 961//
f 949// 1032// 1024//
f 949// 1024// 943//
f 943// 1024// 1020//
f 943// 1020// 938//
f 938// 1020// 1011//
f 938// 1011// 935//
f 935// 1011// 997//
f 935// 997// 922//
f 198// 199// 190//
f 190// 199// 200//
f 190// 200// 206//
f 181// 196// 190//
f 190// 196// 197//
f 190// 197// 198//
f 192// 188// 191//
f 191// 188// 189//
f 192// 193// 188//
f 188// 193// 194//
f 188// 194// 195//
f 189// 188// 183//
f 183// 188// 178//
f 183// 178// 179//
f 178// 172// 170//
f 175// 179// 169//
f 169// 179// 178//
f 169// 178// 167//
f 167// 178// 170//
f 167// 170// 161//
f 161// 170// 165//
f 161// 165// 159//
f 172// 178// 174//
f 174// 178// 188//
f 174// 188// 181//
f 181// 188// 195//
f 181// 195// 196//
f 275// 272// 287//
f 287// 272// 290//
f 287// 290// 310//
f 310// 290// 331//
f 310// 331// 333//
f 315// 312// 291//
f 291// 312// 284//
f 291// 284// 288//
f 288// 284// 277//
f 277// 284// 274//
f 277// 274// 276//
f 276// 274// 273//
f 273// 274// 272//
f 273// 272// 275//
f 523// 576// 578//
f 523// 578// 526//
f 599// 533// 598//
f 598// 533// 531//
f 578// 587// 526//
f 526// 587// 592//
f 526// 592// 531//
f 531// 592// 595//
f 531// 595// 598//
f 529// 531// 533//
f 514// 519// 521//
f 486// 488// 491//
f 491// 488// 495//
f 495// 488// 501//
f 495// 501// 507//
f 521// 519// 529//
f 529// 519// 526//
f 529// 526// 531//
f 507// 501// 514//
f 514// 501// 515//
f 514// 515// 519//
f 519// 515// 523//
f 519// 523// 526//
f 483// 489// 497//
f 518// 516// 505//
f 515// 501// 509//
f 509// 501// 488//
f 509// 488// 492//
f 492// 488// 486//
f 492// 486// 482//
f 482// 486// 480//
f 518// 505// 510//
f 510// 505// 498//
f 510// 498// 508//
f 516// 513// 505//
f 505// 513// 497//
f 505// 497// 498//
f 498// 497// 489//
f 518// 523// 516//
f 516// 523// 515//
f 516// 515// 513//
f 513// 515// 509//
f 513// 509// 497//
f 497// 509// 492//
f 497// 492// 483//
f 483// 492// 482//
f 510// 508// 555//
f 555// 557// 510//
f 510// 557// 564//
f 510// 564// 518//
f 518// 564// 570//
f 518// 570// 523//
f 523// 570// 576//
f 550// 379// 376//
f 550// 376// 546//
f 546// 376// 369//
f 546// 369// 541//
f 541// 369// 359//
f 541// 359// 537//
f 537// 359// 352//
f 537// 352// 534//
f 1212// 1242// 1146//
f 1212// 1146// 1122//
f 1122// 1146// 1042//
f 1122// 1042// 980//
f 960// 919// 1042//
f 1042// 919// 980//
f 919// 960// 656//
f 656// 960// 615//
f 656// 615// 596//
f 1547// 1544// 1540//
f 1540// 1544// 1481//
f 1215// 1246// 1413//
f 1215// 1413// 1395//
f 1395// 1413// 1540//
f 1395// 1540// 1481//
f 1246// 1215// 1196//
f 1196// 1215// 1164//
f 1196// 1164// 710//
f 710// 1164// 758//
f 710// 758// 699//
f 538// 528// 517//
f 517// 528// 474//
f 517// 474// 499//
f 499// 474// 472//
f 499// 472// 506//
f 506// 472// 493//
f 506// 493// 539//
f 539// 493// 596//
f 539// 596// 615//
f 538// 563// 528//
f 528// 563// 614//
f 528// 614// 608//
f 614// 632// 608//
f 608// 632// 672//
f 608// 672// 661//
f 661// 672// 710//
f 661// 710// 699//
f 379// 550// 596//
f 596// 550// 646//
f 596// 646// 656//
f 758// 749// 699//
f 699// 749// 702//
f 699// 702// 661//
f 661// 702// 496//
f 661// 496// 608//
f 596// 493// 379//
f 379// 493// 472//
f 379// 472// 322//
f 322// 472// 474//
f 327// 309// 302//
f 608// 496// 528//
f 528// 496// 432//
f 528// 432// 341//
f 341// 327// 528//
f 528// 327// 302//
f 528// 302// 474//
f 474// 302// 303//
f 474// 303// 322//
f 701// 704// 756//
f 704// 707// 757//
f 707// 705// 754//
f 705// 702// 749//
f 705// 749// 754//
f 754// 749// 758//
f 754// 758// 772//
f 758// 770// 772//
f 772// 770// 764//
f 772// 764// 765//
f 765// 764// 730//
f 765// 730// 734//
f 734// 730// 691//
f 734// 691// 693//
f 693// 691// 656//
f 693// 656// 645//
f 656// 646// 645//
f 645// 646// 550//
f 645// 550// 546//
f 707// 754// 757//
f 757// 754// 772//
f 757// 772// 775//
f 775// 772// 765//
f 775// 765// 767//
f 767// 765// 734//
f 767// 734// 738//
f 738// 734// 693//
f 738// 693// 692//
f 692// 693// 645//
f 692// 645// 640//
f 640// 645// 546//
f 640// 546// 541//
f 704// 757// 756//
f 756// 757// 775//
f 756// 775// 776//
f 776// 775// 767//
f 776// 767// 768//
f 768// 767// 738//
f 768// 738// 737//
f 737// 738// 692//
f 737// 692// 690//
f 690// 692// 640//
f 690// 640// 636//
f 636// 640// 541//
f 636// 541// 537//
f 701// 756// 753//
f 753// 756// 776//
f 753// 776// 774//
f 774// 776// 768//
f 774// 768// 766//
f 766// 768// 737//
f 766// 737// 732//
f 732// 737// 690//
f 732// 690// 689//
f 689// 690// 636//
f 689// 636// 633//
f 633// 636// 537//
f 633// 537// 534//
f 701// 494// 500//
f 701// 500// 704//
f 704// 500// 504//
f 704// 504// 707//
f 707// 504// 502//
f 707// 502// 705//
f 705// 502// 496//
f 705// 496// 702//
f 431// 432// 496//
f 341// 432// 340//
f 340// 432// 431//
f 340// 431// 339//
f 339// 431// 430//
f 339// 430// 338//
f 338// 430// 428//
f 496// 502// 431//
f 431// 502// 504//
f 431// 504// 430//
f 430// 504// 500//
f 430// 500// 428//
f 428// 500// 494//
f 300// 303// 302//
f 297// 299// 298//
f 298// 299// 300//
f 294// 295// 293//
f 293// 295// 297//
f 289// 292// 294//
f 300// 302// 298//
f 298// 302// 309//
f 298// 309// 308//
f 308// 309// 327//
f 308// 327// 324//
f 324// 327// 341//
f 324// 341// 340//
f 297// 298// 293//
f 293// 298// 308//
f 293// 308// 306//
f 306// 308// 324//
f 306// 324// 320//
f 320// 324// 340//
f 320// 340// 339//
f 294// 293// 289//
f 289// 293// 306//
f 289// 306// 301//
f 301// 306// 320//
f 301// 320// 317//
f 317// 320// 339//
f 317// 339// 338//
f 318// 322// 303//
f 303// 300// 318//
f 318// 300// 299//
f 318// 299// 316//
f 379// 322// 376//
f 376// 322// 318//
f 376// 318// 369//
f 369// 318// 316//
f 369// 316// 359//
f 359// 316// 313//
f 359// 313// 352//
f 352// 313// 311//
f 299// 297// 316//
f 316// 297// 295//
f 316// 295// 313//
f 313// 295// 294//
f 313// 294// 311//
f 311// 294// 292//
f 319// 351// 380//
f 319// 380// 237//
f 237// 380// 148//
f 237// 148// 147//
f 147// 148// 142//
f 142// 148// 136//
f 142// 136// 135//
f 135// 136// 129//
f 135// 129// 128//
f 128// 129// 122//
f 128// 122// 110//
f 380// 351// 389//
f 389// 351// 365//
f 389// 365// 390//
f 390// 365// 368//
f 390// 368// 397//
f 397// 368// 377//
f 397// 377// 401//
f 405// 408// 410//
f 410// 408// 412//
f 412// 408// 416//
f 416// 408// 407//
f 416// 407// 418//
f 419// 418// 411//
f 417// 413// 420//
f 420// 413// 421//
f 421// 413// 422//
f 420// 419// 417//
f 417// 419// 411//
f 417// 411// 413//
f 413// 411// 409//
f 404// 401// 403//
f 407// 406// 418//
f 418// 406// 404//
f 418// 404// 411//
f 411// 404// 403//
f 411// 403// 409//
f 408// 405// 400//
f 396// 407// 408//
f 397// 401// 404//
f 389// 390// 392//
f 392// 390// 397//
f 392// 397// 399//
f 399// 397// 404//
f 399// 404// 406//
f 400// 398// 408//
f 408// 398// 395//
f 408// 395// 396//
f 396// 395// 393//
f 396// 393// 387//
f 387// 393// 386//
f 387// 386// 384//
f 380// 389// 384//
f 384// 389// 392//
f 384// 392// 387//
f 387// 392// 399//
f 387// 399// 396//
f 396// 399// 406//
f 396// 406// 407//
f 124// 123// 137//
f 395// 398// 151//
f 115// 116// 126//
f 97// 112// 113//
f 151// 152// 140//
f 400// 402// 342//
f 400// 342// 398//
f 398// 342// 151//
f 151// 342// 334//
f 151// 334// 152//
f 380// 384// 149//
f 137// 136// 148//
f 136// 137// 129//
f 129// 137// 123//
f 129// 123// 122//
f 109// 110// 122//
f 103// 104// 108//
f 98// 99// 105//
f 105// 99// 102//
f 124// 125// 117//
f 97// 111// 112//
f 112// 111// 124//
f 112// 124// 113//
f 113// 124// 114//
f 113// 114// 97//
f 97// 114// 126//
f 109// 122// 108//
f 108// 122// 123//
f 108// 123// 103//
f 103// 123// 124//
f 103// 124// 102//
f 102// 124// 111//
f 102// 111// 105//
f 105// 111// 97//
f 105// 97// 98//
f 395// 151// 393//
f 393// 151// 150//
f 393// 150// 386//
f 384// 386// 149//
f 149// 386// 150//
f 149// 150// 138//
f 138// 150// 151//
f 138// 151// 139//
f 139// 151// 140//
f 139// 140// 126//
f 126// 114// 115//
f 115// 114// 124//
f 115// 124// 116//
f 116// 124// 117//
f 116// 117// 126//
f 126// 117// 125//
f 126// 125// 139//
f 139// 125// 124//
f 139// 124// 138//
f 138// 124// 137//
f 138// 137// 149//
f 149// 137// 148//
f 149// 148// 380//
f 304// 330// 352//
f 352// 330// 334//
f 352// 334// 342//
f 352// 311// 304//
f 304// 311// 292//
f 304// 292// 282//
f 286// 282// 292//
f 307// 296// 301//
f 301// 296// 286//
f 301// 286// 289//
f 289// 286// 292//
f 307// 301// 314//
f 314// 301// 317//
f 314// 317// 332//
f 332// 317// 338//
f 332// 338// 336//
f 336// 338// 424//
f 424// 338// 428//
f 424// 428// 469//
f 469// 428// 494//
f 469// 494// 473//
f 473// 494// 490//
f 278// 258// 271//
f 473// 490// 357//
f 250// 257// 251//
f 251// 257// 258//
f 251// 258// 252//
f 265// 253// 262//
f 262// 253// 256//
f 265// 262// 268//
f 268// 262// 283//
f 268// 283// 285//
f 285// 283// 335//
f 335// 283// 355//
f 335// 355// 433//
f 565// 567// 363//
f 363// 567// 566//
f 363// 566// 559//
f 473// 357// 469//
f 278// 305// 357//
f 357// 305// 371//
f 357// 371// 469//
f 560// 561// 535//
f 535// 561// 565//
f 535// 565// 490//
f 490// 565// 362//
f 490// 362// 357//
f 357// 362// 280//
f 357// 280// 278//
f 278// 280// 259//
f 278// 259// 258//
f 258// 259// 254//
f 258// 254// 252//
f 565// 363// 362//
f 362// 363// 281//
f 362// 281// 280//
f 280// 281// 260//
f 280// 260// 259//
f 555// 433// 559//
f 559// 433// 355//
f 559// 355// 363//
f 363// 355// 283//
f 363// 283// 281//
f 281// 283// 262//
f 281// 262// 260//
f 260// 262// 256//
f 260// 256// 259//
f 259// 256// 255//
f 259// 255// 254//
f 561// 560// 562//
f 562// 560// 572//
f 595// 597// 598//
f 598// 597// 599//
f 597// 591// 593//
f 593// 591// 590//
f 593// 590// 581//
f 595// 592// 597//
f 597// 592// 587//
f 597// 587// 591//
f 591// 587// 578//
f 591// 578// 576//
f 576// 586// 591//
f 591// 586// 588//
f 591// 588// 590//
f 590// 588// 583//
f 590// 583// 581//
f 581// 583// 579//
f 581// 579// 575//
f 575// 579// 574//
f 575// 574// 572//
f 491// 495// 685//
f 597// 593// 701//
f 701// 593// 581//
f 701// 560// 494//
f 494// 560// 535//
f 494// 535// 490//
f 458// 471// 457//
f 457// 471// 480//
f 457// 480// 685//
f 685// 480// 486//
f 685// 486// 491//
f 581// 575// 701//
f 701// 575// 572//
f 701// 572// 560//
f 495// 507// 685//
f 685// 507// 514//
f 685// 514// 521//
f 521// 529// 685//
f 685// 529// 533//
f 685// 533// 701//
f 701// 533// 599//
f 701// 599// 597//
f 423// 434// 415//
f 415// 434// 441//
f 415// 441// 457//
f 457// 441// 450//
f 457// 450// 458//
f 423// 415// 383//
f 383// 415// 312//
f 383// 312// 315//
f 172// 174// 168//
f 181// 190// 184//
f 441// 323// 325//
f 325// 323// 263//
f 325// 263// 264//
f 264// 263// 164//
f 264// 164// 173//
f 173// 164// 153//
f 173// 153// 154//
f 154// 153// 155//
f 154// 155// 156//
f 156// 155// 157//
f 156// 157// 160//
f 465// 458// 450//
f 465// 450// 326//
f 458// 465// 471//
f 471// 465// 482//
f 471// 482// 480//
f 467// 489// 483//
f 321// 337// 329//
f 329// 337// 414//
f 329// 414// 466//
f 466// 414// 508//
f 466// 508// 498//
f 321// 329// 279//
f 279// 329// 269//
f 279// 269// 270//
f 270// 269// 261//
f 261// 269// 238//
f 261// 238// 241//
f 241// 238// 176//
f 241// 176// 185//
f 190// 206// 184//
f 184// 206// 185//
f 184// 185// 180//
f 180// 185// 176//
f 177// 174// 181//
f 172// 168// 170//
f 157// 159// 160//
f 160// 159// 165//
f 160// 165// 170//
f 170// 168// 160//
f 160// 168// 163//
f 160// 163// 156//
f 156// 163// 158//
f 156// 158// 154//
f 154// 158// 187//
f 154// 187// 173//
f 173// 187// 266//
f 173// 266// 264//
f 264// 266// 326//
f 264// 326// 325//
f 325// 326// 450//
f 325// 450// 441//
f 174// 177// 168//
f 168// 177// 171//
f 168// 171// 163//
f 163// 171// 166//
f 163// 166// 158//
f 158// 166// 223//
f 158// 223// 187//
f 187// 223// 267//
f 187// 267// 266//
f 266// 267// 328//
f 266// 328// 326//
f 326// 328// 467//
f 326// 467// 465//
f 465// 467// 483//
f 465// 483// 482//
f 181// 184// 177//
f 177// 184// 180//
f 177// 180// 171//
f 171// 180// 176//
f 171// 176// 166//
f 166// 176// 238//
f 166// 238// 223//
f 223// 238// 269//
f 223// 269// 267//
f 267// 269// 329//
f 267// 329// 328//
f 328// 329// 466//
f 328// 466// 467//
f 467// 466// 498//
f 467// 498// 489//
f 185// 206// 211//
f 211// 217// 185//
f 185// 217// 222//
f 185// 222// 230//
f 230// 234// 185//
f 185// 234// 242//
f 185// 242// 241//
f 241// 242// 244//
f 241// 244// 249//
f 285// 335// 321//
f 249// 253// 241//
f 241// 253// 265//
f 241// 265// 261//
f 261// 265// 268//
f 261// 268// 270//
f 270// 268// 285//
f 270// 285// 279//
f 279// 285// 321//
f 555// 508// 433//
f 433// 508// 414//
f 433// 414// 335//
f 335// 414// 337//
f 335// 337// 321//
f 233// 232// 240//
f 232// 233// 224//
f 219// 218// 226//
f 204// 213// 214//
f 197// 196// 207//
f 201// 192// 191//
f 206// 202// 209//
f 206// 209// 211//
f 211// 209// 216//
f 211// 216// 217//
f 217// 216// 221//
f 217// 221// 222//
f 222// 221// 229//
f 222// 229// 230//
f 230// 229// 235//
f 230// 235// 234//
f 249// 244// 246//
f 246// 244// 242//
f 246// 242// 243//
f 245// 255// 256//
f 251// 252// 247//
f 247// 252// 254//
f 250// 251// 248//
f 248// 251// 247//
f 248// 247// 231//
f 247// 239// 231//
f 231// 239// 227//
f 231// 227// 182//
f 179// 175// 186//
f 186// 175// 182//
f 186// 182// 208//
f 208// 182// 227//
f 225// 191// 210//
f 210// 191// 189//
f 210// 189// 183//
f 205// 195// 194//
f 254// 255// 247//
f 247// 255// 245//
f 247// 245// 239//
f 239// 245// 240//
f 239// 240// 227//
f 227// 240// 232//
f 227// 232// 208//
f 208// 232// 224//
f 208// 224// 186//
f 196// 195// 207//
f 207// 195// 205//
f 207// 205// 215//
f 220// 215// 214//
f 214// 215// 205//
f 214// 205// 204//
f 204// 205// 194//
f 204// 194// 193//
f 193// 203// 204//
f 204// 203// 212//
f 204// 212// 213//
f 213// 212// 218//
f 213// 218// 214//
f 214// 218// 219//
f 214// 219// 220//
f 220// 219// 226//
f 220// 226// 228//
f 242// 234// 243//
f 243// 234// 235//
f 243// 235// 236//
f 236// 235// 229//
f 193// 192// 203//
f 203// 192// 201//
f 203// 201// 212//
f 212// 201// 191//
f 212// 191// 218//
f 218// 191// 225//
f 218// 225// 226//
f 226// 225// 236//
f 226// 236// 228//
f 228// 236// 229//
f 228// 229// 220//
f 220// 229// 221//
f 220// 221// 215//
f 215// 221// 216//
f 215// 216// 207//
f 207// 216// 209//
f 207// 209// 197//
f 197// 209// 202//
f 197// 202// 198//
f 198// 202// 206//
f 198// 206// 199//
f 199// 206// 200//
f 253// 249// 256//
f 256// 249// 246//
f 256// 246// 245//
f 245// 246// 243//
f 245// 243// 240//
f 240// 243// 236//
f 240// 236// 233//
f 233// 236// 225//
f 233// 225// 224//
f 224// 225// 210//
f 224// 210// 186//
f 186// 210// 183//
f 186// 183// 179//
f 91// 92// 126//
f 92// 93// 126//
f 126// 93// 94//
f 126// 94// 97//
f 97// 94// 95//
f 97// 95// 96//
f 140// 52// 126//
f 126// 52// 65//
f 126// 65// 91//
f 74// 21// 18//
f 278// 271// 16//
f 16// 271// 258//
f 16// 258// 18//
f 18// 258// 257//
f 18// 257// 74//
f 74// 257// 250//
f 278// 16// 305//
f 305// 16// 14//
f 305// 14// 371//
f 304// 152// 330//
f 330// 152// 334//
f 304// 282// 152//
f 152// 282// 11//
f 152// 11// 140//
f 140// 11// 38//
f 140// 38// 52//
f 469// 371// 424//
f 424// 371// 14//
f 424// 14// 336//
f 336// 14// 332//
f 282// 286// 11//
f 11// 286// 296//
f 11// 296// 13//
f 13// 296// 307//
f 13// 307// 14//
f 14// 307// 314//
f 14// 314// 332//
f 67// 66// 80//
f 80// 66// 81//
f 83// 87// 86//
f 89// 92// 91//
f 94// 93// 90//
f 90// 93// 92//
f 92// 89// 90//
f 90// 89// 84//
f 90// 84// 85//
f 85// 84// 69//
f 85// 69// 70//
f 70// 69// 56//
f 70// 56// 57//
f 57// 56// 42//
f 57// 42// 44//
f 44// 42// 31//
f 44// 31// 33//
f 33// 31// 4//
f 33// 4// 6//
f 5// 3// 32//
f 32// 3// 30//
f 32// 30// 41//
f 61// 59// 55//
f 55// 59// 48//
f 55// 48// 41//
f 41// 48// 43//
f 41// 43// 32//
f 3// 1// 30//
f 30// 1// 28//
f 30// 28// 41//
f 41// 28// 39//
f 41// 39// 55//
f 55// 39// 53//
f 55// 53// 61//
f 61// 53// 66//
f 61// 66// 62//
f 62// 66// 67//
f 1// 2// 28//
f 28// 2// 29//
f 28// 29// 39//
f 39// 29// 40//
f 39// 40// 53//
f 53// 40// 54//
f 53// 54// 66//
f 66// 54// 68//
f 66// 68// 81//
f 81// 68// 83//
f 81// 83// 82//
f 82// 83// 86//
f 2// 4// 29//
f 29// 4// 31//
f 29// 31// 40//
f 40// 31// 42//
f 40// 42// 54//
f 54// 42// 56//
f 54// 56// 68//
f 68// 56// 69//
f 68// 69// 83//
f 83// 69// 84//
f 83// 84// 87//
f 87// 84// 89//
f 87// 89// 88//
f 88// 89// 91//
f 48// 47// 43//
f 43// 47// 34//
f 43// 34// 32//
f 32// 34// 7//
f 32// 7// 5//
f 88// 91// 65//
f 59// 49// 48//
f 48// 49// 47//
f 35// 8// 34//
f 34// 8// 7//
f 9// 8// 36//
f 36// 8// 35//
f 36// 35// 50//
f 38// 11// 10//
f 10// 37// 38//
f 38// 37// 51//
f 38// 51// 52//
f 52// 51// 64//
f 52// 64// 65//
f 80// 81// 64//
f 81// 82// 64//
f 64// 82// 86//
f 64// 86// 65//
f 65// 86// 87//
f 65// 87// 88//
f 63// 62// 67//
f 34// 47// 35//
f 35// 47// 49//
f 35// 49// 50//
f 50// 49// 59//
f 50// 59// 63//
f 63// 59// 61//
f 63// 61// 62//
f 10// 9// 37//
f 37// 9// 36//
f 37// 36// 51//
f 51// 36// 50//
f 51// 50// 64//
f 64// 50// 63//
f 64// 63// 80//
f 80// 63// 67//
f 9// 10// 11//
f 1// 3// 2//
f 2// 3// 5//
f 7// 6// 5//
f 5// 6// 4//
f 5// 4// 2//
f 26// 25// 27//
f 27// 25// 24//
f 14// 16// 15//
f 15// 16// 18//
f 15// 18// 17//
f 17// 18// 21//
f 17// 21// 19//
f 19// 21// 27//
f 19// 27// 20//
f 14// 15// 13//
f 13// 15// 12//
f 13// 12// 11//
f 11// 12// 6//
f 11// 6// 9//
f 9// 6// 7//
f 9// 7// 8//
f 24// 23// 27//
f 27// 23// 22//
f 27// 22// 20//
f 57// 44// 58//
f 127// 118// 58//
f 58// 118// 107//
f 58// 107// 100//
f 100// 95// 94//
f 94// 90// 100//
f 100// 90// 85//
f 100// 85// 58//
f 58// 85// 70//
f 58// 70// 57//
f 275// 287// 101//
f 101// 287// 58//
f 145// 141// 58//
f 145// 58// 162//
f 162// 58// 287//
f 162// 287// 310//
f 141// 132// 58//
f 58// 132// 130//
f 58// 130// 127//
f 423// 323// 434//
f 434// 323// 441//
f 315// 291// 106//
f 106// 291// 101//
f 101// 291// 288//
f 101// 288// 277//
f 277// 276// 101//
f 101// 276// 273//
f 101// 273// 275//
f 423// 383// 323//
f 323// 383// 315//
f 323// 315// 263//
f 263// 315// 106//
f 263// 106// 164//
f 155// 153// 72//
f 157// 73// 159//
f 159// 73// 75//
f 159// 75// 161//
f 161// 75// 167//
f 167// 75// 76//
f 167// 76// 169//
f 169// 76// 77//
f 169// 77// 175//
f 175// 77// 79//
f 175// 79// 182//
f 182// 79// 78//
f 182// 78// 231//
f 74// 250// 78//
f 78// 250// 248//
f 78// 248// 231//
f 17// 19// 73//
f 73// 19// 20//
f 73// 20// 75//
f 75// 20// 22//
f 75// 22// 76//
f 72// 71// 46//
f 46// 71// 60//
f 46// 60// 45//
f 157// 155// 73//
f 73// 155// 72//
f 73// 72// 17//
f 17// 72// 46//
f 17// 46// 15//
f 15// 46// 45//
f 15// 45// 12//
f 12// 45// 33//
f 12// 33// 6//
f 153// 164// 72//
f 72// 164// 106//
f 72// 106// 71//
f 71// 106// 101//
f 71// 101// 60//
f 60// 101// 58//
f 60// 58// 45//
f 45// 58// 44//
f 45// 44// 33//
f 21// 74// 27//
f 27// 74// 78//
f 27// 78// 26//
f 26// 78// 79//
f 26// 79// 25//
f 25// 79// 77//
f 25// 77// 24//
f 24// 77// 76//
f 24// 76// 23//
f 23// 76// 22//
f 333// 348// 345//
f 162// 310// 333//
f 95// 100// 96//
f 96// 100// 97//
f 100// 107// 97//
f 97// 107// 118//
f 97// 118// 98//
f 98// 118// 119//
f 98// 119// 99//
f 121// 104// 120//
f 120// 104// 103//
f 120// 103// 102//
f 121// 128// 110//
f 110// 109// 121//
f 121// 109// 108//
f 121// 108// 104//
f 142// 135// 134//
f 147// 146// 237//
f 237// 146// 319//
f 351// 319// 347//
f 347// 319// 146//
f 347// 146// 346//
f 346// 146// 144//
f 345// 344// 144//
f 144// 344// 343//
f 144// 343// 346//
f 345// 143// 333//
f 333// 143// 145//
f 333// 145// 162//
f 135// 128// 134//
f 134// 128// 121//
f 134// 121// 133//
f 133// 121// 120//
f 133// 120// 119//
f 119// 120// 102//
f 119// 102// 99//
f 345// 144// 143//
f 143// 144// 131//
f 143// 131// 145//
f 145// 131// 132//
f 145// 132// 141//
f 147// 142// 146//
f 146// 142// 134//
f 146// 134// 144//
f 144// 134// 133//
f 144// 133// 131//
f 131// 133// 119//
f 131// 119// 132//
f 132// 119// 118//
f 132// 118// 130//
f 130// 118// 127//
f 358// 366// 361//
f 350// 353// 356//
f 348// 353// 345//
f 345// 353// 350//
f 345// 350// 344//
f 351// 347// 349//
f 349// 347// 346//
f 349// 346// 350//
f 350// 346// 343//
f 350// 343// 344//
f 372// 377// 373//
f 373// 377// 368//
f 373// 368// 364//
f 364// 354// 373//
f 373// 354// 361//
f 373// 361// 372//
f 372// 361// 366//
f 368// 365// 364//
f 364// 365// 351//
f 364// 351// 354//
f 354// 351// 349//
f 354// 349// 361//
f 361// 349// 350//
f 361// 350// 358//
f 358// 350// 356//
f 382// 378// 375//
f 366// 370// 375//
f 394// 391// 381//
f 381// 391// 388//
f 381// 388// 385//
f 366// 375// 372//
f 372// 375// 378//
f 372// 378// 377//
f 385// 382// 381//
f 381// 382// 375//
f 381// 375// 374//
f 374// 375// 370//
f 374// 370// 367//
f 367// 370// 366//
f 367// 366// 360//
f 360// 366// 358//
f 360// 358// 356//
f 413// 382// 385//
f 413// 385// 388//
f 413// 388// 422//
f 422// 388// 391//
f 422// 391// 394//
f 413// 409// 382//
f 382// 409// 403//
f 382// 403// 378//
f 378// 403// 401//
f 378// 401// 377//
f 534// 412// 416//
f 333// 331// 348//
f 348// 331// 470//
f 342// 402// 352//
f 352// 402// 405//
f 352// 405// 534//
f 534// 405// 410//
f 534// 410// 412//
f 416// 418// 534//
f 534// 418// 419//
f 534// 419// 420//
f 420// 421// 534//
f 534// 421// 422//
f 534// 422// 470//
f 470// 422// 394//
f 470// 394// 381//
f 381// 374// 470//
f 470// 374// 367//
f 470// 367// 360//
f 360// 356// 470//
f 470// 356// 353//
f 470// 353// 348//
f 701// 753// 685//
f 685// 753// 708//
f 708// 753// 722//
f 722// 753// 774//
f 722// 774// 733//
f 733// 774// 766//
f 733// 766// 720//
f 720// 766// 732//
f 720// 732// 700//
f 700// 732// 689//
f 700// 689// 658//
f 658// 689// 647//
f 647// 689// 633//
f 647// 633// 589//
f 589// 633// 534//
f 589// 534// 470//
f 647// 793// 844//
f 844// 748// 647//
f 647// 748// 731//
f 647// 731// 658//
f 658// 731// 716//
f 658// 716// 700//
f 700// 716// 718//
f 700// 718// 720//
f 720// 718// 741//
f 720// 741// 733//
f 922// 997// 783//
f 783// 997// 722//
f 783// 722// 778//
f 778// 722// 733//
f 778// 733// 760//
f 760// 733// 741//
f 647// 487// 481//
f 791// 793// 647//
f 647// 481// 791//
f 791// 481// 478//
f 791// 478// 790//
f 790// 478// 477//
f 790// 477// 789//
f 789// 477// 476//
f 789// 476// 787//
f 708// 722// 685//
f 685// 722// 660//
f 685// 660// 457//
f 274// 468// 272//
f 272// 468// 451//
f 272// 451// 290//
f 290// 451// 331//
f 660// 613// 457//
f 457// 613// 530//
f 457// 530// 415//
f 415// 530// 468//
f 415// 468// 312//
f 312// 468// 274//
f 312// 274// 284//
f 647// 589// 487//
f 487// 589// 470//
f 487// 470// 460//
f 460// 470// 331//
f 460// 331// 449//
f 449// 331// 451//
f 722// 997// 1003//
f 663// 660// 722//
f 722// 1003// 663//
f 663// 1003// 1004//
f 663// 1004// 664//
f 664// 1004// 1001//
f 664// 1001// 662//
f 662// 1001// 993//
f 662// 993// 659//
f 642// 659// 1022//
f 1022// 659// 993//
f 1022// 993// 1016//
f 1016// 1034// 1022//
f 1022// 1034// 1052//
f 1022// 1052// 1123//
f 1123// 1052// 1070//
f 1123// 1070// 1091//
f 1022// 1123// 1121//
f 1121// 1123// 1168//
f 1121// 1168// 1187//
f 1187// 1168// 1316//
f 1187// 1316// 1211//
f 1211// 1316// 1406//
f 1211// 1406// 1331//
f 1331// 1406// 1397//
f 1397// 1406// 1472//
f 1048// 1029// 1113//
f 1645// 1667// 1679//
f 796// 607// 648//
f 642// 696// 545//
f 1194// 1189// 1211//
f 1617// 1682// 1737//
f 1617// 1737// 1703//
f 1211// 1189// 1187//
f 1133// 1153// 1148//
f 1148// 1154// 1133//
f 1133// 1154// 1162//
f 1133// 1162// 1190//
f 1189// 1176// 1187//
f 1187// 1176// 1160//
f 1187// 1160// 1153//
f 1162// 1171// 1190//
f 1190// 1171// 1186//
f 1190// 1186// 1191//
f 1194// 1211// 1202//
f 1202// 1211// 1331//
f 1202// 1331// 1200//
f 1682// 1617// 1397//
f 1397// 1617// 1190//
f 1397// 1190// 1331//
f 1331// 1190// 1191//
f 1331// 1191// 1200//
f 1153// 1133// 1187//
f 1187// 1133// 1099//
f 1187// 1099// 1121//
f 696// 642// 1099//
f 1099// 642// 1022//
f 1099// 1022// 1121//
f 688// 461// 545//
f 600// 603// 688//
f 688// 603// 606//
f 461// 522// 435//
f 435// 522// 484//
f 435// 484// 429//
f 429// 484// 479//
f 429// 479// 485//
f 606// 602// 688//
f 688// 602// 594//
f 688// 594// 461//
f 461// 594// 547//
f 461// 547// 522//
f 524// 648// 426//
f 524// 426// 485//
f 485// 426// 427//
f 485// 427// 429//
f 796// 462// 607//
f 607// 462// 436//
f 607// 436// 648//
f 648// 436// 425//
f 648// 425// 426//
f 648// 925// 796//
f 796// 925// 873//
f 796// 873// 845//
f 845// 873// 936//
f 1591// 1583// 1113//
f 1113// 1583// 1621//
f 1737// 1759// 1703//
f 1703// 1759// 1751//
f 1703// 1751// 1695//
f 1695// 1751// 1709//
f 1695// 1709// 1674//
f 1674// 1709// 1679//
f 1674// 1679// 1673//
f 1673// 1679// 1667//
f 1613// 1640// 1596//
f 1596// 1640// 1638//
f 1596// 1638// 1641//
f 1674// 1644// 1651//
f 1651// 1659// 1674//
f 1674// 1659// 1668//
f 1674// 1668// 1695//
f 1695// 1668// 1671//
f 1671// 1672// 1695//
f 1695// 1672// 1669//
f 1695// 1669// 1703//
f 1703// 1669// 1662//
f 1703// 1662// 1617//
f 1617// 1662// 1653//
f 1617// 1653// 1613//
f 1613// 1653// 1643//
f 1613// 1643// 1640//
f 657// 653// 571//
f 571// 653// 543//
f 1546// 1552// 1596//
f 1596// 1552// 1561//
f 1596// 1561// 1613//
f 1613// 1561// 1568//
f 1143// 1156// 1198//
f 1195// 1205// 1131//
f 1131// 1205// 1219//
f 1131// 1219// 1124//
f 1198// 1156// 1207//
f 1207// 1156// 1163//
f 1207// 1163// 1225//
f 1225// 1163// 1182//
f 1225// 1182// 1264//
f 1321// 1190// 1560//
f 1560// 1190// 1617//
f 1560// 1617// 1567//
f 1567// 1617// 1613//
f 1567// 1613// 1569//
f 1569// 1613// 1568//
f 953// 965// 1062//
f 746// 727// 688//
f 727// 711// 688//
f 688// 711// 657//
f 688// 657// 600//
f 600// 657// 571//
f 965// 952// 1062//
f 1062// 952// 926//
f 1062// 926// 688//
f 688// 926// 763//
f 688// 763// 746//
f 711// 706// 657//
f 657// 706// 703//
f 657// 703// 653//
f 653// 703// 648//
f 653// 648// 543//
f 543// 648// 524//
f 927// 948// 897//
f 897// 948// 944//
f 897// 944// 865//
f 865// 944// 925//
f 865// 925// 717//
f 717// 925// 648//
f 717// 648// 709//
f 709// 648// 703//
f 1163// 1158// 1182//
f 1182// 1158// 1145//
f 1182// 1145// 1118//
f 1018// 1027// 1041//
f 1198// 1195// 1143//
f 1143// 1195// 1131//
f 1143// 1131// 1120//
f 1120// 1131// 1084//
f 927// 953// 948//
f 948// 953// 1062//
f 948// 1062// 1039//
f 1145// 1132// 1118//
f 1118// 1132// 1110//
f 1118// 1110// 1062//
f 1062// 1110// 1081//
f 1062// 1081// 1039//
f 1645// 1621// 1667//
f 1667// 1621// 1583//
f 1667// 1583// 1673//
f 1673// 1583// 1591//
f 1673// 1591// 1674//
f 1674// 1591// 1596//
f 1674// 1596// 1644//
f 1644// 1596// 1641//
f 1041// 1084// 1018//
f 1018// 1084// 1131//
f 1018// 1131// 1010//
f 1010// 1131// 1124//
f 1010// 1124// 972//
f 984// 1013// 1015//
f 984// 1015// 964//
f 964// 1015// 912//
f 964// 912// 954//
f 1013// 1030// 1015//
f 1015// 1030// 1049//
f 1015// 1049// 1113//
f 1113// 1049// 1055//
f 1113// 1055// 1048//
f 1546// 1596// 1219//
f 1219// 1596// 1591//
f 1219// 1591// 1124//
f 1124// 1591// 1113//
f 1124// 1113// 972//
f 972// 1113// 1029//
f 972// 1029// 1017//
f 1017// 992// 972//
f 972// 992// 970//
f 972// 970// 912//
f 912// 970// 956//
f 912// 956// 954//
f 1621// 1166// 1113//
f 1113// 1166// 1119//
f 1113// 1119// 1015//
f 1015// 1119// 936//
f 1015// 936// 912//
f 912// 936// 873//
f 912// 873// 972//
f 972// 873// 925//
f 972// 925// 1010//
f 1010// 925// 944//
f 1010// 944// 1018//
f 1018// 944// 948//
f 1018// 948// 1027//
f 1027// 948// 1039//
f 545// 696// 688//
f 688// 696// 1099//
f 688// 1099// 1062//
f 1062// 1099// 1133//
f 1062// 1133// 1118//
f 1118// 1133// 1190//
f 1118// 1190// 1182//
f 1182// 1190// 1321//
f 1182// 1321// 1264//
f 551// 580// 524//
f 641// 644// 580//
f 580// 644// 584//
f 580// 584// 524//
f 669// 687// 651//
f 651// 687// 682//
f 651// 682// 643//
f 643// 682// 666//
f 643// 666// 628//
f 628// 666// 654//
f 628// 654// 624//
f 624// 654// 650//
f 624// 650// 629//
f 629// 650// 655//
f 629// 655// 641//
f 641// 655// 667//
f 641// 667// 644//
f 524// 485// 551//
f 551// 485// 479//
f 551// 479// 544//
f 544// 479// 484//
f 544// 484// 552//
f 552// 484// 522//
f 552// 522// 585//
f 585// 522// 547//
f 585// 547// 605//
f 605// 547// 594//
f 605// 594// 621//
f 667// 678// 644//
f 644// 678// 649//
f 649// 678// 652//
f 652// 678// 686//
f 652// 686// 665//
f 665// 686// 668//
f 668// 686// 694//
f 668// 694// 671//
f 671// 694// 675//
f 675// 694// 697//
f 675// 697// 681//
f 681// 697// 684//
f 684// 697// 698//
f 684// 698// 683//
f 683// 698// 676//
f 676// 698// 695//
f 676// 695// 673//
f 635// 623// 594//
f 594// 623// 621//
f 621// 623// 670//
f 621// 670// 669//
f 673// 695// 670//
f 670// 695// 687//
f 670// 687// 669//
f 594// 602// 635//
f 635// 602// 606//
f 635// 606// 638//
f 638// 606// 639//
f 639// 606// 603//
f 639// 603// 637//
f 637// 603// 634//
f 634// 603// 600//
f 634// 600// 631//
f 631// 600// 620//
f 620// 600// 571//
f 620// 571// 616//
f 616// 571// 543//
f 616// 543// 604//
f 604// 543// 524//
f 604// 524// 584//
f 1548// 1539// 1537//
f 1616// 1607// 1681//
f 1681// 1607// 1601//
f 1681// 1601// 1393//
f 630// 667// 558//
f 558// 667// 655//
f 558// 655// 536//
f 536// 655// 650//
f 536// 650// 556//
f 556// 650// 654//
f 556// 654// 627//
f 627// 654// 666//
f 627// 666// 680//
f 680// 666// 682//
f 680// 682// 712//
f 1537// 1539// 1479//
f 1393// 1193// 1277//
f 1277// 1193// 1165//
f 1277// 1165// 1159//
f 1537// 1545// 1548//
f 1548// 1545// 1615//
f 1548// 1615// 1818//
f 1818// 1615// 1624//
f 1818// 1624// 1628//
f 1681// 1697// 1616//
f 1616// 1697// 1692//
f 1616// 1692// 1625//
f 1625// 1692// 1696//
f 1625// 1696// 1628//
f 1628// 1696// 1711//
f 1628// 1711// 1818//
f 682// 687// 712//
f 712// 687// 695//
f 712// 695// 1197//
f 1197// 695// 698//
f 1197// 698// 697//
f 1601// 1480// 1393//
f 1393// 1480// 1461//
f 1393// 1461// 1193//
f 1193// 1461// 1444//
f 1193// 1444// 1209//
f 1209// 1444// 1460//
f 1209// 1460// 1217//
f 815// 694// 999//
f 999// 694// 686//
f 999// 686// 630//
f 630// 686// 678//
f 630// 678// 667//
f 1159// 1165// 1090//
f 1090// 1165// 1142//
f 1090// 1142// 999//
f 999// 1142// 840//
f 999// 840// 815//
f 1711// 1742// 1818//
f 1818// 1742// 1760//
f 1818// 1760// 1839//
f 1839// 1760// 1789//
f 1839// 1789// 1847//
f 1847// 1789// 1799//
f 1847// 1799// 1840//
f 1799// 1797// 1840//
f 1840// 1797// 1783//
f 1840// 1783// 1820//
f 1820// 1783// 1752//
f 1820// 1752// 1743//
f 1743// 1752// 1739//
f 1743// 1739// 1681//
f 1681// 1739// 1712//
f 1681// 1712// 1697//
f 815// 805// 694//
f 694// 805// 808//
f 694// 808// 697//
f 697// 808// 820//
f 820// 857// 697//
f 697// 857// 880//
f 697// 880// 1197//
f 1197// 880// 914//
f 1197// 914// 1192//
f 1460// 1479// 1217//
f 1217// 1479// 1539//
f 1217// 1539// 1208//
f 1208// 1539// 1417//
f 1208// 1417// 1192//
f 1192// 1417// 1284//
f 1192// 1284// 1197//
f 1681// 1393// 1391//
f 1681// 1391// 1680//
f 1680// 1391// 1388//
f 1680// 1388// 1678//
f 1678// 1388// 1366//
f 1678// 1366// 1676//
f 1676// 1366// 1350//
f 1676// 1350// 1675//
f 1823// 1822// 1843//
f 1822// 1818// 1839//
f 1822// 1839// 1843//
f 1843// 1839// 1847//
f 1843// 1847// 1849//
f 1849// 1847// 1840//
f 1849// 1840// 1844//
f 1844// 1840// 1820//
f 1844// 1820// 1825//
f 1825// 1820// 1743//
f 1825// 1743// 1741//
f 1817// 1821// 1845//
f 1845// 1821// 1823//
f 1743// 1681// 1741//
f 1741// 1681// 1680//
f 1741// 1680// 1678//
f 1823// 1843// 1845//
f 1845// 1843// 1849//
f 1845// 1849// 1851//
f 1851// 1849// 1844//
f 1851// 1844// 1846//
f 1846// 1844// 1825//
f 1846// 1825// 1824//
f 1824// 1825// 1741//
f 1824// 1741// 1738//
f 1738// 1741// 1678//
f 1738// 1678// 1676//
f 1817// 1845// 1841//
f 1841// 1845// 1851//
f 1841// 1851// 1850//
f 1850// 1851// 1846//
f 1850// 1846// 1842//
f 1842// 1846// 1824//
f 1842// 1824// 1819//
f 1819// 1824// 1738//
f 1819// 1738// 1736//
f 1736// 1738// 1676//
f 1736// 1676// 1675//
f 1548// 1818// 1822//
f 1548// 1822// 1550//
f 1550// 1822// 1823//
f 1550// 1823// 1551//
f 1551// 1823// 1821//
f 1551// 1821// 1549//
f 1549// 1821// 1817//
f 1549// 1817// 1547//
f 1547// 1540// 1549//
f 1549// 1540// 1542//
f 1549// 1542// 1551//
f 1551// 1542// 1543//
f 1551// 1543// 1550//
f 1550// 1543// 1541//
f 1550// 1541// 1548//
f 1548// 1541// 1539//
f 1284// 1417// 1279//
f 1279// 1417// 1420//
f 1279// 1420// 1272//
f 1272// 1420// 1421//
f 1272// 1421// 1259//
f 1259// 1421// 1419//
f 1259// 1419// 1246//
f 1246// 1419// 1413//
f 1417// 1539// 1420//
f 1420// 1539// 1541//
f 1420// 1541// 1421//
f 1421// 1541// 1543//
f 1421// 1543// 1419//
f 1419// 1543// 1542//
f 1419// 1542// 1413//
f 1413// 1542// 1540//
f 1246// 1196// 1259//
f 1259// 1196// 1199//
f 1259// 1199// 1272//
f 1272// 1199// 1203//
f 1272// 1203// 1279//
f 1279// 1203// 1201//
f 1279// 1201// 1284//
f 1284// 1201// 1197//
f 712// 1197// 1201//
f 712// 1201// 714//
f 714// 1201// 1203//
f 714// 1203// 715//
f 715// 1203// 1199//
f 715// 1199// 713//
f 713// 1199// 1196//
f 713// 1196// 710//
f 632// 614// 617//
f 563// 538// 540//
f 517// 499// 511//
f 506// 539// 542//
f 630// 558// 626//
f 626// 558// 554//
f 626// 554// 622//
f 622// 554// 549//
f 622// 549// 618//
f 618// 549// 542//
f 618// 542// 615//
f 615// 542// 539//
f 499// 506// 511//
f 511// 506// 542//
f 511// 542// 525//
f 525// 542// 549//
f 525// 549// 532//
f 532// 549// 554//
f 532// 554// 536//
f 536// 554// 558//
f 538// 517// 540//
f 540// 517// 511//
f 540// 511// 548//
f 548// 511// 525//
f 548// 525// 553//
f 553// 525// 532//
f 553// 532// 556//
f 556// 532// 536//
f 556// 627// 553//
f 553// 627// 625//
f 553// 625// 548//
f 548// 625// 619//
f 548// 619// 540//
f 540// 619// 617//
f 540// 617// 563//
f 563// 617// 614//
f 627// 680// 625//
f 625// 680// 679//
f 625// 679// 619//
f 619// 679// 677//
f 619// 677// 617//
f 617// 677// 674//
f 617// 674// 632//
f 632// 674// 672//
f 680// 712// 679//
f 679// 712// 714//
f 679// 714// 677//
f 677// 714// 715//
f 677// 715// 674//
f 674// 715// 713//
f 674// 713// 672//
f 672// 713// 710//
f 999// 630// 626//
f 999// 626// 990//
f 990// 626// 622//
f 990// 622// 978//
f 978// 622// 618//
f 978// 618// 969//
f 969// 618// 615//
f 969// 615// 960//
f 960// 1042// 969//
f 969// 1042// 1050//
f 969// 1050// 978//
f 978// 1050// 1061//
f 978// 1061// 990//
f 990// 1061// 1074//
f 990// 1074// 999//
f 999// 1074// 1090//
f 1277// 1159// 1275//
f 1275// 1159// 1157//
f 1275// 1157// 1265//
f 1265// 1157// 1155//
f 1265// 1155// 1254//
f 1254// 1155// 1147//
f 1254// 1147// 1242//
f 1242// 1147// 1146//
f 1159// 1090// 1157//
f 1157// 1090// 1074//
f 1157// 1074// 1155//
f 1155// 1074// 1061//
f 1155// 1061// 1147//
f 1147// 1061// 1050//
f 1147// 1050// 1146//
f 1146// 1050// 1042//
f 1242// 1350// 1254//
f 1254// 1350// 1366//
f 1254// 1366// 1265//
f 1265// 1366// 1388//
f 1265// 1388// 1275//
f 1275// 1388// 1391//
f 1275// 1391// 1277//
f 1277// 1391// 1393//
f 1242// 1212// 1350//
f 1350// 1212// 1315//
f 1350// 1315// 1675//
f 1675// 1315// 1629//
f 1675// 1629// 1663//
f 1801// 1817// 1841//
f 1801// 1841// 1833//
f 1833// 1841// 1850//
f 1833// 1850// 1838//
f 1838// 1850// 1842//
f 1838// 1842// 1834//
f 1834// 1842// 1819//
f 1834// 1819// 1802//
f 1802// 1819// 1736//
f 1802// 1736// 1694//
f 1694// 1736// 1675//
f 1694// 1675// 1663//
f 1835// 1694// 1658//
f 1658// 1694// 1663//
f 1658// 1663// 1632//
f 1632// 1663// 1629//
f 1941// 1812// 1801//
f 1801// 1812// 1693//
f 1801// 1693// 1690//
f 1834// 1981// 1998//
f 1959// 1981// 1923//
f 1923// 1981// 1834//
f 1923// 1834// 1835//
f 1835// 1834// 1802//
f 1835// 1802// 1694//
f 1801// 1833// 1941//
f 1941// 1833// 1838//
f 1941// 1838// 1970//
f 1970// 1838// 1834//
f 1970// 1834// 1999//
f 1999// 1834// 1998//
f 1544// 1547// 1690//
f 1690// 1547// 1817//
f 1690// 1817// 1801//
f 1657// 1608// 1690//
f 1690// 1608// 1605//
f 1690// 1605// 1544//
f 1544// 1605// 1493//
f 1544// 1493// 1481//
f 784// 786// 730//
f 1396// 1315// 1152//
f 1152// 1315// 1212//
f 1152// 1212// 1134//
f 1134// 1212// 1122//
f 1134// 1122// 1107//
f 1396// 1152// 1398//
f 1398// 1152// 1174//
f 1398// 1174// 1416//
f 1416// 1174// 1185//
f 1416// 1185// 1471//
f 1122// 980// 1107//
f 1107// 980// 919//
f 1107// 919// 795//
f 795// 919// 656//
f 795// 656// 786//
f 786// 656// 691//
f 786// 691// 730//
f 1396// 1400// 1315//
f 1315// 1400// 1418//
f 1315// 1418// 1629//
f 758// 1151// 770//
f 770// 1151// 863//
f 770// 863// 764//
f 764// 863// 826//
f 1493// 1471// 1481//
f 1481// 1471// 1185//
f 1481// 1185// 1395//
f 1395// 1185// 1173//
f 1395// 1173// 1215//
f 1215// 1173// 1151//
f 1215// 1151// 1164//
f 1164// 1151// 758//
f 1418// 1576// 1629//
f 1629// 1576// 1594//
f 1629// 1594// 1618//
f 1618// 1594// 1606//
f 1618// 1606// 1631//
f 1631// 1606// 1609//
f 1631// 1609// 1657//
f 1657// 1609// 1611//
f 1657// 1611// 1608//
f 826// 800// 764//
f 764// 800// 788//
f 764// 788// 730//
f 730// 788// 785//
f 730// 785// 784//
f 1654// 1656// 1627//
f 1656// 1658// 1632//
f 1656// 1632// 1627//
f 1627// 1632// 1629//
f 1627// 1629// 1614//
f 1629// 1618// 1614//
f 1614// 1618// 1631//
f 1614// 1631// 1626//
f 1626// 1631// 1657//
f 1626// 1657// 1655//
f 1655// 1657// 1691//
f 1691// 1657// 1690//
f 1691// 1690// 1693//
f 1650// 1652// 1623//
f 1623// 1652// 1654//
f 1693// 1812// 1691//
f 1691// 1812// 1814//
f 1691// 1814// 1815//
f 1654// 1627// 1623//
f 1623// 1627// 1614//
f 1623// 1614// 1612//
f 1612// 1614// 1626//
f 1612// 1626// 1622//
f 1622// 1626// 1655//
f 1622// 1655// 1649//
f 1649// 1655// 1691//
f 1649// 1691// 1689//
f 1689// 1691// 1815//
f 1689// 1815// 1813//
f 1620// 1648// 1650//
f 1650// 1623// 1620//
f 1620// 1623// 1612//
f 1620// 1612// 1610//
f 1610// 1612// 1622//
f 1610// 1622// 1619//
f 1619// 1622// 1649//
f 1619// 1649// 1646//
f 1646// 1649// 1689//
f 1646// 1689// 1685//
f 1685// 1689// 1813//
f 1685// 1813// 1811//
f 1827// 1829// 1648//
f 1648// 1829// 1650//
f 1650// 1829// 1652//
f 1652// 1829// 1830//
f 1652// 1830// 1654//
f 1830// 1831// 1654//
f 1654// 1831// 1832//
f 1654// 1832// 1656//
f 1656// 1832// 1835//
f 1656// 1835// 1658//
f 1829// 1827// 1902//
f 1831// 1830// 1911//
f 1957// 1958// 1911//
f 1962// 1959// 1923//
f 1960// 1961// 1916//
f 1916// 1961// 1962//
f 1962// 1923// 1916//
f 1916// 1923// 1835//
f 1916// 1835// 1832//
f 1832// 1831// 1916//
f 1916// 1831// 1911//
f 1916// 1911// 1960//
f 1960// 1911// 1958//
f 1830// 1829// 1911//
f 1911// 1829// 1902//
f 1911// 1902// 1957//
f 1957// 1902// 1956//
f 1992// 2002// 2006//
f 2008// 2003// 2007//
f 1984// 1981// 1959//
f 1959// 1962// 1984//
f 1984// 1962// 1961//
f 1984// 1961// 1986//
f 2002// 2008// 2006//
f 2006// 2008// 2007//
f 2006// 2007// 2004//
f 2004// 2007// 2005//
f 2004// 2005// 2000//
f 2000// 2005// 2001//
f 2000// 2001// 1998//
f 1998// 2001// 1999//
f 1998// 1981// 2000//
f 2000// 1981// 1984//
f 2000// 1984// 2004//
f 2004// 1984// 1986//
f 2004// 1986// 2006//
f 2006// 1986// 1985//
f 2006// 1985// 1992//
f 1992// 1985// 1983//
f 1961// 1960// 1986//
f 1986// 1960// 1958//
f 1986// 1958// 1985//
f 1985// 1958// 1957//
f 1985// 1957// 1983//
f 1983// 1957// 1956//
f 1941// 1970// 1944//
f 1944// 1970// 1972//
f 1944// 1972// 1945//
f 1945// 1972// 1977//
f 1945// 1977// 1942//
f 1942// 1977// 1975//
f 1942// 1975// 1940//
f 1940// 1975// 1971//
f 1970// 1999// 1972//
f 1972// 1999// 2001//
f 1972// 2001// 1977//
f 1977// 2001// 2005//
f 1977// 2005// 1975//
f 1975// 2005// 2007//
f 1975// 2007// 1971//
f 1971// 2007// 2003//
f 1935// 1891// 1914//
f 1935// 1914// 2018//
f 2018// 1914// 2134//
f 2018// 2134// 2133//
f 2133// 2134// 2139//
f 2139// 2134// 2146//
f 2139// 2146// 2145//
f 2145// 2146// 2152//
f 2145// 2152// 2153//
f 2153// 2152// 2159//
f 2153// 2159// 2170//
f 1914// 1891// 1906//
f 1906// 1891// 1884//
f 1906// 1884// 1903//
f 1903// 1884// 1880//
f 1903// 1880// 1899//
f 1899// 1880// 1875//
f 1899// 1875// 1896//
f 1915// 1910// 1912//
f 1912// 1910// 1908//
f 1908// 1910// 1900//
f 1900// 1910// 1909//
f 1900// 1909// 1898//
f 1895// 1898// 1897//
f 1892// 1889// 1890//
f 1890// 1889// 1888//
f 1888// 1889// 1883//
f 1890// 1895// 1892//
f 1892// 1895// 1897//
f 1892// 1897// 1889//
f 1889// 1897// 1893//
f 1901// 1896// 1894//
f 1909// 1905// 1898//
f 1898// 1905// 1901//
f 1898// 1901// 1897//
f 1897// 1901// 1894//
f 1897// 1894// 1893//
f 1910// 1915// 1921//
f 1913// 1909// 1910//
f 1899// 1896// 1901//
f 1906// 1903// 1907//
f 1907// 1903// 1899//
f 1907// 1899// 1904//
f 1904// 1899// 1901//
f 1904// 1901// 1905//
f 1921// 1922// 1910//
f 1910// 1922// 1924//
f 1910// 1924// 1913//
f 1913// 1924// 1925//
f 1913// 1925// 1918//
f 1918// 1925// 1920//
f 1918// 1920// 1917//
f 1914// 1906// 1917//
f 1917// 1906// 1907//
f 1917// 1907// 1918//
f 1918// 1907// 1904//
f 1918// 1904// 1913//
f 1913// 1904// 1905//
f 1913// 1905// 1909//
f 2161// 2160// 2147//
f 1924// 1922// 2138//
f 2166// 2165// 2163//
f 2183// 2169// 2168//
f 2138// 2137// 2150//
f 1921// 1919// 1934//
f 1921// 1934// 1922//
f 1922// 1934// 2138//
f 2138// 1934// 1949//
f 2138// 1949// 2137//
f 1914// 1917// 2135//
f 2147// 2146// 2134//
f 2146// 2147// 2152//
f 2152// 2147// 2160//
f 2152// 2160// 2159//
f 2171// 2170// 2159//
f 2177// 2176// 2173//
f 2182// 2181// 2175//
f 2175// 2181// 2179//
f 2161// 2162// 2164//
f 2183// 2172// 2169//
f 2169// 2172// 2161//
f 2169// 2161// 2168//
f 2168// 2161// 2167//
f 2168// 2167// 2183//
f 2183// 2167// 2163//
f 2171// 2159// 2173//
f 2173// 2159// 2160//
f 2173// 2160// 2177//
f 2177// 2160// 2161//
f 2177// 2161// 2179//
f 2179// 2161// 2172//
f 2179// 2172// 2175//
f 2175// 2172// 2183//
f 2175// 2183// 2182//
f 1924// 2138// 1925//
f 1925// 2138// 2136//
f 1925// 2136// 1920//
f 1917// 1920// 2135//
f 2135// 1920// 2136//
f 2135// 2136// 2148//
f 2148// 2136// 2138//
f 2148// 2138// 2149//
f 2149// 2138// 2150//
f 2149// 2150// 2163//
f 2163// 2167// 2166//
f 2166// 2167// 2161//
f 2166// 2161// 2165//
f 2165// 2161// 2164//
f 2165// 2164// 2163//
f 2163// 2164// 2162//
f 2163// 2162// 2149//
f 2149// 2162// 2161//
f 2149// 2161// 2148//
f 2148// 2161// 2147//
f 2148// 2147// 2135//
f 2135// 2147// 2134//
f 2135// 2134// 1914//
f 1969// 1951// 1940//
f 1940// 1951// 1949//
f 1940// 1949// 1934//
f 1940// 1971// 1969//
f 1969// 1971// 2003//
f 1969// 2003// 1990//
f 1996// 1990// 2003//
f 2003// 2008// 1996//
f 1996// 2008// 2002//
f 1996// 2002// 1987//
f 1987// 2002// 1992//
f 1987// 1992// 1982//
f 1982// 1992// 1983//
f 1982// 1983// 1968//
f 1968// 1983// 1964//
f 1964// 1983// 1956//
f 1964// 1956// 1955//
f 1955// 1956// 1926//
f 1926// 1956// 1902//
f 1926// 1902// 1836//
f 1836// 1902// 1827//
f 1836// 1827// 1826//
f 1836// 1826// 1950//
f 2121// 2122// 2120//
f 2124// 2125// 2123//
f 2123// 2125// 2129//
f 2025// 2111// 2114//
f 2114// 2111// 2116//
f 2025// 2023// 2020//
f 2020// 2023// 2010//
f 2020// 2010// 2009//
f 2009// 2010// 1953//
f 1953// 2010// 1947//
f 1953// 1947// 1873//
f 1873// 1947// 1782//
f 1873// 1782// 1774//
f 1826// 1798// 1795//
f 2014// 1995// 1950//
f 1950// 1995// 1943//
f 1950// 1943// 1836//
f 2129// 2126// 2123//
f 2123// 2126// 2026//
f 2123// 2026// 2014//
f 2011// 2114// 2115//
f 2115// 2114// 2116//
f 2115// 2116// 2121//
f 1795// 1794// 1826//
f 1826// 1794// 1948//
f 1826// 1948// 1950//
f 1950// 1948// 2013//
f 1950// 2013// 2014//
f 2014// 2013// 2120//
f 2014// 2120// 2123//
f 2123// 2120// 2122//
f 2123// 2122// 2124//
f 1793// 1787// 1946//
f 2121// 2120// 2115//
f 2115// 2120// 2013//
f 2115// 2013// 2011//
f 2011// 2013// 1948//
f 2011// 1948// 1946//
f 1946// 1948// 1794//
f 1946// 1794// 1793//
f 2025// 2114// 2023//
f 2023// 2114// 2011//
f 2023// 2011// 2010//
f 2010// 2011// 1946//
f 2010// 1946// 1947//
f 1947// 1946// 1787//
f 1947// 1787// 1782//
f 1791// 1794// 1796//
f 1796// 1794// 1795//
f 1796// 1795// 1798//
f 1782// 1787// 1791//
f 1791// 1787// 1793//
f 1791// 1793// 1794//
f 1770// 1774// 1782//
f 1757// 1762// 1763//
f 1763// 1762// 1768//
f 1763// 1768// 1771//
f 1771// 1768// 1770//
f 1771// 1770// 1781//
f 1781// 1770// 1782//
f 1796// 1792// 1791//
f 1791// 1792// 1788//
f 1791// 1788// 1780//
f 1780// 1788// 1779//
f 1780// 1779// 1772//
f 1782// 1791// 1781//
f 1781// 1791// 1780//
f 1781// 1780// 1771//
f 1771// 1780// 1772//
f 1771// 1772// 1763//
f 1763// 1772// 1767//
f 1763// 1767// 1757//
f 1755// 1756// 1764//
f 1748// 1750// 1758//
f 1758// 1750// 1753//
f 1758// 1753// 1754//
f 1754// 1755// 1758//
f 1758// 1755// 1764//
f 1758// 1764// 1775//
f 1775// 1764// 1778//
f 1775// 1778// 1784//
f 1784// 1778// 1779//
f 1784// 1779// 1785//
f 1785// 1779// 1788//
f 1785// 1788// 1792//
f 1756// 1757// 1764//
f 1764// 1757// 1767//
f 1764// 1767// 1778//
f 1778// 1767// 1772//
f 1778// 1772// 1779//
f 1720// 1717// 1633//
f 1758// 1775// 1648//
f 1648// 1775// 1784//
f 1648// 1796// 1827//
f 1827// 1796// 1798//
f 1827// 1798// 1826//
f 1790// 1746// 1786//
f 1786// 1746// 1732//
f 1786// 1732// 1633//
f 1633// 1732// 1724//
f 1633// 1724// 1720//
f 1784// 1785// 1648//
f 1648// 1785// 1792//
f 1648// 1792// 1796//
f 1717// 1710// 1633//
f 1633// 1710// 1707//
f 1633// 1707// 1705//
f 1705// 1704// 1633//
f 1633// 1704// 1702//
f 1633// 1702// 1648//
f 1648// 1702// 1748//
f 1648// 1748// 1758//
f 1837// 1828// 1848//
f 1848// 1828// 1816//
f 1848// 1816// 1786//
f 1786// 1816// 1809//
f 1786// 1809// 1790//
f 1837// 1848// 1855//
f 1855// 1848// 1937//
f 1855// 1937// 1938//
f 2053// 2045// 2040//
f 2038// 2039// 2036//
f 1816// 1933// 1931//
f 1931// 1933// 1997//
f 1931// 1997// 1994//
f 1994// 1997// 2024//
f 1994// 2024// 2022//
f 2022// 2024// 2041//
f 2022// 2041// 2031//
f 2031// 2041// 2078//
f 2031// 2078// 2050//
f 2050// 2078// 2083//
f 2050// 2083// 2069//
f 1766// 1790// 1809//
f 1766// 1809// 1930//
f 1790// 1766// 1746//
f 1746// 1766// 1730//
f 1746// 1730// 1732//
f 1765// 1729// 1728//
f 1735// 1733// 1776//
f 1735// 1776// 1852//
f 1852// 1776// 1932//
f 1852// 1932// 1939//
f 1939// 1932// 1952//
f 1952// 1932// 1989//
f 1952// 1989// 1993//
f 1993// 1989// 2012//
f 2012// 1989// 2016//
f 2012// 2016// 2015//
f 2015// 2016// 2027//
f 2027// 2016// 2029//
f 2027// 2029// 2037//
f 2039// 2044// 2036//
f 2036// 2044// 2037//
f 2036// 2037// 2033//
f 2033// 2037// 2029//
f 2035// 2045// 2038//
f 2053// 2040// 2060//
f 2083// 2084// 2069//
f 2069// 2084// 2074//
f 2069// 2074// 2060//
f 2060// 2040// 2069//
f 2069// 2040// 2034//
f 2069// 2034// 2050//
f 2050// 2034// 2030//
f 2050// 2030// 2031//
f 2031// 2030// 2019//
f 2031// 2019// 2022//
f 2022// 2019// 1991//
f 2022// 1991// 1994//
f 1994// 1991// 1930//
f 1994// 1930// 1931//
f 1931// 1930// 1809//
f 1931// 1809// 1816//
f 2045// 2035// 2040//
f 2040// 2035// 2032//
f 2040// 2032// 2034//
f 2034// 2032// 2028//
f 2034// 2028// 2030//
f 2030// 2028// 2017//
f 2030// 2017// 2019//
f 2019// 2017// 1988//
f 2019// 1988// 1991//
f 1991// 1988// 1929//
f 1991// 1929// 1930//
f 1930// 1929// 1765//
f 1930// 1765// 1766//
f 1766// 1765// 1728//
f 1766// 1728// 1730//
f 2038// 2036// 2035//
f 2035// 2036// 2033//
f 2035// 2033// 2032//
f 2032// 2033// 2029//
f 2032// 2029// 2028//
f 2028// 2029// 2016//
f 2028// 2016// 2017//
f 2017// 2016// 1989//
f 2017// 1989// 1988//
f 1988// 1989// 1932//
f 1988// 1932// 1929//
f 1929// 1932// 1776//
f 1929// 1776// 1765//
f 1765// 1776// 1733//
f 1765// 1733// 1729//
f 2037// 2044// 2049//
f 2073// 2087// 2027//
f 2037// 2049// 2027//
f 2027// 2049// 2061//
f 2027// 2061// 2073//
f 2087// 2095// 2027//
f 2027// 2095// 2103//
f 2027// 2103// 2109//
f 2109// 2113// 2027//
f 2027// 2113// 2111//
f 2027// 2111// 2015//
f 2015// 2111// 2025//
f 2015// 2025// 2012//
f 2012// 2025// 2020//
f 2012// 2020// 1993//
f 1993// 2020// 2009//
f 1993// 2009// 1952//
f 1952// 2009// 1953//
f 1774// 1735// 1873//
f 1873// 1735// 1852//
f 1873// 1852// 1953//
f 1953// 1852// 1939//
f 1953// 1939// 1952//
f 2101// 2104// 2108//
f 2104// 2101// 2097//
f 2080// 2081// 2090//
f 2063// 2071// 2070//
f 2048// 2051// 2058//
f 2065// 2057// 2068//
f 2044// 2047// 2054//
f 2044// 2054// 2049//
f 2049// 2054// 2066//
f 2049// 2066// 2061//
f 2061// 2066// 2075//
f 2061// 2075// 2073//
f 2073// 2075// 2085//
f 2073// 2085// 2087//
f 2087// 2085// 2096//
f 2087// 2096// 2095//
f 2113// 2109// 2112//
f 2112// 2109// 2103//
f 2112// 2103// 2105//
f 2118// 2121// 2116//
f 2125// 2124// 2119//
f 2119// 2124// 2122//
f 2129// 2125// 2128//
f 2128// 2125// 2119//
f 2128// 2119// 2117//
f 2119// 2110// 2117//
f 2117// 2110// 2107//
f 2117// 2107// 2106//
f 2093// 2099// 2098//
f 2098// 2099// 2106//
f 2098// 2106// 2102//
f 2102// 2106// 2107//
f 2094// 2068// 2089//
f 2089// 2068// 2076//
f 2089// 2076// 2082//
f 2062// 2052// 2055//
f 2122// 2121// 2119//
f 2119// 2121// 2118//
f 2119// 2118// 2110//
f 2110// 2118// 2108//
f 2110// 2108// 2107//
f 2107// 2108// 2104//
f 2107// 2104// 2102//
f 2102// 2104// 2097//
f 2102// 2097// 2098//
f 2051// 2052// 2058//
f 2058// 2052// 2062//
f 2058// 2062// 2067//
f 2077// 2067// 2070//
f 2070// 2067// 2062//
f 2070// 2062// 2063//
f 2063// 2062// 2055//
f 2063// 2055// 2056//
f 2056// 2064// 2063//
f 2063// 2064// 2072//
f 2063// 2072// 2071//
f 2071// 2072// 2081//
f 2071// 2081// 2070//
f 2070// 2081// 2080//
f 2070// 2080// 2077//
f 2077// 2080// 2090//
f 2077// 2090// 2088//
f 2103// 2095// 2105//
f 2105// 2095// 2096//
f 2105// 2096// 2100//
f 2100// 2096// 2085//
f 2056// 2057// 2064//
f 2064// 2057// 2065//
f 2064// 2065// 2072//
f 2072// 2065// 2068//
f 2072// 2068// 2081//
f 2081// 2068// 2094//
f 2081// 2094// 2090//
f 2090// 2094// 2100//
f 2090// 2100// 2088//
f 2088// 2100// 2085//
f 2088// 2085// 2077//
f 2077// 2085// 2075//
f 2077// 2075// 2067//
f 2067// 2075// 2066//
f 2067// 2066// 2058//
f 2058// 2066// 2054//
f 2058// 2054// 2048//
f 2048// 2054// 2047//
f 2048// 2047// 2046//
f 2046// 2047// 2044//
f 2046// 2044// 2043//
f 2043// 2044// 2042//
f 2111// 2113// 2116//
f 2116// 2113// 2112//
f 2116// 2112// 2118//
f 2118// 2112// 2105//
f 2118// 2105// 2108//
f 2108// 2105// 2100//
f 2108// 2100// 2101//
f 2101// 2100// 2094//
f 2101// 2094// 2097//
f 2097// 2094// 2089//
f 2097// 2089// 2098//
f 2098// 2089// 2082//
f 2098// 2082// 2093//
f 2190// 2189// 2163//
f 2189// 2188// 2163//
f 2163// 2188// 2187//
f 2163// 2187// 2183//
f 2183// 2187// 2185//
f 2183// 2185// 2184//
f 2150// 2231// 2163//
f 2163// 2231// 2216//
f 2163// 2216// 2190//
f 2014// 2026// 2266//
f 2266// 2026// 2126//
f 2209// 2263// 2265//
f 2129// 2209// 2126//
f 2126// 2209// 2265//
f 2126// 2265// 2266//
f 2014// 2266// 1995//
f 1995// 2266// 2267//
f 1995// 2267// 1943//
f 1969// 2137// 1951//
f 1951// 2137// 1949//
f 1969// 1990// 2137//
f 2137// 1990// 2277//
f 2137// 2277// 2150//
f 2150// 2277// 2244//
f 2150// 2244// 2231//
f 1836// 1943// 1926//
f 1926// 1943// 2267//
f 1926// 2267// 1955//
f 1955// 2267// 1964//
f 1990// 1996// 2277//
f 2277// 1996// 1987//
f 2277// 1987// 2268//
f 2268// 1987// 1982//
f 2268// 1982// 2267//
f 2267// 1982// 1968//
f 2267// 1968// 1964//
f 2214// 2213// 2201//
f 2201// 2213// 2200//
f 2198// 2194// 2195//
f 2192// 2189// 2190//
f 2187// 2188// 2191//
f 2191// 2188// 2189//
f 2189// 2192// 2191//
f 2191// 2192// 2197//
f 2191// 2197// 2196//
f 2196// 2197// 2211//
f 2196// 2211// 2210//
f 2210// 2211// 2225//
f 2210// 2225// 2224//
f 2224// 2225// 2238//
f 2224// 2238// 2237//
f 2237// 2238// 2249//
f 2237// 2249// 2248//
f 2248// 2249// 2271//
f 2248// 2271// 2270//
f 2275// 2274// 2253//
f 2253// 2274// 2252//
f 2253// 2252// 2241//
f 2220// 2221// 2228//
f 2228// 2221// 2229//
f 2228// 2229// 2241//
f 2241// 2229// 2242//
f 2241// 2242// 2253//
f 2274// 2273// 2252//
f 2252// 2273// 2251//
f 2252// 2251// 2241//
f 2241// 2251// 2240//
f 2241// 2240// 2228//
f 2228// 2240// 2227//
f 2228// 2227// 2220//
f 2220// 2227// 2213//
f 2220// 2213// 2217//
f 2217// 2213// 2214//
f 2273// 2272// 2251//
f 2251// 2272// 2250//
f 2251// 2250// 2240//
f 2240// 2250// 2239//
f 2240// 2239// 2227//
f 2227// 2239// 2226//
f 2227// 2226// 2213//
f 2213// 2226// 2212//
f 2213// 2212// 2200//
f 2200// 2212// 2198//
f 2200// 2198// 2199//
f 2199// 2198// 2195//
f 2272// 2271// 2250//
f 2250// 2271// 2249//
f 2250// 2249// 2239//
f 2239// 2249// 2238//
f 2239// 2238// 2226//
f 2226// 2238// 2225//
f 2226// 2225// 2212//
f 2212// 2225// 2211//
f 2212// 2211// 2198//
f 2198// 2211// 2197//
f 2198// 2197// 2194//
f 2194// 2197// 2192//
f 2194// 2192// 2193//
f 2193// 2192// 2190//
f 2229// 2230// 2242//
f 2242// 2230// 2243//
f 2242// 2243// 2253//
f 2253// 2243// 2276//
f 2253// 2276// 2275//
f 2193// 2190// 2216//
f 2221// 2232// 2229//
f 2229// 2232// 2230//
f 2245// 2278// 2243//
f 2243// 2278// 2276//
f 2279// 2278// 2247//
f 2247// 2278// 2245//
f 2247// 2245// 2234//
f 2244// 2277// 2280//
f 2280// 2246// 2244//
f 2244// 2246// 2233//
f 2244// 2233// 2231//
f 2231// 2233// 2218//
f 2231// 2218// 2216//
f 2201// 2200// 2218//
f 2200// 2199// 2218//
f 2218// 2199// 2195//
f 2218// 2195// 2216//
f 2216// 2195// 2194//
f 2216// 2194// 2193//
f 2219// 2217// 2214//
f 2243// 2230// 2245//
f 2245// 2230// 2232//
f 2245// 2232// 2234//
f 2234// 2232// 2221//
f 2234// 2221// 2219//
f 2219// 2221// 2220//
f 2219// 2220// 2217//
f 2280// 2279// 2246//
f 2246// 2279// 2247//
f 2246// 2247// 2233//
f 2233// 2247// 2234//
f 2233// 2234// 2218//
f 2218// 2234// 2219//
f 2218// 2219// 2201//
f 2201// 2219// 2214//
f 2279// 2280// 2277//
f 2273// 2274// 2272//
f 2272// 2274// 2275//
f 2276// 2270// 2275//
f 2275// 2270// 2271//
f 2275// 2271// 2272//
f 2260// 2259// 2261//
f 2261// 2259// 2257//
f 2267// 2266// 2264//
f 2264// 2266// 2265//
f 2264// 2265// 2262//
f 2262// 2265// 2263//
f 2262// 2263// 2258//
f 2258// 2263// 2261//
f 2258// 2261// 2255//
f 2267// 2264// 2268//
f 2268// 2264// 2269//
f 2268// 2269// 2277//
f 2277// 2269// 2270//
f 2277// 2270// 2279//
f 2279// 2270// 2276//
f 2279// 2276// 2278//
f 2257// 2256// 2261//
f 2261// 2256// 2254//
f 2261// 2254// 2255//
f 2224// 2237// 2223//
f 2154// 2157// 2223//
f 2223// 2157// 2174//
f 2223// 2174// 2180//
f 2180// 2185// 2187//
f 2187// 2191// 2180//
f 2180// 2191// 2196//
f 2180// 2196// 2223//
f 2223// 2196// 2210//
f 2223// 2210// 2224//
f 1978// 1963// 2186//
f 2186// 1963// 2223//
f 2127// 2140// 2223//
f 2127// 2223// 2021//
f 2021// 2223// 1963//
f 2021// 1963// 1936//
f 2140// 2141// 2223//
f 2223// 2141// 2151//
f 2223// 2151// 2154//
f 1837// 1933// 1828//
f 1828// 1933// 1816//
f 1938// 1965// 2178//
f 2178// 1965// 2186//
f 2186// 1965// 1967//
f 2186// 1967// 1976//
f 1976// 1979// 2186//
f 2186// 1979// 1980//
f 2186// 1980// 1978//
f 1837// 1855// 1933//
f 1933// 1855// 1938//
f 1933// 1938// 1997//
f 1997// 1938// 2178//
f 1997// 2178// 2024//
f 2078// 2041// 2207//
f 2083// 2203// 2084//
f 2084// 2203// 2202//
f 2084// 2202// 2086//
f 2086// 2202// 2091//
f 2091// 2202// 2204//
f 2091// 2204// 2092//
f 2092// 2204// 2205//
f 2092// 2205// 2099//
f 2099// 2205// 2206//
f 2099// 2206// 2106//
f 2106// 2206// 2208//
f 2106// 2208// 2117//
f 2209// 2129// 2208//
f 2208// 2129// 2128//
f 2208// 2128// 2117//
f 2262// 2258// 2203//
f 2203// 2258// 2255//
f 2203// 2255// 2202//
f 2202// 2255// 2254//
f 2202// 2254// 2204//
f 2207// 2215// 2235//
f 2235// 2215// 2222//
f 2235// 2222// 2236//
f 2083// 2078// 2203//
f 2203// 2078// 2207//
f 2203// 2207// 2262//
f 2262// 2207// 2235//
f 2262// 2235// 2264//
f 2264// 2235// 2236//
f 2264// 2236// 2269//
f 2269// 2236// 2248//
f 2269// 2248// 2270//
f 2041// 2024// 2207//
f 2207// 2024// 2178//
f 2207// 2178// 2215//
f 2215// 2178// 2186//
f 2215// 2186// 2222//
f 2222// 2186// 2223//
f 2222// 2223// 2236//
f 2236// 2223// 2237//
f 2236// 2237// 2248//
f 2263// 2209// 2261//
f 2261// 2209// 2208//
f 2261// 2208// 2260//
f 2260// 2208// 2206//
f 2260// 2206// 2259//
f 2259// 2206// 2205//
f 2259// 2205// 2257//
f 2257// 2205// 2204//
f 2257// 2204// 2256//
f 2256// 2204// 2254//
f 1928// 1874// 1877//
f 2021// 1936// 1928//
f 2185// 2180// 2184//
f 2184// 2180// 2183//
f 2180// 2174// 2183//
f 2183// 2174// 2157//
f 2183// 2157// 2182//
f 2182// 2157// 2156//
f 2182// 2156// 2181//
f 2155// 2176// 2158//
f 2158// 2176// 2177//
f 2158// 2177// 2179//
f 2155// 2153// 2170//
f 2170// 2171// 2155//
f 2155// 2171// 2173//
f 2155// 2173// 2176//
f 2139// 2145// 2144//
f 2133// 2132// 2018//
f 2018// 2132// 1935//
f 1891// 1935// 1887//
f 1887// 1935// 2132//
f 1887// 2132// 1886//
f 1886// 2132// 2131//
f 1877// 1878// 2131//
f 2131// 1878// 1882//
f 2131// 1882// 1886//
f 1877// 2130// 1928//
f 1928// 2130// 2127//
f 1928// 2127// 2021//
f 2145// 2153// 2144//
f 2144// 2153// 2155//
f 2144// 2155// 2143//
f 2143// 2155// 2158//
f 2143// 2158// 2156//
f 2156// 2158// 2179//
f 2156// 2179// 2181//
f 1877// 2131// 2130//
f 2130// 2131// 2142//
f 2130// 2142// 2127//
f 2127// 2142// 2141//
f 2127// 2141// 2140//
f 2133// 2139// 2132//
f 2132// 2139// 2144//
f 2132// 2144// 2131//
f 2131// 2144// 2143//
f 2131// 2143// 2142//
f 2142// 2143// 2156//
f 2142// 2156// 2141//
f 2141// 2156// 2157//
f 2141// 2157// 2151//
f 2151// 2157// 2154//
f 1865// 1867// 1872//
f 1876// 1868// 1866//
f 1874// 1868// 1877//
f 1877// 1868// 1876//
f 1877// 1876// 1878//
f 1891// 1887// 1885//
f 1885// 1887// 1886//
f 1885// 1886// 1876//
f 1876// 1886// 1882//
f 1876// 1882// 1878//
f 1869// 1875// 1871//
f 1871// 1875// 1880//
f 1871// 1880// 1879//
f 1879// 1881// 1871//
f 1871// 1881// 1872//
f 1871// 1872// 1869//
f 1869// 1872// 1867//
f 1880// 1884// 1879//
f 1879// 1884// 1891//
f 1879// 1891// 1881//
f 1881// 1891// 1885//
f 1881// 1885// 1872//
f 1872// 1885// 1876//
f 1872// 1876// 1865//
f 1865// 1876// 1866//
f 1862// 1870// 1864//
f 1867// 1860// 1864//
f 1853// 1854// 1856//
f 1856// 1854// 1857//
f 1856// 1857// 1859//
f 1867// 1864// 1869//
f 1869// 1864// 1870//
f 1869// 1870// 1875//
f 1859// 1862// 1856//
f 1856// 1862// 1864//
f 1856// 1864// 1858//
f 1858// 1864// 1860//
f 1858// 1860// 1861//
f 1861// 1860// 1867//
f 1861// 1867// 1863//
f 1863// 1867// 1865//
f 1863// 1865// 1866//
f 1889// 1862// 1859//
f 1889// 1859// 1857//
f 1889// 1857// 1883//
f 1883// 1857// 1854//
f 1883// 1854// 1853//
f 1889// 1893// 1862//
f 1862// 1893// 1894//
f 1862// 1894// 1870//
f 1870// 1894// 1896//
f 1870// 1896// 1875//
f 1811// 1908// 1900//
f 1928// 1927// 1874//
f 1874// 1927// 1740//
f 1934// 1919// 1940//
f 1940// 1919// 1915//
f 1940// 1915// 1811//
f 1811// 1915// 1912//
f 1811// 1912// 1908//
f 1900// 1898// 1811//
f 1811// 1898// 1895//
f 1811// 1895// 1890//
f 1890// 1888// 1811//
f 1811// 1888// 1883//
f 1811// 1883// 1740//
f 1740// 1883// 1853//
f 1740// 1853// 1856//
f 1856// 1858// 1740//
f 1740// 1858// 1861//
f 1740// 1861// 1863//
f 1863// 1866// 1740//
f 1740// 1866// 1868//
f 1740// 1868// 1874//
f 1648// 1620// 1633//
f 1633// 1620// 1604//
f 1604// 1620// 1599//
f 1599// 1620// 1610//
f 1599// 1610// 1590//
f 1590// 1610// 1619//
f 1590// 1619// 1603//
f 1603// 1619// 1646//
f 1603// 1646// 1630//
f 1630// 1646// 1647//
f 1647// 1646// 1685//
f 1647// 1685// 1670//
f 1670// 1685// 1811//
f 1670// 1811// 1740//
f 1647// 1503// 1458//
f 1353// 1298// 1554//
f 1554// 1298// 1599//
f 1554// 1599// 1566//
f 1566// 1599// 1590//
f 1458// 1579// 1647//
f 1647// 1579// 1597//
f 1647// 1597// 1630//
f 1630// 1597// 1602//
f 1630// 1602// 1603//
f 1603// 1602// 1598//
f 1603// 1598// 1590//
f 1590// 1598// 1580//
f 1590// 1580// 1566//
f 1458// 1503// 1491//
f 1458// 1491// 1451//
f 1451// 1491// 1488//
f 1451// 1488// 1446//
f 1446// 1488// 1487//
f 1446// 1487// 1445//
f 1445// 1487// 1494//
f 1445// 1494// 1450//
f 1465// 1450// 1519//
f 1519// 1450// 1494//
f 1505// 1528// 1526//
f 1522// 1528// 1505//
f 1514// 1516// 1505//
f 1533// 1532// 1530//
f 1533// 1531// 1535//
f 1515// 1520// 1525//
f 1525// 1520// 1534//
f 1525// 1534// 1527//
f 1527// 1534// 1529//
f 1529// 1534// 1535//
f 1529// 1535// 1523//
f 1523// 1535// 1531//
f 1523// 1531// 1519//
f 1532// 1533// 1538//
f 1517// 1518// 1522//
f 1514// 1517// 1516//
f 1516// 1517// 1522//
f 1516// 1522// 1505//
f 1506// 1514// 1505//
f 1502// 1506// 1505//
f 1512// 1521// 1524//
f 1524// 1521// 1526//
f 1524// 1526// 1536//
f 1536// 1526// 1528//
f 1536// 1528// 1538//
f 1538// 1528// 1522//
f 1538// 1522// 1532//
f 1532// 1522// 1518//
f 1532// 1518// 1530//
f 1515// 1499// 1520//
f 1520// 1499// 1501//
f 1520// 1501// 1507//
f 1533// 1535// 1538//
f 1538// 1535// 1534//
f 1538// 1534// 1536//
f 1536// 1534// 1520//
f 1536// 1520// 1524//
f 1524// 1520// 1507//
f 1524// 1507// 1512//
f 1521// 1505// 1526//
f 1512// 1510// 1521//
f 1521// 1510// 1505//
f 1465// 1519// 1467//
f 1467// 1519// 1531//
f 1467// 1531// 1469//
f 1469// 1531// 1470//
f 1470// 1531// 1533//
f 1470// 1533// 1468//
f 1533// 1530// 1468//
f 1468// 1530// 1518//
f 1468// 1518// 1464//
f 1464// 1518// 1517//
f 1502// 1457// 1506//
f 1506// 1457// 1464//
f 1506// 1464// 1514//
f 1514// 1464// 1517//
f 1428// 1442// 1443//
f 1438// 1442// 1428//
f 1454// 1459// 1463//
f 1464// 1462// 1468//
f 1468// 1462// 1466//
f 1468// 1466// 1470//
f 1470// 1466// 1469//
f 1469// 1466// 1463//
f 1469// 1463// 1467//
f 1467// 1463// 1459//
f 1467// 1459// 1465//
f 1434// 1439// 1447//
f 1447// 1439// 1454//
f 1447// 1454// 1453//
f 1428// 1426// 1427//
f 1442// 1456// 1443//
f 1443// 1456// 1452//
f 1443// 1452// 1441//
f 1441// 1452// 1437//
f 1431// 1438// 1428//
f 1428// 1427// 1431//
f 1431// 1427// 1434//
f 1431// 1434// 1438//
f 1438// 1434// 1447//
f 1438// 1447// 1442//
f 1442// 1447// 1453//
f 1442// 1453// 1456//
f 1424// 1426// 1428//
f 1464// 1457// 1462//
f 1462// 1457// 1455//
f 1462// 1455// 1448//
f 1454// 1463// 1453//
f 1453// 1463// 1466//
f 1453// 1466// 1456//
f 1456// 1466// 1462//
f 1456// 1462// 1452//
f 1452// 1462// 1448//
f 1452// 1448// 1437//
f 1441// 1428// 1443//
f 1437// 1432// 1441//
f 1441// 1432// 1428//
f 1424// 1409// 1426//
f 1426// 1409// 1427//
f 1427// 1409// 1434//
f 1434// 1409// 1422//
f 1434// 1422// 1439//
f 1439// 1422// 1435//
f 1439// 1435// 1454//
f 1454// 1435// 1459//
f 1459// 1435// 1450//
f 1459// 1450// 1465//
f 1450// 1435// 1429//
f 1435// 1422// 1414//
f 1422// 1409// 1404//
f 1422// 1404// 1414//
f 1414// 1404// 1405//
f 1414// 1405// 1415//
f 1415// 1405// 1410//
f 1415// 1410// 1423//
f 1410// 1425// 1423//
f 1423// 1425// 1433//
f 1423// 1433// 1440//
f 1435// 1414// 1429//
f 1429// 1414// 1415//
f 1429// 1415// 1430//
f 1430// 1415// 1423//
f 1430// 1423// 1436//
f 1436// 1423// 1440//
f 1436// 1440// 1449//
f 1450// 1429// 1445//
f 1445// 1429// 1430//
f 1445// 1430// 1446//
f 1446// 1430// 1436//
f 1446// 1436// 1451//
f 1451// 1436// 1449//
f 1451// 1449// 1458//
f 1425// 1570// 1572//
f 1425// 1572// 1433//
f 1433// 1572// 1574//
f 1433// 1574// 1440//
f 1440// 1574// 1577//
f 1440// 1577// 1449//
f 1449// 1577// 1579//
f 1449// 1579// 1458//
f 1579// 1577// 1592//
f 1558// 1557// 1565//
f 1577// 1574// 1587//
f 1556// 1559// 1564//
f 1574// 1572// 1584//
f 1572// 1570// 1581//
f 1572// 1581// 1584//
f 1584// 1581// 1586//
f 1584// 1586// 1589//
f 1589// 1586// 1582//
f 1589// 1582// 1585//
f 1585// 1582// 1571//
f 1585// 1571// 1573//
f 1573// 1571// 1562//
f 1573// 1562// 1563//
f 1563// 1562// 1553//
f 1563// 1553// 1555//
f 1574// 1584// 1587//
f 1587// 1584// 1589//
f 1587// 1589// 1595//
f 1595// 1589// 1585//
f 1595// 1585// 1588//
f 1588// 1585// 1573//
f 1588// 1573// 1575//
f 1575// 1573// 1563//
f 1575// 1563// 1564//
f 1564// 1563// 1555//
f 1564// 1555// 1556//
f 1577// 1587// 1592//
f 1592// 1587// 1595//
f 1592// 1595// 1600//
f 1600// 1595// 1588//
f 1600// 1588// 1593//
f 1593// 1588// 1575//
f 1593// 1575// 1578//
f 1578// 1575// 1564//
f 1578// 1564// 1565//
f 1565// 1564// 1559//
f 1565// 1559// 1558//
f 1579// 1592// 1597//
f 1597// 1592// 1600//
f 1597// 1600// 1602//
f 1602// 1600// 1593//
f 1602// 1593// 1598//
f 1598// 1593// 1578//
f 1598// 1578// 1580//
f 1580// 1578// 1565//
f 1580// 1565// 1566//
f 1566// 1565// 1557//
f 1566// 1557// 1554//
f 1353// 1554// 1359//
f 1359// 1554// 1557//
f 1359// 1557// 1361//
f 1361// 1557// 1558//
f 1361// 1558// 1363//
f 1363// 1558// 1559//
f 1363// 1559// 1358//
f 1358// 1559// 1556//
f 1358// 1556// 1354//
f 1354// 1556// 1555//
f 1354// 1555// 1349//
f 1349// 1555// 1553//
f 1334// 1329// 1333//
f 1335// 1343// 1363//
f 1349// 1332// 1354//
f 1354// 1332// 1335//
f 1354// 1335// 1358//
f 1358// 1335// 1363//
f 1333// 1338// 1334//
f 1334// 1338// 1341//
f 1334// 1341// 1337//
f 1339// 1353// 1344//
f 1344// 1353// 1359//
f 1344// 1359// 1343//
f 1343// 1359// 1361//
f 1343// 1361// 1363//
f 1332// 1329// 1335//
f 1335// 1329// 1334//
f 1335// 1334// 1343//
f 1343// 1334// 1337//
f 1343// 1337// 1344//
f 1344// 1337// 1340//
f 1344// 1340// 1339//
f 1339// 1340// 1336//
f 1341// 1345// 1337//
f 1337// 1345// 1347//
f 1337// 1347// 1340//
f 1340// 1347// 1346//
f 1340// 1346// 1336//
f 1336// 1346// 1342//
f 1370// 1342// 1374//
f 1374// 1342// 1346//
f 1374// 1346// 1379//
f 1379// 1346// 1347//
f 1379// 1347// 1377//
f 1377// 1347// 1345//
f 1377// 1345// 1368//
f 1333// 1348// 1338//
f 1338// 1348// 1368//
f 1338// 1368// 1341//
f 1341// 1368// 1345//
f 1355// 1378// 1376//
f 1373// 1378// 1355//
f 1364// 1365// 1355//
f 1384// 1383// 1380//
f 1384// 1381// 1386//
f 1371// 1385// 1368//
f 1368// 1385// 1377//
f 1377// 1385// 1379//
f 1379// 1385// 1386//
f 1379// 1386// 1374//
f 1374// 1386// 1381//
f 1374// 1381// 1370//
f 1383// 1384// 1389//
f 1367// 1369// 1373//
f 1364// 1367// 1365//
f 1365// 1367// 1373//
f 1365// 1373// 1355//
f 1356// 1364// 1355//
f 1352// 1356// 1355//
f 1362// 1372// 1375//
f 1375// 1372// 1376//
f 1375// 1376// 1387//
f 1387// 1376// 1378//
f 1387// 1378// 1389//
f 1389// 1378// 1373//
f 1389// 1373// 1383//
f 1383// 1373// 1369//
f 1383// 1369// 1380//
f 1368// 1348// 1371//
f 1371// 1348// 1351//
f 1371// 1351// 1357//
f 1384// 1386// 1389//
f 1389// 1386// 1385//
f 1389// 1385// 1387//
f 1387// 1385// 1371//
f 1387// 1371// 1375//
f 1375// 1371// 1357//
f 1375// 1357// 1362//
f 1372// 1355// 1376//
f 1362// 1360// 1372//
f 1372// 1360// 1355//
f 1307// 1370// 1311//
f 1311// 1370// 1381//
f 1311// 1381// 1313//
f 1313// 1381// 1314//
f 1314// 1381// 1384//
f 1314// 1384// 1312//
f 1384// 1380// 1312//
f 1312// 1380// 1369//
f 1312// 1369// 1306//
f 1306// 1369// 1367//
f 1352// 1297// 1356//
f 1356// 1297// 1306//
f 1356// 1306// 1364//
f 1364// 1306// 1367//
f 1245// 1271// 1274//
f 1263// 1271// 1245//
f 1292// 1300// 1305//
f 1306// 1304// 1312//
f 1312// 1304// 1308//
f 1312// 1308// 1314//
f 1314// 1308// 1313//
f 1313// 1308// 1305//
f 1313// 1305// 1311//
f 1311// 1305// 1300//
f 1311// 1300// 1307//
f 1257// 1266// 1281//
f 1281// 1266// 1292//
f 1281// 1292// 1291//
f 1245// 1243// 1244//
f 1290// 1282// 1267//
f 1271// 1296// 1274//
f 1274// 1296// 1290//
f 1274// 1290// 1270//
f 1270// 1290// 1267//
f 1253// 1263// 1245//
f 1245// 1244// 1253//
f 1253// 1244// 1257//
f 1253// 1257// 1263//
f 1263// 1257// 1281//
f 1263// 1281// 1271//
f 1271// 1281// 1291//
f 1271// 1291// 1296//
f 1238// 1243// 1245//
f 1306// 1297// 1304//
f 1304// 1297// 1293//
f 1304// 1293// 1287//
f 1292// 1305// 1291//
f 1291// 1305// 1308//
f 1291// 1308// 1296//
f 1296// 1308// 1304//
f 1296// 1304// 1290//
f 1290// 1304// 1287//
f 1290// 1287// 1282//
f 1270// 1245// 1274//
f 1267// 1249// 1270//
f 1270// 1249// 1245//
f 1243// 1238// 1233//
f 1307// 1300// 1285//
f 1285// 1300// 1261//
f 1300// 1292// 1261//
f 1261// 1292// 1266//
f 1261// 1266// 1237//
f 1237// 1266// 1257//
f 1237// 1257// 1233//
f 1233// 1257// 1244//
f 1233// 1244// 1243//
f 1230// 1239// 1250//
f 1230// 1250// 1235//
f 1233// 1227// 1237//
f 1237// 1227// 1234//
f 1237// 1234// 1261//
f 1261// 1234// 1247//
f 1261// 1247// 1285//
f 1227// 1230// 1234//
f 1234// 1230// 1235//
f 1234// 1235// 1247//
f 1247// 1235// 1255//
f 1250// 1256// 1235//
f 1235// 1256// 1269//
f 1235// 1269// 1255//
f 1255// 1269// 1283//
f 1255// 1283// 1288//
f 1285// 1247// 1273//
f 1273// 1247// 1255//
f 1273// 1255// 1280//
f 1280// 1255// 1288//
f 1280// 1288// 1298//
f 1599// 1298// 1288//
f 1642// 1599// 1639//
f 1639// 1599// 1288//
f 1639// 1288// 1637//
f 1288// 1283// 1637//
f 1637// 1283// 1269//
f 1637// 1269// 1636//
f 1636// 1269// 1256//
f 1636// 1256// 1635//
f 1256// 1250// 1635//
f 1635// 1250// 1239//
f 1635// 1239// 1634//
f 1621// 1634// 1166//
f 1166// 1634// 1239//
f 1239// 1230// 1166//
f 1166// 1230// 1227//
f 1166// 1227// 1220//
f 1220// 1227// 1233//
f 1220// 1233// 1238//
f 1682// 1698// 1769//
f 1682// 1769// 1737//
f 1737// 1769// 1807//
f 1737// 1807// 1759//
f 1759// 1807// 1804//
f 1759// 1804// 1751//
f 1751// 1804// 1745//
f 1751// 1745// 1709//
f 1709// 1745// 1684//
f 1709// 1684// 1679//
f 1679// 1684// 1661//
f 1679// 1661// 1645//
f 1645// 1661// 1634//
f 1645// 1634// 1621//
f 1698// 1700// 1777//
f 1700// 1701// 1773//
f 1642// 1665// 1666//
f 1666// 1665// 1688//
f 1666// 1688// 1686//
f 1686// 1688// 1747//
f 1686// 1747// 1744//
f 1744// 1747// 1805//
f 1744// 1805// 1800//
f 1800// 1805// 1808//
f 1800// 1808// 1803//
f 1803// 1808// 1773//
f 1803// 1773// 1761//
f 1761// 1773// 1701//
f 1761// 1701// 1699//
f 1700// 1773// 1777//
f 1777// 1773// 1808//
f 1777// 1808// 1810//
f 1810// 1808// 1805//
f 1810// 1805// 1806//
f 1806// 1805// 1747//
f 1806// 1747// 1749//
f 1749// 1747// 1688//
f 1749// 1688// 1687//
f 1687// 1688// 1665//
f 1687// 1665// 1664//
f 1642// 1639// 1665//
f 1665// 1639// 1637//
f 1665// 1637// 1664//
f 1664// 1637// 1636//
f 1664// 1636// 1635//
f 1698// 1777// 1769//
f 1769// 1777// 1810//
f 1769// 1810// 1807//
f 1807// 1810// 1806//
f 1807// 1806// 1804//
f 1804// 1806// 1749//
f 1804// 1749// 1745//
f 1745// 1749// 1687//
f 1745// 1687// 1684//
f 1684// 1687// 1664//
f 1684// 1664// 1661//
f 1661// 1664// 1635//
f 1661// 1635// 1634//
f 1604// 1599// 1633//
f 1633// 1599// 1642//
f 1633// 1642// 1786//
f 1647// 1670// 1699//
f 1699// 1670// 1740//
f 1699// 1740// 1761//
f 1761// 1740// 1927//
f 1761// 1927// 1803//
f 1803// 1927// 1800//
f 1642// 1666// 1786//
f 1786// 1666// 1686//
f 1786// 1686// 1848//
f 1848// 1686// 1744//
f 1848// 1744// 1937//
f 1966// 1937// 1974//
f 1974// 1937// 1744//
f 1974// 1744// 1973//
f 1973// 1744// 1800//
f 1973// 1800// 1954//
f 1954// 1800// 1927//
f 1647// 1699// 1701//
f 1509// 1503// 1647//
f 1509// 1647// 1511//
f 1511// 1647// 1701//
f 1511// 1701// 1513//
f 1513// 1701// 1700//
f 1513// 1700// 1508//
f 1508// 1700// 1504//
f 1504// 1700// 1698//
f 1504// 1698// 1500//
f 1488// 1491// 1496//
f 1486// 1495// 1513//
f 1500// 1483// 1504//
f 1504// 1483// 1486//
f 1504// 1486// 1508//
f 1508// 1486// 1513//
f 1491// 1503// 1496//
f 1496// 1503// 1509//
f 1496// 1509// 1495//
f 1495// 1509// 1511//
f 1495// 1511// 1513//
f 1487// 1488// 1492//
f 1492// 1488// 1496//
f 1492// 1496// 1489//
f 1489// 1496// 1495//
f 1489// 1495// 1485//
f 1485// 1495// 1486//
f 1485// 1486// 1482//
f 1482// 1486// 1483//
f 1482// 1484// 1485//
f 1485// 1484// 1490//
f 1485// 1490// 1489//
f 1489// 1490// 1497//
f 1489// 1497// 1492//
f 1492// 1497// 1498//
f 1492// 1498// 1487//
f 1487// 1498// 1494//
f 1484// 1499// 1515//
f 1484// 1515// 1490//
f 1490// 1515// 1525//
f 1490// 1525// 1497//
f 1497// 1525// 1527//
f 1497// 1527// 1498//
f 1519// 1494// 1523//
f 1523// 1494// 1498//
f 1523// 1498// 1529//
f 1529// 1498// 1527//
f 1698// 1682// 1500//
f 1500// 1682// 1397//
f 1500// 1397// 1483//
f 1483// 1397// 1482//
f 1482// 1397// 1484//
f 1484// 1397// 1472//
f 1484// 1472// 1499//
f 1510// 1476// 1505//
f 1505// 1476// 1473//
f 1505// 1473// 1502//
f 1499// 1472// 1501//
f 1501// 1472// 1474//
f 1501// 1474// 1507//
f 1507// 1474// 1475//
f 1507// 1475// 1512//
f 1512// 1475// 1478//
f 1512// 1478// 1510//
f 1510// 1478// 1477//
f 1510// 1477// 1476//
f 1472// 1406// 1474//
f 1474// 1406// 1411//
f 1474// 1411// 1475//
f 1475// 1411// 1412//
f 1407// 1477// 1412//
f 1412// 1477// 1478//
f 1412// 1478// 1475//
f 1403// 1473// 1407//
f 1407// 1473// 1476//
f 1407// 1476// 1477//
f 1184// 1317// 1181//
f 1181// 1317// 1319//
f 1181// 1319// 1177//
f 1177// 1319// 1320//
f 1177// 1320// 1172//
f 1172// 1320// 1318//
f 1172// 1318// 1168//
f 1168// 1318// 1316//
f 1317// 1403// 1319//
f 1319// 1403// 1407//
f 1319// 1407// 1320//
f 1320// 1407// 1412//
f 1320// 1412// 1318//
f 1318// 1412// 1411//
f 1318// 1411// 1316//
f 1316// 1411// 1406//
f 1168// 1123// 1172//
f 1172// 1123// 1128//
f 1172// 1128// 1177//
f 1177// 1128// 1130//
f 1177// 1130// 1181//
f 1181// 1130// 1129//
f 1181// 1129// 1184//
f 1184// 1129// 1126//
f 1919// 1921// 1915//
f 621// 669// 651//
f 621// 651// 605//
f 605// 651// 643//
f 605// 643// 585//
f 585// 643// 628//
f 585// 628// 552//
f 552// 628// 624//
f 552// 624// 544//
f 544// 624// 629//
f 544// 629// 551//
f 551// 629// 641//
f 551// 641// 580//
f 584// 644// 649//
f 584// 649// 604//
f 604// 649// 652//
f 604// 652// 616//
f 616// 652// 665//
f 616// 665// 620//
f 620// 665// 668//
f 620// 668// 631//
f 631// 668// 671//
f 631// 671// 634//
f 634// 671// 675//
f 634// 675// 637//
f 637// 675// 681//
f 637// 681// 639//
f 639// 681// 684//
f 639// 684// 638//
f 638// 684// 683//
f 638// 683// 635//
f 670// 623// 673//
f 673// 623// 635//
f 673// 635// 676//
f 676// 635// 683//
f 576// 570// 577//
f 577// 570// 564//
f 577// 564// 573//
f 573// 564// 557//
f 573// 557// 568//
f 568// 557// 555//
f 568// 555// 559//
f 588// 582// 583//
f 583// 582// 579//
f 579// 582// 574//
f 574// 582// 569//
f 574// 569// 572//
f 572// 569// 562//
f 562// 569// 565//
f 562// 565// 561//
f 559// 566// 569//
f 569// 566// 567//
f 569// 567// 565//
f 559// 569// 568//
f 568// 569// 582//
f 568// 582// 573//
f 573// 582// 588//
f 573// 588// 577//
f 577// 588// 586//
f 577// 586// 576//
f 402// 400// 405//
f 1138// 1039// 1149//
f 1149// 1039// 1081//
f 1216// 1156// 1204//
f 1204// 1156// 1143//
f 1204// 1143// 1183//
f 1183// 1143// 1120//
f 1183// 1120// 1150//
f 1150// 1120// 1084//
f 1150// 1084// 1139//
f 1139// 1084// 1041//
f 1139// 1041// 1135//
f 1135// 1041// 1027//
f 1135// 1027// 1138//
f 1138// 1027// 1039//
