v -0.14971368 0.11764573 -0.10303805
v -0.14970115 0.11754838 -0.10316961
v -0.14970016 0.11770353 -0.10299028
v -0.14967559 0.11776437 -0.10295497
v -0.1496544 0.11746743 -0.10333151
v -0.14959893 0.11742841 -0.1034572
v -0.14958686 0.11790217 -0.1029228
v -0.14951171 0.11743922 -0.10357077
v -0.14945309 0.1174676 -0.1036225
v -0.1494077 0.11749852 -0.10365215
v -0.14930534 0.11759622 -0.10368644
v -0.14674044 0.12046093 -0.10405961
v -0.14463519 0.12365109 -0.10338884
v -0.14393911 0.12441405 -0.10350696
v -0.14217328 0.1263061 -0.10385731
v -0.14052409 0.12677349 -0.10569843
v -0.14048183 0.12796764 -0.10436855
v -0.13946469 0.12778129 -0.10605692
v -0.13937865 0.12889601 -0.10488291
v -0.13918298 0.10609825 -0.09489578
v -0.13913645 0.10606088 -0.095004112
v -0.1390602 0.10605721 -0.095104381
v -0.13896711 0.1060878 -0.095179692
v -0.13886651 0.10614942 -0.095222712
v -0.13880317 0.10620326 -0.095229611
v -0.13838562 0.12948684 -0.10563108
v -0.13816762 0.12915763 -0.10632994
v -0.13808599 0.12955752 -0.10598218
v -0.13807395 0.12929684 -0.10630326
v -0.13803026 0.12937969 -0.10626996
v -0.13801673 0.12952639 -0.10611866
v -0.13800509 0.12949824 -0.10616826
v -0.13800408 0.12946822 -0.10620469
v -0.12869102 0.094998434 -0.086320817
v -0.12867844 0.09494403 -0.086409695
v -0.12867187 0.095085464 -0.086228468
v -0.12862746 0.095168173 -0.086174026
v -0.12855092 0.095262371 -0.086144991
v -0.12803474 0.094244711 -0.086029977
v -0.12798809 0.094207332 -0.086138673
v -0.12791179 0.094204098 -0.086239383
v -0.12781881 0.094235495 -0.086315081
v -0.12771851 0.094298206 -0.086358324
v -0.12765549 0.094352804 -0.086365238
v -0.11486631 0.092976138 -0.081126302
v -0.10941112 0.098566391 -0.082505494
v -0.10683975 0.072016269 -0.069189481
v -0.10682736 0.071963467 -0.069276676
v -0.10682182 0.072100639 -0.069098242
v -0.10682036 0.071956038 -0.069271185
v -0.1067795 0.072181076 -0.069043376
v -0.10670601 0.072273426 -0.069012098
v -0.10553466 0.070603184 -0.06839674
v -0.10545798 0.070599981 -0.068497561
v -0.10536449 0.070631474 -0.06857311
v -0.10526369 0.070694305 -0.068615913
v -0.10520042 0.070748977 -0.068622388
v -0.088658765 0.058945268 -0.057621434
v -0.085934617 0.049195159 -0.052623764
v -0.085659847 0.048887495 -0.052402664
v -0.085386992 0.048581801 -0.052183062
v -0.085369945 0.048647277 -0.052112065
v -0.085328534 0.048723936 -0.052055798
v -0.085256599 0.048812479 -0.052020993
v -0.083564393 0.046535738 -0.050715372
v -0.083495148 0.046534546 -0.050801959
v -0.083399877 0.046565041 -0.05087642
v -0.083296955 0.046626538 -0.050917432
v -0.083232306 0.046680201 -0.050922431
v -0.082901172 0.06558913 -0.058210742
v -0.079258613 0.041678231 -0.047244035
v -0.077024482 0.039148256 -0.045442123
v -0.076921955 0.071716368 -0.059722427
v -0.073864527 0.075935364 -0.059230518
v -0.073065728 0.076462694 -0.059771739
v -0.073054731 0.075496309 -0.060913339
v -0.072714493 0.034258634 -0.041968703
v -0.072626986 0.034287967 -0.042035107
v -0.072523914 0.034042362 -0.041815281
v -0.072523333 0.034349252 -0.04207547
v -0.072458237 0.034402743 -0.042079896
v -0.07233604 0.07673797 -0.060506586
v -0.07228259 0.076421365 -0.060952704
v -0.072241195 0.076723129 -0.060661063
v -0.072212599 0.076564744 -0.060886927
v -0.072199009 0.07666564 -0.06078906
v -0.068568334 0.029559437 -0.038637094
v -0.067287013 0.028113106 -0.037611652
v -0.067169279 0.028180765 -0.037660427
v -0.067104027 0.028234238 -0.037664607
v -0.064751029 0.025277335 -0.035596941
v -0.063112773 0.023495005 -0.03431455
v -0.062627867 0.022986 -0.033939585
v -0.062247749 0.022609185 -0.033651073
v -0.055813961 0.016674774 -0.028875919
v -0.055770487 0.016654141 -0.0288484
v -0.055642907 0.016643582 -0.028779849
v -0.054530598 0.016869886 -0.028325243
v -0.054445241 0.016887253 -0.028290357
v -0.054226838 0.017111909 -0.028377907
v -0.053127311 0.01715539 -0.027751714
v -0.052353565 0.017312814 -0.02743548
v -0.051407769 0.01748612 -0.027059712
v -0.050936032 0.038202126 -0.035295177
v -0.050483864 0.017891428 -0.026545163
v -0.048897602 0.018028671 -0.026538176
v -0.048637513 0.017865501 -0.025944611
v -0.048522025 0.017877253 -0.025896851
v -0.048487969 0.017880082 -0.025884112
v -0.048455801 0.018179167 -0.025655601
v -0.047435116 0.018274993 -0.025203327
v -0.047307286 0.018284759 -0.025146445
v -0.047243349 0.018289458 -0.025117975
v -0.047211379 0.01829176 -0.025103733
v -0.047179405 0.018294035 -0.025089486
v -0.0469235 0.018311124 -0.024975337
v -0.046411183 0.018339485 -0.024746122
v -0.046410698 0.018451558 -0.024758724
v -0.046394259 0.018219057 -0.024771487
v -0.046364632 0.018124899 -0.024827901
v -0.046320949 0.018052312 -0.024917882
v -0.046271242 0.017971659 -0.025294142
v -0.046231873 0.018027779 -0.025397608
v -0.046192635 0.018188624 -0.02550696
v -0.046170577 0.017967923 -0.025228782
v -0.044432797 0.04486635 -0.036939356
v -0.043345284 0.018149758 -0.024351379
v -0.042651117 0.017900882 -0.023543868
v -0.039867751 0.017765936 -0.021931155
v -0.037628852 0.01746395 -0.021821575
v -0.036788788 0.017402651 -0.0202557
v -0.036779415 0.017524093 -0.020222703
v -0.036776695 0.017300839 -0.020323589
v -0.036752857 0.017635373 -0.020228811
v -0.036746908 0.01723085 -0.020413896
v -0.03665331 0.017030977 -0.020836435
v -0.036564041 0.016986804 -0.020935383
v -0.036478255 0.016990241 -0.021024156
v -0.036420599 0.017043218 -0.021120949
v -0.036341235 0.01719938 -0.021215564
v -0.031402986 0.015792469 -0.018778842
v -0.031163169 0.015446085 -0.018120792
v -0.027657945 0.014257263 -0.015492268
v -0.027653268 0.014351781 -0.015422383
v -0.027635826 0.014181866 -0.015593143
v -0.027621454 0.014469219 -0.015380949
v -0.027572088 0.014574954 -0.015379822
v -0.027346563 0.013840398 -0.016082596
v -0.02730532 0.013806001 -0.01618691
v -0.027242716 0.013809896 -0.016296053
v -0.027172627 0.013852874 -0.01638482
v -0.027061353 0.013988103 -0.016467469
v -0.025908532 0.013404486 -0.015816813
v -0.025846126 0.013073907 -0.015232558
v -0.023157183 0.015561006 -0.013204902
v -0.023149667 0.015501648 -0.013324179
v -0.023113143 0.015616701 -0.01309192
v -0.023024252 0.015660252 -0.01300243
v -0.022982772 0.015212573 -0.013902326
v -0.022919867 0.016686557 -0.013850295
v -0.022904044 0.015685031 -0.012950057
v -0.022656765 0.017304363 -0.013932123
v -0.022645848 0.01725686 -0.014056345
v -0.022622414 0.017326301 -0.013805058
v -0.022589441 0.014531306 -0.015264864
v -0.022579024 0.016926954 -0.014463316
v -0.022574853 0.012824274 -0.011668433
v -0.02256546 0.012756084 -0.01178275
v -0.022564381 0.014923671 -0.015443007
v -0.022551168 0.014465015 -0.015397444
v -0.022548025 0.017319331 -0.013694494
v -0.022547811 0.012848482 -0.012776312
v -0.022536164 0.012905119 -0.01156957
v -0.022455283 0.012986311 -0.011501212
v -0.022444924 0.017284514 -0.013617262
v -0.022344522 0.013055489 -0.011473767
v -0.022138076 0.012102132 -0.013983103
v -0.022108829 0.016286882 -0.015950024
v -0.022060979 0.018028144 -0.014273149
v -0.022058886 0.016200392 -0.016123023
v -0.02196696 0.011719451 -0.013856015
v -0.021959972 0.017852932 -0.01462335
v -0.021949302 0.016546141 -0.016025402
v -0.021423167 0.018369721 -0.014647036
v -0.021344708 0.032622002 -0.021991892
v -0.021321056 0.018696502 -0.014242606
v -0.02131257 0.018691482 -0.01410953
v -0.02130417 0.010820373 -0.011493961
v -0.021301057 0.018658463 -0.014368938
v -0.021276889 0.018644169 -0.013989967
v -0.021276401 0.032467537 -0.021883702
v -0.021247538 0.033400577 -0.02256527
v -0.021219447 0.018561764 -0.013902122
v -0.021214638 0.010724767 -0.011421895
v -0.021176796 0.03369157 -0.02279048
v -0.021170124 0.032443859 -0.021907195
v -0.021163911 0.033388931 -0.022564841
v -0.021158705 0.029282674 -0.01979853
v -0.021128774 0.033381846 -0.022567624
v -0.021111988 0.032420017 -0.021935394
v -0.021087822 0.032326892 -0.021900745
v -0.021073626 0.010344634 -0.012832912
v -0.021073403 0.0099830711 -0.012256144
v -0.021068731 0.033362925 -0.022581752
v -0.021018649 0.0333401 -0.02260321
v -0.020940296 0.03328573 -0.022662427
v -0.02092782 0.030197635 -0.020666163
v -0.020892475 0.029860415 -0.020404603
v -0.020889124 0.033213168 -0.022751933
v -0.020860767 0.010646392 -0.010084677
v -0.020852147 0.029668655 -0.020330621
v -0.020845842 0.010571173 -0.010193884
v -0.020845324 0.031730641 -0.023995141
v -0.020837829 0.01074725 -0.010000368
v -0.020807991 0.033630561 -0.023093585
v -0.020780522 0.010858397 -0.0099537931
v -0.020768914 0.031739891 -0.023971219
v -0.020766828 0.017709302 -0.01625374
v -0.020748505 0.034317799 -0.023540836
v -0.020721184 0.034357656 -0.023602542
v -0.020712527 0.017615277 -0.016441805
v -0.020697571 0.010962908 -0.0099520423
v -0.020667303 0.034258712 -0.023620412
v -0.020665446 0.03177207 -0.023903158
v -0.020662505 0.027377063 -0.018626744
v -0.020654151 0.018867169 -0.014588248
v -0.020643812 0.034157082 -0.023651768
v -0.02061791 0.034954641 -0.024320735
v -0.020617889 0.010176352 -0.01098353
v -0.020613177 0.031805053 -0.023838418
v -0.02060852 0.01780729 -0.016260343
v -0.020598516 0.031728178 -0.023746831
v -0.020580279 0.030367669 -0.022719599
v -0.020543685 0.034051809 -0.025074312
v -0.020542599 0.034833912 -0.024224212
v -0.020515859 0.034753576 -0.024180401
v -0.02047766 0.03464618 -0.024172762
v -0.020477165 0.034052983 -0.025040308
v -0.02046694 0.034536999 -0.024177879
v -0.020465776 0.027419116 -0.018666599
v -0.020447789 0.033349592 -0.024350125
v -0.020446952 0.034992509 -0.024529979
v -0.020422263 0.035093341 -0.024767032
v -0.02041946 0.02891927 -0.021829573
v -0.020412084 0.034669381 -0.025191521
v -0.020401327 0.027416935 -0.018705513
v -0.020396812 0.034904428 -0.024497857
v -0.020390168 0.034066085 -0.024960717
v -0.020379554 0.034853667 -0.024484815
v -0.020370761 0.0350332 -0.024714649
v -0.020368883 0.034799919 -0.024474809
v -0.02036573 0.034692824 -0.024464404
v -0.020365564 0.034743998 -0.024468346
v -0.020365421 0.034843098 -0.025163706
v -0.020357922 0.034666765 -0.025151683
v -0.020348022 0.034082636 -0.02489117
v -0.020346928 0.035063535 -0.024939563
v -0.020341897 0.034921758 -0.025123274
v -0.020338655 0.034933042 -0.025114948
v -0.020329937 0.034735344 -0.024565373
v -0.020329798 0.034952033 -0.024674155
v -0.020327942 0.035022069 -0.0250168
v -0.020327494 0.027334452 -0.018702781
v -0.020326573 0.03503095 -0.024820706
v -0.020326404 0.035006855 -0.025038421
v -0.020320764 0.034835417 -0.025122313
v -0.020319771 0.034114979 -0.024780037
v -0.020316528 0.034905184 -0.024655962
v -0.020312179 0.035029009 -0.024913233
v -0.020309223 0.034855183 -0.024640514
v -0.020308584 0.03480266 -0.024628509
v -0.020308189 0.034829173 -0.024634134
v -0.020304658 0.03490578 -0.0250852
v -0.020292088 0.034957942 -0.02477381
v -0.020290501 0.034665823 -0.025068782
v -0.020281669 0.034776457 -0.024703423
v -0.020278009 0.034821514 -0.024716107
v -0.02027683 0.034870107 -0.024732172
v -0.020276768 0.03484612 -0.024723757
v -0.02027661 0.034858204 -0.024727855
v -0.020275747 0.034965441 -0.024971684
v -0.020274894 0.034887977 -0.025042569
v -0.020274678 0.034973323 -0.02487633
v -0.020268673 0.0095714964 -0.012193246
v -0.020268261 0.034882966 -0.02503052
v -0.02026717 0.034821574 -0.025042064
v -0.020266248 0.034783222 -0.024748707
v -0.020261679 0.034941122 -0.024857728
v -0.020261668 0.034825124 -0.024764111
v -0.020260125 0.034667544 -0.025000507
v -0.020259846 0.034847949 -0.024773287
v -0.020259362 0.034859098 -0.024778157
v -0.020259248 0.034864597 -0.024780678
v -0.020259229 0.034870036 -0.024783259
v -0.020258179 0.034699664 -0.024793418
v -0.020258158 0.034784328 -0.024773009
v -0.020256503 0.034872483 -0.025005227
v -0.020252913 0.034823686 -0.024790451
v -0.020252636 0.034783524 -0.024789959
v -0.020251546 0.034903295 -0.024838105
v -0.020250697 0.034845013 -0.024800787
v -0.020250205 0.034790371 -0.024798516
v -0.020249998 0.034855388 -0.024806246
v -0.020249773 0.034860488 -0.024809062
v -0.020249695 0.03486301 -0.024810493
v -0.020249637 0.034865521 -0.024811942
v -0.020249166 0.034797326 -0.024801467
v -0.020248184 0.034821078 -0.02480497
v -0.020247342 0.0095345415 -0.012267149
v -0.020247135 0.034820214 -0.024808235
v -0.020246638 0.034863032 -0.024821196
v -0.020246523 0.034833174 -0.024811784
v -0.020246523 0.034860414 -0.024820274
v -0.020246429 0.03485778 -0.024819368
v -0.020246312 0.034841802 -0.024814291
v -0.020246293 0.03485107 -0.024817156
v -0.020244459 0.034811251 -0.024978608
v -0.020244429 0.034896407 -0.024872601
v -0.02024379 0.034673274 -0.024894577
v -0.020236885 0.034809843 -0.02485393
v -0.020235267 0.034835894 -0.024916904
v -0.020235067 0.03479638 -0.02488227
v -0.020196036 0.026661694 -0.020908283
v -0.02013688 0.026983479 -0.018666869
v -0.020122016 0.026692353 -0.020896407
v -0.020022357 0.026755719 -0.02084554
v -0.019982146 0.025647683 -0.017550463
v -0.01997257 0.026806278 -0.020790271
v -0.019954434 0.026966864 -0.020597987
v -0.019940402 0.026892085 -0.020696284
v -0.019766858 0.019193027 -0.014428289
v -0.019710505 0.0090957955 -0.010406087
v -0.019709673 0.0090687033 -0.010439697
v -0.019699438 0.0090852212 -0.010399867
v -0.019695919 0.0090241721 -0.010511986
v -0.01969186 0.0091825826 -0.01032776
v -0.019664884 0.0092434464 -0.010291963
v -0.019639088 0.0092878575 -0.010274256
v -0.019634033 0.0092956582 -0.010271865
v -0.019618079 0.0091384407 -0.010286758
v -0.019596541 0.0089685367 -0.01045548
v -0.01959181 0.0093529252 -0.010261362
v -0.019586133 0.0089865103 -0.010405391
v -0.019566063 0.0089603374 -0.010442582
v -0.019557385 0.0093244705 -0.010240846
v -0.01954685 0.019184057 -0.013730432
v -0.019541975 0.019289646 -0.01381188
v -0.019537529 0.019316904 -0.013847072
v -0.019529209 0.0090237465 -0.010326252
v -0.019528441 0.0092995362 -0.010228129
v -0.019524824 0.019356614 -0.013926018
v -0.019519189 0.0091847163 -0.010233792
v -0.01951744 0.0091794822 -0.010234719
v -0.019508699 0.0086998977 -0.011160536
v -0.019507796 0.019374475 -0.01401182
v -0.019498011 0.019374769 -0.014055472
v -0.019492608 0.0091120349 -0.010255385
v -0.019478584 0.009255155 -0.010212636
v -0.019465616 0.019341342 -0.014180532
v -0.019464763 0.0086635612 -0.011265021
v -0.019462679 0.0090451036 -0.010295779
v -0.019444637 0.0086587444 -0.011298636
v -0.019444117 0.0089565814 -0.010405501
v -0.019421449 0.008637974 -0.011270528
v -0.01941888 0.019260397 -0.014342425
v -0.019411577 0.008962743 -0.010399188
v -0.019395432 0.0086606424 -0.011364365
v -0.019395143 0.0091773206 -0.010202661
v -0.019383369 0.0086154565 -0.011199352
v -0.019382613 0.0089711705 -0.010388175
v -0.019378843 0.008636063 -0.011091132
v -0.01937476 0.0090409834 -0.010286926
v -0.01936106 0.0086207883 -0.011118749
v -0.01935797 0.008632266 -0.011083207
v -0.01934549 0.0091291554 -0.010205022
v -0.019343598 0.0086764265 -0.011417002
v -0.019336062 0.0089788157 -0.010368747
v -0.019313419 0.0090973843 -0.010209498
v -0.019311398 0.0086916033 -0.011443235
v -0.019296415 0.0090399133 -0.010252382
v -0.019296225 0.0086323693 -0.011362144
v -0.019267792 0.0089767342 -0.010336317
v -0.019240512 0.0085994229 -0.011258006
v -0.019238746 0.0090217013 -0.010227602
v -0.019237667 0.008739749 -0.011487176
v -0.019224435 0.0090069575 -0.010232148
v -0.019224357 0.0086384686 -0.011047738
v -0.019207871 0.0086072246 -0.011140075
v -0.019191412 0.00860635 -0.011164729
v -0.019173849 0.0086486479 -0.011033468
v -0.019168939 0.0086183427 -0.011285825
v -0.019167956 0.0086875455 -0.011421346
v -0.019159395 0.0086696595 -0.011393571
v -0.019159077 0.0086816326 -0.011409659
v -0.019143747 0.0089228116 -0.010262311
v -0.019141108 0.0086701531 -0.011383823
v -0.019138008 0.0086162686 -0.011149964
v -0.019112084 0.0086528165 -0.011336691
v -0.019106288 0.0086294301 -0.011269258
v -0.019077685 0.0086463531 -0.010997646
v -0.019067451 0.0086295232 -0.011249123
v -0.019054385 0.0086412039 -0.0109871
v -0.019012779 0.0086267525 -0.0109661
v -0.019005893 0.0086051943 -0.011093385
v -0.018973682 0.008605768 -0.010943294
v -0.018951412 0.0085896775 -0.010928579
v -0.018906474 0.018372878 -0.016117459
v -0.018867116 0.018304709 -0.016253797
v -0.018392775 0.02341727 -0.018315785
v -0.018280728 0.023260249 -0.016269192
v -0.017849267 0.022174504 -0.015223808
v -0.017758353 0.022373589 -0.017603014
v -0.017742027 0.022217292 -0.015272832
v -0.017709624 0.02183477 -0.01500468
v -0.01770957 0.022309393 -0.015403952
v -0.017681003 0.022228451 -0.015319495
v -0.01764111 0.021544626 -0.017544501
v -0.017576665 0.021591263 -0.017541116
v -0.017491303 0.021676557 -0.017503457
v -0.01748283 0.021848559 -0.017471869
v -0.017449666 0.021738632 -0.017456215
v -0.016914556 0.0097961696 -0.0066969804
v -0.016914451 0.0098857656 -0.0065442938
v -0.016914297 0.01169631 -0.0076469756
v -0.016914194 0.011764692 -0.0074836831
v -0.016846646 0.019217785 -0.013491001
v -0.016828667 0.0099824555 -0.006423329
v -0.016828418 0.011803421 -0.0073337401
v -0.016680187 0.010060331 -0.0063664964
v -0.01667995 0.011802125 -0.007237325
v -0.016628539 0.019012958 -0.012802438
v -0.016572556 0.0092038084 -0.0078817029
v -0.016572297 0.011103949 -0.0088316984
v -0.016554834 0.01914203 -0.012898605
v -0.01647797 0.019196838 -0.013048367
v -0.016418539 0.019162694 -0.013211593
v -0.016293786 0.018256357 -0.015415788
v -0.016166616 0.0069005527 -0.0068103438
v -0.016155185 0.0067938655 -0.0069511542
v -0.016147174 0.0069699432 -0.0067576389
v -0.016112346 0.0070439386 -0.0067218244
v -0.016006917 0.0071856016 -0.0067093135
v -0.015913283 0.009219327 -0.011253315
v -0.015911948 0.0092938701 -0.011092747
v -0.015897693 0.0083758812 -0.0054958388
v -0.015896989 0.013509201 -0.0080622956
v -0.015886316 0.0082692392 -0.0056366874
v -0.015885606 0.013460516 -0.0082321214
v -0.015878182 0.0084452191 -0.0054430878
v -0.01584327 0.0085191457 -0.0054072146
v -0.01584259 0.013494119 -0.0078945048
v -0.015822802 0.0093494309 -0.010950247
v -0.015820041 0.018126061 -0.015284858
v -0.015737636 0.0086606415 -0.0053945608
v -0.015736984 0.013419313 -0.007773709
v -0.015716374 0.0077111977 -0.010244953
v -0.0157155 0.0076187858 -0.01039595
v -0.015689906 0.019914854 -0.013861937
v -0.015681852 0.019648897 -0.015609814
v -0.01566973 0.0093711261 -0.010863999
v -0.015633261 0.007815579 -0.010128605
v -0.015571284 0.0086269649 -0.012438037
v -0.015556685 0.0057572331 -0.0090244189
v -0.015544316 0.007676878 -0.0068214103
v -0.015543606 0.012868155 -0.0094168438
v -0.01548843 0.0079039624 -0.01007808
v -0.015373501 0.0070264242 -0.011580672
v -0.015334179 0.010885256 -0.011721653
v -0.015328989 0.010828682 -0.011889321
v -0.015262854 0.01089173 -0.011559754
v -0.015134128 0.010846367 -0.011447005
v -0.015126088 0.017919628 -0.01494485
v -0.014986989 0.010236321 -0.013074044
v -0.014786192 0.0064507071 -0.009346188
v -0.014774815 0.0063440651 -0.0094870366
v -0.01473177 0.006593971 -0.0092575634
v -0.014626135 0.0067354674 -0.0092449095
v -0.014533829 0.018350929 -0.012348915
v -0.014432816 0.0057517034 -0.010671759
v -0.014402629 0.017600512 -0.014590926
v -0.014350609 0.009144011 -0.012344182
v -0.01415203 0.017784983 -0.011473544
v -0.014148804 0.011325965 -0.0062685665
v -0.014135397 0.014651854 -0.0081250947
v -0.014135337 0.014601525 -0.0079553667
v -0.014104124 0.014616071 -0.0082956292
v -0.014103959 0.014478572 -0.0078319246
v -0.01409936 0.010925829 -0.0060542249
v -0.014097497 0.012170164 -0.012007107
v -0.014078346 0.012128097 -0.012177999
v -0.014064319 0.012137003 -0.011836403
v -0.01402369 0.017886965 -0.011540394
v -0.014002731 0.011728304 -0.0064275684
v -0.013987704 0.012037499 -0.011711626
v -0.013987641 0.017371045 -0.014362131
v -0.013961687 0.017913891 -0.011598716
v -0.013957854 0.0061479779 -0.0056518959
v -0.013957739 0.0059819752 -0.0057134074
v -0.013926718 0.0063205366 -0.0056762793
v -0.013926403 0.00586701 -0.0058443327
v -0.013906829 0.017921939 -0.011668693
v -0.01389032 0.0095934225 -0.012436014
v -0.013883273 0.017918663 -0.011706584
v -0.013864188 0.010607149 -0.0058269971
v -0.013856039 0.0063118651 -0.0056515406
v -0.013832759 0.017880538 -0.011824064
v -0.013811973 0.017844528 -0.011896074
v -0.013762124 0.014023709 -0.0094803516
v -0.013736346 0.011535736 -0.013362722
v -0.013690069 0.012053158 -0.0064997375
v -0.013602883 0.017124344 -0.014122698
v -0.013435453 0.0098657012 -0.0073070456
v -0.013418882 0.010421003 -0.0056053754
v -0.013327902 0.0048303776 -0.0079175979
v -0.013272747 0.012236185 -0.0064707808
v -0.013240454 0.016854635 -0.013875873
v -0.01323426 0.016843906 -0.013897329
v -0.013021818 0.016942706 -0.013712419
v -0.012989253 0.016781675 -0.013718188
v -0.012955945 0.016855305 -0.013679171
v -0.01290465 0.010480322 -0.0054865885
v -0.012871557 0.01708873 -0.011239226
v -0.012866138 0.017084364 -0.01123549
v -0.012861078 0.017097495 -0.011244903
v -0.012833421 0.012241137 -0.0063464339
v -0.012787031 0.01701612 -0.011201162
v -0.01278308 0.0171494 -0.011302119
v -0.012769653 0.016475715 -0.013549458
v -0.012764126 0.017158339 -0.011320153
v -0.012763986 0.017011968 -0.011204234
v -0.012762331 0.01699337 -0.011196912
v -0.012751454 0.0086809788 -0.0096764918
v -0.012750035 0.017145228 -0.01130832
v -0.012731013 0.017170006 -0.011356089
v -0.012719872 0.016953347 -0.011193704
v -0.012658731 0.017171886 -0.011461015
v -0.012658143 0.017036658 -0.011265391
v -0.012656038 0.016923174 -0.011215691
v -0.012654033 0.016981898 -0.011242415
v -0.012649307 0.017155975 -0.011423339
v -0.01264748 0.016882727 -0.011198914
v -0.012612057 0.017134899 -0.01157166
v -0.012609805 0.0086603388 -0.011599819
v -0.012609722 0.016963499 -0.011272221
v -0.012587566 0.017113855 -0.011554067
v -0.012583654 0.017078409 -0.011392669
v -0.012566328 0.016888317 -0.011294459
v -0.0125647 0.016938541 -0.011316868
v -0.012560359 0.0082602035 -0.011385477
v -0.012553858 0.017073816 -0.011524317
v -0.012530364 0.016988039 -0.011408817
v -0.012529351 0.016762406 -0.01123021
v -0.012528257 0.017026156 -0.011493097
v -0.012512824 0.016839975 -0.011398083
v -0.012511104 0.016887551 -0.011418844
v -0.012493995 0.016750086 -0.011351326
v -0.012484945 0.016729668 -0.011339072
v -0.012464585 0.01283861 -0.011725402
v -0.012463732 0.0090626776 -0.011758821
v -0.012462911 0.016693035 -0.011315098
v -0.012459279 0.010769212 -0.0055024656
v -0.012459101 0.01206703 -0.0061513241
v -0.012457523 0.012708601 -0.011605453
v -0.012446846 0.012894101 -0.011892574
v -0.0124348 0.016660167 -0.011290726
v -0.012414549 0.016642114 -0.01127569
v -0.012409058 0.012860209 -0.012062173
v -0.012325188 0.0079415226 -0.011158249
v -0.01229721 0.016094403 -0.013226715
v -0.012259217 0.016151845 -0.013218149
v -0.012239121 0.016188271 -0.013206705
v -0.012238551 0.0048050508 -0.0075904652
v -0.012218442 0.014696072 -0.007396372
v -0.012217843 0.016035791 -0.013148072
v -0.012207416 0.016263131 -0.013168764
v -0.0122057 0.016039182 -0.013138028
v -0.012204609 0.016429178 -0.012983101
v -0.012202107 0.011210262 -0.0056487517
v -0.012202042 0.011685296 -0.0058862502
v -0.012200079 0.016024491 -0.013122324
v -0.012189302 0.01635972 -0.013085545
v -0.012188643 0.016416052 -0.012971929
v -0.012171561 0.016129546 -0.01313988
v -0.012171417 0.016007446 -0.013075437
v -0.012164981 0.016356224 -0.013045941
v -0.012164114 0.014828913 -0.0075000171
v -0.012155797 0.016250947 -0.013113238
v -0.012151069 0.0093875322 -0.01183099
v -0.012132877 0.016073605 -0.01305021
v -0.012127288 0.015984533 -0.01298833
v -0.012120809 0.016320435 -0.012904539
v -0.01210844 0.016110772 -0.013009087
v -0.012103706 0.016273897 -0.012941486
v -0.012103656 0.01618183 -0.012830285
v -0.012101434 0.014886478 -0.0076552522
v -0.012100942 0.015973048 -0.012926491
v -0.012097157 0.016071098 -0.012762785
v -0.012097096 0.016198136 -0.012989915
v -0.012095852 0.016122881 -0.012943407
v -0.012087441 0.016005235 -0.012873252
v -0.012067785 0.015961044 -0.012837679
v -0.012067058 0.012267848 -0.013246896
v -0.012047197 0.014853344 -0.0078204814
v -0.012044047 0.015975449 -0.012694485
v -0.012035231 0.015951412 -0.012740808
v -0.012031602 0.011326578 -0.0076322271
v -0.012012122 0.015945092 -0.012669735
v -0.011995309 0.011443651 -0.012814086
v -0.011879883 0.0077553769 -0.010936627
v -0.011840747 0.011594562 -0.012844923
v -0.011733747 0.0095705595 -0.011802034
v -0.011705196 0.014260982 -0.0090052038
v -0.01152697 0.0066012484 -0.0051238881
v -0.011472402 0.0064387158 -0.0050797765
v -0.011409547 0.0062800525 -0.0051268465
v -0.011380457 0.012043973 -0.012936754
v -0.011365649 0.0078146961 -0.010817841
v -0.011355244 0.0061677736 -0.0052524847
v -0.011347601 0.010141856 -0.010001673
v -0.011294421 0.0095755104 -0.011677686
v -0.010920279 0.0081035849 -0.010833718
v -0.010920102 0.0094014043 -0.011482577
v -0.010846656 0.012726753 -0.011149511
v -0.010780497 0.012857588 -0.011248738
v -0.010756744 0.0051311413 -0.0073257498
v -0.010709155 0.012913684 -0.011400737
v -0.010663108 0.008544635 -0.010980004
v -0.010663042 0.0090196701 -0.011217503
v -0.010651748 0.012880012 -0.011564783
v -0.010585655 0.014013538 -0.00658376
v -0.01045711 0.014115354 -0.0066504679
v -0.010395021 0.01414221 -0.0067087305
v -0.010340097 0.014150208 -0.0067786626
v -0.010328756 0.005621904 -0.0094221197
v -0.010309747 0.01228765 -0.012749506
v -0.010265974 0.014108759 -0.0069339951
v -0.0099239741 0.013516398 -0.0081187179
v -0.0098684663 0.0060713161 -0.0095139518
v -0.0094741546 0.012088363 -0.010434109
v -0.0094613731 0.014007675 -0.0082308147
v -0.0094506862 0.0079525234 -0.0052001537
v -0.0093456097 0.012190179 -0.010500817
v -0.0093330331 0.014109657 -0.008297665
v -0.0093219634 0.0078382492 -0.0051587648
v -0.0092835212 0.012217036 -0.010559079
v -0.0092710312 0.014136584 -0.0083559882
v -0.0092285974 0.012225034 -0.010629011
v -0.0092161736 0.014144633 -0.008425964
v -0.0092082843 0.0066419467 -0.002500352
v -0.0092081958 0.0072753252 -0.0028170159
v -0.0092050182 0.012221736 -0.010666885
v -0.0092048235 0.0077149146 -0.0052078287
v -0.0091926185 0.014141355 -0.0084638549
v -0.0091544744 0.012183585 -0.010784344
v -0.0091421045 0.01410323 -0.0085813347
v -0.009130653 0.0076155663 -0.0053341971
v -0.0088655362 0.0061329687 -0.0021469202
v -0.0088653006 0.0078633931 -0.0030120644
v -0.0088124741 0.011591224 -0.011969066
v -0.008780784 0.005901495 -0.0039812555
v -0.0087806964 0.0065348735 -0.0042979196
v -0.0085825743 0.0047348561 -0.0064999787
v -0.0085824654 0.0055265795 -0.006895809
v -0.008543605 0.013066597 -0.010654599
v -0.0085321525 0.0065789339 -0.0074074622
v -0.0084536597 0.0047680004 -0.0065093967
v -0.0084535591 0.0054991296 -0.0068749324
v -0.0084380358 0.005392517 -0.0036278237
v -0.0084378002 0.0071229413 -0.0044929679
v -0.0083313519 0.0047735544 -0.0065624719
v -0.0083312597 0.0054533132 -0.0069023245
v -0.0082714744 0.0082485797 -0.0030332347
v -0.0082581118 0.012228624 -0.0069939378
v -0.0082541993 0.010012286 -0.005884639
v -0.0082356976 0.012151387 -0.0069488483
v -0.0082342755 0.0047506709 -0.0066511231
v -0.008234188 0.0053961044 -0.0069738147
v -0.0081772059 0.0047028339 -0.006761855
v -0.0081771202 0.0053362148 -0.0070785205
v -0.0081541426 0.0040986338 -0.00605819
v -0.0081538446 0.0062616649 -0.0071396194
v -0.0080867996 0.012267069 -0.0070166141
v -0.0080827475 0.0099715749 -0.0058676968
v -0.0080580162 0.0041804733 -0.0061014206
v -0.0080577442 0.0061779539 -0.0071000825
v -0.0079734558 0.0079215448 -0.0098920232
v -0.0079635093 0.0042273081 -0.0061831614
v -0.0079632532 0.0060844403 -0.0071116537
v -0.00793848 0.012255533 -0.0071125757
v -0.0079343254 0.0099020926 -0.0059346561
v -0.0078850072 0.0042320075 -0.0062909666
v -0.007884765 0.0059953639 -0.0071725748
v -0.0078528961 0.012197104 -0.0072561097
v -0.0078487033 0.0098224552 -0.006067575
v -0.007843975 0.007508128 -0.0045141382
v -0.0078352056 0.0041104723 -0.0079465779
v -0.00783512 0.0047438531 -0.0082632434
v -0.0078344615 0.0041938568 -0.0064084246
v -0.007834225 0.0059242826 -0.0072735692
v -0.0078188935 0.0080724554 -0.0099228602
v -0.0075858305 0.0083276695 -0.0028748515
v -0.0074924617 0.0036014954 -0.0075931475
v -0.0074922247 0.0053319209 -0.0084582921
v -0.0074115624 0.006743147 -0.007166082
v -0.0073722708 0.0066225841 -0.0071245185
v -0.0073586046 0.008521867 -0.010014692
v -0.007325945 0.0064978302 -0.0071343733
v -0.0072796377 0.0063878773 -0.0071941465
v -0.0072543961 0.011160472 -0.0093293749
v -0.0072502033 0.0087858234 -0.0081408396
v -0.0072403965 0.0063094664 -0.0072947377
v -0.0071583306 0.0075872177 -0.0043557547
v -0.0070865704 0.010157945 -0.0087796636
v -0.0069920905 0.0080794748 -0.0025793561
v -0.0068983962 0.0057171052 -0.0084794611
v -0.0065900972 0.0065827137 -0.0069643944
v -0.006580946 0.0064684749 -0.0070327502
v -0.0065808129 0.0067138807 -0.0069416929
v -0.0065645906 0.0073390235 -0.0040602596
v -0.0065547549 0.0063885585 -0.0071363561
v -0.006554509 0.0068420116 -0.0069681043
v -0.0062127546 0.0057961973 -0.0083210794
v -0.0061518666 0.00046185762 0.0012282213
v -0.0061369711 0.00038666269 0.0011189942
v -0.0061288406 0.00056264509 0.0013125918
v -0.006071399 0.00067368255 0.0013592603
v -0.0059882896 0.00077806634 0.0013611205
v -0.0059768525 -0.00070614659 -0.0032710528
v -0.0059759077 0.006215557 -0.0067316317
v -0.0059733363 -0.00067469495 -0.0032394342
v -0.0059723891 0.0062470068 -0.0067000119
v -0.0059619593 -0.00078133936 -0.0033802819
v -0.0059610144 0.0061403643 -0.0068408609
v -0.0059538265 -0.00060535915 -0.0031866825
v -0.0059528816 0.0063163447 -0.0066472613
v -0.0059189131 -0.0005314321 -0.0031508091
v -0.0059179682 0.0063902717 -0.0066113882
v -0.0058963872 -0.00049431965 -0.0031400158
v -0.00589544 0.0064273821 -0.0066005932
v -0.0058573913 -0.00046301098 -0.0022401034
v -0.0058471733 -0.00051053899 -0.0022978236
v -0.0058456548 -0.00048113591 -0.0023120865
v -0.0058372463 -0.00043192838 -0.0021110834
v -0.0058343797 -0.00059431797 -0.0021940854
v -0.0058234627 -0.00032758684 -0.0022600477
v -0.0058219843 -0.00062469329 -0.0022334747
v -0.0058219535 -0.00039056805 -0.0023505287
v -0.0058196005 -0.00053260638 -0.0020757993
v -0.0058172895 -0.00070207356 -0.0030305064
v -0.0058132778 -0.0003899358 -0.0031381557
v -0.005812333 0.006531768 -0.0065987348
v -0.0058112298 -0.00032809368 -0.0021263752
v -0.005806054 -0.00082713139 -0.0030756867
v -0.0057976884 -0.00034399814 -0.0023668089
v -0.0057949708 -0.0002056987 -6.5728593e-05
v -0.005782743 -0.0005748198 -0.0030100243
v -0.0057676146 -0.00040707286 -0.0019990455
v -0.0057650544 -0.00024078386 -0.0022578705
v -0.0057616737 -0.00065862929 -0.0025940042
v -0.0057615917 -0.00060900953 -0.0020264289
v -0.0057589826 -0.00069549889 -0.0021311082
v -0.0057580573 -0.00046161242 -0.0019799317
v -0.0057535237 -0.00035082144 -0.0020073308
v -0.0057507469 -0.00093094981 -0.00313869
v -0.0057502147 -0.00071565394 -0.0021672763
v -0.0057501574 -0.00028304741 -0.0023835632
v -0.0057494165 -0.00023224404 -0.0021516823
v -0.0057469583 -0.00072157232 -0.0028135714
v -0.0057467078 -0.00024166949 -0.0021186457
v -0.00574204 -0.00023377454 -0.0021266146
v -0.0057364842 -0.00077278359 -0.0025296554
v -0.0057364539 -0.00053865829 -0.0026467091
v -0.0057267412 -0.00050363957 -0.0019537734
v -0.0057242014 -0.00059104973 -0.0028294609
v -0.0057185688 -0.00030400397 -0.0020031424
v -0.0057180729 -0.00085152168 -0.0028043168
v -0.0057076723 -0.00046474146 -0.0030173592
v -0.0057071694 -0.00046574796 -0.0019378035
v -0.0056846212 -0.00026308329 -0.0020097792
v -0.0056753196 -0.00026919594 -0.0019970005
v -0.005672771 -0.00048041137 -0.0029366908
v -0.0056696795 -0.00027588857 -0.0019873148
v -0.0056647146 -0.00086374418 -0.0024634569
v -0.0056646573 -0.00043113765 -0.0026797438
v -0.0056592319 -0.00039227022 -0.0019212525
v -0.0056540188 -0.00028401488 -0.0019714164
v -0.0056532728 -0.00047982129 -0.0028495693
v -0.005641948 -0.00096111401 -0.0028031077
v -0.0056357849 -0.00029745582 -0.0019529298
v -0.0056190146 0.0055480031 -0.0080255838
v -0.0056015332 -0.00032425014 -0.0019251498
v -0.0054648435 -0.00054937886 0.0019321661
v -0.0054564262 -0.00061503961 0.0018163017
v -0.0054233768 -0.00047573211 0.0020354302
v -0.0053383405 -0.00040531578 0.0021103753
v -0.0052968664 -0.0010190458 -0.0017335855
v -0.0052933479 -0.00098759634 -0.0017019652
v -0.0052819708 -0.0010942408 -0.0018428128
v -0.0052738409 -0.00091825839 -0.0016492151
v -0.0052389246 -0.0008443335 -0.0016133401
v -0.0052226768 -0.00034884855 0.0021455914
v -0.0052163987 -0.00080722081 -0.0016025464
v -0.0051332898 -0.00070283696 -0.0016006861
v -0.0051144264 -0.001207401 0.00063157891
v -0.0048854663 0.0029149877 0.00061101746
v -0.0046834708 -0.0021308733 -0.0039160778
v -0.0046098437 -0.0020302823 -0.0010296408
v -0.0046014264 -0.0020959431 -0.0011455052
v -0.004568377 -0.0019566356 -0.00092637667
v -0.0044833408 -0.0018862191 -0.00085143151
v -0.0044579664 0.002174536 -0.00086988596
v -0.0044081938 0.0010699451 -0.0034624832
v -0.0043676766 -0.0018297519 -0.00081621524
v -0.0043599675 0.0012190948 -0.0025821964
v -0.0043584495 0.001205788 -0.0026355186
v -0.0043459628 0.001227799 -0.0024823474
v -0.0043450692 0.0011768326 -0.0027078893
v -0.004336956 0.0012261063 -0.0024509421
v -0.0043251058 0.0010087782 -0.0033778537
v -0.0042917263 0.0026667933 0.00090651267
v -0.0042865146 0.0012737415 -0.0024806296
v -0.0042796475 0.0011717621 -0.003529191
v -0.0042795367 0.0011967976 -0.0023341067
v -0.0042752009 0.0012778625 -0.0026211417
v -0.0042676865 0.00097946951 -0.0032610183
v -0.0042595696 0.0010287423 -0.0030040697
v -0.0042478521 0.0012333017 -0.0023511772
v -0.0042446726 0.00098647876 -0.0031297624
v -0.0042350395 0.0012568159 -0.002716118
v -0.0042175604 0.0011986193 -0.0035874548
v -0.0041966126 0.0012731283 -0.0027131813
v -0.0041964487 0.0011356308 -0.0022494774
v -0.0041952943 -0.0024180396 0.0032329836
v -0.0041854284 0.0011024001 -0.0034332233
v -0.0041804011 -0.0024932325 0.0031237549
v -0.0041722683 -0.0023172521 0.0033173542
v -0.0041668708 0.0011645494 -0.0022584223
v -0.0041626352 0.0012066142 -0.0036573845
v -0.0041607972 0.0013205224 -0.0024856452
v -0.0041521243 0.0013236816 -0.0025933816
v -0.0041311518 0.0012895147 -0.0023863879
v -0.0041203154 0.0010691643 -0.0033007348
v -0.0041148299 -0.0022062133 0.003364021
v -0.0041111126 0.001125038 -0.0030093619
v -0.0040948554 0.001310327 -0.0026575204
v -0.0040942198 0.0010771139 -0.003151895
v -0.0040885122 0.0011651681 -0.003812718
v -0.0040679039 0.0012374462 -0.0023161853
v -0.0040380079 0.0011148663 -0.0035304434
v -0.0040317201 -0.0021018288 0.003365881
v -0.0040274016 0.0013160062 -0.0024999045
v -0.0040252032 0.0012929027 -0.0026735868
v -0.004022703 0.001317717 -0.0025582681
v -0.0040113418 0.0012992091 -0.0024461348
v -0.0040029264 -0.0031325754 -0.00321877
v -0.0039981762 0.0013040041 -0.0026096657
v -0.0039841058 0.0012847497 -0.0026576465
v -0.0039777057 0.0012706521 -0.0024076083
v -0.0039586797 0.0012775793 -0.0026439158
v -0.0039518769 0.0010709027 -0.0033551897
v -0.0039508929 0.0012723018 -0.0024443809
v -0.0039397031 0.0011448124 -0.0029697674
v -0.0039225393 0.0012608507 -0.0026279243
v -0.0039223405 0.0010428353 -0.0036434606
v -0.0039184326 0.0012586568 -0.0026256419
v -0.0039173574 0.0010814178 -0.0031583065
v -0.0039068758 0.0012608903 -0.0025212129
v -0.0038767674 0.0012308536 -0.0025997127
v -0.0038642262 0.0019263417 -0.00057439075
v -0.0038384013 -0.0030855939 0.001939032
v -0.0038074981 0.00098421681 -0.0034097887
v -0.0037912675 0.0010827633 -0.0028958931
v -0.0037614724 0.00099823752 -0.0031472787
v -0.0037282053 0.00075704389 -0.0019250137
v -0.0036060822 0.0027458833 0.0010648961
v -0.0035996591 0.00085886073 -0.001991722
v -0.0034826493 0.00089371495 -0.0021199172
v -0.003408524 0.00085226679 -0.002275249
v -0.0033402944 -0.0038989431 0.00027117689
v -0.0033254013 -0.003974136 0.00016194784
v -0.0033172686 -0.0037981556 0.00035554724
v -0.0032598299 -0.0036871166 0.0004022143
v -0.0031785821 0.0020054316 -0.00041600736
v -0.0031767201 -0.0035827321 0.00040407444
v -0.0031043419 0.00046686677 -0.0015998313
v -0.0030381803 0.00059770013 -0.0016990567
v -0.0030122539 0.0031310674 0.0010437274
v -0.0030120192 0.0048614955 0.00017858125
v -0.0029668403 0.00065379695 -0.0018510569
v -0.0029094324 0.00062012492 -0.0020151027
v -0.002810024 -0.00018436566 -0.0043485137
v -0.0027269013 -0.0050107683 -0.001911317
v -0.0026693582 0.0037191354 0.00084867899
v -0.0026692725 0.004352516 0.00053201336
v -0.002584754 0.0023906159 -0.00043717597
v -0.0025845193 0.0041210437 -0.0013023221
v -0.0025620686 -0.002352301 -3.3706572e-05
v -0.0025332249 -0.0025857126 9.1325695e-05
v -0.0024768584 -0.0021176031 -0.00012645748
v -0.0023960427 -0.002771609 0.00022387499
v -0.0023791911 0.00060512754 -0.0015125367
v -0.0023721289 0.00047511773 -0.001392585
v -0.0023614508 0.00066061848 -0.0016797069
v -0.0023236622 0.00062672445 -0.0018493052
v -0.0023109324 -0.00041650754 -0.0040883673
v -0.002294474 -0.0019281055 -0.00016855641
v -0.002241858 0.0029786837 -0.00063222443
v -0.0022417726 0.0036120643 -0.00094889005
v -0.0022299583 0.0031868685 -0.0041359253
v -0.0022264398 0.0032183179 -0.0041043051
v -0.0022150653 0.0031116756 -0.0042451541
v -0.0022069325 0.003287656 -0.0040515549
v -0.0021720191 0.003361583 -0.0040156813
v -0.0021494906 0.0033986934 -0.0040048864
v -0.0021362808 -0.0028801945 0.00035315449
v -0.0021118138 -0.0054224147 -0.0015279333
v -0.002110495 0.0034300019 -0.0031049741
v -0.0020987401 0.0034120812 -0.0031770542
v -0.0020903496 0.0034610846 -0.002975954
v -0.0020890052 0.0033046044 -0.0031205055
v -0.0020889842 0.0034629493 -0.0031996719
v -0.0020874855 0.0032986971 -0.0030589576
v -0.002076566 0.003565426 -0.0031249183
v -0.0020727043 0.0033604065 -0.0029406699
v -0.0020703927 0.0031909393 -0.003895377
v -0.0020663838 0.0035030793 -0.0040030279
v -0.0020643333 0.0035649193 -0.0029912458
v -0.00205916 0.0030658836 -0.003940559
v -0.0020510363 -0.0018213395 -0.00015166499
v -0.0020507376 0.0035491041 -0.0032317084
v -0.0020358465 0.0033181931 -0.0038748947
v -0.0020226943 -0.0032252655 0.0043918896
v -0.0020207206 0.0034859423 -0.002863918
v -0.0020181576 0.003652229 -0.0031227411
v -0.0020147795 0.0032343857 -0.0034588764
v -0.002014695 0.0032840034 -0.0028912995
v -0.0020140372 -0.0033394357 0.0043233563
v -0.0020126719 -0.0030941975 0.0044148541
v -0.0020120861 0.003197514 -0.0029959788
v -0.0020111634 0.0034314026 -0.002844804
v -0.0020066274 0.0035421916 -0.0028722014
v -0.0020038506 0.0029620631 -0.0040035606
v -0.0020035054 0.0031565141 -0.0034166861
v -0.0020034842 0.003314859 -0.0034958525
v -0.0020033205 0.0031773611 -0.0030321488
v -0.0020032609 0.0036099656 -0.0032484338
v -0.00200252 0.003660769 -0.0030165529
v -0.0020000618 0.0031714407 -0.003678442
v -0.0019998138 0.0036513456 -0.0029835179
v -0.001995146 0.0036592404 -0.002991487
v -0.00198959 0.0031202314 -0.0033945278
v -0.0019895572 0.0033543545 -0.0035115797
v -0.0019880179 -0.0034193285 0.0042196894
v -0.0019854959 -0.0029661853 0.0043887533
v -0.001979847 0.0033893755 -0.0028186457
v -0.0019773073 0.0033019653 -0.0036943331
v -0.0019716749 0.003589011 -0.0028680149
v -0.0019711785 0.0030414935 -0.0036691893
v -0.0019607784 0.0034282736 -0.0038822314
v -0.0019602755 0.0034272671 -0.0028026758
v -0.0019377244 0.0036299296 -0.0028746498
v -0.0019284256 0.0036238192 -0.0028618728
v -0.0019227855 0.0036171265 -0.002852187
v -0.0019178204 0.0030292708 -0.0033283294
v -0.0019177609 0.0034618753 -0.0035446144
v -0.0019123354 0.0035007428 -0.002786123
v -0.0019071249 0.0036090002 -0.0028362887
v -0.0019063763 0.0034131915 -0.0037144399
v -0.0018950538 0.002931901 -0.0036679802
v -0.0018888882 0.0035955571 -0.0028178003
v -0.0018780685 -0.0035370239 -0.0024031524
v -0.0018546392 0.003568765 -0.0027900222
v -0.0018492248 -0.0037704355 -0.00227812
v -0.0018363131 -0.0028455914 0.00042244623
v -0.0017947633 -0.0018184491 -7.9130485e-05
v -0.0017928585 -0.003302326 -0.0024959033
v -0.001786384 0.00091283023 -0.0016398053
v -0.0017672334 0.0008707635 -0.0018106975
v -0.001753209 0.00087966892 -0.0014691019
v -0.0017251623 -0.00040990798 -0.00392257
v -0.0017120425 -0.0039563319 -0.0021455707
v -0.0016765906 0.00078016403 -0.0013443236
v -0.0016460179 -0.0040116897 0.0030349665
v -0.001610474 -0.0031128284 -0.0025380021
v -0.0015765115 -0.0026770739 0.00041318577
v -0.0015764085 -0.0019200129 3.4684945e-05
v -0.0015464515 0.0029054165 -0.0025668358
v -0.0015350769 0.0027987743 -0.0027076851
v -0.0014920307 0.0030486817 -0.0024782126
v -0.0014522807 -0.0040649171 -0.0020162913
v -0.0014264967 -0.002419794 0.00032785133
v -0.001426457 -0.0021426913 0.00018931138
v -0.0013863957 0.0031901782 -0.0024655585
v -0.0013670364 -0.0030060625 -0.0025211107
v -0.0013555392 0.0013604754 -0.0017392536
v -0.0013503516 0.0013039012 -0.0019069229
v -0.0013365576 -0.0022529431 -0.0028888721
v -0.0012842156 0.0013669479 -0.0015773546
v -0.0012223884 0.0024662777 -0.0022537175
v -0.001221515 0.0023738681 -0.0024047145
v -0.0011687333 -0.00016586896 -0.0038839625
v -0.0011676942 -0.004706169 0.0014300826
v -0.0011590371 -0.0048203389 0.0013615496
v -0.0011576719 -0.0045751007 0.0014530472
v -0.001155587 0.0018403534 -0.0021189253
v -0.0011554904 0.0013215886 -0.0014646072
v -0.0011542535 0.0019148955 -0.0019583574
v -0.001152313 -0.0040303143 -0.0019469996
v -0.001139274 0.0025706596 -0.0021373692
v -0.0011330179 -0.004900232 0.0012578823
v -0.0011304959 -0.0044470886 0.0014269467
v -0.0011107632 -0.0030031721 -0.0024485763
v -0.0010671344 -0.00049889408 -0.00052885967
v -0.0010651054 0.0019704578 -0.0018158579
v -0.0010292499 2.4022034e-05 -0.00077938137
v -0.00099444389 0.0026590447 -0.0020868452
v -0.00093657686 0.0017621418 -0.00478095
v -0.00091203494 0.0019921516 -0.0017296091
v -0.00089251151 -0.0038617968 -0.0019562601
v -0.00089240848 -0.0031047359 -0.002334761
v -0.00087626866 -0.0018035313 -0.002980704
v -0.00084216736 -0.00094927824 -0.00023872519
v -0.0008363112 0.0061309622 0.00017192058
v -0.00083364028 -0.0038380539 0.0049134167
v -0.00081874727 -0.0039132466 0.0048041879
v -0.0008106145 -0.0037372664 0.0049977871
v -0.00075317273 -0.003626229 0.0050444556
v -0.00075185153 0.00026726874 -0.0039801877
v -0.00074249663 -0.0036045169 -0.0020415944
v -0.00074245693 -0.0033274142 -0.0021801344
v -0.00074018538 0.0062128007 0.00012869002
v -0.00073703052 0.0005018792 -0.00093395356
v -0.00067006587 -0.0035218431 0.0050463141
v -0.000661297 0.0049629579 -0.0043273536
v -0.00064567791 0.0062596365 4.6948891e-05
v -0.00062301493 0.0013372358 -0.0044779796
v -0.00061307335 0.0051121102 -0.0034470689
v -0.00061155541 0.005098803 -0.0035003908
v -0.00059906626 0.005120812 -0.003347218
v -0.00059817522 0.0050698477 -0.0035727615
v -0.00059005927 0.0051191193 -0.0033158127
v -0.00056717574 0.0062643359 -6.0856473e-05
v -0.00056517229 0.0050447998 -0.0043705865
v -0.00055708707 0.00080372096 -0.0041921902
v -0.00055569038 0.0048881536 -0.0042065573
v -0.00053962041 0.0051667565 -0.0033455018
v -0.00053451792 -0.0059368643 -0.00081538252
v -0.00053275091 0.0050647752 -0.0043940614
v -0.00053264009 0.0050898106 -0.0031989773
v -0.00052830693 0.0051708776 -0.0034860142
v -0.00051662989 0.0062261852 -0.00017831438
v -0.00051267527 0.0049217576 -0.0038689421
v -0.00050129194 0.0048730727 -0.0040387674
v -0.0005009555 0.0051263147 -0.0032160478
v -0.00048814301 0.0051498287 -0.0035809886
v -0.00047674726 -0.0045056082 0.003619465
v -0.00047066371 0.0050916323 -0.0044523254
v -0.00044971847 0.0051661432 -0.0035780538
v -0.00044955232 0.0050286436 -0.003114348
v -0.00041997421 0.0050575621 -0.0031232929
v -0.00041574117 0.0050996295 -0.004522257
v -0.00041390312 0.0052135373 -0.0033505175
v -0.00041299744 0.0049799467 -0.0042570815
v -0.00040522797 0.0052166944 -0.0034582522
v -0.00040493574 -0.0012258588 2.5782963e-05
v -0.0003921616 0.0050963317 -0.0045601306
v -0.00038425767 0.0051825298 -0.0032512601
v -0.00038313432 -0.001683617 -0.0028983054
v -0.00036421852 0.0050180531 -0.0038742342
v -0.00035342888 0.0051104841 -0.0031575805
v -0.00035131112 0.0049628457 -0.0040668119
v -0.0003479615 0.0052033421 -0.0035223928
v -0.00034524978 -0.0011607009 -0.0031488272
v -0.00034161573 0.005058181 -0.0046775886
v -0.00032216564 0.0051298128 -0.0031801402
v -0.00028050726 0.0052090213 -0.003364777
v -0.00027830657 0.0051859156 -0.0035384574
v -0.00027580888 0.0052107321 -0.0034231406
v -0.00026444765 0.0051922239 -0.0033110073
v -0.00025891888 0.0051573175 -0.0032393199
v -0.00025733167 0.0049874219 -0.0043410631
v -0.00025128221 0.0051970193 -0.0034745382
v -0.00024183391 -0.00060763973 0.0037128325
v -0.0002417459 2.5738807e-05 0.0033961686
v -0.00023720914 0.0051777624 -0.0035225172
v -0.00021178562 0.0051705944 -0.0035087883
v -0.00020511846 0.00084690133 -0.00095291482
v -0.0001928066 0.0050378256 -0.003834638
v -0.00018041677 0.0051620174 -0.0033471251
v -0.00017573229 0.0049647973 -0.004089376
v -0.00017564268 0.0051538637 -0.0034927949
v -0.00017462987 0.005633824 -0.0013630372
v -0.00017153844 0.0051516718 -0.0034905144
v -0.00015998188 0.0051539056 -0.0033860852
v -0.00015816725 -0.0021340011 -0.002608171
v -0.00013040481 0.0049085692 -0.0044359965
v -0.00012987336 0.0051238686 -0.0034645849
v -6.1968036e-05 -0.0033691549 -0.0019628238
v -5.3030468e-05 -0.00068284367 -0.0033033993
v -4.4373395e-05 0.0049757785 -0.0037607655
v -2.1604294e-05 0.0048784064 -0.0041004145
v 1.8688714e-05 0.0046500592 -0.002789886
v 2.1359718e-05 -0.0053189574 0.00195161
v 3.6252753e-05 -0.00539415 0.0018423809
v 4.4385513e-05 -0.0052181701 0.0020359803
v 0.00010091283 -0.001116619 0.0040662647
v 0.00010114995 0.00061380671 0.0032011201
v 0.00010182724 -0.0051071323 0.0020826489
v 0.0001148146 0.0047318973 -0.0028331168
v 0.00014624743 -0.0012664422 0.00020518759
v 0.00018493403 -0.0050027464 0.0020845074
v 0.00018566608 -0.0013480914 0.002231929
v 0.00018575409 -0.00071471289 0.0019152651
v 0.00020932214 0.004778733 -0.0029148581
v 0.00027906435 -0.0024105816 -0.0023436628
v 0.00028782425 0.0047834325 -0.0030226633
v 0.00033837013 0.0047452818 -0.0031401212
v 0.00039832082 -0.0029197431 -0.0020546557
v 0.00040903475 0.0009177461 -0.00081104646
v 0.00043570259 -0.0011894926 0.00025027129
v 0.00047888161 -0.00033782158 -0.0033223606
v 0.00047912126 0.0055753025 0.00082948309
v 0.0004896032 -0.0056975442 0.0022760737
v 0.00049034914 -0.0057261186 0.0022416611
v 0.00050449756 -0.0057727355 0.0021668442
v 0.00051263033 -0.0055967555 0.0023604436
v 0.00051931373 0.0056807692 0.00075829186
v 0.00052841281 -0.0018570707 0.002585361
v 0.00052864995 -0.00012664497 0.0017202167
v 0.00053496071 -0.0038919104 -0.0015291275
v 0.00054720271 -0.0056787264 0.0023536414
v 0.00054829929 -0.0055214879 0.0023967917
v 0.00055059697 -0.0058029047 0.0021952365
v 0.00056640437 0.0057476335 0.00065284839
v 0.00057006825 -0.0054857172 0.002407111
v 0.00058327912 -0.0057344134 0.002338165
v 0.00058999751 -0.005920826 0.0018706637
v 0.00059173739 -0.005813702 0.0022334459
v 0.00059957936 -0.0057838177 0.0022941702
v 0.00061191875 -0.0058266553 0.0022248141
v 0.00061322108 0.0057657175 0.00052920391
v 0.00062490883 -0.0054125199 0.00241338
v 0.0006249912 -0.0058298516 0.0022301858
v 0.00063355477 -0.0056083375 0.0024285212
v 0.0006347528 -0.0064307824 -0.00023088399
v 0.00065264327 0.0057322648 0.00040618592
v 0.0006531775 -0.0053813332 0.0024089711
v 0.00069107907 -0.0060629887 0.0016686753
v 0.00069497572 0.00099899305 0.0031799497
v 0.00070014806 -0.0057111313 0.0023999508
v 0.00073023897 -0.0058023296 0.002318739
v 0.00073610159 -0.0055257906 0.0024547621
v 0.00073843315 -0.0059828749 0.001944538
v 0.00073863601 -0.0058353227 0.0022657278
v 0.00074928196 -0.0054650456 0.0024485097
v 0.00077815342 -0.0054923953 0.0024504804
v 0.00081424433 -0.0060894969 0.0017930467
v 0.00082295382 -0.0056598573 0.0024175004
v 0.00082413596 -0.0059834132 0.0019695472
v 0.00083024753 -0.0024511651 -0.0021642582
v 0.00084376941 -0.0055585583 0.0024369368
v 0.00084805739 -0.0062411432 0.0015468344
v 0.00086219929 -0.0057788012 0.0023115822
v 0.00086536165 -0.0057974197 0.0022833587
v 0.00089588709 -0.00561606 0.0024038977
v 0.00090984377 -0.0059631043 0.0019841345
v 0.00092225976 -0.005647637 0.0023760172
v 0.00093197881 -0.0062231137 0.0017016663
v 0.00093687017 0.0037086494 -0.0052133864
v 0.00094065577 -0.00085456873 0.00022857674
v 0.000940867 0.00069543102 -0.00054636213
v 0.00096715457 -0.0060437066 0.0018696082
v 0.00097280188 -0.0057187169 0.0022750227
v 0.00099464331 0.0051399036 -0.00077853689
v 0.0009952496 -0.0034424989 -0.0016209594
v 0.001018742 4.6697849e-05 -0.003358776
v 0.001037036 -0.0064281696 0.0015236905
v 0.0010561591 -0.0061447183 0.0018005258
v 0.0010583019 -0.005866807 0.0019788421
v 0.0010737118 -0.0063633835 0.0016843078
v 0.0010930349 -0.00026697677 -0.0031804922
v 0.0011088427 -0.0059378883 0.0018778479
v 0.0011197027 -0.0023742155 -0.0021191745
v 0.0011224757 0.00025854129 0.0016990462
v 0.0011615879 -0.0029066463 0.0013183933
v 0.0011616958 -0.0021149197 0.00092256098
v 0.00116331 -0.0062507605 0.0017874046
v 0.0011733045 0.00019760786 -0.0033896128
v 0.0011873306 -0.0060269646 0.0018169265
v 0.0012178664 -0.0064889514 0.0017436153
v 0.001229241 -0.0065955934 0.001602766
v 0.0012373738 -0.0064196135 0.0017963654
v 0.0012477993 -0.00032781612 5.3865147e-05
v 0.0012478767 0.00023952324 -0.00022978219
v 0.0012722859 -0.0063456874 0.0018322389
v 0.001281818 -0.0061204778 0.0018053537
v 0.0012905045 -0.0028735008 0.0013089748
v 0.0012906051 -0.0021423716 0.00094343926
v 0.0013341212 0.004094399 -0.0021323236
v 0.0013743137 0.0041998657 -0.0022035148
v 0.0013779224 -0.0062041897 0.0018448922
v 0.0013806196 0.0010780829 0.003338333
v 0.0013895859 0.004227086 -0.0022355637
v 0.0014128116 -0.0028679471 0.0012558994
v 0.0014129032 -0.0021881894 0.00091604714
v 0.0014214044 0.00426673 -0.0023089587
v 0.0014531005 0.0042845379 -0.0023905004
v 0.0014682211 0.0042848145 -0.0024326029
v 0.0015076433 0.0042513614 -0.0025556211
v 0.0015098864 -0.0028908288 0.0011672463
v 0.0015099759 -0.0022453971 0.00084455631
v 0.0015669542 -0.0029386668 0.0010565147
v 0.0015670422 -0.0023052883 0.0007398508
v 0.0015900208 -0.0035428677 0.0017601817
v 0.0015903163 -0.001379834 0.00067875028
v 0.0016246558 -0.0020392917 -0.0021408692
v 0.0016248671 -0.00048929185 -0.002915808
v 0.0016300823 0.0017900016 -0.00089468819
v 0.001630122 0.0020671044 -0.0010332281
v 0.0016335935 0.00064701954 -0.0034814447
v 0.0016861443 -0.0034610271 0.0017169493
v 0.0016864195 -0.0014635477 0.00071828905
v 0.0017800338 0.0015673233 -0.00074006175
v 0.0017801381 0.0023243858 -0.0011185629
v 0.0017806543 -0.0034141936 0.0016352098
v 0.0017809082 -0.0015570592 0.00070671586
v 0.0018081196 0.00033763127 0.0018574296
v 0.0018591564 -0.0034094939 0.0015274045
v 0.0018593986 -0.0016461378 0.00064579624
v 0.0019097022 -0.0034476446 0.0014099465
v 0.0019099393 -0.001717219 0.00054480205
v 0.0019317993 -0.001512539 -0.0023155806
v 0.0019318768 -0.00094519969 -0.0025992279
v 0.0019743599 0.00082988857 0.0036338284
v 0.0019983859 0.0014657618 -0.00062624813
v 0.0020399359 0.002492904 -0.0011278248
v 0.0020582657 -0.0039214534 0.0020846452
v 0.0020944613 -0.0039516166 0.0021056805
v 0.0021061434 0.003214729 -0.004628886
v 0.0021155123 -0.003969938 0.0021144156
v 0.0021217875 -0.0038635246 0.0020605617
v 0.0021343376 -0.0039835479 0.0021193407
v 0.00214202 -0.0039937762 0.0021219612
v 0.0021543663 -0.0040051644 0.0021241822
v 0.0021543892 -0.0038396127 0.0020414128
v 0.0021654542 -0.0039752992 -0.0010167502
v 0.0021655422 -0.0033419207 -0.0013334141
v 0.0021900591 -0.0039672637 0.0021115118
v 0.0022325933 -0.0039335727 0.0020894383
v 0.0022486816 -0.0038427988 0.0020220079
v 0.0022488574 -0.0040986785 0.0021126107
v 0.0022488991 -0.0037927791 0.0019596731
v 0.002251199 -0.004086758 0.0021126955
v 0.0022535166 -0.003889153 0.0020574958
v 0.0022546616 0.0014686501 -0.00055371178
v 0.0022658315 -0.0041168379 0.0021044174
v 0.0022933315 -0.001069514 -0.002432728
v 0.0023047188 -0.0037848162 0.0018884034
v 0.0023140823 0.00060527876 -0.0032641341
v 0.0023141219 0.00088238163 -0.0034026739
v 0.0023273455 -0.0041877548 0.0020516894
v 0.0023274012 -0.0037880796 0.0018518679
v 0.0023297132 -0.0040245671 0.0020719494
v 0.0023326012 -0.00089835422 0.00065228954
v 0.0023399061 0.0025275049 -0.0010585313
v 0.0023594145 -0.0038570038 0.0019474777
v 0.0023655905 -0.0038098018 0.0017714055
v 0.0023683354 -0.0039425702 0.0020129848
v 0.0023718905 -0.0010189152 0.00069385121
v 0.0023778863 -0.0042588362 0.0019506952
v 0.0023779471 -0.0038262303 0.0017344098
v 0.0023981875 -0.004122491 0.0020107904
v 0.00240186 8.943685e-05 0.0021529249
v 0.0024182166 -0.0011436695 0.00068399607
v 0.0024253631 -0.0041979747 0.0019339698
v 0.0024369264 -0.0039039487 0.0018484504
v 0.0024478941 -0.00091860397 -0.0024635645
v 0.0024485593 -0.0040155472 0.0019338861
v 0.0024633862 -0.0044069262 0.0016545146
v 0.0024634469 -0.0039743204 0.0014382293
v 0.0024636094 -0.0041118194 0.0019019332
v 0.0024636318 -0.0039534736 0.0018227666
v 0.0024640339 0.00038260047 -0.0031095075
v 0.0024641382 0.0011396629 -0.0034880086
v 0.002464524 -0.0012536219 0.00062422297
v 0.002473363 -0.0040609497 0.0018793137
v 0.0024980993 0.001575416 -0.00053682039
v 0.002503765 -0.0013320327 0.00052363169
v 0.0025082023 -0.0044842772 -0.00066331838
v 0.0025084394 -0.0027538515 -0.0015284629
v 0.0025253452 0.0047109458 0.0018523554
v 0.0025351825 -0.0042994055 0.0016214801
v 0.002535213 -0.0040652803 0.0015044262
v 0.0025375029 -0.0045063319 0.0015281591
v 0.0025491095 -0.00425991 0.0016057526
v 0.0025491319 -0.0041015637 0.001526586
v 0.0025604048 -0.0041794367 0.0015687768
v 0.0025924174 -0.0045670858 0.0014926009
v 0.0025996692 0.0024189206 -0.00092925207
v 0.0026116767 -0.0041731307 0.0011855168
v 0.0026149384 -0.0044063772 0.0014855053
v 0.0026214723 0.0047927857 0.0018091246
v 0.0026544917 -0.0046298224 0.0014791301
v 0.0026550833 -0.0042260499 0.0013000693
v 0.0026562295 -0.0043079564 0.0014054122
v 0.0026804851 0.0017649148 -0.0005789196
v 0.002682386 0.0002810389 -0.0029956938
v 0.0027159785 0.0048396201 0.0017273837
v 0.002723936 0.0013081811 -0.0034972706
v 0.0027368513 0.0022330242 -0.00079670275
v 0.0027408348 -0.004539269 0.0014327454
v 0.0027656937 0.0019996115 -0.00067167025
v 0.0027830093 -0.0047443113 0.0015205664
v 0.0027944806 0.0048443195 0.0016195783
v 0.0028074842 -0.0044676163 0.0013420227
v 0.0028442917 -0.0044257743 0.0012207744
v 0.0028450266 0.0048061688 0.0015021204
v 0.002845658 -0.0044201128 0.0010874601
v 0.0028791327 -0.0046624704 0.0014773339
v 0.0028902602 -0.0015922696 -0.0019990315
v 0.0029081828 -0.00046919228 -0.0025553964
v 0.0029386617 0.00028392713 -0.0029231575
v 0.0029736424 -0.004615637 0.0013955948
v 0.0030239061 0.0013427819 -0.003427977
v 0.0030448227 -0.0014413596 -0.0020298681
v 0.0030521445 -0.0046109376 0.0012877895
v 0.0031022651 -0.0023686653 -0.0015496332
v 0.0031026881 -0.0046490859 0.0011703297
v 0.0031540655 -0.0010587892 0.00085397717
v 0.0031632143 -0.0011730256 0.00078561937
v 0.0031633484 -0.00092761847 0.00087667711
v 0.0031820994 0.00039069308 -0.0029062661
v 0.0031870266 0.0042138076 0.00031739764
v 0.0031894092 -0.0012529428 0.00068201503
v 0.0031896548 -0.00079948985 0.00085026736
v 0.0032566746 0.0022317453 -0.0038052644
v 0.0032836692 0.0012341978 -0.0032986978
v 0.0033644852 0.0005801919 -0.0029483654
v 0.0033803452 0.0032300425 -0.0011094513
v 0.0034208514 0.0010483015 -0.0031661487
v 0.0034496938 0.00081488851 -0.0030411161
v 0.0035051117 -0.00099194795 -0.0021217
v 0.0035088914 0.0033318594 -0.0011761595
v 0.0036259012 0.0033667136 -0.0013043549
v 0.0037000265 0.0033252654 -0.0014596864
v 0.0037163021 0.0029579657 0.003072645
v 0.0037682562 -0.0014259444 0.0010867394
v 0.0037831492 -0.0015011372 0.00097751024
v 0.0037879092 -0.0022895753 -0.0013912498
v 0.003791282 -0.001325157 0.0011711097
v 0.0038449799 0.0029918898 0.0030627688
v 0.0038487213 -0.0012141173 0.0012177766
v 0.0039318306 -0.0011097334 0.0012196369
v 0.0039670882 0.0029981013 0.0030093074
v 0.00406403 0.0029756587 0.0029203962
v 0.0040809838 -0.0043345988 0.0068242019
v 0.0041210516 0.0029279762 0.0028095737
v 0.0042364998 -0.0018045312 0.0014112029
v 0.0042372434 -0.0018331035 0.0013767887
v 0.0042513926 -0.001879724 0.0013019739
v 0.0042595253 -0.0017037438 0.0014955733
v 0.0042940993 -0.0017857132 0.0014887709
v 0.0042951959 -0.001628475 0.0015319212
v 0.0042974912 -0.0019098896 0.0013303641
v 0.0042985268 0.002288633 -0.0035329515
v 0.0043169647 -0.0015927041 0.0015422403
v 0.0043301755 -0.0018414005 0.0014732945
v 0.0043368926 -0.0020278143 0.0010057935
v 0.0043386314 -0.0019206872 0.0013685734
v 0.0043464759 -0.0018908047 0.0014292996
v 0.0043588127 -0.0019336405 0.0013599417
v 0.0043718028 -0.0015195047 0.0015485076
v 0.0043718875 -0.0019368385 0.0013653151
v 0.0043804487 -0.0017153224 0.0015636487
v 0.0043816492 -0.0025377697 -0.0010957546
v 0.004400074 -0.0014883202 0.0015441006
v 0.0044379756 -0.0021699755 0.00080380478
v 0.0044470443 -0.0018181183 0.0015350803
v 0.0044630514 0.0023356148 0.0016248508
v 0.0044771354 -0.0019093168 0.0014538685
v 0.0044819149 0.0018310508 0.003857116
v 0.0044829957 -0.0016327755 0.0015898896
v 0.0044853282 -0.0020898634 0.0010796677
v 0.0044855326 -0.0019423099 0.0014008572
v 0.0045084842 -0.0050750505 0.0053432984
v 0.0045285891 -0.0016028068 0.001585535
v 0.0045312643 0.0011155335 -0.0028792161
v 0.0045611383 -0.0021964819 0.00092817436
v 0.0045698504 -0.0017668445 0.0015526296
v 0.0045710327 -0.0020904001 0.0011046766
v 0.0045713019 0.0014770624 0.00011083846
v 0.0045780409 0.0019128893 0.0038138854
v 0.0045800745 -0.0045667416 0.0070843487
v 0.0045949537 -0.0023481303 0.00068196375
v 0.0046090935 -0.0018857863 0.0014467099
v 0.0046122558 -0.0019044046 0.0014184865
v 0.004642698 -0.0017229463 0.0015391035
v 0.004645579 -0.0017262961 0.0015365058
v 0.0046567377 -0.0020700891 0.0011192621
v 0.0046725483 0.0019597251 0.0037321444
v 0.0046788729 -0.0023300988 0.00083679386
v 0.0047140513 -0.0021506937 0.0010047376
v 0.004719696 -0.0018257018 0.0014101503
v 0.0047423798 0.0015162727 8.7711232e-05
v 0.0047510504 0.0019644245 0.0036243389
v 0.0047839303 -0.0025351546 0.00065881811
v 0.0048015965 0.0019262738 0.003506881
v 0.0048030559 -0.0022517052 0.0009356552
v 0.0048051961 -0.001973792 0.0011139697
v 0.0048206057 -0.0024703683 0.00081943546
v 0.0048557366 -0.0020448733 0.0010129756
v 0.004890529 0.0015052949 -8.5788124e-06
v 0.0049102041 -0.0023577453 0.00092253229
v 0.0049342271 -0.0021339518 0.00095205597
v 0.0049647605 -0.0025959362 0.00087874284
v 0.0049760514 0.0014470726 -0.00015223339
v 0.0049761375 -0.0027025805 0.00073789537
v 0.0049842703 -0.0025266004 0.00093149481
v 0.0050075743 -0.0053071934 0.0056034452
v 0.0050191823 -0.0024526746 0.00096736825
v 0.0050287144 -0.0022274647 0.00094048306
v 0.005124819 -0.0023111769 0.00098002155
v 0.0051281927 0.00059277785 -0.0024455197
v 0.0051435963 0.0013339124 0.0023221583
v 0.0051658456 -0.0045601409 0.0072501455
v 0.0053369151 0.00035014749 0.00089530932
v 0.0054654609 0.0004519643 0.00082860107
v 0.0055275485 0.00047882149 0.00077033736
v 0.0055745514 0.0004104402 -0.0022254982
v 0.0055824732 0.0004868164 0.00070040755
v 0.005593346 -0.0053005926 0.0057692421
v 0.0056565963 0.00044537036 0.00054507412
v 0.0057222731 -0.0043161032 0.0072887535
v 0.0058051599 -2.8438066e-05 0.0012197727
v 0.0058448026 -6.1565566e-05 0.0012424093
v 0.0058485214 -6.4778062e-05 0.0012440605
v 0.005868684 2.9488361e-05 0.0011956909
v 0.0058812341 -9.0534842e-05 0.0012544701
v 0.005901196 -0.0001120881 0.0012593013
v 0.0059012854 5.340033e-05 0.0011765421
v 0.005933675 -0.00014292473 0.0012612073
v 0.0059369532 -7.4248681e-05 0.0012466393
v 0.0059544309 -0.0023880911 0.0063917655
v 0.0059794858 -4.0558887e-05 0.0012245661
v 0.0059955781 5.021421e-05 0.0011571374
v 0.0059957919 0.00010023465 0.001094801
v 0.0060004108 3.8620233e-06 0.0011926233
v 0.0060037784 -0.00015916576 0.0012458763
v 0.0060506659 -0.00026641748 0.0012121801
v 0.0060516153 0.00010819669 0.0010235328
v 0.0060728081 -0.00029296862 0.0011885993
v 0.0060742954 0.00010493552 0.00098699552
v 0.0060766097 -0.00013155422 0.0012070788
v 0.006106311 3.6009194e-05 0.0010826071
v 0.0061124871 8.3211096e-05 0.0009065349
v 0.0061152293 -4.9555165e-05 0.0011481125
v 0.0061247828 -0.00036582301 0.0010858246
v 0.0061248397 6.6783519e-05 0.00086953776
v 0.0061391564 -0.0038829644 0.0071925279
v 0.0061450843 -0.00022947813 0.0011459199
v 0.006149773 -0.0050565549 0.00580785
v 0.006172257 -0.00030495951 0.0010690974
v 0.0061838226 -1.0935864e-05 0.00098357978
v 0.0061954558 -0.00012253407 0.0010690155
v 0.0062102829 -0.00051391328 0.00078964402
v 0.0062103397 -8.1306745e-05 0.00057335722
v 0.006210506 -0.00021880669 0.0010370626
v 0.0062105283 -6.0460548e-05 0.00095789594
v 0.0062202597 -0.0001679366 0.0010144431
v 0.0062550963 -0.00059126207 -0.0015281908
v 0.0062679942 -0.0028130007 0.0066947383
v 0.0062820767 -0.00040639049 0.00075660774
v 0.0062821093 -0.00017226738 0.00063955568
v 0.0062843994 -0.00061331881 0.00066328852
v 0.006296006 -0.00036689694 0.00074088207
v 0.0062960284 -0.00020855082 0.00066171546
v 0.0063072988 -0.00028642168 0.00070390437
v 0.0063339197 -0.0033465133 0.0069805258
v 0.0063393116 -0.00067407091 0.00062772841
v 0.0063585732 -0.00028011785 0.00032064621
v 0.0063618352 -0.00051336444 0.0006206347
v 0.0063819312 -0.0031285428 0.0049108625
v 0.006401388 -0.00073680939 0.00061425957
v 0.0064019798 -0.00033303717 0.00043519863
v 0.0064031235 -0.00041494155 0.0005405398
v 0.0064877314 -0.00064625603 0.00056787475
v 0.0065289563 -0.0077729975 0.0041162716
v 0.0065299035 -0.00085129606 0.00065569405
v 0.006554381 -0.00057460327 0.00047715209
v 0.0065666563 -0.0046234159 0.0057116244
v 0.0065911883 -0.00053276116 0.00035590376
v 0.0065925522 -0.0005270979 0.00022258765
v 0.0066250819 -0.0076911594 0.0040730406
v 0.006626029 -0.00076945772 0.00061246339
v 0.0066954941 -0.0035534524 0.0052138348
v 0.006719592 -0.0076443255 0.0039913016
v 0.0067205364 -0.00072262186 0.00053072243
v 0.0067614196 -0.0040869652 0.0054996223
v 0.0067980913 -0.0076396237 0.0038834945
v 0.0067990385 -0.00071792229 0.00042291719
v 0.0068486375 -0.0076777744 0.0037660366
v 0.0068495846 -0.00075607299 0.00030545919
v 0.0071528223 -0.0080631766 0.0044414555
v 0.0071906373 -0.0082701361 0.0025813137
v 0.0072011999 -0.0079591284 0.0043733362
v 0.0072415345 -0.0094910376 0.0080964733
v 0.0072492887 -0.0095473574 0.0079757469
v 0.0072552282 -0.0078934655 0.0042704963
v 0.0072848829 -0.0094439927 0.0082135815
v 0.007306681 -0.0078761838 0.0041485913
v 0.0073477291 -0.0079099163 0.0040261829
v 0.0073727351 -0.0094133858 0.0083092442
v 0.0074284477 -0.011493777 0.0091517996
v 0.0074371584 -0.011560313 0.0090364581
v 0.0074690813 -0.011417641 0.0092535792
v 0.0074917236 -0.0094038788 0.0083689
v 0.0075528719 -0.0113435 0.0093263015
v 0.0075843213 -0.011023172 0.0092052771
v 0.0076670642 -0.011282636 0.0093588941
v 0.0076897289 -0.0085022775 0.0028414598
v 0.0078031942 -0.011399175 0.0062972009
v 0.0078477887 -0.01058399 0.0059024817
v 0.0078773703 -0.0079515092 0.0045647202
v 0.0078838896 -0.0078863809 0.0044484329
v 0.0078850351 -0.0080549261 0.0046487018
v 0.0079035992 -0.0078694578 0.0043175439
v 0.0079334993 -0.007903317 0.0041919802
v 0.00802394 -0.0075019244 0.0073277773
v 0.0080356589 -0.012596945 0.006963193
v 0.0080356877 -0.0075481012 0.0072031319
v 0.0080559244 -0.0074837743 0.0074560526
v 0.0081267701 -0.0074964077 0.007568426
v 0.0082256934 -0.0075379056 0.0076477919
v 0.0082754996 -0.0084956782 0.0030072574
v 0.0084706182 -0.0076207765 0.0043568877
v 0.0084810611 -0.0076244744 0.0044898684
v 0.0084899301 -0.0076592802 0.0042305896
v 0.0085196728 -0.0076698102 0.0046092873
v 0.0085476609 -0.013113476 0.010284739
v 0.0085620787 -0.013188273 0.010175174
v 0.0085720355 -0.013013814 0.010370061
v 0.008580571 -0.0077498774 0.0046969615
v 0.0086314995 -0.012904464 0.010418157
v 0.0086341873 -0.0085847331 0.0051298672
v 0.0087071937 -0.0056560766 0.0034428311
v 0.0087169902 -0.012802063 0.010421696
v 0.0087220874 -0.0057312693 0.0033336021
v 0.0087302169 -0.005555287 0.0035271998
v 0.008787659 -0.0054442496 0.003573868
v 0.0088319303 -0.0082516419 0.003045867
v 0.0088707684 -0.0053398656 0.0035757283
v 0.0088954335 -0.0071793967 0.0042588315
v 0.0089068096 -0.0072261402 0.0041343626
v 0.0089157065 -0.01172063 0.011669099
v 0.0089284685 -0.0071596201 0.0043865964
v 0.0089302296 -0.011244002 0.0045704236
v 0.0089305975 -0.011795821 0.011559868
v 0.0089387326 -0.011619843 0.01175347
v 0.0089961682 -0.011508802 0.011800135
v 0.0090008918 -0.007169825 0.0044982107
v 0.0090267211 -0.006089068 0.0037515666
v 0.0090356478 -0.0061561768 0.003636573
v 0.0090640867 -0.0063236305 0.0021488792
v 0.0090667401 -0.0060113096 0.0038523572
v 0.0090792784 -0.011404417 0.011801994
v 0.0090939039 -0.0066327355 0.004042794
v 0.0091015743 -0.0066896882 0.00392236
v 0.009101674 -0.0072084549 0.0045766798
v 0.0091374945 -0.0065838872 0.0041590706
v 0.009149611 -0.0059347325 0.0039235959
v 0.0091605792 -0.014224906 0.0081019094
v 0.0092257122 -0.0065505821 0.0042534894
v 0.0092488099 -0.0078185014 0.0029496397
v 0.0092627201 -0.0058709988 0.0039544418
v 0.0092725968 -0.012388182 0.010375146
v 0.0093451291 -0.0065378924 0.004311678
v 0.0093776472 -0.006748538 0.0024518501
v 0.009390519 -0.01079459 0.004478592
v 0.0094435746 -0.0072820494 0.0027376371
v 0.0096207019 -0.0059204092 0.0069979653
v 0.0096294917 -0.0059252298 0.0071310303
v 0.0096405922 -0.0059585171 0.0068716365
v 0.009665628 -0.0059722443 0.007250574
v 0.0097236047 -0.0060542938 0.0073383958
v 0.010027207 -0.013645804 0.0078187501
v 0.010042097 -0.013720996 0.0077095195
v 0.010050233 -0.013545018 0.0079031205
v 0.010107668 -0.013433977 0.0079497853
v 0.010190778 -0.013329592 0.0079516452
v 0.010239093 -0.0069951499 0.0047983713
v 0.010384098 -0.014313357 0.0065247966
v 0.010668109 -0.008739097 0.01092799
v 0.010676479 -0.012346255 0.01261832
v 0.010685628 -0.012460492 0.012549962
v 0.010685762 -0.012215084 0.012641019
v 0.010711821 -0.012540407 0.012446356
v 0.010712069 -0.012086956 0.01261461
v 0.010717556 -0.0091392333 0.011142332
v 0.010769873 -0.013084612 0.011155587
v 0.010814183 -0.0083367582 0.010768989
v 0.010952728 -0.0094579123 0.01136956
v 0.01109561 -0.0094795488 0.0094470866
v 0.011117631 -0.0097972769 0.0096123088
v 0.011126846 -0.0080119045 0.01069682
v 0.011128015 -0.0093251374 0.009379236
v 0.011145056 -0.009879685 0.0096614286
v 0.011241684 -0.00907721 0.0092880856
v 0.011285529 -0.0089443615 0.0041005197
v 0.011361533 -0.010182776 0.0098754661
v 0.011380228 -0.010198364 0.0098886564
v 0.011389947 -0.0088907471 0.0092376545
v 0.011398032 -0.0096440576 0.011591181
v 0.011440092 -0.0087934509 0.0040696831
v 0.011510959 -0.014224445 0.0086645093
v 0.011514979 -0.014337812 0.0085942363
v 0.011527919 -0.014094577 0.0086900769
v 0.011539374 -0.014417425 0.0084899599
v 0.011544167 -0.0078288764 0.010725776
v 0.011554346 -0.0087523563 0.0092159165
v 0.01156328 -0.013967983 0.0086670481
v 0.011684518 -0.0051427735 0.0074186418
v 0.011688779 -0.0052468944 0.0075019933
v 0.01169392 -0.0050770482 0.0073028887
v 0.011715558 -0.0050597275 0.0071723573
v 0.011746137 -0.0050934469 0.0070469198
v 0.011779609 -0.010664271 0.0070776413
v 0.011801631 -0.010982 0.0072428626
v 0.011812015 -0.010509861 0.0070097907
v 0.011823321 -0.014465581 0.0085960068
v 0.011825533 -0.010384508 0.010110278
v 0.011834416 -0.0086085573 0.0092248665
v 0.011900381 -0.0083440393 0.003977851
v 0.011912267 -0.0095847417 0.01170997
v 0.011925683 -0.010261933 0.0069186403
v 0.011944365 -0.016187016 0.012170687
v 0.01196404 -0.016205795 0.012185593
v 0.011971666 -0.0085693281 0.0092448723
v 0.011983492 -0.0078239245 0.010850122
v 0.011990941 -0.016239394 0.012210336
v 0.011996686 -0.016205762 0.012334106
v 0.012011456 -0.016276201 0.012235365
v 0.012018951 -0.016487319 0.012411622
v 0.01201959 -0.016296504 0.012248431
v 0.012021459 -0.016374588 0.01243711
v 0.012025584 -0.016325941 0.012411743
v 0.012029772 -0.016430205 0.012324376
v 0.012030873 -0.016354604 0.012481965
v 0.012034027 -0.01638444 0.012300191
v 0.012036609 -0.016520675 0.012508624
v 0.012042546 -0.016569713 0.012397817
v 0.012045533 -0.011367499 0.0075060204
v 0.012054011 -0.016389208 0.012573339
v 0.012056151 -0.016233707 0.012487991
v 0.012057822 -0.016328197 0.012546331
v 0.012062512 -0.016270898 0.012516975
v 0.012064228 -0.011383086 0.0075192112
v 0.012066558 -0.016618213 0.012428999
v 0.012073948 -0.01007547 0.0068682088
v 0.012087201 -0.01657862 0.012578741
v 0.012095965 -0.016308201 0.012601291
v 0.012098886 -0.016659288 0.012458868
v 0.012101034 -0.016260371 0.012577433
v 0.012107996 -0.016611485 0.012580177
v 0.012122626 -0.016681062 0.012476609
v 0.012125147 -0.016470684 0.012671929
v 0.012127535 -0.016517056 0.012663437
v 0.012130342 -0.016279962 0.012625389
v 0.012130676 -0.016297009 0.012636725
v 0.012139915 -0.016485775 0.012682424
v 0.012148538 -0.016292863 0.012651608
v 0.012155442 -0.016453162 0.012698406
v 0.01216532 -0.015057942 0.0074112839
v 0.012185183 -0.012472447 0.0128377
v 0.012206294 -0.016356675 0.012718744
v 0.012207109 -0.011404723 0.0055967378
v 0.012212051 -0.016362622 0.012723144
v 0.012220948 -0.016350847 0.012724144
v 0.012238346 -0.0099370787 0.0068464708
v 0.012256556 -0.011804859 0.0058110799
v 0.012339767 -0.010325193 0.010229067
v 0.01234432 -0.0085529182 0.0093442434
v 0.012344638 -0.0061300793 0.0049736551
v 0.012346791 -0.016884038 0.010776643
v 0.012353184 -0.011002385 0.0054377369
v 0.012357634 -0.0092958491 0.01169409
v 0.012357815 -0.0079980334 0.011045234
v 0.012377791 -0.016915621 0.010801028
v 0.012395316 -0.016937314 0.010756104
v 0.012410993 -0.0085643763 0.0093692187
v 0.012429879 -0.017016901 0.010861559
v 0.01243722 -0.017135926 0.010912934
v 0.012449994 -0.017275434 0.010986376
v 0.012461799 -0.01727761 0.010925717
v 0.012462362 -0.017010607 0.01072924
v 0.012483724 -0.017061245 0.010753073
v 0.012491728 -0.012123538 0.0060383077
v 0.012492187 -0.017186236 0.010809107
v 0.01249467 -0.017268214 0.010842291
v 0.012505218 -0.011568652 0.0077392971
v 0.012514578 -0.017373184 0.011053894
v 0.012518416 -0.0097932806 0.0068554208
v 0.012525492 -0.017078647 0.010708614
v 0.012527184 -0.013064808 0.011652976
v 0.012530074 -0.017386783 0.011065167
v 0.012533737 -0.017225983 0.010772874
v 0.012539443 -0.01739637 0.01096191
v 0.012569721 -0.017125454 0.010698308
v 0.012576523 -0.017423877 0.010955531
v 0.012581371 -0.017229214 0.010735588
v 0.012585117 -0.017383315 0.01084598
v 0.012597586 -0.011869456 0.013050161
v 0.012614806 -0.0088547971 0.011547804
v 0.012614872 -0.0083797649 0.011310306
v 0.012636875 -0.011990017 0.013091723
v 0.012639407 -0.017324628 0.010749517
v 0.012640702 -0.017198639 0.010691013
v 0.012650672 -0.017423073 0.01085025
v 0.012655667 -0.0097540505 0.006875427
v 0.012665846 -0.01067753 0.0053655673
v 0.012669065 -0.016737299 0.013040553
v 0.012681987 -0.017239919 0.010692942
v 0.012683201 -0.012114771 0.013081868
v 0.012690296 -0.017260239 0.010698536
v 0.012705959 -0.017263401 0.010696406
v 0.012712422 -0.017398961 0.010789801
v 0.012729507 -0.01222472 0.013022093
v 0.012743598 -0.017381016 0.010765973
v 0.01276875 -0.012303134 0.012921504
v 0.012785134 -0.010036301 0.010213187
v 0.012785315 -0.0087384852 0.0095643308
v 0.012794297 -0.017344344 0.010735953
v 0.01280401 -0.0087540727 0.0095775221
v 0.012937033 -0.012309683 0.0062599289
v 0.012955176 -0.0060462812 0.005108003
v 0.013015121 -0.011513011 0.0078586722
v 0.013028321 -0.0097376406 0.0069747982
v 0.013042307 -0.0095952488 0.0100669
v 0.013042372 -0.0091202166 0.0098294029
v 0.013083166 -0.010494502 0.0053945235
v 0.013105901 -0.01699811 0.013589236
v 0.013116437 -0.017104056 0.013447795
v 0.013126395 -0.016929595 0.013642682
v 0.013137231 -0.017140072 0.013375763
v 0.013162597 -0.016856747 0.013679466
v 0.013174147 -0.013949831 0.0091229901
v 0.013194826 -0.014075791 0.0091618784
v 0.013204665 -0.0051836511 0.0079079699
v 0.013225378 -0.014205126 0.00914976
v 0.01325118 -0.017736355 0.011068146
v 0.013261142 -0.014318135 0.0090884725
v 0.013271353 -0.016717851 0.013694321
v 0.013296683 -0.014397621 0.0089873504
v 0.013377037 -0.018035976 0.011368146
v 0.013427696 -0.018103143 0.011445647
v 0.013440344 -0.018013138 0.011308786
v 0.013451267 -0.012250368 0.0063787177
v 0.013459593 -0.011230822 0.0078458861
v 0.013469315 -0.0099232076 0.0071948855
v 0.013488011 -0.0099387951 0.0072080763
v 0.013522493 -0.01048955 0.00551887
v 0.013523462 -0.0067593139 0.0036540315
v 0.013601965 -0.017501971 0.013698446
v 0.013708743 -0.01812996 0.011395987
v 0.013714937 -0.018140689 0.01137453
v 0.013721527 -0.010796435 0.0077043064
v 0.01373191 -0.010324292 0.0074712322
v 0.013731988 -0.0052756192 0.0081061795
v 0.013783577 -0.0051722843 0.0080393432
v 0.013836764 -0.017660914 0.013846892
v 0.013840327 -0.0051072249 0.0079375915
v 0.013854472 -0.011740336 0.012953526
v 0.01388025 -0.014228309 0.0090711555
v 0.013893601 -0.005090348 0.0078164143
v 0.013896634 -0.011961475 0.0063628377
v 0.013896815 -0.010663659 0.005713982
v 0.013935289 -0.0051242243 0.0076942621
v 0.014064423 -0.018415863 0.011634269
v 0.014153806 -0.011520424 0.0062165512
v 0.014153872 -0.011045391 0.0059790537
v 0.014196472 -0.012332697 0.011768804
v 0.014222249 -0.01482067 0.0078864321
v 0.014230609 -0.010810195 0.012991944
v 0.01423126 -0.0060515236 0.010612796
v 0.014326711 -0.010893905 0.013031481
v 0.014327385 -0.005969685 0.010569566
v 0.0144212 -0.01098742 0.01301991
v 0.014421892 -0.0059228493 0.010487825
v 0.014442071 -0.018677518 0.011869102
v 0.014499689 -0.011076496 0.012958989
v 0.014500395 -0.0059181498 0.010380019
v 0.01453379 -0.0061608567 0.0056209974
v 0.01455023 -0.011147577 0.012857995
v 0.014550941 -0.0059563005 0.010262562
v 0.014704327 -0.013278728 0.0092291627
v 0.014778245 -0.013381347 0.0092717502
v 0.014845845 -0.018914558 0.012109916
v 0.014853922 -0.013490881 0.0092627583
v 0.01489294 -0.0065486617 0.0090778386
v 0.014919844 -0.013590669 0.0092035644
v 0.014965973 -0.013665511 0.0091031771
v 0.015105114 -0.010440918 0.012664846
v 0.015106624 -0.019561771 0.014766566
v 0.015173575 -0.009193006 0.012455561
v 0.015173812 -0.0074512111 0.011584732
v 0.015302481 -0.0092204558 0.012476438
v 0.015302728 -0.0074180667 0.011575314
v 0.01534276 -0.0079766978 0.0067624473
v 0.015424783 -0.009266275 0.012449047
v 0.015425035 -0.0074125128 0.011522239
v 0.015438885 -0.0078948596 0.0067192167
v 0.015447115 -0.011033279 0.011480124
v 0.015448548 -0.0061347806 0.0090312883
v 0.015521852 -0.0093234815 0.012377555
v 0.015522112 -0.0074353968 0.011433587
v 0.015533393 -0.0078480234 0.0066374759
v 0.015547059 -0.0060549309 0.0089897402
v 0.015550393 -0.019243231 0.012492117
v 0.01557892 -0.0093833711 0.012272849
v 0.015579181 -0.0074832337 0.011322855
v 0.015611895 -0.007843324 0.0065296707
v 0.015627077 -0.01834638 0.014991171
v 0.015643585 -0.0060097808 0.0089094248
v 0.015644561 -0.018184045 0.015059597
v 0.015651973 -0.018460004 0.014857715
v 0.015661729 -0.013072752 0.0090076458
v 0.015662441 -0.0078814747 0.0064122127
v 0.015689407 -0.0088315625 0.012028839
v 0.01569974 -0.018016497 0.015044659
v 0.015723443 -0.0060062092 0.0088025751
v 0.015774459 -0.006044752 0.0086854482
v 0.015833624 -0.0078233825 0.0099867508
v 0.015850751 -0.012087597 0.0089645414
v 0.015961997 -0.020797193 0.013747235
v 0.015964549 -0.012148773 0.00899792
v 0.01600373 -0.013665114 0.0078229234
v 0.016004441 -0.0084738368 0.0052274899
v 0.016031407 -0.0094239237 0.010844116
v 0.016074043 -0.012223184 0.0089811282
v 0.016130589 -0.018623922 0.014949561
v 0.016162554 -0.012299495 0.008916717
v 0.016205056 -0.0091451937 0.0075956187
v 0.016216615 -0.012366092 0.0088144969
v 0.016250478 -0.01949664 0.012784454
v 0.016312174 -0.013309256 0.0077340347
v 0.016331181 -0.009104006 0.0075813737
v 0.01637296 -0.0070813843 0.006612184
v 0.016386352 -0.010612356 0.0083815353
v 0.016445149 -0.01312915 0.0076823677
v 0.01645112 -0.0090916362 0.0075242072
v 0.01651879 -0.010622212 0.0083946344
v 0.016546614 -0.0091099618 0.0074328198
v 0.016603123 -0.0091561954 0.0073211249
v 0.016644076 -0.01065311 0.0083606457
v 0.016688429 -0.019586394 0.013026732
v 0.01669042 -0.011308545 0.0084224995
v 0.016690681 -0.0094084078 0.0074725067
v 0.016743142 -0.010700351 0.0082847467
v 0.016777674 -0.012566265 0.0074969172
v 0.016800907 -0.010756737 0.0081784902
v 0.016838454 -0.021634078 0.016576186
v 0.016874904 -0.021579741 0.016618401
v 0.016880566 -0.021742601 0.016607972
v 0.016890155 -0.021239139 0.01652037
v 0.016958211 -0.021495013 0.016658589
v 0.01703242 -0.011900907 0.0072377771
v 0.017032681 -0.010000769 0.0062877838
v 0.017281972 -0.022570301 0.014994287
v 0.017577384 -0.022977546 0.017201051
v 0.017629696 -0.023009755 0.01509657
v 0.01771689 -0.02308487 0.015107246
v 0.017788149 -0.02307388 0.015056063
v 0.01789535 -0.023533499 0.01564287
v 0.017899228 -0.023032755 0.015011902
v 0.017968273 -0.02299384 0.015004275
v 0.018601041 -0.018266821 0.016007354
v 0.01860987 -0.018439893 0.016043531
v 0.018639242 -0.018606272 0.015990654
v 0.01868129 -0.018721374 0.01586289
v 0.018728022 -0.018802322 0.015700996
v 0.019027956 -0.025112763 0.019091006
v 0.019084733 -0.018758576 0.015763002
v 0.019240431 -0.019689837 0.013925962
v 0.019266749 -0.0093087414 0.0099416208
v 0.019279789 -0.019758007 0.013789624
v 0.019304322 -0.0093230102 0.010055113
v 0.019310374 -0.026762838 0.019593731
v 0.019311385 -0.0093260435 0.010074763
v 0.01932013 -0.026371405 0.017456075
v 0.019350786 -0.009345294 0.010173197
v 0.01936784 -0.0093451282 0.010101548
v 0.019369334 -0.0093556345 0.010213419
v 0.019377431 -0.026893517 0.019861827
v 0.019395068 -0.0093751587 0.010000395
v 0.019399809 -0.0093742115 0.010271883
v 0.019425321 -0.026921269 0.019962423
v 0.019450625 -0.0093569355 0.010119957
v 0.019458342 -0.0094144763 0.010362195
v 0.019459084 -0.0096418755 0.0092753526
v 0.019464953 -0.026880398 0.020012207
v 0.019466188 -0.0093874615 0.010015636
v 0.019480864 -0.0096588014 0.0092898626
v 0.019497849 -0.0094444444 0.010409755
v 0.019516917 -0.0093884747 0.010020975
v 0.019519584 -0.009681684 0.0093114534
v 0.019519916 -0.0093788318 0.0103176
v 0.019520037 -0.0093765967 0.01031247
v 0.019522555 -0.0094641512 0.010434872
v 0.019523285 -0.009354867 0.010240983
v 0.019530252 -0.0093493732 0.010157749
v 0.019548915 -0.0093859993 0.010022108
v 0.019554423 -0.0094908625 0.010461076
v 0.019561319 -0.0096986387 0.009330214
v 0.019572409 -0.0097660273 0.0092286738
v 0.019581517 -0.0093806954 0.010028867
v 0.019584887 -0.0097053796 0.0093391426
v 0.019606404 -0.0093463529 0.010156276
v 0.019609589 -0.0094549526 0.010432098
v 0.0196169 -0.0094509218 0.01042736
v 0.019630453 -0.02678548 0.020087792
v 0.01963984 -0.009371073 0.010300784
v 0.019657627 -0.0094316434 0.010397013
v 0.019683437 -0.0098847877 0.0091967359
v 0.019683501 -0.0097155031 0.0093657579
v 0.019698452 -0.0093720965 0.010114395
v 0.019702857 -0.0093877492 0.010067422
v 0.019708956 -0.0097903367 0.0092674904
v 0.01971096 -0.009415553 0.010345922
v 0.019728191 -0.009894941 0.0092034759
v 0.019732954 -0.0093967943 0.010080634
v 0.019736137 -0.0097102737 0.0093735587
v 0.019748723 -0.017967809 0.016189156
v 0.019754987 -0.0099584926 0.0091897082
v 0.019764261 -0.0097850831 0.0092765223
v 0.019768078 -0.0097638117 0.0092968307
v 0.019771406 -0.0094078705 0.01024093
v 0.019781148 -0.0094170636 0.010250601
v 0.019792633 -0.0098885549 0.0092148613
v 0.019796647 -0.010000098 0.009191894
v 0.019801093 -0.0094257472 0.010213304
v 0.019813426 -0.018126328 0.016234186
v 0.019817205 -0.010004006 0.009194837
v 0.019820802 -0.010023724 0.009195541
v 0.019830206 -0.0094552869 0.010137954
v 0.019832054 -0.010034564 0.0091980416
v 0.019848097 -0.0098419646 0.0092465971
v 0.019869404 -0.0097076502 0.0094107175
v 0.019883698 -0.018282048 0.016187785
v 0.01988982 -0.0097267935 0.0093857953
v 0.019890077 -0.0097120237 0.0094188722
v 0.019908104 -0.010103653 0.0092349369
v 0.019932661 -0.0099307075 0.0092437984
v 0.019940713 -0.018393252 0.016062392
v 0.019944511 -0.0097802086 0.0093514612
v 0.019960208 -0.028226187 0.018521933
v 0.019965738 -0.010026193 0.0092539964
v 0.019986531 -0.0099906838 0.0092701828
v 0.019987468 -0.029562656 0.021074416
v 0.020002307 -0.0098408619 0.0093495492
v 0.020002905 -0.010050563 0.012303909
v 0.020006675 -0.018506136 0.015836174
v 0.020009385 -0.028267693 0.018419068
v 0.020013543 -0.0099310474 0.0093078706
v 0.020017426 -0.0097795622 0.009489404
v 0.020029396 -0.0098706735 0.0093612438
v 0.020031704 -0.0098443823 0.0093905982
v 0.020067072 -0.03013261 0.021333165
v 0.020068919 -0.035997827 0.022597451
v 0.020069487 -0.036036931 0.022637116
v 0.020073075 -0.03616922 0.022529053
v 0.020073898 -0.036210749 0.022561716
v 0.020074153 -0.035652295 0.022682775
v 0.020075766 -0.036148343 0.022512468
v 0.020076796 -0.035958637 0.022557676
v 0.020077813 -0.036075205 0.022675976
v 0.020079685 -0.036254141 0.022479873
v 0.020080149 -0.036127448 0.022495767
v 0.020080552 -0.036243476 0.022473095
v 0.020081846 -0.036251247 0.022593323
v 0.020081883 -0.036232796 0.022466239
v 0.02008486 -0.035717841 0.022775726
v 0.020085689 -0.036211394 0.022452345
v 0.020085789 -0.03629614 0.022446433
v 0.020086035 -0.036290783 0.022443693
v 0.020086402 -0.036285423 0.022440922
v 0.020087464 -0.035924438 0.022522001
v 0.020087468 -0.036274675 0.022435291
v 0.02008801 -0.036031283 0.022489043
v 0.020089339 -0.036337599 0.022531074
v 0.02009055 -0.036316868 0.022424463
v 0.020090597 -0.036314197 0.022423349
v 0.020090675 -0.036311522 0.022422226
v 0.02009071 -0.036253117 0.022423739
v 0.020090919 -0.036306161 0.022419948
v 0.020091733 -0.036295414 0.022415282
v 0.020092418 -0.036322895 0.022416648
v 0.020092564 -0.036320586 0.022415115
v 0.020092735 -0.036318272 0.022413569
v 0.020093275 -0.035590518 0.022594262
v 0.020093316 -0.036312308 0.022409547
v 0.020093929 -0.036173813 0.022428045
v 0.020094102 -0.036359906 0.022440275
v 0.020094354 -0.03630447 0.022404192
v 0.020094477 -0.036273841 0.022405602
v 0.020095564 -0.036297143 0.022399133
v 0.020097073 -0.036284108 0.022394296
v 0.020097738 -0.036286242 0.022391554
v 0.020098144 -0.03621478 0.022402847
v 0.020101182 -0.036235142 0.022387527
v 0.020101285 -0.034955777 0.02275571
v 0.020101419 -0.0099707125 0.012262361
v 0.020102087 -0.036396451 0.022463067
v 0.020102194 -0.036266427 0.022378841
v 0.020102285 -0.028291104 0.018327033
v 0.020103542 -0.036259633 0.022375608
v 0.020103719 -0.036248431 0.022375895
v 0.020104049 -0.036383081 0.022414744
v 0.020107277 -0.035796072 0.022825386
v 0.020110484 -0.036316298 0.022356441
v 0.020113459 -0.036428042 0.02248339
v 0.020113917 -0.036144938 0.02274766
v 0.020115109 -0.036324758 0.022651596
v 0.020117018 -0.034993738 0.022862129
v 0.020118531 -0.034920648 0.022653831
v 0.0201216 -0.036412105 0.022577204
v 0.020124061 -0.036329709 0.02233145
v 0.020124584 -0.034916893 0.022875555
v 0.02012505 -0.028860047 0.021190424
v 0.020129265 -0.036380578 0.02234357
v 0.020148382 -0.036483698 0.022523072
v 0.020151822 -0.034189608 0.022621905
v 0.020156439 -0.036495216 0.022430412
v 0.020166583 -0.036260456 0.022237761
v 0.020167666 -0.036392115 0.022692997
v 0.020169197 -0.036410131 0.022298502
v 0.020172065 -0.033570472 0.022633791
v 0.020176137 -0.036466211 0.022336029
v 0.02018127 -0.028291823 0.018284019
v 0.020181511 -0.036518537 0.022551026
v 0.020182455 -0.033602707 0.022512347
v 0.020184595 -0.035930131 0.022900321
v 0.020189775 -0.031464651 0.022064958
v 0.020194532 -0.036489669 0.022336403
v 0.020197945 -0.009925562 0.012182046
v 0.020202568 -0.033544596 0.022738678
v 0.020204199 -0.036500655 0.022337053
v 0.020207411 -0.036554758 0.022473101
v 0.020209026 -0.031542882 0.02213636
v 0.02021325 -0.036460266 0.022284547
v 0.02021881 -0.036561903 0.022450352
v 0.02022679 -0.036333941 0.022187801
v 0.020231843 -0.033533014 0.022788668
v 0.020238141 -0.035884757 0.022081532
v 0.020243851 -0.03653834 0.022342209
v 0.020243956 -0.031521019 0.022193102
v 0.020273848 -0.033522636 0.022836525
v 0.020277802 -0.0099219922 0.012075196
v 0.020279512 -0.036571376 0.022362716
v 0.020282483 -0.036378738 0.022165911
v 0.020288577 -0.036570013 0.022351619
v 0.020290529 -0.036519397 0.022278566
v 0.020301806 -0.033518206 0.022858903
v 0.020305114 -0.028271656 0.018255904
v 0.020319616 -0.035810445 0.021914257
v 0.020328818 -0.009960535 0.01195807
v 0.020334803 -0.033875618 0.022976479
v 0.020344643 -0.029866135 0.019361958
v 0.020345137 -0.036546975 0.022283457
v 0.020372208 -0.033509802 0.022904504
v 0.020376077 -0.036429163 0.022155173
v 0.020382244 -0.028247314 0.01826016
v 0.020393157 -0.031475835 0.022301385
v 0.020398859 -0.035868961 0.021847239
v 0.020404048 -0.032570507 0.022656251
v 0.020439574 -0.03645058 0.022161316
v 0.020468961 -0.035903197 0.02181894
v 0.020556767 -0.010355358 0.011168426
v 0.020581678 -0.035938598 0.021808151
v 0.020595878 -0.033434574 0.020949524
v 0.020648111 -0.033526443 0.020863662
v 0.02065444 -0.035950866 0.021819899
v 0.020737797 -0.033598471 0.020800343
v 0.020818697 -0.033616867 0.020766752
v 0.020824045 -0.018092576 0.015779832
v 0.020905979 -0.010960219 0.0099587096
v 0.020925634 -0.019118641 0.014192499
v 0.020927317 -0.010997167 0.0098848054
v 0.020945575 -0.033628464 0.020754894
v 0.020993888 -0.017130096 0.016129747
v 0.021024698 -0.033626162 0.020770093
v 0.021084979 -0.019022098 0.014193537
v 0.021119207 -0.017247831 0.016171884
v 0.021130655 -0.010915468 0.011622256
v 0.021139259 -0.019116139 0.014005474
v 0.021216189 -0.011012592 0.011697092
v 0.021233853 -0.017373702 0.016123367
v 0.021307107 -0.017473975 0.015997197
v 0.021408308 -0.017648989 0.015646955
v 0.021536944 -0.011110783 0.010591331
v 0.021578165 -0.012194202 0.013830466
v 0.021692375 -0.01177321 0.010571492
v 0.021703273 -0.012150547 0.013814693
v 0.021811476 -0.015924752 0.015763093
v 0.021822352 -0.012136083 0.013756232
v 0.02191727 -0.012153012 0.01366398
v 0.021973582 -0.012198756 0.013551983
v 0.02197659 -0.015983811 0.01578738
v 0.022053638 -0.014847186 0.015294217
v 0.022105932 -0.016830821 0.015315007
v 0.022120373 -0.016066728 0.015725799
v 0.02218678 -0.014848329 0.015303162
v 0.022204293 -0.016151279 0.015594846
v 0.022230541 -0.014853788 0.015295677
v 0.022303896 -0.017896136 0.013970536
v 0.022312663 -0.014871841 0.015265652
v 0.022353614 -0.013012008 0.013115857
v 0.022382954 -0.014898301 0.015217385
v 0.022412131 -0.014914145 0.0151874
v 0.022470035 -0.014968798 0.015080318
v 0.022474308 -0.017646549 0.013886733
v 0.022524238 -0.017733054 0.01371374
v 0.022572082 -0.013235389 0.011478718
v 0.022636933 -0.015257871 0.01450217
v 0.02268282 -0.01353787 0.011775577
v 0.022988552 -0.016323918 0.013330787
v 0.023030262 -0.015939141 0.013139633
v 0.023068536 -0.01600543 0.013007053
v 0.02621677 -0.01438041 0.013523864
v 0.026436744 -0.015016986 0.013504713
v 0.027425952 -0.015098887 0.015333666
v 0.02749512 -0.015024234 0.015276562
v 0.027568713 -0.014976148 0.015182792
v 0.027578225 -0.015653534 0.014126437
v 0.027624998 -0.014969114 0.015079732
v 0.027666267 -0.015002619 0.014963438
v 0.027673436 -0.01548517 0.014116896
v 0.027701493 -0.015215262 0.01433624
v 0.027707787 -0.015377698 0.014160587
v 0.027717585 -0.015280646 0.014240159
v 0.031509053 -0.017030096 0.016209211
v 0.031911194 -0.017698402 0.016243855
v 0.036755841 -0.018922649 0.019270336
v 0.036803361 -0.018843425 0.019202575
v 0.036854744 -0.01879075 0.019100057
v 0.036897287 -0.018780867 0.018985109
v 0.036915969 -0.01947616 0.018269738
v 0.036926094 -0.018811215 0.018874699
v 0.036983289 -0.019291781 0.018236427
v 0.037005804 -0.019174367 0.018271169
v 0.037044343 -0.019088591 0.018351218
v 0.037070166 -0.019024175 0.018473275
v 0.038232286 -0.019853301 0.018736338
v 0.040164459 -0.0196962 0.019903222
v 0.043244381 -0.020468151 0.020436544
v 0.043927088 -0.047111969 0.034557108
v 0.044130992 -0.021101939 0.020526692
v 0.046910468 -0.02101158 0.021912344
v 0.046932638 -0.020931933 0.021835627
v 0.046957571 -0.020879155 0.021725969
v 0.046978101 -0.020868717 0.021614632
v 0.046995249 -0.020899866 0.021496272
v 0.047014836 -0.021111313 0.021211153
v 0.047097825 -0.021455545 0.021245759
v 0.047124978 -0.021264767 0.021198466
v 0.047129449 -0.021143842 0.021226067
v 0.047484614 -0.020989662 0.021928214
v 0.047760889 -0.021016404 0.021972457
v 0.047795441 -0.021019651 0.021977892
v 0.047829989 -0.021022869 0.021983301
v 0.047899097 -0.021029241 0.02199406
v 0.048037343 -0.021041729 0.022015316
v 0.049144693 -0.021128785 0.022172695
v 0.0493384 -0.021108599 0.021850269
v 0.049374226 -0.021109952 0.021856964
v 0.049515631 -0.021117534 0.021878477
v 0.049935803 -0.021618087 0.021815952
v 0.050531965 -0.040458523 0.033326436
v 0.051364664 -0.0212339 0.022417484
v 0.052469332 -0.021193083 0.022268811
v 0.053576779 -0.021187322 0.022381155
v 0.054378707 -0.021180592 0.022446755
v 0.055591643 -0.021417204 0.022588519
v 0.055810779 -0.021168577 0.022563908
v 0.055903517 -0.021167802 0.022571497
v 0.057112232 -0.021157658 0.022670375
v 0.05725003 -0.021191688 0.022700736
v 0.057294704 -0.0212171 0.022721676
v 0.063497365 -0.027306495 0.027606256
v 0.063878976 -0.027707927 0.027927456
v 0.064347193 -0.028227989 0.028342787
v 0.065861009 -0.02996671 0.02972953
v 0.06807474 -0.032928295 0.03193941
v 0.068142958 -0.03287923 0.031930845
v 0.068241745 -0.032777485 0.031957425
v 0.069444507 -0.034211773 0.033089384
v 0.070534565 -0.079642422 0.058737528
v 0.070548981 -0.079516575 0.058868039
v 0.070565365 -0.079711497 0.058612034
v 0.070642747 -0.079719953 0.05849421
v 0.070766225 -0.079666778 0.058386002
v 0.070944622 -0.07864853 0.059356086
v 0.071542963 -0.07775639 0.059590887
v 0.071648262 -0.078911208 0.058062576
v 0.073125377 -0.039098315 0.036697004
v 0.073158532 -0.038660295 0.036590949
v 0.073193349 -0.039049082 0.036688477
v 0.073281825 -0.038960382 0.036709316
v 0.073337525 -0.038875028 0.036759716
v 0.075442113 -0.074907593 0.057573274
v 0.077387497 -0.043733198 0.040573504
v 0.079488553 -0.04624968 0.042546283
v 0.081514791 -0.068790272 0.056441762
v 0.083303459 -0.051397633 0.046191219
v 0.083370864 -0.051347945 0.046182666
v 0.083458476 -0.051258765 0.046203341
v 0.083517849 -0.051165089 0.046260357
v 0.083541721 -0.051087026 0.046335388
v 0.085021228 -0.053173434 0.048126936
v 0.085120156 -0.053130697 0.048075814
v 0.085198544 -0.053117469 0.048009191
v 0.085259102 -0.05312705 0.047932647
v 0.085516296 -0.053431973 0.048171367
v 0.085775331 -0.053738903 0.04841166
v 0.087906145 -0.063090958 0.054366577
v 0.10415055 -0.075623408 0.064998224
v 0.10421636 -0.07557223 0.064989038
v 0.10430168 -0.075481258 0.06500867
v 0.1043593 -0.075386494 0.065064706
v 0.10438319 -0.075297482 0.065151654
v 0.1052633 -0.076582268 0.066606015
v 0.10536301 -0.076534174 0.066554524
v 0.10544252 -0.076517358 0.066486187
v 0.10551693 -0.076530293 0.066385888
v 0.10554886 -0.076558232 0.066291668
v 0.1055555 -0.076565698 0.066297553
v 0.10695714 -0.10270321 0.080589443
v 0.1124976 -0.097122021 0.079557084
v 0.1255538 -0.099497922 0.083655357
v 0.12561917 -0.099446513 0.083646327
v 0.12570386 -0.099355392 0.083666049
v 0.12576093 -0.099260658 0.083722003
v 0.1257706 -0.099103943 0.083911635
v 0.12578453 -0.099171825 0.08380875
v 0.12602481 -0.099727824 0.084839799
v 0.12612671 -0.099676304 0.084789403
v 0.12620839 -0.099657349 0.08472053
v 0.12628497 -0.099669211 0.084618233
v 0.12632447 -0.099704921 0.084527783
v 0.13442835 -0.13434146 0.10463542
v 0.13443264 -0.13443857 0.10451318
v 0.13445012 -0.13446078 0.1044623
v 0.13447182 -0.13446979 0.10442133
v 0.13454352 -0.1344589 0.10433461
v 0.13455983 -0.13397411 0.10489196
v 0.13461573 -0.13442397 0.10427587
v 0.13474245 -0.13433927 0.10420087
v 0.13525635 -0.1328484 0.10526959
v 0.13609429 -0.13302435 0.10389293
v 0.13617088 -0.11147546 0.092987925
v 0.13622898 -0.13166776 0.10532868
v 0.13623638 -0.11142448 0.092979603
v 0.13632116 -0.11133414 0.093000151
v 0.13637829 -0.11124019 0.093056567
v 0.13638805 -0.11108438 0.093246043
v 0.13640194 -0.11115198 0.093143396
v 0.13711335 -0.13192049 0.10379559
v 0.13789439 -0.12991878 0.1051037
v 0.13974814 -0.12813339 0.10466021
v 0.14049141 -0.12743402 0.10446267
v 0.1433847 -0.12554573 0.10269563
v 0.14601375 -0.12254146 0.10263157
v 0.14613816 -0.12246272 0.10255263
v 0.14616247 -0.12298236 0.10189706
v 0.14618915 -0.12244676 0.10250075
v 0.146235 -0.12244421 0.10243998
v 0.14626114 -0.12287577 0.10188723
v 0.14629583 -0.12282532 0.10189931
v 0.14630286 -0.12248539 0.10229627
v 0.14633222 -0.1227572 0.10193022
v 0.14634959 -0.12256633 0.10213437
v 0.14636336 -0.12264776 0.10201783
s 1
f 1040// 1052// 946//
f 946// 1052// 965//
f 1034// 926// 1045//
f 1045// 926// 959//
f 1045// 959// 1053//
f 1053// 959// 968//
f 1053// 968// 1052//
f 1052// 968// 965//
f 310// 307// 320//
f 320// 307// 302//
f 320// 302// 299//
f 321// 315// 320//
f 320// 315// 312//
f 320// 312// 310//
f 311// 318// 300//
f 300// 318// 288//
f 311// 313// 318//
f 318// 313// 314//
f 318// 314// 316//
f 288// 318// 283//
f 283// 318// 281//
f 283// 281// 269//
f 281// 285// 282//
f 257// 269// 262//
f 262// 269// 281//
f 262// 281// 265//
f 265// 281// 282//
f 265// 282// 259//
f 259// 282// 273//
f 259// 273// 258//
f 285// 281// 297//
f 297// 281// 318//
f 297// 318// 321//
f 321// 318// 316//
f 321// 316// 315//
f 165// 170// 177//
f 177// 170// 181//
f 177// 181// 202//
f 202// 181// 309//
f 202// 309// 284//
f 407// 408// 231//
f 231// 408// 221//
f 231// 221// 218//
f 218// 221// 183//
f 183// 221// 180//
f 183// 180// 178//
f 178// 180// 169//
f 169// 180// 170//
f 169// 170// 165//
f 594// 555// 554//
f 594// 554// 597//
f 566// 607// 565//
f 565// 607// 604//
f 554// 556// 597//
f 597// 556// 557//
f 597// 557// 604//
f 604// 557// 560//
f 604// 560// 565//
f 605// 604// 607//
f 596// 600// 601//
f 574// 576// 580//
f 580// 576// 584//
f 584// 576// 589//
f 584// 589// 590//
f 601// 600// 605//
f 605// 600// 597//
f 605// 597// 604//
f 590// 589// 596//
f 596// 589// 599//
f 596// 599// 600//
f 600// 599// 594//
f 600// 594// 597//
f 571// 575// 587//
f 591// 593// 585//
f 599// 589// 592//
f 592// 589// 576//
f 592// 576// 583//
f 583// 576// 574//
f 583// 574// 570//
f 570// 574// 569//
f 591// 585// 582//
f 582// 585// 581//
f 582// 581// 577//
f 593// 598// 585//
f 585// 598// 587//
f 585// 587// 581//
f 581// 587// 575//
f 591// 594// 593//
f 593// 594// 599//
f 593// 599// 598//
f 598// 599// 592//
f 598// 592// 587//
f 587// 592// 583//
f 587// 583// 571//
f 571// 583// 570//
f 582// 577// 542//
f 542// 545// 582//
f 582// 545// 550//
f 582// 550// 591//
f 591// 550// 553//
f 591// 553// 594//
f 594// 553// 555//
f 442// 222// 216//
f 442// 216// 441//
f 441// 216// 214//
f 441// 214// 440//
f 440// 214// 210//
f 440// 210// 438//
f 438// 210// 212//
f 438// 212// 439//
f 811// 668// 805//
f 805// 668// 657//
f 811// 805// 869//
f 869// 805// 820//
f 869// 820// 883//
f 883// 820// 875//
f 883// 875// 895//
f 895// 875// 887//
f 895// 887// 907//
f 907// 887// 893//
f 907// 893// 908//
f 908// 893// 894//
f 908// 894// 896//
f 896// 894// 888//
f 719// 896// 714//
f 714// 896// 888//
f 719// 714// 712//
f 712// 714// 701//
f 712// 701// 695//
f 695// 701// 672//
f 695// 672// 669//
f 669// 672// 658//
f 669// 658// 661//
f 661// 658// 650//
f 661// 650// 660//
f 660// 650// 649//
f 660// 649// 668//
f 668// 649// 657//
f 1273// 1234// 1227//
f 1227// 1234// 1202//
f 1227// 1202// 1184//
f 1184// 1202// 1149//
f 1184// 1149// 1129//
f 1129// 1149// 1107//
f 1129// 1107// 1113//
f 1113// 1107// 1084//
f 1113// 1084// 1112//
f 1112// 1084// 1083//
f 1112// 1083// 1128//
f 1128// 1083// 1106//
f 1385// 1128// 1356//
f 1356// 1128// 1106//
f 1385// 1356// 1419//
f 1419// 1356// 1393//
f 1419// 1393// 1431//
f 1431// 1393// 1425//
f 1431// 1425// 1461//
f 1461// 1425// 1433//
f 1461// 1433// 1490//
f 1490// 1433// 1459//
f 1490// 1459// 1498//
f 1498// 1459// 1478//
f 1498// 1478// 1495//
f 1495// 1478// 1471//
f 1495// 1471// 1482//
f 1482// 1471// 1443//
f 1273// 1482// 1234//
f 1234// 1482// 1443//
f 619// 622// 628//
f 568// 532// 609//
f 512// 504// 513//
f 579// 562// 606//
f 532// 512// 609//
f 609// 512// 513//
f 609// 513// 617//
f 617// 513// 521//
f 617// 521// 621//
f 621// 521// 561//
f 621// 561// 627//
f 627// 561// 578//
f 627// 578// 628//
f 628// 578// 579//
f 628// 579// 619//
f 619// 579// 606//
f 532// 568// 549//
f 620// 622// 619//
f 606// 562// 525//
f 606// 525// 619//
f 532// 549// 512//
f 504// 512// 488//
f 488// 512// 549//
f 488// 549// 483//
f 483// 549// 543//
f 483// 543// 493//
f 493// 543// 559//
f 493// 559// 510//
f 510// 559// 588//
f 510// 588// 515//
f 515// 588// 611//
f 515// 611// 525//
f 525// 611// 620//
f 525// 620// 619//
f 1120// 1183// 1110//
f 1110// 1183// 1160//
f 1110// 1160// 1065//
f 1065// 1160// 1115//
f 1065// 1115// 1022//
f 1022// 1115// 1095//
f 1022// 1095// 1013//
f 1013// 1095// 1068//
f 1013// 1068// 1015//
f 1015// 1068// 1073//
f 1015// 1073// 1032//
f 1032// 1073// 1099//
f 1020// 986// 1012//
f 1012// 986// 975//
f 1012// 975// 994//
f 994// 975// 929//
f 994// 929// 984//
f 984// 929// 906//
f 984// 906// 976//
f 976// 906// 899//
f 976// 899// 971//
f 971// 899// 897//
f 971// 897// 973//
f 973// 897// 898//
f 973// 898// 981//
f 981// 898// 900//
f 981// 900// 990//
f 990// 900// 915//
f 990// 915// 1008//
f 1008// 915// 974//
f 1008// 974// 1019//
f 1019// 974// 985//
f 1019// 985// 1029//
f 1029// 985// 991//
f 1029// 991// 1030//
f 1030// 991// 992//
f 1030// 992// 1020//
f 1020// 992// 986//
f 1283// 1223// 1307//
f 1307// 1223// 1235//
f 1307// 1235// 1322//
f 1322// 1235// 1255//
f 1322// 1255// 1332//
f 1332// 1255// 1287//
f 1332// 1287// 1338//
f 1338// 1287// 1306//
f 1338// 1306// 1341//
f 1341// 1306// 1312//
f 1341// 1312// 1340//
f 1340// 1312// 1310//
f 1340// 1310// 1337//
f 1337// 1310// 1299//
f 1337// 1299// 1324//
f 1324// 1299// 1265//
f 1324// 1265// 1309//
f 1309// 1265// 1236//
f 1309// 1236// 1284//
f 1284// 1236// 1224//
f 1284// 1224// 1260//
f 1260// 1224// 1219//
f 1260// 1219// 1259//
f 1259// 1219// 1218//
f 1259// 1218// 1283//
f 1283// 1218// 1223//
f 891// 878// 905//
f 905// 878// 890//
f 905// 890// 980//
f 980// 890// 904//
f 980// 904// 1001//
f 1001// 904// 978//
f 1001// 978// 1028//
f 1028// 978// 996//
f 1028// 996// 1044//
f 1044// 996// 1005//
f 1044// 1005// 1036//
f 1036// 1005// 1000//
f 1036// 1000// 1017//
f 1017// 1000// 988//
f 993// 989// 1009//
f 989// 987// 999//
f 987// 988// 1000//
f 987// 1000// 999//
f 999// 1000// 1005//
f 999// 1005// 1007//
f 1007// 1005// 996//
f 1007// 996// 995//
f 995// 996// 978//
f 995// 978// 977//
f 977// 978// 904//
f 977// 904// 903//
f 903// 904// 890//
f 903// 890// 889//
f 889// 890// 878//
f 889// 878// 877//
f 989// 999// 1009//
f 1009// 999// 1007//
f 1009// 1007// 1014//
f 1014// 1007// 995//
f 1014// 995// 998//
f 998// 995// 977//
f 998// 977// 979//
f 979// 977// 903//
f 979// 903// 901//
f 901// 903// 889//
f 901// 889// 886//
f 886// 889// 877//
f 886// 877// 876//
f 993// 1009// 1016//
f 1016// 1009// 1014//
f 1016// 1014// 1018//
f 1018// 1014// 998//
f 1018// 998// 1006//
f 1006// 998// 979//
f 1006// 979// 982//
f 982// 979// 901//
f 982// 901// 902//
f 902// 901// 886//
f 902// 886// 885//
f 885// 886// 876//
f 885// 876// 874//
f 945// 988// 939//
f 939// 988// 987//
f 939// 987// 936//
f 936// 987// 955//
f 955// 987// 989//
f 955// 989// 960//
f 960// 989// 966//
f 966// 989// 993//
f 966// 993// 972//
f 969// 1017// 964//
f 964// 1017// 988//
f 964// 988// 945//
f 733// 790// 911//
f 911// 790// 1017//
f 911// 1017// 942//
f 942// 1017// 969//
f 790// 733// 722//
f 722// 733// 720//
f 722// 720// 715//
f 715// 720// 711//
f 715// 711// 703//
f 703// 711// 699//
f 703// 699// 697//
f 697// 699// 679//
f 697// 679// 696//
f 696// 679// 678//
f 696// 678// 702//
f 702// 678// 698//
f 702// 698// 891//
f 891// 698// 847//
f 891// 847// 864//
f 864// 871// 891//
f 891// 871// 873//
f 891// 873// 878//
f 878// 873// 872//
f 878// 872// 868//
f 832// 874// 837//
f 837// 874// 876//
f 837// 876// 848//
f 848// 876// 858//
f 858// 876// 877//
f 858// 877// 861//
f 861// 877// 867//
f 867// 877// 878//
f 867// 878// 868//
f 1479// 1483// 1486//
f 1484// 1480// 1466//
f 1466// 1473// 1484//
f 1484// 1473// 1476//
f 1484// 1476// 1485//
f 1502// 1492// 1500//
f 1500// 1492// 1491//
f 1500// 1491// 1497//
f 1497// 1491// 1489//
f 1497// 1489// 1494//
f 1494// 1489// 1486//
f 1494// 1486// 1488//
f 1488// 1486// 1483//
f 1474// 1479// 1481//
f 1481// 1479// 1486//
f 1481// 1486// 1485//
f 1485// 1486// 1489//
f 1485// 1489// 1484//
f 1484// 1489// 1491//
f 1484// 1491// 1480//
f 1480// 1491// 1492//
f 1476// 1477// 1485//
f 1485// 1477// 1475//
f 1485// 1475// 1481//
f 1481// 1475// 1472//
f 1481// 1472// 1474//
f 1474// 1472// 1465//
f 1629// 1752// 1750//
f 1772// 1800// 1799//
f 1825// 1842// 1840//
f 1855// 1859// 1857//
f 1841// 1847// 1845//
f 1845// 1847// 1850//
f 1845// 1850// 1849//
f 1849// 1850// 1853//
f 1849// 1853// 1851//
f 1851// 1853// 1857//
f 1807// 1841// 1810//
f 1810// 1841// 1845//
f 1810// 1845// 1815//
f 1815// 1845// 1849//
f 1815// 1849// 1820//
f 1820// 1849// 1851//
f 1820// 1851// 1826//
f 1826// 1851// 1852//
f 1857// 1859// 1851//
f 1851// 1859// 1856//
f 1851// 1856// 1852//
f 1847// 1832// 1850//
f 1850// 1832// 1834//
f 1850// 1834// 1853//
f 1853// 1834// 1838//
f 1853// 1838// 1857//
f 1857// 1838// 1840//
f 1857// 1840// 1855//
f 1855// 1840// 1842//
f 1832// 1794// 1834//
f 1834// 1794// 1795//
f 1834// 1795// 1838//
f 1838// 1795// 1797//
f 1838// 1797// 1840//
f 1840// 1797// 1799//
f 1840// 1799// 1825//
f 1825// 1799// 1800//
f 1752// 1772// 1750//
f 1750// 1772// 1799//
f 1750// 1799// 1748//
f 1748// 1799// 1797//
f 1748// 1797// 1746//
f 1746// 1797// 1795//
f 1746// 1795// 1745//
f 1745// 1795// 1794//
f 1617// 1629// 1615//
f 1615// 1629// 1750//
f 1615// 1750// 1614//
f 1614// 1750// 1748//
f 1614// 1748// 1616//
f 1616// 1748// 1746//
f 1616// 1746// 1620//
f 1620// 1746// 1745//
f 1620// 1589// 1616//
f 1616// 1589// 1588//
f 1616// 1588// 1614//
f 1614// 1588// 1587//
f 1614// 1587// 1615//
f 1615// 1587// 1585//
f 1615// 1585// 1617//
f 1617// 1585// 1586//
f 1826// 1852// 1836//
f 1836// 1852// 1866//
f 1835// 1844// 1842//
f 1852// 1856// 1866//
f 1866// 1856// 1859//
f 1866// 1859// 1865//
f 1865// 1859// 1855//
f 1865// 1855// 1858//
f 1858// 1855// 1842//
f 1858// 1842// 1848//
f 1848// 1842// 1844//
f 1842// 1825// 1835//
f 1835// 1825// 1800//
f 1835// 1800// 1781//
f 1800// 1772// 1781//
f 1781// 1772// 1752//
f 1781// 1752// 1672//
f 1586// 1591// 1617//
f 1617// 1591// 1672//
f 1617// 1672// 1629//
f 1629// 1672// 1752//
f 1239// 1209// 1345//
f 1239// 1345// 1365//
f 1365// 1345// 1416//
f 1365// 1416// 1429//
f 1169// 1117// 1239//
f 1239// 1117// 1209//
f 1117// 1097// 1116//
f 1116// 1097// 1094//
f 1094// 1089// 1116//
f 1116// 1089// 1080//
f 1116// 1080// 1114//
f 1114// 1080// 1109//
f 1080// 1075// 1109//
f 1109// 1075// 1070//
f 1109// 1070// 1102//
f 1102// 1070// 1060//
f 1102// 1060// 1059//
f 1209// 1117// 1208//
f 1208// 1117// 1116//
f 1208// 1116// 1207//
f 1207// 1116// 1114//
f 1109// 1203// 1114//
f 1114// 1203// 1206//
f 1114// 1206// 1207//
f 1102// 1199// 1109//
f 1109// 1199// 1200//
f 1109// 1200// 1203//
f 1199// 1339// 1200//
f 1200// 1339// 1343//
f 1200// 1343// 1203//
f 1203// 1343// 1206//
f 1206// 1343// 1344//
f 1206// 1344// 1207//
f 1207// 1344// 1208//
f 1208// 1344// 1345//
f 1208// 1345// 1209//
f 1339// 1391// 1343//
f 1343// 1391// 1404//
f 1343// 1404// 1344//
f 1344// 1404// 1412//
f 1344// 1412// 1345//
f 1345// 1412// 1416//
f 1432// 1416// 1430//
f 1430// 1416// 1412//
f 1430// 1412// 1428//
f 1428// 1412// 1404//
f 1391// 1426// 1404//
f 1404// 1426// 1427//
f 1404// 1427// 1428//
f 1429// 1416// 1470//
f 1470// 1416// 1432//
f 1826// 1836// 1502//
f 1502// 1836// 1470//
f 1502// 1470// 1492//
f 1492// 1470// 1480//
f 1480// 1470// 1466//
f 1466// 1470// 1432//
f 1466// 1432// 1458//
f 1434// 1437// 1426//
f 1426// 1437// 1427//
f 1437// 1440// 1427//
f 1427// 1440// 1446//
f 1427// 1446// 1428//
f 1428// 1446// 1450//
f 1428// 1450// 1430//
f 1458// 1432// 1455//
f 1455// 1432// 1430//
f 1455// 1430// 1452//
f 1452// 1430// 1450//
f 1386// 1436// 1376//
f 1376// 1436// 1435//
f 1376// 1435// 1434//
f 1398// 1403// 1457//
f 1457// 1451// 1398//
f 1398// 1451// 1449//
f 1398// 1449// 1397//
f 1397// 1449// 1441//
f 1397// 1441// 1386//
f 1386// 1441// 1439//
f 1386// 1439// 1436//
f 1437// 1444// 1447//
f 1442// 1444// 1437//
f 1468// 1463// 1464//
f 1449// 1451// 1460//
f 1460// 1451// 1457//
f 1439// 1441// 1448//
f 1448// 1441// 1449//
f 1448// 1449// 1453//
f 1437// 1435// 1436//
f 1457// 1462// 1460//
f 1460// 1462// 1467//
f 1460// 1467// 1464//
f 1464// 1467// 1469//
f 1464// 1469// 1468//
f 1454// 1450// 1446//
f 1444// 1456// 1447//
f 1447// 1456// 1454//
f 1447// 1454// 1445//
f 1445// 1454// 1446//
f 1438// 1442// 1437//
f 1437// 1436// 1438//
f 1438// 1436// 1439//
f 1438// 1439// 1442//
f 1442// 1439// 1448//
f 1442// 1448// 1444//
f 1444// 1448// 1453//
f 1444// 1453// 1456//
f 1434// 1435// 1437//
f 1468// 1458// 1463//
f 1463// 1458// 1455//
f 1463// 1455// 1452//
f 1449// 1460// 1453//
f 1453// 1460// 1464//
f 1453// 1464// 1456//
f 1456// 1464// 1463//
f 1456// 1463// 1454//
f 1454// 1463// 1452//
f 1454// 1452// 1450//
f 1445// 1437// 1447//
f 1446// 1440// 1445//
f 1445// 1440// 1437//
f 1466// 1458// 1473//
f 1473// 1458// 1468//
f 1457// 1465// 1462//
f 1462// 1465// 1472//
f 1462// 1472// 1467//
f 1467// 1472// 1475//
f 1467// 1475// 1469//
f 1469// 1475// 1477//
f 1469// 1477// 1468//
f 1468// 1477// 1476//
f 1468// 1476// 1473//
f 1409// 1465// 1403//
f 1403// 1465// 1457//
f 1465// 1409// 1411//
f 1465// 1411// 1474//
f 1474// 1411// 1414//
f 1474// 1414// 1479//
f 1479// 1414// 1421//
f 1479// 1421// 1483//
f 1483// 1421// 1422//
f 1483// 1422// 1488//
f 1406// 1394// 1375//
f 1375// 1394// 1377//
f 1375// 1377// 1348//
f 1348// 1377// 1368//
f 1348// 1368// 1360//
f 1563// 1547// 1375//
f 1375// 1547// 1417//
f 1375// 1417// 1406//
f 1504// 1501// 1520//
f 1520// 1501// 1511//
f 1520// 1511// 1534//
f 1534// 1511// 1527//
f 1534// 1527// 1550//
f 1550// 1527// 1537//
f 1550// 1537// 1573//
f 1573// 1537// 1553//
f 1573// 1553// 1579//
f 1579// 1553// 1567//
f 1579// 1567// 1577//
f 1577// 1567// 1562//
f 1577// 1562// 1563//
f 1563// 1562// 1547//
f 1298// 1303// 1311//
f 1304// 1300// 1280//
f 1280// 1293// 1304//
f 1304// 1293// 1296//
f 1304// 1296// 1305//
f 1328// 1318// 1326//
f 1326// 1318// 1316//
f 1326// 1316// 1323//
f 1323// 1316// 1315//
f 1323// 1315// 1319//
f 1319// 1315// 1311//
f 1319// 1311// 1313//
f 1313// 1311// 1303//
f 1294// 1298// 1301//
f 1301// 1298// 1311//
f 1301// 1311// 1305//
f 1305// 1311// 1315//
f 1305// 1315// 1304//
f 1304// 1315// 1316//
f 1304// 1316// 1300//
f 1300// 1316// 1318//
f 1296// 1297// 1305//
f 1305// 1297// 1295//
f 1305// 1295// 1301//
f 1301// 1295// 1292//
f 1301// 1292// 1294//
f 1294// 1292// 1279//
f 1313// 1487// 1493//
f 1313// 1493// 1319//
f 1319// 1493// 1496//
f 1319// 1496// 1323//
f 1323// 1496// 1499//
f 1323// 1499// 1326//
f 1326// 1499// 1501//
f 1326// 1501// 1328//
f 1551// 1549// 1570//
f 1549// 1548// 1564//
f 1548// 1545// 1561//
f 1545// 1547// 1562//
f 1545// 1562// 1561//
f 1561// 1562// 1567//
f 1561// 1567// 1566//
f 1566// 1567// 1553//
f 1566// 1553// 1552//
f 1552// 1553// 1537//
f 1552// 1537// 1535//
f 1535// 1537// 1527//
f 1535// 1527// 1526//
f 1526// 1527// 1511//
f 1526// 1511// 1510//
f 1510// 1511// 1501//
f 1510// 1501// 1499//
f 1548// 1561// 1564//
f 1564// 1561// 1566//
f 1564// 1566// 1569//
f 1569// 1566// 1552//
f 1569// 1552// 1555//
f 1555// 1552// 1535//
f 1555// 1535// 1536//
f 1536// 1535// 1526//
f 1536// 1526// 1524//
f 1524// 1526// 1510//
f 1524// 1510// 1508//
f 1508// 1510// 1499//
f 1508// 1499// 1496//
f 1549// 1564// 1570//
f 1570// 1564// 1569//
f 1570// 1569// 1572//
f 1572// 1569// 1555//
f 1572// 1555// 1560//
f 1560// 1555// 1536//
f 1560// 1536// 1538//
f 1538// 1536// 1524//
f 1538// 1524// 1523//
f 1523// 1524// 1508//
f 1523// 1508// 1505//
f 1505// 1508// 1496//
f 1505// 1496// 1493//
f 1551// 1570// 1574//
f 1574// 1570// 1572//
f 1574// 1572// 1576//
f 1576// 1572// 1560//
f 1576// 1560// 1568//
f 1568// 1560// 1538//
f 1568// 1538// 1542//
f 1542// 1538// 1523//
f 1542// 1523// 1525//
f 1525// 1523// 1505//
f 1525// 1505// 1503//
f 1503// 1505// 1493//
f 1503// 1493// 1487//
f 1417// 1547// 1545//
f 1417// 1545// 1415//
f 1415// 1545// 1548//
f 1415// 1548// 1418//
f 1418// 1548// 1549//
f 1418// 1549// 1420//
f 1420// 1549// 1551//
f 1420// 1551// 1422//
f 1409// 1399// 1402//
f 1388// 1377// 1394//
f 1388// 1394// 1401//
f 1401// 1394// 1406//
f 1401// 1406// 1410//
f 1368// 1377// 1383//
f 1383// 1377// 1388//
f 1383// 1388// 1390//
f 1390// 1388// 1399//
f 1406// 1417// 1410//
f 1410// 1417// 1415//
f 1410// 1415// 1418//
f 1399// 1388// 1402//
f 1402// 1388// 1401//
f 1402// 1401// 1408//
f 1408// 1401// 1410//
f 1408// 1410// 1413//
f 1413// 1410// 1418//
f 1413// 1418// 1420//
f 1409// 1402// 1411//
f 1411// 1402// 1408//
f 1411// 1408// 1414//
f 1414// 1408// 1413//
f 1414// 1413// 1421//
f 1421// 1413// 1420//
f 1421// 1420// 1422//
f 1360// 1368// 1364//
f 1364// 1368// 1383//
f 1364// 1383// 1371//
f 1371// 1383// 1373//
f 1373// 1383// 1390//
f 1373// 1390// 1384//
f 1384// 1390// 1399//
f 1384// 1399// 1396//
f 1396// 1399// 1409//
f 1396// 1409// 1403//
f 1386// 1382// 1389//
f 1364// 1359// 1360//
f 1380// 1384// 1396//
f 1359// 1369// 1370//
f 1370// 1369// 1373//
f 1367// 1359// 1370//
f 1359// 1364// 1369//
f 1369// 1364// 1371//
f 1369// 1371// 1373//
f 1396// 1403// 1395//
f 1395// 1403// 1398//
f 1395// 1398// 1389//
f 1389// 1398// 1397//
f 1389// 1397// 1386//
f 1374// 1363// 1361//
f 1361// 1362// 1374//
f 1374// 1362// 1367//
f 1374// 1367// 1378//
f 1378// 1367// 1370//
f 1378// 1370// 1380//
f 1380// 1370// 1373//
f 1380// 1373// 1384//
f 1386// 1376// 1382//
f 1382// 1376// 1372//
f 1382// 1372// 1366//
f 1396// 1395// 1380//
f 1380// 1395// 1389//
f 1380// 1389// 1378//
f 1378// 1389// 1382//
f 1378// 1382// 1374//
f 1374// 1382// 1366//
f 1374// 1366// 1363//
f 1362// 1359// 1367//
f 1361// 1358// 1362//
f 1362// 1358// 1359//
f 1376// 1353// 1372//
f 1372// 1353// 1352//
f 1361// 1363// 1352//
f 1352// 1363// 1366//
f 1352// 1366// 1372//
f 1352// 1350// 1361//
f 1361// 1350// 1347//
f 1361// 1347// 1358//
f 1348// 1360// 1347//
f 1347// 1360// 1359//
f 1347// 1359// 1358//
f 1214// 1221// 1197//
f 1221// 1225// 1204//
f 1225// 1228// 1210//
f 1228// 1230// 1212//
f 1228// 1212// 1210//
f 1210// 1212// 1213//
f 1210// 1213// 1211//
f 1211// 1213// 1231//
f 1211// 1231// 1229//
f 1229// 1231// 1288//
f 1229// 1288// 1285//
f 1285// 1288// 1334//
f 1285// 1334// 1330//
f 1330// 1334// 1348//
f 1330// 1348// 1347//
f 1225// 1210// 1204//
f 1204// 1210// 1211//
f 1204// 1211// 1205//
f 1205// 1211// 1229//
f 1205// 1229// 1226//
f 1226// 1229// 1285//
f 1226// 1285// 1274//
f 1274// 1285// 1330//
f 1274// 1330// 1329//
f 1329// 1330// 1347//
f 1329// 1347// 1350//
f 1221// 1204// 1197//
f 1197// 1204// 1205//
f 1197// 1205// 1198//
f 1198// 1205// 1226//
f 1198// 1226// 1222//
f 1222// 1226// 1274//
f 1222// 1274// 1269//
f 1269// 1274// 1329//
f 1269// 1329// 1331//
f 1331// 1329// 1350//
f 1331// 1350// 1352//
f 1214// 1197// 1185//
f 1185// 1197// 1198//
f 1185// 1198// 1186//
f 1186// 1198// 1222//
f 1186// 1222// 1215//
f 1215// 1222// 1269//
f 1215// 1269// 1264//
f 1264// 1269// 1331//
f 1264// 1331// 1335//
f 1335// 1331// 1352//
f 1335// 1352// 1353//
f 1375// 1348// 1349//
f 1349// 1348// 1334//
f 1349// 1334// 1327//
f 1327// 1334// 1288//
f 1327// 1288// 1290//
f 1290// 1288// 1231//
f 1290// 1231// 1247//
f 1247// 1231// 1213//
f 1247// 1213// 1246//
f 1246// 1213// 1212//
f 1246// 1212// 1289//
f 1289// 1212// 1230//
f 1501// 1504// 1328//
f 1328// 1504// 1289//
f 1328// 1289// 1318//
f 1318// 1289// 1300//
f 1300// 1289// 1280//
f 1280// 1289// 1230//
f 1280// 1230// 1271//
f 1271// 1230// 1267//
f 1267// 1230// 1228//
f 1267// 1228// 1262//
f 1262// 1228// 1258//
f 1258// 1228// 1225//
f 1258// 1225// 1252//
f 1252// 1225// 1221//
f 1252// 1221// 1245//
f 1245// 1221// 1241//
f 1241// 1221// 1214//
f 1241// 1214// 1237//
f 1120// 986// 992//
f 1194// 1193// 1426//
f 1426// 1193// 1170//
f 1339// 1299// 1310//
f 1339// 1310// 1391//
f 992// 1186// 1215//
f 1219// 1224// 1199//
f 1199// 1224// 1236//
f 1199// 1236// 1339//
f 1339// 1236// 1265//
f 1339// 1265// 1299//
f 1310// 1312// 1391//
f 1391// 1312// 1306//
f 1391// 1306// 1287//
f 1185// 985// 974//
f 1170// 1120// 1426//
f 1426// 1120// 992//
f 1426// 992// 1264//
f 1264// 992// 1215//
f 1376// 1434// 1353//
f 1353// 1434// 1426//
f 1353// 1426// 1335//
f 1335// 1426// 1264//
f 1059// 972// 1102//
f 1102// 972// 993//
f 1102// 993// 1199//
f 1199// 993// 1016//
f 1186// 992// 1185//
f 1185// 992// 991//
f 1185// 991// 985//
f 1147// 1237// 1111//
f 1111// 1237// 1214//
f 1111// 1214// 1011//
f 1011// 1214// 1185//
f 1011// 1185// 884//
f 884// 1185// 974//
f 884// 974// 915//
f 1219// 1199// 1119//
f 1119// 1199// 1016//
f 1119// 1016// 1087//
f 1087// 1016// 1018//
f 1087// 1018// 1032//
f 1032// 1018// 1006//
f 1032// 1006// 1015//
f 1015// 1006// 982//
f 1015// 982// 902//
f 832// 791// 874//
f 874// 791// 803//
f 874// 803// 885//
f 885// 803// 813//
f 1426// 1391// 1194//
f 1194// 1391// 1287//
f 1194// 1287// 1171//
f 1171// 1287// 1255//
f 1120// 1110// 986//
f 986// 1110// 1065//
f 986// 1065// 975//
f 975// 1065// 1022//
f 813// 899// 906//
f 1255// 1235// 1171//
f 1171// 1235// 1223//
f 1171// 1223// 1119//
f 1119// 1223// 1218//
f 1119// 1218// 1219//
f 915// 900// 884//
f 884// 900// 898//
f 884// 898// 813//
f 813// 898// 897//
f 813// 897// 899//
f 902// 885// 1015//
f 1015// 885// 813//
f 1015// 813// 1013//
f 1013// 813// 906//
f 1013// 906// 1022//
f 1022// 906// 929//
f 1022// 929// 975//
f 1125// 1124// 1104//
f 1104// 1124// 1103//
f 1124// 1123// 1103//
f 1103// 1123// 1126//
f 1103// 1126// 1105//
f 1105// 1126// 1132//
f 1105// 1132// 1108//
f 1147// 1111// 1142//
f 1142// 1111// 1108//
f 1142// 1108// 1135//
f 1135// 1108// 1132//
f 1179// 1166// 1172//
f 1159// 1153// 1157//
f 1153// 1137// 1148//
f 1159// 1157// 1166//
f 1153// 1148// 1157//
f 1157// 1148// 1162//
f 1157// 1162// 1168//
f 1168// 1162// 1177//
f 1168// 1177// 1180//
f 1177// 1191// 1180//
f 1180// 1191// 1190//
f 1180// 1190// 1192//
f 1166// 1157// 1172//
f 1172// 1157// 1168//
f 1172// 1168// 1178//
f 1178// 1168// 1180//
f 1178// 1180// 1187//
f 1187// 1180// 1192//
f 1187// 1192// 1195//
f 1179// 1172// 1182//
f 1182// 1172// 1178//
f 1182// 1178// 1189//
f 1189// 1178// 1187//
f 1189// 1187// 1196//
f 1196// 1187// 1195//
f 1196// 1195// 1201//
f 1179// 1173// 1164//
f 1179// 1164// 1166//
f 1166// 1164// 1154//
f 1166// 1154// 1159//
f 1159// 1154// 1143//
f 1159// 1143// 1153//
f 1125// 1137// 1133//
f 1133// 1137// 1153//
f 1133// 1153// 1140//
f 1140// 1153// 1143//
f 1133// 1124// 1125//
f 1151// 1154// 1164//
f 1124// 1138// 1139//
f 1139// 1138// 1143//
f 1136// 1124// 1139//
f 1124// 1133// 1138//
f 1138// 1133// 1140//
f 1138// 1140// 1143//
f 1158// 1161// 1152//
f 1152// 1161// 1156//
f 1152// 1156// 1155//
f 1164// 1173// 1163//
f 1163// 1173// 1167//
f 1163// 1167// 1158//
f 1158// 1167// 1165//
f 1158// 1165// 1161//
f 1144// 1132// 1126//
f 1126// 1131// 1144//
f 1144// 1131// 1136//
f 1144// 1136// 1150//
f 1150// 1136// 1139//
f 1150// 1139// 1151//
f 1151// 1139// 1143//
f 1151// 1143// 1154//
f 1135// 1152// 1142//
f 1142// 1152// 1155//
f 1142// 1155// 1147//
f 1164// 1163// 1151//
f 1151// 1163// 1158//
f 1151// 1158// 1150//
f 1150// 1158// 1152//
f 1150// 1152// 1144//
f 1144// 1152// 1135//
f 1144// 1135// 1132//
f 1131// 1124// 1136//
f 1126// 1123// 1131//
f 1131// 1123// 1124//
f 1238// 1237// 1147//
f 1238// 1147// 1240//
f 1240// 1147// 1155//
f 1240// 1155// 1243//
f 1243// 1155// 1244//
f 1244// 1155// 1156//
f 1244// 1156// 1251//
f 1251// 1156// 1161//
f 1251// 1161// 1256//
f 1256// 1161// 1165//
f 1256// 1165// 1261//
f 1165// 1167// 1261//
f 1261// 1167// 1173//
f 1261// 1173// 1270//
f 1241// 1249// 1254//
f 1248// 1249// 1241//
f 1282// 1276// 1278//
f 1240// 1242// 1241//
f 1256// 1253// 1251//
f 1256// 1261// 1272//
f 1272// 1261// 1270//
f 1253// 1256// 1263//
f 1243// 1244// 1248//
f 1240// 1243// 1242//
f 1242// 1243// 1248//
f 1242// 1248// 1241//
f 1238// 1240// 1241//
f 1237// 1238// 1241//
f 1270// 1275// 1272//
f 1272// 1275// 1281//
f 1272// 1281// 1278//
f 1278// 1281// 1286//
f 1278// 1286// 1282//
f 1266// 1258// 1252//
f 1252// 1250// 1266//
f 1266// 1250// 1254//
f 1266// 1254// 1268//
f 1268// 1254// 1249//
f 1268// 1249// 1263//
f 1263// 1249// 1248//
f 1263// 1248// 1253//
f 1253// 1248// 1244//
f 1253// 1244// 1251//
f 1282// 1271// 1276//
f 1276// 1271// 1267//
f 1276// 1267// 1262//
f 1256// 1272// 1263//
f 1263// 1272// 1278//
f 1263// 1278// 1268//
f 1268// 1278// 1276//
f 1268// 1276// 1266//
f 1266// 1276// 1262//
f 1266// 1262// 1258//
f 1250// 1241// 1254//
f 1252// 1245// 1250//
f 1250// 1245// 1241//
f 1270// 1279// 1275//
f 1275// 1279// 1292//
f 1275// 1292// 1281//
f 1281// 1292// 1295//
f 1281// 1295// 1286//
f 1286// 1295// 1297//
f 1286// 1297// 1282//
f 1280// 1271// 1293//
f 1293// 1271// 1282//
f 1293// 1282// 1296//
f 1296// 1282// 1297//
f 1179// 1279// 1173//
f 1173// 1279// 1270//
f 1279// 1179// 1182//
f 1279// 1182// 1294//
f 1294// 1182// 1189//
f 1294// 1189// 1298//
f 1298// 1189// 1196//
f 1298// 1196// 1303//
f 1303// 1196// 1201//
f 1303// 1201// 1313//
f 2006// 2012// 2018//
f 2018// 2012// 2014//
f 2018// 2014// 2015//
f 2028// 2002// 2018//
f 2018// 2002// 2004//
f 2018// 2004// 2006//
f 1995// 2016// 2001//
f 2001// 2016// 2011//
f 1995// 1996// 2016//
f 2016// 1996// 1997//
f 2016// 1997// 1999//
f 2011// 2016// 2019//
f 2019// 2016// 2031//
f 2019// 2031// 2029//
f 2031// 2042// 2045//
f 2038// 2029// 2046//
f 2046// 2029// 2031//
f 2046// 2031// 2049//
f 2049// 2031// 2045//
f 2049// 2045// 2057//
f 2057// 2045// 2053//
f 2057// 2053// 2059//
f 2042// 2031// 2036//
f 2036// 2031// 2016//
f 2036// 2016// 2028//
f 2028// 2016// 1999//
f 2028// 1999// 2002//
f 2125// 2126// 2123//
f 2123// 2126// 2121//
f 2123// 2121// 2100//
f 2100// 2121// 2086//
f 2100// 2086// 2084//
f 1882// 1884// 2085//
f 2085// 1884// 2093//
f 2085// 2093// 2090//
f 2090// 2093// 2113//
f 2113// 2093// 2120//
f 2113// 2120// 2119//
f 2119// 2120// 2124//
f 2124// 2120// 2126//
f 2124// 2126// 2125//
f 1691// 1646// 1648//
f 1691// 1648// 1690//
f 1635// 1683// 1636//
f 1636// 1683// 1687//
f 1648// 1643// 1690//
f 1690// 1643// 1641//
f 1690// 1641// 1687//
f 1687// 1641// 1639//
f 1687// 1639// 1636//
f 1688// 1687// 1683//
f 1702// 1695// 1694//
f 1724// 1723// 1721//
f 1721// 1723// 1716//
f 1716// 1723// 1709//
f 1716// 1709// 1707//
f 1694// 1695// 1688//
f 1688// 1695// 1690//
f 1688// 1690// 1687//
f 1707// 1709// 1702//
f 1702// 1709// 1697//
f 1702// 1697// 1695//
f 1695// 1697// 1691//
f 1695// 1691// 1690//
f 1725// 1717// 1710//
f 1692// 1693// 1706//
f 1697// 1709// 1705//
f 1705// 1709// 1723//
f 1705// 1723// 1715//
f 1715// 1723// 1724//
f 1715// 1724// 1727//
f 1727// 1724// 1731//
f 1692// 1706// 1700//
f 1700// 1706// 1708//
f 1700// 1708// 1704//
f 1693// 1698// 1706//
f 1706// 1698// 1710//
f 1706// 1710// 1708//
f 1708// 1710// 1717//
f 1692// 1691// 1693//
f 1693// 1691// 1697//
f 1693// 1697// 1698//
f 1698// 1697// 1705//
f 1698// 1705// 1710//
f 1710// 1705// 1715//
f 1710// 1715// 1725//
f 1725// 1715// 1727//
f 1700// 1704// 1664//
f 1664// 1661// 1700//
f 1700// 1661// 1657//
f 1700// 1657// 1692//
f 1692// 1657// 1650//
f 1692// 1650// 1691//
f 1691// 1650// 1646//
f 1812// 1959// 2010//
f 1812// 2010// 1816//
f 1816// 2010// 2043//
f 1816// 2043// 1822//
f 1822// 2043// 2056//
f 1822// 2056// 1829//
f 1829// 2056// 2064//
f 1829// 2064// 1830//
f 1174// 1146// 1317//
f 1174// 1317// 1333//
f 1333// 1317// 1357//
f 1333// 1357// 1379//
f 1407// 1424// 1357//
f 1357// 1424// 1379//
f 1424// 1407// 1747//
f 1747// 1407// 1793//
f 1747// 1793// 1798//
f 724// 755// 793//
f 793// 755// 804//
f 983// 953// 835//
f 983// 835// 870//
f 870// 835// 793//
f 870// 793// 804//
f 953// 983// 1025//
f 1025// 983// 1056//
f 1025// 1056// 1557//
f 1557// 1056// 1518//
f 1557// 1518// 1575//
f 1792// 1780// 1801//
f 1801// 1780// 1811//
f 1801// 1811// 1818//
f 1818// 1811// 1837//
f 1818// 1837// 1827//
f 1827// 1837// 1831//
f 1827// 1831// 1819//
f 1819// 1831// 1798//
f 1819// 1798// 1793//
f 1792// 1771// 1780//
f 1780// 1771// 1728//
f 1780// 1728// 1703//
f 1728// 1673// 1703//
f 1703// 1673// 1596//
f 1703// 1596// 1599//
f 1599// 1596// 1557//
f 1599// 1557// 1575//
f 1959// 1812// 1798//
f 1798// 1812// 1767//
f 1798// 1767// 1747//
f 1518// 1519// 1575//
f 1575// 1519// 1546//
f 1575// 1546// 1599//
f 1599// 1546// 1751//
f 1599// 1751// 1703//
f 1798// 1831// 1959//
f 1959// 1831// 1837//
f 1959// 1837// 2099//
f 2099// 1837// 1811//
f 1931// 2088// 2102//
f 1703// 1751// 1780//
f 1780// 1751// 1828//
f 1780// 1828// 1875//
f 1875// 1931// 1780//
f 1780// 1931// 2102//
f 1780// 2102// 1811//
f 1811// 2102// 2107//
f 1811// 2107// 2099//
f 1540// 1539// 1513//
f 1539// 1541// 1515//
f 1541// 1543// 1517//
f 1543// 1546// 1519//
f 1543// 1519// 1517//
f 1517// 1519// 1518//
f 1517// 1518// 1512//
f 1518// 1516// 1512//
f 1512// 1516// 1533//
f 1512// 1533// 1532//
f 1532// 1533// 1584//
f 1532// 1584// 1583//
f 1583// 1584// 1622//
f 1583// 1622// 1621//
f 1621// 1622// 1747//
f 1621// 1747// 1768//
f 1747// 1767// 1768//
f 1768// 1767// 1812//
f 1768// 1812// 1816//
f 1541// 1517// 1515//
f 1515// 1517// 1512//
f 1515// 1512// 1509//
f 1509// 1512// 1532//
f 1509// 1532// 1531//
f 1531// 1532// 1583//
f 1531// 1583// 1581//
f 1581// 1583// 1621//
f 1581// 1621// 1623//
f 1623// 1621// 1768//
f 1623// 1768// 1770//
f 1770// 1768// 1816//
f 1770// 1816// 1822//
f 1539// 1515// 1513//
f 1513// 1515// 1509//
f 1513// 1509// 1506//
f 1506// 1509// 1531//
f 1506// 1531// 1528//
f 1528// 1531// 1581//
f 1528// 1581// 1580//
f 1580// 1581// 1623//
f 1580// 1623// 1624//
f 1624// 1623// 1770//
f 1624// 1770// 1773//
f 1773// 1770// 1822//
f 1773// 1822// 1829//
f 1540// 1513// 1514//
f 1514// 1513// 1506//
f 1514// 1506// 1507//
f 1507// 1506// 1528//
f 1507// 1528// 1530//
f 1530// 1528// 1580//
f 1530// 1580// 1582//
f 1582// 1580// 1624//
f 1582// 1624// 1625//
f 1625// 1624// 1773//
f 1625// 1773// 1776//
f 1776// 1773// 1829//
f 1776// 1829// 1830//
f 1540// 1741// 1740//
f 1540// 1740// 1539//
f 1539// 1740// 1742//
f 1539// 1742// 1541//
f 1541// 1742// 1744//
f 1541// 1744// 1543//
f 1543// 1744// 1751//
f 1543// 1751// 1546//
f 1823// 1828// 1751//
f 1875// 1828// 1876//
f 1876// 1828// 1823//
f 1876// 1823// 1877//
f 1877// 1823// 1821//
f 1877// 1821// 1878//
f 1878// 1821// 1824//
f 1751// 1744// 1823//
f 1823// 1744// 1742//
f 1823// 1742// 1821//
f 1821// 1742// 1740//
f 1821// 1740// 1824//
f 1824// 1740// 1741//
f 2110// 2107// 2102//
f 2114// 2112// 2106//
f 2106// 2112// 2110//
f 2117// 2116// 2109//
f 2109// 2116// 2114//
f 2111// 2118// 2117//
f 2110// 2102// 2106//
f 2106// 2102// 2088//
f 2106// 2088// 2091//
f 2091// 2088// 1931//
f 2091// 1931// 1940//
f 1940// 1931// 1875//
f 1940// 1875// 1876//
f 2114// 2106// 2109//
f 2109// 2106// 2091//
f 2109// 2091// 2095//
f 2095// 2091// 1940//
f 2095// 1940// 1947//
f 1947// 1940// 1876//
f 1947// 1876// 1877//
f 2117// 2109// 2111//
f 2111// 2109// 2095//
f 2111// 2095// 2096//
f 2096// 2095// 1947//
f 2096// 1947// 1952//
f 1952// 1947// 1877//
f 1952// 1877// 1878//
f 2101// 2099// 2107//
f 2107// 2110// 2101//
f 2101// 2110// 2112//
f 2101// 2112// 2103//
f 1959// 2099// 2010//
f 2010// 2099// 2101//
f 2010// 2101// 2043//
f 2043// 2101// 2103//
f 2043// 2103// 2056//
f 2056// 2103// 2104//
f 2056// 2104// 2064//
f 2064// 2104// 2105//
f 2112// 2114// 2103//
f 2103// 2114// 2116//
f 2103// 2116// 2104//
f 2104// 2116// 2117//
f 2104// 2117// 2105//
f 2105// 2117// 2118//
f 2098// 1963// 1943//
f 2098// 1943// 2127//
f 2127// 1943// 2134//
f 2127// 2134// 2136//
f 2136// 2134// 2139//
f 2139// 2134// 2146//
f 2139// 2146// 2150//
f 2150// 2146// 2152//
f 2150// 2152// 2153//
f 2153// 2152// 2160//
f 2153// 2160// 2172//
f 1943// 1963// 1929//
f 1929// 1963// 1949//
f 1929// 1949// 1925//
f 1925// 1949// 1946//
f 1925// 1946// 1914//
f 1914// 1946// 1930//
f 1914// 1930// 1910//
f 1907// 1905// 1902//
f 1902// 1905// 1897//
f 1897// 1905// 1894//
f 1894// 1905// 1906//
f 1894// 1906// 1891//
f 1889// 1891// 1896//
f 1890// 1893// 1887//
f 1887// 1893// 1885//
f 1885// 1893// 1883//
f 1887// 1889// 1890//
f 1890// 1889// 1896//
f 1890// 1896// 1893//
f 1893// 1896// 1900//
f 1909// 1910// 1903//
f 1906// 1908// 1891//
f 1891// 1908// 1909//
f 1891// 1909// 1896//
f 1896// 1909// 1903//
f 1896// 1903// 1900//
f 1905// 1907// 1917//
f 1920// 1906// 1905//
f 1914// 1910// 1909//
f 1929// 1925// 1924//
f 1924// 1925// 1914//
f 1924// 1914// 1916//
f 1916// 1914// 1909//
f 1916// 1909// 1908//
f 1917// 1918// 1905//
f 1905// 1918// 1921//
f 1905// 1921// 1920//
f 1920// 1921// 1927//
f 1920// 1927// 1935//
f 1935// 1927// 1936//
f 1935// 1936// 1939//
f 1943// 1929// 1939//
f 1939// 1929// 1924//
f 1939// 1924// 1935//
f 1935// 1924// 1916//
f 1935// 1916// 1920//
f 1920// 1916// 1908//
f 1920// 1908// 1906//
f 2158// 2159// 2144//
f 1921// 1918// 2130//
f 2167// 2166// 2156//
f 2184// 2170// 2169//
f 2130// 2129// 2141//
f 1917// 1911// 2076//
f 1917// 2076// 1918//
f 1918// 2076// 2130//
f 2130// 2076// 2092//
f 2130// 2092// 2129//
f 1943// 1939// 2133//
f 2144// 2146// 2134//
f 2146// 2144// 2152//
f 2152// 2144// 2159//
f 2152// 2159// 2160//
f 2173// 2172// 2160//
f 2179// 2178// 2174//
f 2183// 2182// 2177//
f 2177// 2182// 2180//
f 2158// 2157// 2165//
f 2184// 2171// 2170//
f 2170// 2171// 2158//
f 2170// 2158// 2169//
f 2169// 2158// 2168//
f 2169// 2168// 2184//
f 2184// 2168// 2156//
f 2173// 2160// 2174//
f 2174// 2160// 2159//
f 2174// 2159// 2179//
f 2179// 2159// 2158//
f 2179// 2158// 2180//
f 2180// 2158// 2171//
f 2180// 2171// 2177//
f 2177// 2171// 2184//
f 2177// 2184// 2183//
f 1921// 2130// 1927//
f 1927// 2130// 2131//
f 1927// 2131// 1936//
f 1939// 1936// 2133//
f 2133// 1936// 2131//
f 2133// 2131// 2143//
f 2143// 2131// 2130//
f 2143// 2130// 2142//
f 2142// 2130// 2141//
f 2142// 2141// 2156//
f 2156// 2168// 2167//
f 2167// 2168// 2158//
f 2167// 2158// 2166//
f 2166// 2158// 2165//
f 2166// 2165// 2156//
f 2156// 2165// 2157//
f 2156// 2157// 2142//
f 2142// 2157// 2158//
f 2142// 2158// 2143//
f 2143// 2158// 2144//
f 2143// 2144// 2133//
f 2133// 2144// 2134//
f 2133// 2134// 1943//
f 2115// 2094// 2064//
f 2064// 2094// 2092//
f 2064// 2092// 2076//
f 2064// 2105// 2115//
f 2115// 2105// 2118//
f 2115// 2118// 2122//
f 2108// 2122// 2118//
f 2083// 2097// 2096//
f 2096// 2097// 2108//
f 2096// 2108// 2111//
f 2111// 2108// 2118//
f 2083// 2096// 1960//
f 1960// 2096// 1952//
f 1960// 1952// 1881//
f 1881// 1952// 1878//
f 1881// 1878// 1879//
f 1879// 1878// 1839//
f 1839// 1878// 1824//
f 1839// 1824// 1769//
f 1769// 1824// 1741//
f 1769// 1741// 1762//
f 1762// 1741// 1743//
f 1919// 2071// 2027//
f 1762// 1743// 1864//
f 2068// 2073// 2061//
f 2061// 2073// 2071//
f 2061// 2071// 2055//
f 1966// 2039// 2041//
f 2041// 2039// 2035//
f 1966// 2041// 1957//
f 1957// 2041// 1892//
f 1957// 1892// 1886//
f 1886// 1892// 1868//
f 1868// 1892// 1862//
f 1868// 1862// 1802//
f 1671// 1669// 1860//
f 1860// 1669// 1666//
f 1860// 1666// 1663//
f 1762// 1864// 1769//
f 1919// 1880// 1864//
f 1864// 1880// 1863//
f 1864// 1863// 1769//
f 1677// 1676// 1720//
f 1720// 1676// 1671//
f 1720// 1671// 1743//
f 1743// 1671// 1861//
f 1743// 1861// 1864//
f 1864// 1861// 1899//
f 1864// 1899// 1919//
f 1919// 1899// 2054//
f 1919// 2054// 2071//
f 2071// 2054// 2051//
f 2071// 2051// 2055//
f 1671// 1860// 1861//
f 1861// 1860// 1895//
f 1861// 1895// 1899//
f 1899// 1895// 2047//
f 1899// 2047// 2054//
f 1664// 1802// 1663//
f 1663// 1802// 1862//
f 1663// 1862// 1860//
f 1860// 1862// 1892//
f 1860// 1892// 1895//
f 1895// 1892// 2041//
f 1895// 2041// 2047//
f 2047// 2041// 2035//
f 2047// 2035// 2054//
f 2054// 2035// 2044//
f 2054// 2044// 2051//
f 1676// 1677// 1674//
f 1674// 1677// 1670//
f 1639// 1640// 1636//
f 1636// 1640// 1635//
f 1640// 1645// 1653//
f 1653// 1645// 1655//
f 1653// 1655// 1662//
f 1639// 1641// 1640//
f 1640// 1641// 1643//
f 1640// 1643// 1645//
f 1645// 1643// 1648//
f 1645// 1648// 1646//
f 1646// 1644// 1645//
f 1645// 1644// 1647//
f 1645// 1647// 1655//
f 1655// 1647// 1654//
f 1655// 1654// 1662//
f 1662// 1654// 1660//
f 1662// 1660// 1667//
f 1667// 1660// 1668//
f 1667// 1668// 1670//
f 1721// 1716// 1571//
f 1640// 1653// 1540//
f 1540// 1653// 1662//
f 1540// 1677// 1741//
f 1741// 1677// 1720//
f 1741// 1720// 1743//
f 1763// 1749// 1764//
f 1764// 1749// 1731//
f 1764// 1731// 1571//
f 1571// 1731// 1724//
f 1571// 1724// 1721//
f 1662// 1667// 1540//
f 1540// 1667// 1670//
f 1540// 1670// 1677//
f 1716// 1707// 1571//
f 1571// 1707// 1702//
f 1571// 1702// 1694//
f 1694// 1688// 1571//
f 1571// 1688// 1683//
f 1571// 1683// 1540//
f 1540// 1683// 1635//
f 1540// 1635// 1640//
f 1817// 1796// 1843//
f 1843// 1796// 1788//
f 1843// 1788// 1764//
f 1764// 1788// 1777//
f 1764// 1777// 1763//
f 1817// 1843// 1854//
f 1854// 1843// 1884//
f 1854// 1884// 1882//
f 2042// 2036// 2048//
f 2028// 2018// 2025//
f 1788// 1874// 1873//
f 1873// 1874// 2070//
f 1873// 2070// 2062//
f 2062// 2070// 2089//
f 2062// 2089// 2087//
f 2087// 2089// 2080//
f 2087// 2080// 2077//
f 2077// 2080// 2074//
f 2077// 2074// 2069//
f 2069// 2074// 2067//
f 2069// 2067// 2060//
f 1755// 1763// 1777//
f 1755// 1777// 1871//
f 1763// 1755// 1749//
f 1749// 1755// 1727//
f 1749// 1727// 1731//
f 1753// 1717// 1725//
f 1872// 1867// 1869//
f 1869// 1867// 1833//
f 1869// 1833// 1754//
f 1754// 1833// 1704//
f 1754// 1704// 1708//
f 1872// 1869// 1888//
f 1888// 1869// 1961//
f 1888// 1961// 1954//
f 1954// 1961// 2066//
f 2066// 1961// 2079//
f 2066// 2079// 2078//
f 2078// 2079// 2063//
f 2078// 2063// 2052//
f 2018// 2015// 2025//
f 2025// 2015// 2052//
f 2025// 2052// 2032//
f 2032// 2052// 2063//
f 2034// 2036// 2028//
f 2042// 2048// 2045//
f 2067// 2059// 2060//
f 2060// 2059// 2053//
f 2060// 2053// 2045//
f 2045// 2048// 2060//
f 2060// 2048// 2058//
f 2060// 2058// 2069//
f 2069// 2058// 2075//
f 2069// 2075// 2077//
f 2077// 2075// 2082//
f 2077// 2082// 2087//
f 2087// 2082// 2037//
f 2087// 2037// 2062//
f 2062// 2037// 1871//
f 2062// 1871// 1873//
f 1873// 1871// 1777//
f 1873// 1777// 1788//
f 2036// 2034// 2048//
f 2048// 2034// 2050//
f 2048// 2050// 2058//
f 2058// 2050// 2072//
f 2058// 2072// 2075//
f 2075// 2072// 2081//
f 2075// 2081// 2082//
f 2082// 2081// 2013//
f 2082// 2013// 2037//
f 2037// 2013// 1870//
f 2037// 1870// 1871//
f 1871// 1870// 1753//
f 1871// 1753// 1755//
f 1755// 1753// 1725//
f 1755// 1725// 1727//
f 2028// 2025// 2034//
f 2034// 2025// 2032//
f 2034// 2032// 2050//
f 2050// 2032// 2063//
f 2050// 2063// 2072//
f 2072// 2063// 2079//
f 2072// 2079// 2081//
f 2081// 2079// 1961//
f 2081// 1961// 2013//
f 2013// 1961// 1869//
f 2013// 1869// 1870//
f 1870// 1869// 1754//
f 1870// 1754// 1753//
f 1753// 1754// 1708//
f 1753// 1708// 1717//
f 2052// 2015// 2008//
f 2008// 2007// 2052//
f 2052// 2007// 2000//
f 2052// 2000// 1987//
f 1987// 1985// 2052//
f 2052// 1985// 1998//
f 2052// 1998// 2078//
f 2078// 1998// 2023//
f 2078// 2023// 2030//
f 1886// 1868// 1872//
f 2030// 2039// 2078//
f 2078// 2039// 1966//
f 2078// 1966// 2066//
f 2066// 1966// 1957//
f 2066// 1957// 1954//
f 1954// 1957// 1886//
f 1954// 1886// 1888//
f 1888// 1886// 1872//
f 1664// 1704// 1802//
f 1802// 1704// 1833//
f 1802// 1833// 1868//
f 1868// 1833// 1867//
f 1868// 1867// 1872//
f 1968// 1974// 1980//
f 1974// 1968// 1978//
f 1977// 1975// 1969//
f 1991// 1983// 1984//
f 2004// 2002// 1994//
f 1989// 1995// 2001//
f 2015// 2005// 2003//
f 2015// 2003// 2008//
f 2008// 2003// 1992//
f 2008// 1992// 2007//
f 2007// 1992// 1981//
f 2007// 1981// 2000//
f 2000// 1981// 1976//
f 2000// 1976// 1987//
f 1987// 1976// 1973//
f 1987// 1973// 1985//
f 2030// 2023// 2009//
f 2009// 2023// 1998//
f 2009// 1998// 1971//
f 2022// 2044// 2035//
f 2061// 2055// 2026//
f 2026// 2055// 2051//
f 2068// 2061// 2065//
f 2065// 2061// 2026//
f 2065// 2026// 2040//
f 2026// 2017// 2040//
f 2040// 2017// 2020//
f 2040// 2020// 2033//
f 2029// 2038// 2024//
f 2024// 2038// 2033//
f 2024// 2033// 2021//
f 2021// 2033// 2020//
f 1970// 2001// 1988//
f 1988// 2001// 2011//
f 1988// 2011// 2019//
f 1993// 1999// 1997//
f 2051// 2044// 2026//
f 2026// 2044// 2022//
f 2026// 2022// 2017//
f 2017// 2022// 1980//
f 2017// 1980// 2020//
f 2020// 1980// 1974//
f 2020// 1974// 2021//
f 2021// 1974// 1978//
f 2021// 1978// 2024//
f 2002// 1999// 1994//
f 1994// 1999// 1993//
f 1994// 1993// 1986//
f 1979// 1986// 1984//
f 1984// 1986// 1993//
f 1984// 1993// 1991//
f 1991// 1993// 1997//
f 1991// 1997// 1996//
f 1996// 1990// 1991//
f 1991// 1990// 1982//
f 1991// 1982// 1983//
f 1983// 1982// 1975//
f 1983// 1975// 1984//
f 1984// 1975// 1977//
f 1984// 1977// 1979//
f 1979// 1977// 1969//
f 1979// 1969// 1972//
f 1998// 1985// 1971//
f 1971// 1985// 1973//
f 1971// 1973// 1967//
f 1967// 1973// 1976//
f 1996// 1995// 1990//
f 1990// 1995// 1989//
f 1990// 1989// 1982//
f 1982// 1989// 2001//
f 1982// 2001// 1975//
f 1975// 2001// 1970//
f 1975// 1970// 1969//
f 1969// 1970// 1967//
f 1969// 1967// 1972//
f 1972// 1967// 1976//
f 1972// 1976// 1979//
f 1979// 1976// 1981//
f 1979// 1981// 1986//
f 1986// 1981// 1992//
f 1986// 1992// 1994//
f 1994// 1992// 2003//
f 1994// 2003// 2004//
f 2004// 2003// 2005//
f 2004// 2005// 2006//
f 2006// 2005// 2015//
f 2006// 2015// 2012//
f 2012// 2015// 2014//
f 2039// 2030// 2035//
f 2035// 2030// 2009//
f 2035// 2009// 2022//
f 2022// 2009// 1971//
f 2022// 1971// 1980//
f 1980// 1971// 1967//
f 1980// 1967// 1968//
f 1968// 1967// 1970//
f 1968// 1970// 1978//
f 1978// 1970// 1988//
f 1978// 1988// 2024//
f 2024// 1988// 2019//
f 2024// 2019// 2029//
f 2190// 2189// 2156//
f 2189// 2188// 2156//
f 2156// 2188// 2187//
f 2156// 2187// 2184//
f 2184// 2187// 2186//
f 2184// 2186// 2185//
f 2141// 2229// 2156//
f 2156// 2229// 2217//
f 2156// 2217// 2190//
f 2201// 2256// 2259//
f 1919// 2027// 2266//
f 2266// 2027// 2071//
f 2266// 2071// 2259//
f 2259// 2071// 2073//
f 2259// 2073// 2201//
f 2201// 2073// 2068//
f 1919// 2266// 1880//
f 1880// 2266// 2267//
f 1880// 2267// 1863//
f 2115// 2129// 2094//
f 2094// 2129// 2092//
f 2115// 2122// 2129//
f 2129// 2122// 2270//
f 2129// 2270// 2141//
f 2141// 2270// 2243//
f 2141// 2243// 2229//
f 1769// 1863// 1839//
f 1839// 1863// 2267//
f 1839// 2267// 1879//
f 1879// 2267// 1881//
f 2122// 2108// 2270//
f 2270// 2108// 2097//
f 2270// 2097// 2268//
f 2268// 2097// 2083//
f 2268// 2083// 2267//
f 2267// 2083// 1960//
f 2267// 1960// 1881//
f 2216// 2215// 2210//
f 2210// 2215// 2209//
f 2206// 2194// 2204//
f 2192// 2189// 2190//
f 2187// 2188// 2191//
f 2191// 2188// 2189//
f 2189// 2192// 2191//
f 2191// 2192// 2205//
f 2191// 2205// 2203//
f 2203// 2205// 2213//
f 2203// 2213// 2212//
f 2212// 2213// 2225//
f 2212// 2225// 2224//
f 2224// 2225// 2238//
f 2224// 2238// 2237//
f 2237// 2238// 2260//
f 2237// 2260// 2258//
f 2258// 2260// 2275//
f 2258// 2275// 2272//
f 2279// 2280// 2263//
f 2263// 2280// 2264//
f 2263// 2264// 2242//
f 2221// 2222// 2228//
f 2228// 2222// 2233//
f 2228// 2233// 2242//
f 2242// 2233// 2241//
f 2242// 2241// 2263//
f 2280// 2278// 2264//
f 2264// 2278// 2262//
f 2264// 2262// 2242//
f 2242// 2262// 2240//
f 2242// 2240// 2228//
f 2228// 2240// 2227//
f 2228// 2227// 2221//
f 2221// 2227// 2215//
f 2221// 2215// 2220//
f 2220// 2215// 2216//
f 2278// 2276// 2262//
f 2262// 2276// 2261//
f 2262// 2261// 2240//
f 2240// 2261// 2239//
f 2240// 2239// 2227//
f 2227// 2239// 2226//
f 2227// 2226// 2215//
f 2215// 2226// 2214//
f 2215// 2214// 2209//
f 2209// 2214// 2206//
f 2209// 2206// 2207//
f 2207// 2206// 2204//
f 2276// 2275// 2261//
f 2261// 2275// 2260//
f 2261// 2260// 2239//
f 2239// 2260// 2238//
f 2239// 2238// 2226//
f 2226// 2238// 2225//
f 2226// 2225// 2214//
f 2214// 2225// 2213//
f 2214// 2213// 2206//
f 2206// 2213// 2205//
f 2206// 2205// 2194//
f 2194// 2205// 2192//
f 2194// 2192// 2193//
f 2193// 2192// 2190//
f 2233// 2234// 2241//
f 2241// 2234// 2247//
f 2241// 2247// 2263//
f 2263// 2247// 2277//
f 2263// 2277// 2279//
f 2193// 2190// 2217//
f 2222// 2232// 2233//
f 2233// 2232// 2234//
f 2246// 2274// 2247//
f 2247// 2274// 2277//
f 2273// 2274// 2245//
f 2245// 2274// 2246//
f 2245// 2246// 2231//
f 2243// 2270// 2271//
f 2271// 2244// 2243//
f 2243// 2244// 2230//
f 2243// 2230// 2229//
f 2229// 2230// 2218//
f 2229// 2218// 2217//
f 2210// 2209// 2218//
f 2209// 2207// 2218//
f 2218// 2207// 2204//
f 2218// 2204// 2217//
f 2217// 2204// 2194//
f 2217// 2194// 2193//
f 2219// 2220// 2216//
f 2247// 2234// 2246//
f 2246// 2234// 2232//
f 2246// 2232// 2231//
f 2231// 2232// 2222//
f 2231// 2222// 2219//
f 2219// 2222// 2221//
f 2219// 2221// 2220//
f 2271// 2273// 2244//
f 2244// 2273// 2245//
f 2244// 2245// 2230//
f 2230// 2245// 2231//
f 2230// 2231// 2218//
f 2218// 2231// 2219//
f 2218// 2219// 2210//
f 2210// 2219// 2216//
f 2273// 2271// 2270//
f 2278// 2280// 2276//
f 2276// 2280// 2279//
f 2277// 2272// 2279//
f 2279// 2272// 2275//
f 2279// 2275// 2276//
f 2248// 2249// 2253//
f 2253// 2249// 2250//
f 2267// 2266// 2265//
f 2265// 2266// 2259//
f 2265// 2259// 2257//
f 2257// 2259// 2256//
f 2257// 2256// 2255//
f 2255// 2256// 2253//
f 2255// 2253// 2254//
f 2267// 2265// 2268//
f 2268// 2265// 2269//
f 2268// 2269// 2270//
f 2270// 2269// 2272//
f 2270// 2272// 2273//
f 2273// 2272// 2277//
f 2273// 2277// 2274//
f 2250// 2251// 2253//
f 2253// 2251// 2252//
f 2253// 2252// 2254//
f 2224// 2237// 2223//
f 2155// 2162// 2223//
f 2223// 2162// 2175//
f 2223// 2175// 2181//
f 2181// 2186// 2187//
f 2187// 2191// 2181//
f 2181// 2191// 2203//
f 2181// 2203// 2223//
f 2223// 2203// 2212//
f 2223// 2212// 2224//
f 2125// 2123// 2176//
f 2176// 2123// 2223//
f 2132// 2140// 2223//
f 2132// 2223// 2128//
f 2128// 2223// 2123//
f 2128// 2123// 2100//
f 2140// 2145// 2223//
f 2223// 2145// 2151//
f 2223// 2151// 2155//
f 1817// 1874// 1796//
f 1796// 1874// 1788//
f 1882// 2085// 2154//
f 2154// 2085// 2176//
f 2176// 2085// 2090//
f 2176// 2090// 2113//
f 2113// 2119// 2176//
f 2176// 2119// 2124//
f 2176// 2124// 2125//
f 1817// 1854// 1874//
f 1874// 1854// 1882//
f 1874// 1882// 2070//
f 2070// 1882// 2154//
f 2070// 2154// 2089//
f 2074// 2080// 2202//
f 2067// 2199// 2059//
f 2059// 2199// 2198//
f 2059// 2198// 2057//
f 2057// 2198// 2049//
f 2049// 2198// 2197//
f 2049// 2197// 2046//
f 2046// 2197// 2195//
f 2046// 2195// 2038//
f 2038// 2195// 2196//
f 2038// 2196// 2033//
f 2033// 2196// 2200//
f 2033// 2200// 2040//
f 2201// 2068// 2200//
f 2200// 2068// 2065//
f 2200// 2065// 2040//
f 2257// 2255// 2199//
f 2199// 2255// 2254//
f 2199// 2254// 2198//
f 2198// 2254// 2252//
f 2198// 2252// 2197//
f 2202// 2208// 2235//
f 2235// 2208// 2211//
f 2235// 2211// 2236//
f 2067// 2074// 2199//
f 2199// 2074// 2202//
f 2199// 2202// 2257//
f 2257// 2202// 2235//
f 2257// 2235// 2265//
f 2265// 2235// 2236//
f 2265// 2236// 2269//
f 2269// 2236// 2258//
f 2269// 2258// 2272//
f 2080// 2089// 2202//
f 2202// 2089// 2154//
f 2202// 2154// 2208//
f 2208// 2154// 2176//
f 2208// 2176// 2211//
f 2211// 2176// 2223//
f 2211// 2223// 2236//
f 2236// 2223// 2237//
f 2236// 2237// 2258//
f 2256// 2201// 2253//
f 2253// 2201// 2200//
f 2253// 2200// 2248//
f 2248// 2200// 2196//
f 2248// 2196// 2249//
f 2249// 2196// 2195//
f 2249// 2195// 2250//
f 2250// 2195// 2197//
f 2250// 2197// 2251//
f 2251// 2197// 2252//
f 2084// 1950// 1955//
f 2128// 2100// 2084//
f 2186// 2181// 2185//
f 2185// 2181// 2184//
f 2181// 2175// 2184//
f 2184// 2175// 2162//
f 2184// 2162// 2183//
f 2183// 2162// 2163//
f 2183// 2163// 2182//
f 2161// 2178// 2164//
f 2164// 2178// 2179//
f 2164// 2179// 2180//
f 2161// 2153// 2172//
f 2172// 2173// 2161//
f 2161// 2173// 2174//
f 2161// 2174// 2178//
f 2139// 2150// 2149//
f 2136// 2138// 2127//
f 2127// 2138// 2098//
f 1963// 2098// 1965//
f 1965// 2098// 2138//
f 1965// 2138// 1964//
f 1964// 2138// 2137//
f 1955// 1956// 2137//
f 2137// 1956// 1962//
f 2137// 1962// 1964//
f 1955// 2135// 2084//
f 2084// 2135// 2132//
f 2084// 2132// 2128//
f 2150// 2153// 2149//
f 2149// 2153// 2161//
f 2149// 2161// 2148//
f 2148// 2161// 2164//
f 2148// 2164// 2163//
f 2163// 2164// 2180//
f 2163// 2180// 2182//
f 1955// 2137// 2135//
f 2135// 2137// 2147//
f 2135// 2147// 2132//
f 2132// 2147// 2145//
f 2132// 2145// 2140//
f 2136// 2139// 2138//
f 2138// 2139// 2149//
f 2138// 2149// 2137//
f 2137// 2149// 2148//
f 2137// 2148// 2147//
f 2147// 2148// 2163//
f 2147// 2163// 2145//
f 2145// 2163// 2162//
f 2145// 2162// 2151//
f 2151// 2162// 2155//
f 1941// 1937// 1945//
f 1951// 1944// 1942//
f 1950// 1944// 1955//
f 1955// 1944// 1951//
f 1955// 1951// 1956//
f 1963// 1965// 1958//
f 1958// 1965// 1964//
f 1958// 1964// 1951//
f 1951// 1964// 1962//
f 1951// 1962// 1956//
f 1933// 1930// 1934//
f 1934// 1930// 1946//
f 1934// 1946// 1948//
f 1948// 1953// 1934//
f 1934// 1953// 1945//
f 1934// 1945// 1933//
f 1933// 1945// 1937//
f 1946// 1949// 1948//
f 1948// 1949// 1963//
f 1948// 1963// 1953//
f 1953// 1963// 1958//
f 1953// 1958// 1945//
f 1945// 1958// 1951//
f 1945// 1951// 1941//
f 1941// 1951// 1942//
f 1915// 1923// 1926//
f 1937// 1928// 1926//
f 1898// 1901// 1913//
f 1913// 1901// 1904//
f 1913// 1904// 1912//
f 1937// 1926// 1933//
f 1933// 1926// 1923//
f 1933// 1923// 1930//
f 1912// 1915// 1913//
f 1913// 1915// 1926//
f 1913// 1926// 1922//
f 1922// 1926// 1928//
f 1922// 1928// 1932//
f 1932// 1928// 1937//
f 1932// 1937// 1938//
f 1938// 1937// 1941//
f 1938// 1941// 1942//
f 1893// 1915// 1912//
f 1893// 1912// 1904//
f 1893// 1904// 1883//
f 1883// 1904// 1901//
f 1883// 1901// 1898//
f 1893// 1900// 1915//
f 1915// 1900// 1903//
f 1915// 1903// 1923//
f 1923// 1903// 1910//
f 1923// 1910// 1930//
f 1830// 1897// 1894//
f 2084// 2086// 1950//
f 1950// 2086// 1846//
f 2076// 1911// 2064//
f 2064// 1911// 1907//
f 2064// 1907// 1830//
f 1830// 1907// 1902//
f 1830// 1902// 1897//
f 1894// 1891// 1830//
f 1830// 1891// 1889//
f 1830// 1889// 1887//
f 1887// 1885// 1830//
f 1830// 1885// 1883//
f 1830// 1883// 1846//
f 1846// 1883// 1898//
f 1846// 1898// 1913//
f 1913// 1922// 1846//
f 1846// 1922// 1932//
f 1846// 1932// 1938//
f 1938// 1942// 1846//
f 1846// 1942// 1944//
f 1846// 1944// 1950//
f 1540// 1514// 1571//
f 1571// 1514// 1529//
f 1529// 1514// 1521//
f 1521// 1514// 1507//
f 1521// 1507// 1522//
f 1522// 1507// 1530//
f 1522// 1530// 1544//
f 1544// 1530// 1582//
f 1544// 1582// 1590//
f 1590// 1582// 1625//
f 1590// 1625// 1682//
f 1682// 1625// 1734//
f 1734// 1625// 1776//
f 1734// 1776// 1791//
f 1791// 1776// 1830//
f 1791// 1830// 1846//
f 1734// 1488// 1422//
f 1422// 1551// 1734//
f 1734// 1551// 1574//
f 1734// 1574// 1682//
f 1682// 1574// 1576//
f 1682// 1576// 1590//
f 1590// 1576// 1568//
f 1590// 1568// 1544//
f 1544// 1568// 1542//
f 1544// 1542// 1522//
f 1313// 1201// 1487//
f 1487// 1201// 1521//
f 1487// 1521// 1503//
f 1503// 1521// 1522//
f 1503// 1522// 1525//
f 1525// 1522// 1542//
f 1734// 1807// 1810//
f 1494// 1488// 1734//
f 1734// 1810// 1494//
f 1494// 1810// 1815//
f 1494// 1815// 1497//
f 1497// 1815// 1820//
f 1497// 1820// 1500//
f 1500// 1820// 1826//
f 1500// 1826// 1502//
f 1529// 1521// 1571//
f 1571// 1521// 1589//
f 1571// 1589// 1764//
f 2120// 1794// 2126//
f 2126// 1794// 1832//
f 2126// 1832// 2121//
f 2121// 1832// 2086//
f 1589// 1620// 1764//
f 1764// 1620// 1745//
f 1764// 1745// 1843//
f 1843// 1745// 1794//
f 1843// 1794// 1884//
f 1884// 1794// 2120//
f 1884// 2120// 2093//
f 1734// 1791// 1807//
f 1807// 1791// 1846//
f 1807// 1846// 1841//
f 1841// 1846// 2086//
f 1841// 2086// 1847//
f 1847// 2086// 1832//
f 1521// 1201// 1195//
f 1588// 1589// 1521//
f 1521// 1195// 1588//
f 1588// 1195// 1192//
f 1588// 1192// 1587//
f 1587// 1192// 1190//
f 1587// 1190// 1585//
f 1585// 1190// 1191//
f 1585// 1191// 1586//
f 1591// 1586// 1145//
f 1145// 1586// 1191//
f 1145// 1191// 1177//
f 1177// 1162// 1145//
f 1145// 1162// 1148//
f 1145// 1148// 1104//
f 1104// 1148// 1137//
f 1104// 1137// 1125//
f 1145// 1104// 1047//
f 1047// 1104// 1010//
f 1047// 1010// 916//
f 916// 1010// 880//
f 916// 880// 892//
f 892// 880// 808//
f 892// 808// 855//
f 855// 808// 806//
f 806// 808// 798//
f 1259// 1283// 1220//
f 635// 616// 602//
f 1470// 1761// 1632//
f 1591// 1556// 1672//
f 973// 981// 892//
f 634// 479// 467//
f 634// 467// 481//
f 892// 981// 916//
f 1098// 1019// 1029//
f 1029// 1030// 1098//
f 1098// 1030// 1020//
f 1098// 1020// 997//
f 981// 990// 916//
f 916// 990// 1008//
f 916// 1008// 1019//
f 1020// 1012// 997//
f 997// 1012// 994//
f 997// 994// 984//
f 973// 892// 971//
f 971// 892// 855//
f 971// 855// 976//
f 479// 634// 806//
f 806// 634// 997//
f 806// 997// 855//
f 855// 997// 984//
f 855// 984// 976//
f 1019// 1098// 916//
f 916// 1098// 1130//
f 916// 1130// 1047//
f 1556// 1591// 1130//
f 1130// 1591// 1145//
f 1130// 1145// 1047//
f 1578// 1781// 1672//
f 1719// 1684// 1578//
f 1578// 1684// 1675//
f 1781// 1756// 1835//
f 1835// 1756// 1774//
f 1835// 1774// 1844//
f 1844// 1774// 1778//
f 1844// 1778// 1779//
f 1675// 1679// 1578//
f 1578// 1679// 1696//
f 1578// 1696// 1781//
f 1781// 1696// 1733//
f 1781// 1733// 1756//
f 1775// 1632// 1858//
f 1775// 1858// 1779//
f 1779// 1858// 1848//
f 1779// 1848// 1844//
f 1470// 1836// 1761//
f 1761// 1836// 1866//
f 1761// 1866// 1632//
f 1632// 1866// 1865//
f 1632// 1865// 1858//
f 1632// 1342// 1470//
f 1470// 1342// 1423//
f 1470// 1423// 1429//
f 1429// 1423// 1365//
f 700// 706// 1220//
f 1220// 706// 659//
f 467// 462// 481//
f 481// 462// 473//
f 481// 473// 502//
f 502// 473// 509//
f 502// 509// 608//
f 608// 509// 602//
f 608// 602// 610//
f 610// 602// 616//
f 638// 621// 686//
f 686// 621// 627//
f 686// 627// 628//
f 608// 622// 620//
f 620// 611// 608//
f 608// 611// 588//
f 608// 588// 502//
f 502// 588// 559//
f 559// 543// 502//
f 502// 543// 549//
f 502// 549// 481//
f 481// 549// 568//
f 481// 568// 634//
f 634// 568// 609//
f 634// 609// 638//
f 638// 609// 617//
f 638// 617// 621//
f 1608// 1613// 1739//
f 1739// 1613// 1760//
f 790// 722// 686//
f 686// 722// 715//
f 686// 715// 638//
f 638// 715// 703//
f 1121// 1099// 1028//
f 1044// 1036// 1176//
f 1176// 1036// 1017//
f 1176// 1017// 1188//
f 1028// 1099// 1001//
f 1001// 1099// 1073//
f 1001// 1073// 980//
f 980// 1073// 1021//
f 980// 1021// 905//
f 891// 997// 702//
f 702// 997// 634//
f 702// 634// 696//
f 696// 634// 638//
f 696// 638// 697//
f 697// 638// 703//
f 1290// 1247// 1175//
f 1520// 1534// 1578//
f 1534// 1550// 1578//
f 1578// 1550// 1608//
f 1578// 1608// 1719//
f 1719// 1608// 1739//
f 1247// 1246// 1175//
f 1175// 1246// 1289//
f 1175// 1289// 1578//
f 1578// 1289// 1504//
f 1578// 1504// 1520//
f 1550// 1573// 1608//
f 1608// 1573// 1579//
f 1608// 1579// 1613//
f 1613// 1579// 1632//
f 1613// 1632// 1760//
f 1760// 1632// 1775//
f 1327// 1320// 1349//
f 1349// 1320// 1325//
f 1349// 1325// 1375//
f 1375// 1325// 1342//
f 1375// 1342// 1563//
f 1563// 1342// 1632//
f 1563// 1632// 1577//
f 1577// 1632// 1579//
f 1073// 1068// 1021//
f 1021// 1068// 1095//
f 1021// 1095// 1118//
f 1257// 1232// 1233//
f 1028// 1044// 1121//
f 1121// 1044// 1176//
f 1121// 1176// 1181//
f 1181// 1176// 1217//
f 1327// 1290// 1320//
f 1320// 1290// 1175//
f 1320// 1175// 1216//
f 1095// 1115// 1118//
f 1118// 1115// 1160//
f 1118// 1160// 1175//
f 1175// 1160// 1183//
f 1175// 1183// 1216//
f 635// 659// 616//
f 616// 659// 706//
f 616// 706// 610//
f 610// 706// 700//
f 610// 700// 608//
f 608// 700// 686//
f 608// 686// 622//
f 622// 686// 628//
f 1233// 1217// 1257//
f 1257// 1217// 1176//
f 1257// 1176// 1277//
f 1277// 1176// 1188//
f 1277// 1188// 1321//
f 1337// 1324// 1336//
f 1337// 1336// 1340//
f 1340// 1336// 1387//
f 1340// 1387// 1341//
f 1324// 1309// 1336//
f 1336// 1309// 1284//
f 1336// 1284// 1220//
f 1220// 1284// 1260//
f 1220// 1260// 1259//
f 790// 686// 1017//
f 1017// 686// 700//
f 1017// 700// 1188//
f 1188// 700// 1220//
f 1188// 1220// 1321//
f 1321// 1220// 1283//
f 1321// 1283// 1307//
f 1307// 1322// 1321//
f 1321// 1322// 1332//
f 1321// 1332// 1387//
f 1387// 1332// 1338//
f 1387// 1338// 1341//
f 659// 1169// 1220//
f 1220// 1169// 1239//
f 1220// 1239// 1336//
f 1336// 1239// 1365//
f 1336// 1365// 1387//
f 1387// 1365// 1423//
f 1387// 1423// 1321//
f 1321// 1423// 1342//
f 1321// 1342// 1277//
f 1277// 1342// 1325//
f 1277// 1325// 1257//
f 1257// 1325// 1320//
f 1257// 1320// 1232//
f 1232// 1320// 1216//
f 1672// 1556// 1578//
f 1578// 1556// 1130//
f 1578// 1130// 1175//
f 1175// 1130// 1098//
f 1175// 1098// 1118//
f 1118// 1098// 997//
f 1118// 997// 1021//
f 1021// 997// 891//
f 1021// 891// 905//
f 1766// 1759// 1775//
f 1732// 1730// 1759//
f 1759// 1730// 1758//
f 1759// 1758// 1775//
f 1610// 1601// 1630//
f 1630// 1601// 1612//
f 1630// 1612// 1680//
f 1680// 1612// 1633//
f 1680// 1633// 1729//
f 1729// 1633// 1685//
f 1729// 1685// 1737//
f 1737// 1685// 1712//
f 1737// 1712// 1738//
f 1738// 1712// 1713//
f 1738// 1713// 1732//
f 1732// 1713// 1686//
f 1732// 1686// 1730//
f 1775// 1779// 1766//
f 1766// 1779// 1778//
f 1766// 1778// 1765//
f 1765// 1778// 1774//
f 1765// 1774// 1757//
f 1757// 1774// 1756//
f 1757// 1756// 1735//
f 1735// 1756// 1733//
f 1735// 1733// 1699//
f 1699// 1733// 1696//
f 1699// 1696// 1656//
f 1686// 1638// 1730//
f 1730// 1638// 1689//
f 1689// 1638// 1681//
f 1681// 1638// 1618//
f 1681// 1618// 1637//
f 1637// 1618// 1631//
f 1631// 1618// 1604//
f 1631// 1604// 1619//
f 1619// 1604// 1611//
f 1611// 1604// 1600//
f 1611// 1600// 1607//
f 1607// 1600// 1605//
f 1605// 1600// 1592//
f 1605// 1592// 1602//
f 1602// 1592// 1603//
f 1603// 1592// 1598//
f 1603// 1598// 1606//
f 1627// 1651// 1696//
f 1696// 1651// 1656//
f 1656// 1651// 1609//
f 1656// 1609// 1610//
f 1606// 1598// 1609//
f 1609// 1598// 1601//
f 1609// 1601// 1610//
f 1696// 1679// 1627//
f 1627// 1679// 1675//
f 1627// 1675// 1626//
f 1626// 1675// 1628//
f 1628// 1675// 1684//
f 1628// 1684// 1634//
f 1634// 1684// 1658//
f 1658// 1684// 1719//
f 1658// 1719// 1678//
f 1678// 1719// 1701//
f 1701// 1719// 1739//
f 1701// 1739// 1718//
f 1718// 1739// 1760//
f 1718// 1760// 1736//
f 1736// 1760// 1775//
f 1736// 1775// 1758//
f 727// 801// 820//
f 672// 701// 630//
f 630// 701// 714//
f 630// 714// 1023//
f 1783// 1686// 1804//
f 1804// 1686// 1713//
f 1804// 1713// 1803//
f 1803// 1713// 1712//
f 1803// 1712// 1782//
f 1782// 1712// 1685//
f 1782// 1685// 1711//
f 1711// 1685// 1633//
f 1711// 1633// 1597//
f 1597// 1633// 1612//
f 1597// 1612// 1565//
f 820// 801// 875//
f 1023// 1149// 1122//
f 1122// 1149// 1202//
f 1122// 1202// 1291//
f 820// 805// 727//
f 727// 805// 657//
f 727// 657// 454//
f 454// 657// 649//
f 454// 649// 650//
f 630// 579// 672//
f 672// 579// 578//
f 672// 578// 658//
f 658// 578// 561//
f 658// 561// 650//
f 650// 561// 521//
f 650// 521// 454//
f 1612// 1601// 1565//
f 1565// 1601// 1598//
f 1565// 1598// 1033//
f 1033// 1598// 1592//
f 1033// 1592// 1600//
f 714// 888// 1023//
f 1023// 888// 894//
f 1023// 894// 1149//
f 1149// 894// 893//
f 1149// 893// 1107//
f 1107// 893// 887//
f 1107// 887// 1084//
f 1471// 1604// 1381//
f 1381// 1604// 1618//
f 1381// 1618// 1783//
f 1783// 1618// 1638//
f 1783// 1638// 1686//
f 1291// 1202// 1346//
f 1346// 1202// 1234//
f 1346// 1234// 1381//
f 1381// 1234// 1443//
f 1381// 1443// 1471//
f 521// 513// 454//
f 454// 513// 504//
f 454// 504// 429//
f 429// 504// 488//
f 429// 488// 430//
f 430// 488// 483//
f 430// 483// 455//
f 483// 493// 455//
f 455// 493// 510//
f 455// 510// 487//
f 487// 510// 515//
f 487// 515// 573//
f 573// 515// 525//
f 573// 525// 630//
f 630// 525// 562//
f 630// 562// 579//
f 1471// 1478// 1604//
f 1604// 1478// 1459//
f 1604// 1459// 1600//
f 1600// 1459// 1433//
f 1433// 1425// 1600//
f 1600// 1425// 1393//
f 1600// 1393// 1033//
f 1033// 1393// 1356//
f 1033// 1356// 1106//
f 887// 875// 1084//
f 1084// 875// 801//
f 1084// 801// 1083//
f 1083// 801// 850//
f 1083// 850// 1106//
f 1106// 850// 954//
f 1106// 954// 1033//
f 630// 1023// 1031//
f 630// 1031// 631//
f 631// 1031// 1035//
f 631// 1035// 632//
f 632// 1035// 1042//
f 632// 1042// 633//
f 633// 1042// 1051//
f 633// 1051// 636//
f 449// 450// 427//
f 450// 454// 429//
f 450// 429// 427//
f 427// 429// 430//
f 427// 430// 428//
f 428// 430// 455//
f 428// 455// 451//
f 451// 455// 487//
f 451// 487// 485//
f 485// 487// 573//
f 485// 573// 586//
f 447// 445// 423//
f 423// 445// 449//
f 573// 630// 586//
f 586// 630// 631//
f 586// 631// 632//
f 449// 427// 423//
f 423// 427// 428//
f 423// 428// 425//
f 425// 428// 451//
f 425// 451// 446//
f 446// 451// 485//
f 446// 485// 484//
f 484// 485// 586//
f 484// 586// 595//
f 595// 586// 632//
f 595// 632// 633//
f 447// 423// 422//
f 422// 423// 425//
f 422// 425// 424//
f 424// 425// 446//
f 424// 446// 448//
f 448// 446// 484//
f 448// 484// 486//
f 486// 484// 595//
f 486// 595// 603//
f 603// 595// 633//
f 603// 633// 636//
f 727// 454// 450//
f 727// 450// 726//
f 726// 450// 449//
f 726// 449// 725//
f 725// 449// 445//
f 725// 445// 723//
f 723// 445// 447//
f 723// 447// 724//
f 724// 793// 723//
f 723// 793// 792//
f 723// 792// 725//
f 725// 792// 794//
f 725// 794// 726//
f 726// 794// 795//
f 726// 795// 727//
f 727// 795// 801//
f 954// 850// 938//
f 938// 850// 843//
f 938// 843// 932//
f 932// 843// 836//
f 932// 836// 937//
f 937// 836// 833//
f 937// 833// 953//
f 953// 833// 835//
f 850// 801// 843//
f 843// 801// 795//
f 843// 795// 836//
f 836// 795// 794//
f 836// 794// 833//
f 833// 794// 792//
f 833// 792// 835//
f 835// 792// 793//
f 953// 1025// 937//
f 937// 1025// 1024//
f 937// 1024// 932//
f 932// 1024// 1026//
f 932// 1026// 938//
f 938// 1026// 1027//
f 938// 1027// 954//
f 954// 1027// 1033//
f 1565// 1033// 1027//
f 1565// 1027// 1559//
f 1559// 1027// 1026//
f 1559// 1026// 1558//
f 1558// 1026// 1024//
f 1558// 1024// 1554//
f 1554// 1024// 1025//
f 1554// 1025// 1557//
f 1673// 1728// 1726//
f 1771// 1792// 1789//
f 1801// 1818// 1813//
f 1827// 1819// 1814//
f 1783// 1804// 1785//
f 1785// 1804// 1806//
f 1785// 1806// 1787//
f 1787// 1806// 1809//
f 1787// 1809// 1790//
f 1790// 1809// 1814//
f 1790// 1814// 1793//
f 1793// 1814// 1819//
f 1818// 1827// 1813//
f 1813// 1827// 1814//
f 1813// 1814// 1808//
f 1808// 1814// 1809//
f 1808// 1809// 1805//
f 1805// 1809// 1806//
f 1805// 1806// 1803//
f 1803// 1806// 1804//
f 1792// 1801// 1789//
f 1789// 1801// 1813//
f 1789// 1813// 1786//
f 1786// 1813// 1808//
f 1786// 1808// 1784//
f 1784// 1808// 1805//
f 1784// 1805// 1782//
f 1782// 1805// 1803//
f 1782// 1711// 1784//
f 1784// 1711// 1714//
f 1784// 1714// 1786//
f 1786// 1714// 1722//
f 1786// 1722// 1789//
f 1789// 1722// 1726//
f 1789// 1726// 1771//
f 1771// 1726// 1728//
f 1711// 1597// 1714//
f 1714// 1597// 1595//
f 1714// 1595// 1722//
f 1722// 1595// 1593//
f 1722// 1593// 1726//
f 1726// 1593// 1594//
f 1726// 1594// 1673//
f 1673// 1594// 1596//
f 1597// 1565// 1595//
f 1595// 1565// 1559//
f 1595// 1559// 1593//
f 1593// 1559// 1558//
f 1593// 1558// 1594//
f 1594// 1558// 1554//
f 1594// 1554// 1596//
f 1596// 1554// 1557//
f 1381// 1783// 1785//
f 1381// 1785// 1392//
f 1392// 1785// 1787//
f 1392// 1787// 1400//
f 1400// 1787// 1790//
f 1400// 1790// 1405//
f 1405// 1790// 1793//
f 1405// 1793// 1407//
f 1407// 1357// 1405//
f 1405// 1357// 1355//
f 1405// 1355// 1400//
f 1400// 1355// 1354//
f 1400// 1354// 1392//
f 1392// 1354// 1351//
f 1392// 1351// 1381//
f 1381// 1351// 1346//
f 1122// 1291// 1127//
f 1127// 1291// 1302//
f 1127// 1302// 1134//
f 1134// 1302// 1308//
f 1134// 1308// 1141//
f 1141// 1308// 1314//
f 1141// 1314// 1146//
f 1146// 1314// 1317//
f 1291// 1346// 1302//
f 1302// 1346// 1351//
f 1302// 1351// 1308//
f 1308// 1351// 1354//
f 1308// 1354// 1314//
f 1314// 1354// 1355//
f 1314// 1355// 1317//
f 1317// 1355// 1357//
f 1146// 1051// 1141//
f 1141// 1051// 1042//
f 1141// 1042// 1134//
f 1134// 1042// 1035//
f 1134// 1035// 1127//
f 1127// 1035// 1031//
f 1127// 1031// 1122//
f 1122// 1031// 1023//
f 1146// 1174// 1051//
f 1051// 1174// 1092//
f 1051// 1092// 636//
f 636// 1092// 675//
f 636// 675// 637//
f 464// 447// 422//
f 464// 422// 432//
f 432// 422// 424//
f 432// 424// 433//
f 433// 424// 448//
f 433// 448// 465//
f 465// 448// 486//
f 465// 486// 508//
f 508// 486// 603//
f 508// 603// 612//
f 612// 603// 636//
f 612// 636// 637//
f 482// 612// 640//
f 640// 612// 637//
f 640// 637// 673//
f 673// 637// 675//
f 222// 442// 464//
f 464// 442// 499//
f 464// 499// 505//
f 465// 193// 175//
f 346// 193// 431//
f 431// 193// 465//
f 431// 465// 482//
f 482// 465// 508//
f 482// 508// 612//
f 464// 432// 222//
f 222// 432// 433//
f 222// 433// 176//
f 176// 433// 465//
f 176// 465// 161//
f 161// 465// 175//
f 755// 724// 505//
f 505// 724// 447//
f 505// 447// 464//
f 613// 660// 505//
f 505// 660// 668//
f 505// 668// 755//
f 755// 668// 811//
f 755// 811// 804//
f 1498// 1495// 1584//
f 907// 1092// 1184//
f 1184// 1092// 1174//
f 1184// 1174// 1227//
f 1227// 1174// 1333//
f 1227// 1333// 1273//
f 907// 1184// 895//
f 895// 1184// 1129//
f 895// 1129// 883//
f 883// 1129// 1113//
f 883// 1113// 869//
f 1333// 1379// 1273//
f 1273// 1379// 1424//
f 1273// 1424// 1482//
f 1482// 1424// 1747//
f 1482// 1747// 1495//
f 1495// 1747// 1622//
f 1495// 1622// 1584//
f 907// 908// 1092//
f 1092// 908// 896//
f 1092// 896// 675//
f 1518// 1128// 1516//
f 1516// 1128// 1385//
f 1516// 1385// 1533//
f 1533// 1385// 1419//
f 811// 869// 804//
f 804// 869// 1113//
f 804// 1113// 870//
f 870// 1113// 1112//
f 870// 1112// 983//
f 983// 1112// 1128//
f 983// 1128// 1056//
f 1056// 1128// 1518//
f 896// 719// 675//
f 675// 719// 712//
f 675// 712// 674//
f 674// 712// 695//
f 674// 695// 641//
f 641// 695// 669//
f 641// 669// 613//
f 613// 669// 661//
f 613// 661// 660//
f 1419// 1431// 1533//
f 1533// 1431// 1461//
f 1533// 1461// 1584//
f 1584// 1461// 1490//
f 1584// 1490// 1498//
f 646// 643// 682//
f 643// 640// 673//
f 643// 673// 682//
f 682// 673// 675//
f 682// 675// 683//
f 675// 674// 683//
f 683// 674// 641//
f 683// 641// 644//
f 644// 641// 613//
f 644// 613// 614//
f 614// 613// 497//
f 497// 613// 505//
f 497// 505// 499//
f 653// 648// 689//
f 689// 648// 646//
f 499// 442// 497//
f 497// 442// 441//
f 497// 441// 440//
f 646// 682// 689//
f 689// 682// 683//
f 689// 683// 690//
f 690// 683// 644//
f 690// 644// 652//
f 652// 644// 614//
f 652// 614// 615//
f 615// 614// 497//
f 615// 497// 498//
f 498// 497// 440//
f 498// 440// 438//
f 693// 655// 653//
f 653// 689// 693//
f 693// 689// 690//
f 693// 690// 694//
f 694// 690// 652//
f 694// 652// 656//
f 656// 652// 615//
f 656// 615// 618//
f 618// 615// 498//
f 618// 498// 500//
f 500// 498// 438//
f 500// 438// 439//
f 506// 503// 655//
f 655// 503// 653//
f 653// 503// 648//
f 648// 503// 501//
f 648// 501// 646//
f 501// 496// 646//
f 646// 496// 492//
f 646// 492// 643//
f 643// 492// 482//
f 643// 482// 640//
f 503// 506// 436//
f 496// 501// 435//
f 356// 355// 435//
f 347// 346// 431//
f 351// 348// 434//
f 434// 348// 347//
f 347// 431// 434//
f 434// 431// 482//
f 434// 482// 492//
f 492// 496// 434//
f 434// 496// 435//
f 434// 435// 351//
f 351// 435// 355//
f 501// 503// 435//
f 435// 503// 436//
f 435// 436// 356//
f 356// 436// 359//
f 179// 163// 162//
f 160// 156// 155//
f 190// 193// 346//
f 346// 347// 190//
f 190// 347// 348//
f 190// 348// 187//
f 163// 160// 162//
f 162// 160// 155//
f 162// 155// 164//
f 164// 155// 157//
f 164// 157// 171//
f 171// 157// 158//
f 171// 158// 175//
f 175// 158// 161//
f 175// 193// 171//
f 171// 193// 190//
f 171// 190// 164//
f 164// 190// 187//
f 164// 187// 162//
f 162// 187// 186//
f 162// 186// 179//
f 179// 186// 189//
f 348// 351// 187//
f 187// 351// 355//
f 187// 355// 186//
f 186// 355// 356//
f 186// 356// 189//
f 189// 356// 359//
f 222// 176// 216//
f 216// 176// 174//
f 216// 174// 214//
f 214// 174// 173//
f 214// 173// 210//
f 210// 173// 167//
f 210// 167// 212//
f 212// 167// 168//
f 176// 161// 174//
f 174// 161// 158//
f 174// 158// 173//
f 173// 158// 157//
f 173// 157// 167//
f 167// 157// 155//
f 167// 155// 168//
f 168// 155// 156//
f 203// 354// 335//
f 203// 335// 154//
f 154// 335// 145//
f 154// 145// 148//
f 148// 145// 142//
f 142// 145// 135//
f 142// 135// 136//
f 136// 135// 129//
f 136// 129// 128//
f 128// 129// 121//
f 128// 121// 109//
f 335// 354// 341//
f 341// 354// 371//
f 341// 371// 344//
f 344// 371// 374//
f 344// 374// 363//
f 363// 374// 387//
f 363// 387// 366//
f 345// 352// 350//
f 350// 352// 358//
f 358// 352// 368//
f 368// 352// 353//
f 368// 353// 375//
f 378// 375// 372//
f 380// 382// 384//
f 384// 382// 386//
f 386// 382// 395//
f 384// 378// 380//
f 380// 378// 372//
f 380// 372// 382//
f 382// 372// 377//
f 361// 366// 370//
f 353// 357// 375//
f 375// 357// 361//
f 375// 361// 372//
f 372// 361// 370//
f 372// 370// 377//
f 352// 345// 339//
f 340// 353// 352//
f 363// 366// 361//
f 341// 344// 343//
f 343// 344// 363//
f 343// 363// 349//
f 349// 363// 361//
f 349// 361// 357//
f 339// 338// 352//
f 352// 338// 337//
f 352// 337// 340//
f 340// 337// 336//
f 340// 336// 334//
f 334// 336// 332//
f 334// 332// 333//
f 335// 341// 333//
f 333// 341// 343//
f 333// 343// 334//
f 334// 343// 349//
f 334// 349// 340//
f 340// 349// 357//
f 340// 357// 353//
f 119// 120// 133//
f 337// 338// 146//
f 114// 115// 118//
f 97// 111// 112//
f 146// 147// 134//
f 339// 342// 229//
f 339// 229// 338//
f 338// 229// 146//
f 146// 229// 194//
f 146// 194// 147//
f 335// 333// 143//
f 133// 135// 145//
f 135// 133// 129//
f 129// 133// 120//
f 129// 120// 121//
f 108// 109// 121//
f 102// 103// 107//
f 98// 99// 105//
f 105// 99// 101//
f 119// 117// 116//
f 97// 110// 111//
f 111// 110// 119//
f 111// 119// 112//
f 112// 119// 113//
f 112// 113// 97//
f 97// 113// 118//
f 108// 121// 107//
f 107// 121// 120//
f 107// 120// 102//
f 102// 120// 119//
f 102// 119// 101//
f 101// 119// 110//
f 101// 110// 105//
f 105// 110// 97//
f 105// 97// 98//
f 337// 146// 336//
f 336// 146// 144//
f 336// 144// 332//
f 333// 332// 143//
f 143// 332// 144//
f 143// 144// 131//
f 131// 144// 146//
f 131// 146// 132//
f 132// 146// 134//
f 132// 134// 118//
f 118// 113// 114//
f 114// 113// 119//
f 114// 119// 115//
f 115// 119// 116//
f 115// 116// 118//
f 118// 116// 117//
f 118// 117// 132//
f 132// 117// 119//
f 132// 119// 131//
f 131// 119// 133//
f 131// 133// 143//
f 143// 133// 145//
f 143// 145// 335//
f 172// 188// 212//
f 212// 188// 194//
f 212// 194// 229//
f 212// 168// 172//
f 172// 168// 156//
f 172// 156// 159//
f 166// 159// 156//
f 156// 160// 166//
f 166// 160// 163//
f 166// 163// 182//
f 182// 163// 179//
f 182// 179// 184//
f 184// 179// 189//
f 184// 189// 226//
f 226// 189// 331//
f 331// 189// 359//
f 331// 359// 365//
f 365// 359// 426//
f 426// 359// 436//
f 426// 436// 478//
f 478// 436// 506//
f 478// 506// 507//
f 478// 507// 411//
f 205// 204// 196//
f 199// 197// 191//
f 191// 197// 192//
f 207// 209// 201//
f 201// 209// 206//
f 207// 208// 211//
f 211// 208// 263//
f 211// 263// 324//
f 324// 263// 410//
f 410// 263// 415//
f 410// 415// 458//
f 458// 415// 536//
f 458// 536// 542//
f 507// 522// 524//
f 225// 327// 411//
f 411// 327// 414//
f 411// 414// 478//
f 192// 185// 191//
f 191// 185// 198//
f 191// 198// 225//
f 246// 201// 200//
f 200// 201// 206//
f 200// 206// 205//
f 524// 527// 507//
f 507// 527// 413//
f 507// 413// 411//
f 411// 413// 240//
f 411// 240// 225//
f 225// 240// 196//
f 225// 196// 191//
f 191// 196// 204//
f 191// 204// 199//
f 529// 534// 416//
f 205// 196// 200//
f 200// 196// 240//
f 200// 240// 246//
f 246// 240// 413//
f 246// 413// 416//
f 416// 413// 527//
f 416// 527// 529//
f 207// 201// 208//
f 208// 201// 246//
f 208// 246// 263//
f 263// 246// 416//
f 263// 416// 415//
f 415// 416// 534//
f 415// 534// 536//
f 533// 527// 523//
f 523// 527// 524//
f 523// 524// 522//
f 536// 534// 533//
f 533// 534// 529//
f 533// 529// 527//
f 545// 542// 536//
f 555// 553// 551//
f 551// 553// 550//
f 551// 550// 546//
f 546// 550// 545//
f 546// 545// 540//
f 540// 545// 536//
f 523// 526// 533//
f 533// 526// 530//
f 533// 530// 537//
f 537// 530// 539//
f 537// 539// 544//
f 536// 533// 540//
f 540// 533// 537//
f 540// 537// 546//
f 546// 537// 544//
f 546// 544// 551//
f 551// 544// 548//
f 551// 548// 555//
f 556// 554// 547//
f 566// 565// 552//
f 552// 565// 560//
f 552// 560// 557//
f 557// 556// 552//
f 552// 556// 547//
f 552// 547// 541//
f 541// 547// 538//
f 541// 538// 535//
f 535// 538// 539//
f 535// 539// 531//
f 531// 539// 530//
f 531// 530// 526//
f 554// 555// 547//
f 547// 555// 548//
f 547// 548// 538//
f 538// 548// 544//
f 538// 544// 539//
f 580// 584// 664//
f 552// 541// 655//
f 655// 541// 535//
f 655// 523// 506//
f 506// 523// 522//
f 506// 522// 507//
f 516// 528// 517//
f 517// 528// 569//
f 517// 569// 664//
f 664// 569// 574//
f 664// 574// 580//
f 535// 531// 655//
f 655// 531// 526//
f 655// 526// 523//
f 584// 590// 664//
f 664// 590// 596//
f 664// 596// 601//
f 601// 605// 664//
f 664// 605// 607//
f 664// 607// 655//
f 655// 607// 566//
f 655// 566// 552//
f 472// 480// 453//
f 453// 480// 495//
f 453// 495// 517//
f 517// 495// 511//
f 517// 511// 516//
f 472// 453// 437//
f 437// 453// 408//
f 437// 408// 407//
f 285// 297// 286//
f 321// 320// 322//
f 495// 417// 418//
f 418// 417// 323//
f 418// 323// 325//
f 325// 323// 213//
f 325// 213// 217//
f 217// 213// 234//
f 217// 234// 238//
f 238// 234// 245//
f 238// 245// 255//
f 255// 245// 254//
f 255// 254// 266//
f 519// 516// 511//
f 519// 511// 419//
f 516// 519// 528//
f 528// 519// 570//
f 528// 570// 569//
f 520// 575// 571//
f 577// 581// 518//
f 577// 518// 459//
f 459// 518// 420//
f 459// 420// 412//
f 412// 420// 409//
f 409// 420// 330//
f 409// 330// 329//
f 329// 330// 244//
f 244// 330// 232//
f 244// 232// 233//
f 233// 232// 241//
f 241// 232// 267//
f 241// 267// 295//
f 320// 299// 322//
f 322// 299// 295//
f 322// 295// 319//
f 319// 295// 267//
f 317// 297// 321//
f 285// 286// 282//
f 254// 258// 266//
f 266// 258// 273//
f 266// 273// 282//
f 282// 286// 266//
f 266// 286// 275//
f 266// 275// 255//
f 255// 275// 248//
f 255// 248// 238//
f 238// 248// 224//
f 238// 224// 217//
f 217// 224// 326//
f 217// 326// 325//
f 325// 326// 419//
f 325// 419// 418//
f 418// 419// 511//
f 418// 511// 495//
f 297// 317// 286//
f 286// 317// 290//
f 286// 290// 275//
f 275// 290// 256//
f 275// 256// 248//
f 248// 256// 230//
f 248// 230// 224//
f 224// 230// 328//
f 224// 328// 326//
f 326// 328// 421//
f 326// 421// 419//
f 419// 421// 520//
f 419// 520// 519//
f 519// 520// 571//
f 519// 571// 570//
f 321// 322// 317//
f 317// 322// 319//
f 317// 319// 290//
f 290// 319// 267//
f 290// 267// 256//
f 256// 267// 232//
f 256// 232// 230//
f 230// 232// 330//
f 230// 330// 328//
f 328// 330// 420//
f 328// 420// 421//
f 421// 420// 518//
f 421// 518// 520//
f 520// 518// 581//
f 520// 581// 575//
f 295// 299// 296//
f 276// 260// 241//
f 295// 296// 241//
f 241// 296// 287//
f 241// 287// 276//
f 260// 252// 241//
f 241// 252// 239//
f 241// 239// 227//
f 227// 215// 241//
f 241// 215// 209//
f 241// 209// 233//
f 233// 209// 207//
f 233// 207// 244//
f 244// 207// 211//
f 244// 211// 329//
f 329// 211// 324//
f 329// 324// 409//
f 409// 324// 410//
f 542// 577// 458//
f 458// 577// 459//
f 458// 459// 410//
f 410// 459// 412//
f 410// 412// 409//
f 249// 247// 236//
f 247// 249// 261//
f 280// 278// 270//
f 304// 293// 292//
f 312// 315// 301//
f 306// 311// 300//
f 299// 308// 298//
f 299// 298// 296//
f 296// 298// 289//
f 296// 289// 287//
f 287// 289// 277//
f 287// 277// 276//
f 276// 277// 271//
f 276// 271// 260//
f 260// 271// 253//
f 260// 253// 252//
f 215// 227// 223//
f 223// 227// 239//
f 223// 239// 237//
f 220// 205// 206//
f 197// 199// 219//
f 219// 199// 204//
f 192// 197// 195//
f 195// 197// 219//
f 195// 219// 228//
f 219// 235// 228//
f 228// 235// 242//
f 228// 242// 243//
f 269// 257// 264//
f 264// 257// 243//
f 264// 243// 250//
f 250// 243// 242//
f 268// 300// 274//
f 274// 300// 288//
f 274// 288// 283//
f 303// 316// 314//
f 204// 205// 219//
f 219// 205// 220//
f 219// 220// 235//
f 235// 220// 236//
f 235// 236// 242//
f 242// 236// 247//
f 242// 247// 250//
f 250// 247// 261//
f 250// 261// 264//
f 315// 316// 301//
f 301// 316// 303//
f 301// 303// 291//
f 279// 291// 292//
f 292// 291// 303//
f 292// 303// 304//
f 304// 303// 314//
f 304// 314// 313//
f 313// 305// 304//
f 304// 305// 294//
f 304// 294// 293//
f 293// 294// 278//
f 293// 278// 292//
f 292// 278// 280//
f 292// 280// 279//
f 279// 280// 270//
f 279// 270// 272//
f 239// 252// 237//
f 237// 252// 253//
f 237// 253// 251//
f 251// 253// 271//
f 313// 311// 305//
f 305// 311// 306//
f 305// 306// 294//
f 294// 306// 300//
f 294// 300// 278//
f 278// 300// 268//
f 278// 268// 270//
f 270// 268// 251//
f 270// 251// 272//
f 272// 251// 271//
f 272// 271// 279//
f 279// 271// 277//
f 279// 277// 291//
f 291// 277// 289//
f 291// 289// 301//
f 301// 289// 298//
f 301// 298// 312//
f 312// 298// 308//
f 312// 308// 310//
f 310// 308// 299//
f 310// 299// 307//
f 307// 299// 302//
f 209// 215// 206//
f 206// 215// 223//
f 206// 223// 220//
f 220// 223// 237//
f 220// 237// 236//
f 236// 237// 251//
f 236// 251// 249//
f 249// 251// 268//
f 249// 268// 261//
f 261// 268// 274//
f 261// 274// 264//
f 264// 274// 283//
f 264// 283// 269//
f 91// 92// 118//
f 92// 93// 118//
f 118// 93// 94//
f 118// 94// 97//
f 97// 94// 95//
f 97// 95// 96//
f 134// 52// 118//
f 118// 52// 64//
f 118// 64// 91//
f 225// 198// 15//
f 15// 198// 185//
f 74// 19// 17//
f 192// 74// 185//
f 185// 74// 17//
f 185// 17// 15//
f 225// 15// 327//
f 327// 15// 14//
f 327// 14// 414//
f 172// 147// 188//
f 188// 147// 194//
f 172// 159// 147//
f 147// 159// 7//
f 147// 7// 134//
f 134// 7// 38//
f 134// 38// 52//
f 478// 414// 426//
f 426// 414// 14//
f 426// 14// 365//
f 365// 14// 331//
f 159// 166// 7//
f 7// 166// 182//
f 7// 182// 13//
f 13// 182// 184//
f 13// 184// 14//
f 14// 184// 226//
f 14// 226// 331//
f 65// 66// 71//
f 71// 66// 72//
f 78// 87// 79//
f 89// 92// 91//
f 94// 93// 90//
f 90// 93// 92//
f 92// 89// 90//
f 90// 89// 80//
f 90// 80// 81//
f 81// 80// 68//
f 81// 68// 69//
f 69// 68// 56//
f 69// 56// 57//
f 57// 56// 43//
f 57// 43// 44//
f 44// 43// 24//
f 44// 24// 25//
f 25// 24// 10//
f 25// 10// 11//
f 5// 6// 20//
f 20// 6// 21//
f 20// 21// 40//
f 60// 59// 53//
f 53// 59// 50//
f 53// 50// 40//
f 40// 50// 39//
f 40// 39// 20//
f 6// 8// 21//
f 21// 8// 22//
f 21// 22// 40//
f 40// 22// 41//
f 40// 41// 53//
f 53// 41// 54//
f 53// 54// 60//
f 60// 54// 66//
f 60// 66// 61//
f 61// 66// 65//
f 8// 9// 22//
f 22// 9// 23//
f 22// 23// 41//
f 41// 23// 42//
f 41// 42// 54//
f 54// 42// 55//
f 54// 55// 66//
f 66// 55// 67//
f 66// 67// 72//
f 72// 67// 78//
f 72// 78// 77//
f 77// 78// 79//
f 9// 10// 23//
f 23// 10// 24//
f 23// 24// 42//
f 42// 24// 43//
f 42// 43// 55//
f 55// 43// 56//
f 55// 56// 67//
f 67// 56// 68//
f 67// 68// 78//
f 78// 68// 80//
f 78// 80// 87//
f 87// 80// 89//
f 87// 89// 88//
f 88// 89// 91//
f 50// 48// 39//
f 39// 48// 35//
f 39// 35// 20//
f 20// 35// 2//
f 20// 2// 5//
f 88// 91// 64//
f 59// 47// 50//
f 50// 47// 48//
f 34// 1// 35//
f 35// 1// 2//
f 3// 1// 36//
f 36// 1// 34//
f 36// 34// 49//
f 38// 7// 4//
f 4// 37// 38//
f 38// 37// 51//
f 38// 51// 52//
f 52// 51// 63//
f 52// 63// 64//
f 71// 72// 63//
f 72// 77// 63//
f 63// 77// 79//
f 63// 79// 64//
f 64// 79// 87//
f 64// 87// 88//
f 62// 61// 65//
f 35// 48// 34//
f 34// 48// 47//
f 34// 47// 49//
f 49// 47// 59//
f 49// 59// 62//
f 62// 59// 60//
f 62// 60// 61//
f 4// 3// 37//
f 37// 3// 36//
f 37// 36// 51//
f 51// 36// 49//
f 51// 49// 63//
f 63// 49// 62//
f 63// 62// 71//
f 71// 62// 65//
f 3// 4// 7//
f 8// 6// 9//
f 9// 6// 5//
f 2// 11// 5//
f 5// 11// 10//
f 5// 10// 9//
f 28// 31// 26//
f 26// 31// 32//
f 14// 15// 16//
f 16// 15// 17//
f 16// 17// 18//
f 18// 17// 19//
f 18// 19// 27//
f 27// 19// 26//
f 27// 26// 29//
f 14// 16// 13//
f 13// 16// 12//
f 13// 12// 7//
f 7// 12// 11//
f 7// 11// 3//
f 3// 11// 2//
f 3// 2// 1//
f 32// 33// 26//
f 26// 33// 30//
f 26// 30// 29//
f 57// 44// 58//
f 127// 124// 58//
f 58// 124// 106//
f 58// 106// 100//
f 100// 95// 94//
f 94// 90// 100//
f 100// 90// 81//
f 100// 81// 58//
f 58// 81// 69//
f 58// 69// 57//
f 165// 177// 104//
f 104// 177// 58//
f 152// 141// 58//
f 152// 58// 153//
f 153// 58// 177//
f 153// 177// 202//
f 141// 140// 58//
f 58// 140// 130//
f 58// 130// 127//
f 472// 417// 480//
f 480// 417// 495//
f 407// 231// 126//
f 126// 231// 104//
f 104// 231// 218//
f 104// 218// 183//
f 183// 178// 104//
f 104// 178// 169//
f 104// 169// 165//
f 472// 437// 417//
f 417// 437// 407//
f 417// 407// 323//
f 323// 407// 126//
f 323// 126// 213//
f 245// 234// 76//
f 254// 83// 258//
f 258// 83// 85//
f 258// 85// 259//
f 259// 85// 265//
f 265// 85// 86//
f 265// 86// 262//
f 262// 86// 84//
f 262// 84// 257//
f 257// 84// 82//
f 257// 82// 243//
f 243// 82// 75//
f 243// 75// 228//
f 74// 192// 75//
f 75// 192// 195//
f 75// 195// 228//
f 18// 27// 83//
f 83// 27// 29//
f 83// 29// 85//
f 85// 29// 30//
f 85// 30// 86//
f 76// 73// 46//
f 46// 73// 70//
f 46// 70// 45//
f 254// 245// 83//
f 83// 245// 76//
f 83// 76// 18//
f 18// 76// 46//
f 18// 46// 16//
f 16// 46// 45//
f 16// 45// 12//
f 12// 45// 25//
f 12// 25// 11//
f 234// 213// 76//
f 76// 213// 126//
f 76// 126// 73//
f 73// 126// 104//
f 73// 104// 70//
f 70// 104// 58//
f 70// 58// 45//
f 45// 58// 44//
f 45// 44// 25//
f 19// 74// 26//
f 26// 74// 75//
f 26// 75// 28//
f 28// 75// 82//
f 28// 82// 31//
f 31// 82// 84//
f 31// 84// 32//
f 32// 84// 86//
f 32// 86// 33//
f 33// 86// 30//
f 284// 385// 379//
f 153// 202// 284//
f 95// 100// 96//
f 96// 100// 97//
f 100// 106// 97//
f 97// 106// 124//
f 97// 124// 98//
f 98// 124// 123//
f 98// 123// 99//
f 125// 103// 122//
f 122// 103// 102//
f 122// 102// 101//
f 125// 128// 109//
f 109// 108// 125//
f 125// 108// 107//
f 125// 107// 103//
f 142// 136// 137//
f 148// 149// 154//
f 154// 149// 203//
f 354// 203// 360//
f 360// 203// 149//
f 360// 149// 362//
f 362// 149// 150//
f 379// 376// 150//
f 150// 376// 367//
f 150// 367// 362//
f 379// 151// 284//
f 284// 151// 152//
f 284// 152// 153//
f 136// 128// 137//
f 137// 128// 125//
f 137// 125// 138//
f 138// 125// 122//
f 138// 122// 123//
f 123// 122// 101//
f 123// 101// 99//
f 379// 150// 151//
f 151// 150// 139//
f 151// 139// 152//
f 152// 139// 140//
f 152// 140// 141//
f 148// 142// 149//
f 149// 142// 137//
f 149// 137// 150//
f 150// 137// 138//
f 150// 138// 139//
f 139// 138// 123//
f 139// 123// 140//
f 140// 123// 124//
f 140// 124// 130//
f 130// 124// 127//
f 393// 391// 383//
f 381// 392// 394//
f 385// 392// 379//
f 379// 392// 381//
f 379// 381// 376//
f 354// 360// 364//
f 364// 360// 362//
f 364// 362// 381//
f 381// 362// 367//
f 381// 367// 376//
f 389// 387// 388//
f 388// 387// 374//
f 388// 374// 373//
f 373// 369// 388//
f 388// 369// 383//
f 388// 383// 389//
f 389// 383// 391//
f 374// 371// 373//
f 373// 371// 354//
f 373// 354// 369//
f 369// 354// 364//
f 369// 364// 383//
f 383// 364// 381//
f 383// 381// 393//
f 393// 381// 394//
f 400// 390// 397//
f 391// 399// 397//
f 406// 405// 404//
f 404// 405// 403//
f 404// 403// 402//
f 391// 397// 389//
f 389// 397// 390//
f 389// 390// 387//
f 402// 400// 404//
f 404// 400// 397//
f 404// 397// 401//
f 401// 397// 399//
f 401// 399// 398//
f 398// 399// 391//
f 398// 391// 396//
f 396// 391// 393//
f 396// 393// 394//
f 382// 400// 402//
f 382// 402// 403//
f 382// 403// 395//
f 395// 403// 405//
f 395// 405// 406//
f 382// 377// 400//
f 400// 377// 370//
f 400// 370// 390//
f 390// 370// 366//
f 390// 366// 387//
f 439// 358// 368//
f 284// 309// 385//
f 385// 309// 463//
f 229// 342// 212//
f 212// 342// 345//
f 212// 345// 439//
f 439// 345// 350//
f 439// 350// 358//
f 368// 375// 439//
f 439// 375// 378//
f 439// 378// 384//
f 384// 386// 439//
f 439// 386// 395//
f 439// 395// 463//
f 463// 395// 406//
f 463// 406// 404//
f 404// 401// 463//
f 463// 401// 398//
f 463// 398// 396//
f 396// 394// 463//
f 463// 394// 392//
f 463// 392// 385//
f 655// 693// 664//
f 664// 693// 709//
f 709// 693// 713//
f 713// 693// 694//
f 713// 694// 710//
f 710// 694// 656//
f 710// 656// 665//
f 665// 656// 618//
f 665// 618// 625//
f 625// 618// 572//
f 572// 618// 500//
f 572// 500// 514//
f 514// 500// 439//
f 514// 439// 463//
f 572// 750// 812//
f 926// 1034// 751//
f 751// 1034// 713//
f 751// 713// 721//
f 721// 713// 710//
f 812// 680// 572//
f 572// 680// 662//
f 572// 662// 625//
f 625// 662// 663//
f 625// 663// 665//
f 665// 663// 681//
f 665// 681// 710//
f 710// 681// 704//
f 710// 704// 721//
f 812// 750// 777//
f 812// 777// 819//
f 819// 777// 781//
f 819// 781// 825//
f 825// 781// 787//
f 825// 787// 828//
f 828// 787// 784//
f 828// 784// 826//
f 817// 826// 766//
f 766// 826// 784//
f 785// 763// 757//
f 775// 763// 785//
f 786// 782// 785//
f 767// 769// 770//
f 767// 758// 745//
f 746// 744// 741//
f 741// 744// 740//
f 741// 740// 742//
f 742// 740// 747//
f 747// 740// 745//
f 747// 745// 754//
f 754// 745// 758//
f 754// 758// 766//
f 769// 767// 752//
f 780// 779// 775//
f 786// 780// 782//
f 782// 780// 775//
f 782// 775// 785//
f 789// 786// 785//
f 791// 789// 785//
f 773// 762// 748//
f 748// 762// 757//
f 748// 757// 743//
f 743// 757// 763//
f 743// 763// 752//
f 752// 763// 775//
f 752// 775// 769//
f 769// 775// 779//
f 769// 779// 770//
f 746// 765// 744//
f 744// 765// 761//
f 744// 761// 760//
f 767// 745// 752//
f 752// 745// 740//
f 752// 740// 743//
f 743// 740// 744//
f 743// 744// 748//
f 748// 744// 760//
f 748// 760// 773//
f 762// 785// 757//
f 773// 778// 762//
f 762// 778// 785//
f 817// 766// 815//
f 815// 766// 758//
f 815// 758// 814//
f 814// 758// 816//
f 816// 758// 767//
f 816// 767// 818//
f 767// 770// 818//
f 818// 770// 779//
f 818// 779// 823//
f 823// 779// 780//
f 791// 832// 789//
f 789// 832// 823//
f 789// 823// 786//
f 786// 823// 780//
f 867// 853// 851//
f 856// 853// 867//
f 831// 829// 824//
f 823// 827// 818//
f 818// 827// 821//
f 818// 821// 816//
f 816// 821// 814//
f 814// 821// 824//
f 814// 824// 815//
f 815// 824// 829//
f 815// 829// 817//
f 857// 852// 845//
f 845// 852// 831//
f 845// 831// 840//
f 867// 865// 863//
f 853// 839// 851//
f 851// 839// 841//
f 851// 841// 854//
f 854// 841// 858//
f 859// 856// 867//
f 867// 863// 859//
f 859// 863// 857//
f 859// 857// 856//
f 856// 857// 845//
f 856// 845// 853//
f 853// 845// 840//
f 853// 840// 839//
f 868// 865// 867//
f 823// 832// 827//
f 827// 832// 837//
f 827// 837// 848//
f 831// 824// 840//
f 840// 824// 821//
f 840// 821// 839//
f 839// 821// 827//
f 839// 827// 841//
f 841// 827// 848//
f 841// 848// 858//
f 854// 867// 851//
f 858// 861// 854//
f 854// 861// 867//
f 868// 872// 865//
f 865// 872// 863//
f 863// 872// 857//
f 857// 872// 862//
f 857// 862// 852//
f 852// 862// 844//
f 852// 844// 831//
f 831// 844// 829//
f 829// 844// 826//
f 829// 826// 817//
f 826// 844// 846//
f 844// 862// 866//
f 862// 872// 873//
f 862// 873// 866//
f 866// 873// 871//
f 866// 871// 860//
f 860// 871// 864//
f 860// 864// 849//
f 864// 847// 849//
f 849// 847// 838//
f 849// 838// 830//
f 844// 866// 846//
f 846// 866// 860//
f 846// 860// 842//
f 842// 860// 849//
f 842// 849// 834//
f 834// 849// 830//
f 834// 830// 822//
f 826// 846// 828//
f 828// 846// 842//
f 828// 842// 825//
f 825// 842// 834//
f 825// 834// 819//
f 819// 834// 822//
f 819// 822// 812//
f 847// 698// 691//
f 847// 691// 838//
f 838// 691// 687//
f 838// 687// 830//
f 830// 687// 684//
f 830// 684// 822//
f 822// 684// 680//
f 822// 680// 812//
f 680// 684// 666//
f 737// 739// 718//
f 684// 687// 670//
f 731// 735// 716//
f 687// 691// 676//
f 691// 698// 678//
f 691// 678// 676//
f 676// 678// 679//
f 676// 679// 677//
f 677// 679// 699//
f 677// 699// 692//
f 692// 699// 711//
f 692// 711// 708//
f 708// 711// 720//
f 708// 720// 717//
f 717// 720// 733//
f 717// 733// 729//
f 687// 676// 670//
f 670// 676// 677//
f 670// 677// 671//
f 671// 677// 692//
f 671// 692// 688//
f 688// 692// 708//
f 688// 708// 707//
f 707// 708// 717//
f 707// 717// 716//
f 716// 717// 729//
f 716// 729// 731//
f 684// 670// 666//
f 666// 670// 671//
f 666// 671// 667//
f 667// 671// 688//
f 667// 688// 685//
f 685// 688// 707//
f 685// 707// 705//
f 705// 707// 716//
f 705// 716// 718//
f 718// 716// 735//
f 718// 735// 737//
f 680// 666// 662//
f 662// 666// 667//
f 662// 667// 663//
f 663// 667// 685//
f 663// 685// 681//
f 681// 685// 705//
f 681// 705// 704//
f 704// 705// 718//
f 704// 718// 721//
f 721// 718// 739//
f 721// 739// 751//
f 926// 751// 914//
f 914// 751// 739//
f 914// 739// 913//
f 913// 739// 737//
f 913// 737// 912//
f 912// 737// 735//
f 912// 735// 910//
f 910// 735// 731//
f 910// 731// 909//
f 909// 731// 729//
f 909// 729// 911//
f 911// 729// 733//
f 958// 969// 964//
f 928// 925// 912//
f 911// 942// 909//
f 909// 942// 928//
f 909// 928// 910//
f 910// 928// 912//
f 964// 951// 958//
f 958// 951// 943//
f 958// 943// 948//
f 959// 926// 931//
f 931// 926// 914//
f 931// 914// 925//
f 925// 914// 913//
f 925// 913// 912//
f 942// 969// 928//
f 928// 969// 958//
f 928// 958// 925//
f 925// 958// 948//
f 925// 948// 931//
f 931// 948// 956//
f 931// 956// 959//
f 959// 956// 968//
f 943// 935// 948//
f 948// 935// 944//
f 948// 944// 956//
f 956// 944// 952//
f 956// 952// 968//
f 968// 952// 965//
f 946// 965// 930//
f 930// 965// 952//
f 930// 952// 921//
f 921// 952// 944//
f 921// 944// 918//
f 918// 944// 935//
f 918// 935// 920//
f 964// 945// 951//
f 951// 945// 920//
f 951// 920// 943//
f 943// 920// 935//
f 966// 941// 933//
f 957// 941// 966//
f 967// 963// 966//
f 947// 949// 950//
f 947// 934// 923//
f 922// 917// 920//
f 920// 917// 918//
f 918// 917// 921//
f 921// 917// 923//
f 921// 923// 930//
f 930// 923// 934//
f 930// 934// 946//
f 949// 947// 927//
f 962// 961// 957//
f 967// 962// 963//
f 963// 962// 957//
f 963// 957// 966//
f 970// 967// 966//
f 972// 970// 966//
f 955// 940// 924//
f 924// 940// 933//
f 924// 933// 919//
f 919// 933// 941//
f 919// 941// 927//
f 927// 941// 957//
f 927// 957// 949//
f 949// 957// 961//
f 949// 961// 950//
f 920// 945// 922//
f 922// 945// 939//
f 922// 939// 936//
f 947// 923// 927//
f 927// 923// 917//
f 927// 917// 919//
f 919// 917// 922//
f 919// 922// 924//
f 924// 922// 936//
f 924// 936// 955//
f 940// 966// 933//
f 955// 960// 940//
f 940// 960// 966//
f 1040// 946// 1038//
f 1038// 946// 934//
f 1038// 934// 1037//
f 1037// 934// 1039//
f 1039// 934// 947//
f 1039// 947// 1041//
f 947// 950// 1041//
f 1041// 950// 961//
f 1041// 961// 1049//
f 1049// 961// 962//
f 972// 1059// 970//
f 970// 1059// 1049//
f 970// 1049// 967//
f 967// 1049// 962//
f 1094// 1078// 1076//
f 1082// 1078// 1094//
f 1058// 1055// 1050//
f 1049// 1054// 1041//
f 1041// 1054// 1046//
f 1041// 1046// 1039//
f 1039// 1046// 1037//
f 1037// 1046// 1050//
f 1037// 1050// 1038//
f 1038// 1050// 1055//
f 1038// 1055// 1040//
f 1085// 1077// 1072//
f 1072// 1077// 1058//
f 1072// 1058// 1064//
f 1094// 1093// 1091//
f 1067// 1075// 1080//
f 1078// 1062// 1076//
f 1076// 1062// 1067//
f 1076// 1067// 1079//
f 1079// 1067// 1080//
f 1086// 1082// 1094//
f 1094// 1091// 1086//
f 1086// 1091// 1085//
f 1086// 1085// 1082//
f 1082// 1085// 1072//
f 1082// 1072// 1078//
f 1078// 1072// 1064//
f 1078// 1064// 1062//
f 1097// 1093// 1094//
f 1049// 1059// 1054//
f 1054// 1059// 1060//
f 1054// 1060// 1070//
f 1058// 1050// 1064//
f 1064// 1050// 1046//
f 1064// 1046// 1062//
f 1062// 1046// 1054//
f 1062// 1054// 1067//
f 1067// 1054// 1070//
f 1067// 1070// 1075//
f 1079// 1094// 1076//
f 1080// 1089// 1079//
f 1079// 1089// 1094//
f 1093// 1097// 1100//
f 1040// 1055// 1052//
f 1052// 1055// 1069//
f 1055// 1058// 1069//
f 1069// 1058// 1077//
f 1069// 1077// 1088//
f 1088// 1077// 1085//
f 1088// 1085// 1100//
f 1100// 1085// 1091//
f 1100// 1091// 1093//
f 1096// 1074// 1066//
f 1096// 1066// 1081//
f 1100// 1101// 1088//
f 1088// 1101// 1090//
f 1088// 1090// 1069//
f 1069// 1090// 1071//
f 1069// 1071// 1052//
f 1101// 1096// 1090//
f 1090// 1096// 1081//
f 1090// 1081// 1071//
f 1071// 1081// 1063//
f 1066// 1061// 1081//
f 1081// 1061// 1057//
f 1081// 1057// 1063//
f 1063// 1057// 1048//
f 1063// 1048// 1043//
f 1052// 1071// 1053//
f 1053// 1071// 1063//
f 1053// 1063// 1045//
f 1045// 1063// 1043//
f 1045// 1043// 1034//
f 713// 1034// 1043//
f 639// 713// 642//
f 642// 713// 1043//
f 642// 1043// 645//
f 1043// 1048// 645//
f 645// 1048// 1057//
f 645// 1057// 647//
f 647// 1057// 1061//
f 647// 1061// 651//
f 1061// 1066// 651//
f 651// 1066// 1074//
f 651// 1074// 654//
f 659// 654// 1169//
f 1169// 654// 1074//
f 1074// 1096// 1169//
f 1169// 1096// 1101//
f 1169// 1101// 1117//
f 1117// 1101// 1100//
f 1117// 1100// 1097//
f 479// 475// 457//
f 479// 457// 467//
f 467// 457// 443//
f 467// 443// 462//
f 462// 443// 469//
f 462// 469// 473//
f 473// 469// 490//
f 473// 490// 509//
f 509// 490// 567//
f 509// 567// 602//
f 602// 567// 629//
f 602// 629// 635//
f 635// 629// 654//
f 635// 654// 659//
f 475// 474// 456//
f 474// 476// 461//
f 639// 624// 623//
f 623// 624// 558//
f 623// 558// 563//
f 563// 558// 491//
f 563// 491// 494//
f 494// 491// 470//
f 494// 470// 471//
f 471// 470// 452//
f 471// 452// 460//
f 460// 452// 461//
f 460// 461// 466//
f 466// 461// 476//
f 466// 476// 477//
f 474// 461// 456//
f 456// 461// 452//
f 456// 452// 444//
f 444// 452// 470//
f 444// 470// 468//
f 468// 470// 491//
f 468// 491// 489//
f 489// 491// 558//
f 489// 558// 564//
f 564// 558// 624//
f 564// 624// 626//
f 639// 642// 624//
f 624// 642// 645//
f 624// 645// 626//
f 626// 645// 647//
f 626// 647// 651//
f 475// 456// 457//
f 457// 456// 444//
f 457// 444// 443//
f 443// 444// 468//
f 443// 468// 469//
f 469// 468// 489//
f 469// 489// 490//
f 490// 489// 564//
f 490// 564// 567//
f 567// 564// 626//
f 567// 626// 629//
f 629// 626// 651//
f 629// 651// 654//
f 709// 713// 664//
f 664// 713// 639//
f 664// 639// 517//
f 572// 514// 477//
f 477// 514// 463//
f 477// 463// 466//
f 466// 463// 309//
f 466// 309// 460//
f 460// 309// 471//
f 639// 623// 517//
f 517// 623// 563//
f 517// 563// 453//
f 453// 563// 494//
f 453// 494// 408//
f 221// 408// 180//
f 180// 408// 494//
f 180// 494// 170//
f 170// 494// 471//
f 170// 471// 181//
f 181// 471// 309//
f 572// 477// 476//
f 738// 750// 572//
f 738// 572// 736//
f 736// 572// 476//
f 736// 476// 734//
f 734// 476// 474//
f 734// 474// 730//
f 730// 474// 728//
f 728// 474// 475//
f 728// 475// 732//
f 781// 777// 756//
f 753// 749// 734//
f 732// 764// 728//
f 728// 764// 753//
f 728// 753// 730//
f 730// 753// 734//
f 777// 750// 756//
f 756// 750// 738//
f 756// 738// 749//
f 749// 738// 736//
f 749// 736// 734//
f 787// 781// 774//
f 774// 781// 756//
f 774// 756// 768//
f 768// 756// 749//
f 768// 749// 776//
f 776// 749// 753//
f 776// 753// 788//
f 788// 753// 764//
f 788// 783// 776//
f 776// 783// 771//
f 776// 771// 768//
f 768// 771// 759//
f 768// 759// 774//
f 774// 759// 772//
f 774// 772// 787//
f 787// 772// 784//
f 783// 765// 746//
f 783// 746// 771//
f 771// 746// 741//
f 771// 741// 759//
f 759// 741// 742//
f 759// 742// 772//
f 766// 784// 754//
f 754// 784// 772//
f 754// 772// 747//
f 747// 772// 742//
f 475// 479// 732//
f 732// 479// 806//
f 732// 806// 764//
f 764// 806// 788//
f 788// 806// 783//
f 783// 806// 798//
f 783// 798// 765//
f 778// 802// 785//
f 785// 802// 803//
f 785// 803// 791//
f 765// 798// 761//
f 761// 798// 796//
f 761// 796// 760//
f 760// 796// 797//
f 760// 797// 773//
f 773// 797// 799//
f 773// 799// 778//
f 778// 799// 800//
f 778// 800// 802//
f 798// 808// 796//
f 796// 808// 807//
f 796// 807// 797//
f 797// 807// 809//
f 810// 800// 809//
f 809// 800// 799//
f 809// 799// 797//
f 813// 803// 810//
f 810// 803// 802//
f 810// 802// 800//
f 1011// 884// 1004//
f 1004// 884// 882//
f 1004// 882// 1002//
f 1002// 882// 881//
f 1002// 881// 1003//
f 1003// 881// 879//
f 1003// 879// 1010//
f 1010// 879// 880//
f 884// 813// 882//
f 882// 813// 810//
f 882// 810// 881//
f 881// 810// 809//
f 881// 809// 879//
f 879// 809// 807//
f 879// 807// 880//
f 880// 807// 808//
f 1010// 1104// 1003//
f 1003// 1104// 1103//
f 1003// 1103// 1002//
f 1002// 1103// 1105//
f 1002// 1105// 1004//
f 1004// 1105// 1108//
f 1004// 1108// 1011//
f 1011// 1108// 1111//
f 342// 339// 345//
f 1656// 1610// 1630//
f 1656// 1630// 1699//
f 1699// 1630// 1680//
f 1699// 1680// 1735//
f 1735// 1680// 1729//
f 1735// 1729// 1757//
f 1757// 1729// 1737//
f 1757// 1737// 1765//
f 1765// 1737// 1738//
f 1765// 1738// 1766//
f 1766// 1738// 1732//
f 1766// 1732// 1759//
f 1758// 1730// 1689//
f 1758// 1689// 1736//
f 1736// 1689// 1681//
f 1736// 1681// 1718//
f 1718// 1681// 1637//
f 1718// 1637// 1701//
f 1701// 1637// 1631//
f 1701// 1631// 1678//
f 1678// 1631// 1619//
f 1678// 1619// 1658//
f 1658// 1619// 1611//
f 1658// 1611// 1634//
f 1634// 1611// 1607//
f 1634// 1607// 1628//
f 1628// 1607// 1605//
f 1628// 1605// 1626//
f 1626// 1605// 1602//
f 1626// 1602// 1627//
f 1609// 1651// 1606//
f 1606// 1651// 1627//
f 1606// 1627// 1603//
f 1603// 1627// 1602//
f 1646// 1650// 1642//
f 1642// 1650// 1657//
f 1642// 1657// 1649//
f 1649// 1657// 1661//
f 1649// 1661// 1659//
f 1659// 1661// 1664//
f 1659// 1664// 1663//
f 1647// 1652// 1654//
f 1654// 1652// 1660//
f 1660// 1652// 1668//
f 1668// 1652// 1665//
f 1668// 1665// 1670//
f 1670// 1665// 1674//
f 1674// 1665// 1671//
f 1674// 1671// 1676//
f 1663// 1666// 1665//
f 1665// 1666// 1669//
f 1665// 1669// 1671//
f 1663// 1665// 1659//
f 1659// 1665// 1652//
f 1659// 1652// 1649//
f 1649// 1652// 1647//
f 1649// 1647// 1642//
f 1642// 1647// 1644//
f 1642// 1644// 1646//
f 1911// 1917// 1907//
f 1170// 1216// 1120//
f 1120// 1216// 1183//
f 1032// 1099// 1087//
f 1087// 1099// 1121//
f 1087// 1121// 1119//
f 1119// 1121// 1181//
f 1119// 1181// 1171//
f 1171// 1181// 1217//
f 1171// 1217// 1194//
f 1194// 1217// 1233//
f 1194// 1233// 1193//
f 1193// 1233// 1232//
f 1193// 1232// 1170//
f 1170// 1232// 1216//
