v -0.16689615 -0.10137486 0.094623327
v -0.16688496 -0.10144594 0.094554745
v -0.16688414 -0.10131481 0.094718374
v -0.16686854 -0.10130212 0.094761103
v -0.16684254 -0.10158113 0.094461016
v -0.16684145 -0.10129855 0.09481249
v -0.1667456 -0.10133839 0.094929196
v -0.16642976 -0.10160282 0.0951491
v -0.16598977 -0.10320592 0.093927957
v -0.16555443 -0.10263917 0.095383145
v -0.16523738 -0.1044808 0.093653977
v -0.16471274 -0.10391243 0.095265828
v -0.16353667 -0.10597146 0.094755568
v -0.16238455 -0.10819164 0.094004467
v -0.16193865 -0.1090745 0.093684606
v -0.16101421 -0.11214051 0.091492765
v -0.15939674 -0.1154176 0.090240158
v -0.15932418 -0.11554092 0.090213254
v -0.15928605 -0.11559004 0.090218529
v -0.15923125 -0.11564832 0.090241358
v -0.15913463 -0.11572091 0.090318903
v -0.15905111 -0.11574651 0.090431914
v -0.15895763 -0.11574651 0.090593815
v -0.158921 -0.11549906 0.090963379
v -0.15889619 -0.11571258 0.090742193
v -0.1588842 -0.11567616 0.090808034
v -0.15888365 -0.11562979 0.09086635
v -0.1455837 -0.10815048 0.081993833
v -0.14555445 -0.10822634 0.081975199
v -0.14549287 -0.10833564 0.081980906
v -0.14541917 -0.10842437 0.082025245
v -0.14534061 -0.10848358 0.082103997
v -0.14527045 -0.10850326 0.082203947
v -0.13155515 -0.10115527 0.074161984
v -0.13150807 -0.1011398 0.074254513
v -0.13148406 -0.10090449 0.074508011
v -0.13147263 -0.10108376 0.074364394
v -0.13146564 -0.10100961 0.074443333
v -0.13114256 -0.10037296 0.073377326
v -0.13111287 -0.10044875 0.073357984
v -0.13105051 -0.10055806 0.073362827
v -0.13097605 -0.10064692 0.073406681
v -0.1308969 -0.10070626 0.07348533
v -0.13082644 -0.100726 0.07358551
v -0.12876032 -0.08141569 0.072701775
v -0.12507857 -0.088160217 0.070734963
v -0.10358327 -0.085859641 0.057347286
v -0.10357427 -0.085854761 0.057341851
v -0.10353678 -0.085844703 0.057437625
v -0.1035084 -0.085617341 0.057688586
v -0.10350101 -0.085790776 0.057545219
v -0.10349263 -0.085719272 0.057623252
v -0.10228721 -0.084635198 0.056176394
v -0.10225788 -0.084711313 0.056156859
v -0.10219587 -0.084821202 0.056161553
v -0.10212152 -0.084910572 0.056205414
v -0.10204228 -0.084970273 0.056284219
v -0.096405201 -0.050840512 0.053900998
v -0.096392408 -0.050959177 0.053776346
v -0.096372575 -0.050784703 0.054026548
v -0.096295677 -0.050791692 0.054151077
v -0.096177824 -0.050858714 0.054272309
v -0.095935591 -0.051973823 0.053312339
v -0.095458254 -0.051548969 0.054664716
v -0.094779141 -0.052405946 0.054780778
v -0.093237609 -0.056672979 0.052171972
v -0.089202195 -0.064065374 0.050016243
v -0.085673846 -0.071517311 0.046908598
v -0.076196745 -0.071454763 0.040773213
v -0.075830549 -0.071267679 0.04054974
v -0.075466782 -0.071081944 0.040327705
v -0.075438648 -0.071037121 0.040410277
v -0.075438075 -0.070867836 0.040550899
v -0.075427182 -0.070967503 0.040486299
v -0.07326261 -0.069507733 0.038742952
v -0.073235154 -0.069584996 0.038723931
v -0.07317552 -0.069696665 0.038729474
v -0.073102728 -0.069787525 0.038774166
v -0.0730341 -0.069842488 0.038841717
v -0.067271359 -0.066921391 0.035314213
v -0.064275697 -0.065408662 0.033476651
v -0.05864596 -0.062219337 0.02989763
v -0.058619116 -0.06229702 0.0298786
v -0.058560189 -0.062409382 0.029884223
v -0.058494356 -0.062493484 0.029923212
v -0.058238823 -0.062364619 0.029765951
v -0.057714898 -0.031930272 0.031642176
v -0.053325813 -0.039970536 0.029297525
v -0.052943479 -0.059688803 0.026503528
v -0.051329676 -0.058616128 0.025458978
v -0.051303059 -0.058693983 0.025439888
v -0.051234633 -0.058820657 0.025449315
v -0.047878966 -0.057095688 0.023376673
v -0.045753062 -0.05596789 0.022067582
v -0.045137301 -0.055628758 0.021692557
v -0.044670667 -0.055356525 0.02141352
v -0.040843558 -0.011021053 0.021790843
v -0.04084203 -0.011013487 0.021802995
v -0.040839236 -0.011072641 0.021715377
v -0.040813789 -0.010969926 0.021896586
v -0.04080325 -0.010964106 0.021920174
v -0.04080024 -0.01098666 0.021785168
v -0.040796839 -0.011028264 0.021715563
v -0.040776782 -0.011174564 0.021578114
v -0.040759895 -0.010960088 0.021998594
v -0.040752601 -0.010959364 0.021782801
v -0.040739268 -0.010953318 0.021782734
v -0.04073767 -0.011119812 0.021578431
v -0.040731963 -0.010927639 0.02188075
v -0.040717456 -0.01097297 0.021727584
v -0.040717237 -0.010935231 0.021972999
v -0.040711451 -0.010942657 0.02178333
v -0.040661711 -0.011047121 0.021597544
v -0.040656354 -0.01094758 0.021744048
v -0.040654458 -0.01091325 0.02193499
v -0.040640153 -0.010937609 0.02202615
v -0.040632974 -0.011001945 0.022134494
v -0.040621091 -0.010909033 0.021914475
v -0.040615678 -0.010924097 0.021791935
v -0.040609598 -0.010908583 0.021865627
v -0.040602166 -0.011010161 0.021623531
v -0.040584154 -0.010909173 0.021890933
v -0.040565725 -0.010932413 0.021777913
v -0.040560126 -0.010922788 0.021980381
v -0.040553711 -0.010966406 0.022096181
v -0.040548641 -0.010915316 0.021865791
v -0.040548563 -0.010926642 0.021803601
v -0.040546495 -0.010915926 0.021864131
v -0.040544361 -0.010916567 0.02186246
v -0.040542223 -0.010916298 0.021873448
v -0.040539693 -0.010916979 0.021872198
v -0.040539008 -0.010918301 0.021858189
v -0.040537175 -0.010917686 0.021870937
v -0.040532161 -0.010919183 0.021868372
v -0.040531788 -0.010920915 0.021852259
v -0.04052522 -0.010923548 0.021846719
v -0.040522203 -0.01092249 0.021863097
v -0.04052069 -0.010920634 0.021894727
v -0.040515687 -0.010922072 0.021891706
v -0.040515557 -0.010927806 0.021838384
v -0.040513471 -0.010980861 0.021676403
v -0.040513285 -0.010928149 0.021841072
v -0.04051071 -0.010923625 0.021888636
v -0.040502544 -0.010930123 0.021852059
v -0.040500842 -0.010927041 0.021882372
v -0.04049813 -0.010936163 0.021824233
v -0.040492099 -0.010938999 0.021820525
v -0.04048143 -0.010942471 0.021820199
v -0.040481374 -0.010934906 0.021869423
v -0.040478282 -0.010931353 0.021926442
v -0.040474512 -0.010948787 0.02203854
v -0.040468447 -0.010934407 0.021919068
v -0.040467735 -0.010945484 0.021831241
v -0.040458735 -0.010937899 0.021911563
v -0.040446956 -0.010950675 0.021845326
v -0.040441595 -0.010974535 0.021753414
v -0.040439617 -0.010945953 0.021896232
v -0.040433936 -0.010948983 0.02200605
v -0.040405832 -0.010962161 0.021867938
v -0.040394492 -0.010956103 0.021971617
v -0.040380184 -0.011029915 0.022182314
v -0.040375583 -0.010962603 0.021953775
v -0.040367741 -0.011479908 0.021188371
v -0.040357154 -0.010970694 0.021935616
v -0.04033472 -0.011412987 0.021184694
v -0.040303949 -0.011006786 0.022111904
v -0.040270012 -0.011004824 0.021920949
v -0.040267475 -0.011317802 0.021206897
v -0.040265489 -0.011005047 0.022072379
v -0.040228534 -0.011010801 0.022031095
v -0.040213667 -0.011264931 0.021241488
v -0.040193997 -0.01102457 0.021988701
v -0.040193617 -0.011179 0.02231426
v -0.040164296 -0.011040417 0.021949954
v -0.040133405 -0.01121542 0.021314299
v -0.040043812 -0.011135098 0.022242187
v -0.039963182 -0.011130237 0.022191558
v -0.039898746 -0.011127246 0.022097269
v -0.039846174 -0.011152164 0.022004116
v -0.0393808 -0.01152827 0.020963956
v -0.039279651 -0.011382494 0.022236094
v -0.039240286 -0.011364981 0.022130471
v -0.039213151 -0.011378483 0.022025852
v -0.039208274 -0.011413751 0.02224455
v -0.038476378 -0.011635415 0.021942794
v -0.038274091 -0.011928978 0.022266073
v -0.038271334 -0.012372775 0.019983672
v -0.038250405 -0.012295141 0.019978078
v -0.038201701 -0.012179742 0.020004241
v -0.038159769 -0.012112701 0.020046173
v -0.038040921 -0.012112668 0.020026475
v -0.037975121 -0.011804439 0.021809768
v -0.037939496 -0.011819537 0.02192976
v -0.037936695 -0.012061656 0.022171414
v -0.037924588 -0.011986499 0.022134889
v -0.037922263 -0.011869435 0.02202883
v -0.037920907 -0.011955949 0.022116296
v -0.037919115 -0.011906968 0.02207434
v -0.037093218 -0.050621338 0.01698935
v -0.037056096 -0.050583746 0.01697257
v -0.037052579 -0.012333214 0.021873111
v -0.036983319 -0.050459053 0.016956994
v -0.036884338 -0.01217122 0.021664303
v -0.036876507 -0.012215248 0.021716682
v -0.036875915 -0.012305216 0.021782355
v -0.036805131 -0.012173863 0.021599684
v -0.036783673 -0.048931401 0.017069049
v -0.036634937 -0.049287871 0.017002519
v -0.036608204 -0.049197994 0.017006012
v -0.036461465 -0.012407165 0.019456288
v -0.036195423 -0.047810309 0.017059952
v -0.035953082 -0.04699561 0.017091621
v -0.035656229 -0.046007015 0.017109625
v -0.035361707 -0.04495002 0.017390078
v -0.035317454 -0.043411575 0.016982222
v -0.034944225 -0.012610738 0.018699711
v -0.034708355 -0.043150187 0.017067458
v -0.034665659 -0.043032225 0.017063104
v -0.034653891 -0.042997796 0.017060632
v -0.034643006 -0.012553553 0.020475145
v -0.034610368 -0.042847056 0.017404271
v -0.034332793 -0.040695041 0.016744062
v -0.034243464 -0.012596714 0.020327214
v -0.034203105 -0.041803606 0.017374681
v -0.034159236 -0.040770236 0.016684119
v -0.034150742 -0.041673601 0.017369311
v -0.034124441 -0.041608635 0.017366491
v -0.034111261 -0.041576162 0.017365046
v -0.034098059 -0.041543696 0.017363576
v -0.034078754 -0.012610744 0.020198582
v -0.034044631 -0.0408132 0.016704723
v -0.033991735 -0.041284185 0.017351011
v -0.033979941 -0.040712077 0.016701806
v -0.033843704 -0.040732052 0.01740434
v -0.033775274 -0.040766411 0.017321538
v -0.033768028 -0.040791597 0.016975958
v -0.033733796 -0.040791348 0.017207125
v -0.033731498 -0.040799573 0.017093753
v -0.033446405 -0.012960467 0.02026109
v -0.033129726 -0.037892859 0.01636366
v -0.032979969 -0.012926189 0.01729949
v -0.032979418 -0.013006946 0.017293334
v -0.032962274 -0.012806508 0.017343055
v -0.032937653 -0.012737344 0.017395014
v -0.032899298 -0.012669241 0.017500475
v -0.032854754 -0.012647644 0.017614495
v -0.032263864 -0.037225123 0.016346442
v -0.031499889 -0.01271046 0.01907878
v -0.031472184 -0.012766042 0.019121395
v -0.031450022 -0.012666605 0.018990166
v -0.031429987 -0.01296008 0.01917265
v -0.03122557 -0.012593615 0.018665977
v -0.030625083 -0.03446129 0.01614204
v -0.03022223 -0.03243481 0.015221726
v -0.029573256 -0.012741541 0.018115854
v -0.029479731 -0.031235982 0.014895068
v -0.029323937 -0.031349186 0.014844564
v -0.02921791 -0.031409148 0.014870296
v -0.029146168 -0.031480901 0.014940697
v -0.029090481 -0.031539764 0.015055349
v -0.028969947 -0.012035097 0.015428194
v -0.028889194 -0.031373505 0.015877696
v -0.028838713 -0.031516623 0.015459485
v -0.028828513 -0.031432923 0.015800796
v -0.028799614 -0.031512294 0.015570812
v -0.02879484 -0.031483822 0.015690342
v -0.027780002 -0.011685125 0.014748967
v -0.027378732 -0.011576155 0.014306388
v -0.027317764 -0.011641991 0.014156045
v -0.027311901 -0.011753608 0.014096996
v -0.02730649 -0.011577791 0.014215794
v -0.027295211 -0.011829415 0.01407926
v -0.027132474 -0.011745201 0.016303066
v -0.02633401 -0.026749082 0.013386601
v -0.025864361 -0.011408132 0.015795851
v -0.025748558 -0.011397094 0.015764734
v -0.025707128 -0.01145277 0.015799513
v -0.02565057 -0.011561689 0.015825447
v -0.02557688 -0.026557203 0.013365102
v -0.025278835 -0.011512239 0.015619774
v -0.024608562 -0.013858666 0.012552786
v -0.024541052 -0.015836069 0.012513808
v -0.024531456 -0.01036044 0.012904838
v -0.024529848 -0.013858666 0.012689123
v -0.024477683 -0.015656799 0.012724666
v -0.024432467 -0.015836082 0.012701871
v -0.023719769 -0.01729078 0.012278502
v -0.023690818 -0.011353911 0.012093902
v -0.023632733 -0.017514208 0.01198939
v -0.023597507 -0.015174471 0.014431705
v -0.023567624 -0.014217539 0.0144812
v -0.023532847 -0.017514214 0.012162381
v -0.023505032 -0.013858664 0.014464157
v -0.02347932 -0.010933743 0.011900817
v -0.023444479 -0.01606253 0.014257838
v -0.023411563 -0.013858666 0.01462605
v -0.023347082 -0.015824657 0.014588822
v -0.023324123 -0.013864351 0.014726692
v -0.023287339 -0.013868674 0.014751785
v -0.023260077 -0.015817065 0.014689715
v -0.023205992 -0.013880544 0.014786606
v -0.023195071 -0.016728505 0.014034093
v -0.023175243 -0.010084428 0.014005008
v -0.023143187 -0.015795447 0.014750346
v -0.023131777 -0.022963898 0.011693658
v -0.023118958 -0.013896015 0.014799114
v -0.023075156 -0.013904778 0.014796673
v -0.023034837 -0.010306243 0.011680658
v -0.023014206 -0.015763093 0.014761484
v -0.022999175 -0.023101928 0.011664258
v -0.022992931 -0.016728388 0.014384354
v -0.022951534 -0.013933364 0.01475536
v -0.022906007 -0.023171369 0.011697979
v -0.022892773 -0.015724927 0.014721435
v -0.02281503 -0.023219101 0.011770722
v -0.022746427 -0.023235189 0.011864532
v -0.022624144 -0.017585427 0.013580221
v -0.022578852 -0.011351598 0.014017007
v -0.022539485 -0.023135688 0.012880209
v -0.022523804 -0.023344077 0.01247969
v -0.022518428 -0.0096848933 0.011368031
v -0.022489408 -0.023215668 0.012811554
v -0.022477932 -0.023329608 0.012598164
v -0.022466546 -0.02328741 0.012707383
v -0.02245078 -0.017497836 0.014071343
v -0.022429096 -0.018315347 0.011482049
v -0.022369828 -0.017478945 0.014175729
v -0.022282321 -0.010933741 0.013974082
v -0.022270177 -0.017425146 0.014246313
v -0.022196144 -0.02198757 0.011179527
v -0.022176282 -0.0093401698 0.011164759
v -0.022166995 -0.017344631 0.014272346
v -0.02216449 -0.010960309 0.014103507
v -0.022153143 -0.018442338 0.011135149
v -0.022076599 -0.018442338 0.011267728
v -0.022075994 -0.017249657 0.014249867
v -0.022013575 -0.011032892 0.014160922
v -0.021999933 -0.017912289 0.013811046
v -0.021870011 -0.011132043 0.014130943
v -0.02181825 -0.0090281442 0.010963061
v -0.021522397 -0.021966271 0.011191491
v -0.021455979 -0.0087435646 0.010732641
v -0.021443591 -0.0087435646 0.010754097
v -0.021334233 -0.0084911436 0.010835335
v -0.021289937 -0.01844234 0.012630265
v -0.021256303 -0.0084528513 0.010760874
v -0.021254029 -0.0085119084 0.010693343
v -0.020997792 -0.0093156472 0.013145186
v -0.020956144 -0.018442338 0.013208413
v -0.020937257 -0.0083822403 0.010462811
v -0.020885287 -0.01841707 0.013318629
v -0.020814382 -0.018345105 0.013405809
v -0.020754222 -0.018237403 0.013456681
v -0.020713966 -0.018110361 0.0134635
v -0.020463882 -0.0078761168 0.010301607
v -0.020459946 -0.0079339277 0.010233116
v -0.020452354 -0.0079656551 0.010204878
v -0.020441245 -0.0078190807 0.010414821
v -0.020432714 -0.0080205416 0.010167219
v -0.020406615 -0.0078249853 0.010303076
v -0.020403931 -0.0077927462 0.010424114
v -0.020390507 -0.0077998904 0.010527119
v -0.020373106 -0.0077877128 0.010517073
v -0.020367969 -0.0078811664 0.010197973
v -0.020329885 -0.0079552699 0.010134276
v -0.020322213 -0.0079416139 0.01013808
v -0.020300845 -0.0079391561 0.010132479
v -0.02030055 -0.0087435674 0.012733893
v -0.02027001 -0.0077722482 0.010304179
v -0.020268079 -0.0077490485 0.010391281
v -0.020261636 -0.0077462629 0.010452716
v -0.020259887 -0.0078521185 0.010186103
v -0.020258978 -0.0087435646 0.012805905
v -0.020250035 -0.007912172 0.010133234
v -0.020242199 -0.007812677 0.010228544
v -0.02019144 -0.0077894945 0.010267339
v -0.02018168 -0.0087657049 0.012912401
v -0.02016077 -0.0078678727 0.010144609
v -0.020152604 -0.008782533 0.012941943
v -0.020125652 -0.0077653299 0.010374205
v -0.020100202 -0.007839608 0.010158132
v -0.020092428 -0.0088287545 0.012988989
v -0.020070348 -0.007810656 0.01020633
v -0.020032985 -0.0088889934 0.013017428
v -0.020015849 -0.0078020105 0.010182668
v -0.02001052 -0.0077864151 0.010317991
v -0.019932171 -0.0090344213 0.013012131
v -0.019925874 -0.0077633108 0.010213378
v -0.019899266 -0.0077587417 0.010258904
v -0.019860296 -0.0077354121 0.01023676
v -0.019699756 -0.018636737 0.0098323347
v -0.019575611 -0.0077998904 0.011938561
v -0.019548062 -0.007781445 0.011922656
v -0.019503303 -0.0078195529 0.012039426
v -0.019499712 -0.0077589168 0.01189474
v -0.019462269 -0.0078113875 0.012042736
v -0.01944674 -0.0077462629 0.011864157
v -0.019417632 -0.0078762509 0.012114815
v -0.019391621 -0.0077704964 0.01197488
v -0.01938319 -0.007907019 0.012134592
v -0.019382402 -0.018581696 0.0095354607
v -0.019365361 -0.0078965258 0.012125509
v -0.01936448 -0.0079256333 0.012142827
v -0.019355239 -0.0077506378 0.01187716
v -0.019310756 -0.0077653299 0.011785647
v -0.019294221 -0.0080089429 0.012156041
v -0.019285578 -0.00802093 0.012155371
v -0.019279765 -0.0080167754 0.012152003
v -0.019268641 -0.0077795824 0.011758802
v -0.019266475 -0.0078392923 0.012030534
v -0.019253539 -0.0077880877 0.011895556
v -0.019231325 -0.0078175291 0.011952852
v -0.01921837 -0.007850064 0.01199717
v -0.019209867 -0.0079598501 0.012089018
v -0.019208772 -0.0079398006 0.012076586
v -0.019208647 -0.007802899 0.011867404
v -0.019192828 -0.0079432717 0.012064924
v -0.019181119 -0.0077848486 0.011704646
v -0.019166566 -0.0079155276 0.012020703
v -0.01916544 -0.0078674182 0.01196455
v -0.019159513 -0.0077813626 0.011691606
v -0.019129694 -0.0078701945 0.011937996
v -0.019118655 -0.0077694175 0.011667312
v -0.019086385 -0.0078004305 0.011787435
v -0.01908082 -0.018649463 0.011173237
v -0.019078977 -0.0077505163 0.011644226
v -0.019055443 -0.0077354121 0.011630804
v -0.01846431 -0.0090127941 0.0070308619
v -0.018301049 -0.010829491 0.0069366032
v -0.018185403 -0.018581696 0.011608725
v -0.018123459 -0.018555978 0.011724086
v -0.018077934 -0.018482739 0.011825921
v -0.018060312 -0.018243831 0.011931412
v -0.018055759 -0.018373126 0.011898723
v -0.018036876 -0.0084011341 0.0067840824
v -0.01792877 -0.0072942115 0.0067216679
v -0.01778031 -0.0090127941 0.0082155848
v -0.01775866 -0.0089659924 0.0066234544
v -0.017739013 -0.01805678 0.0086644609
v -0.017665237 -0.0091556683 0.0065695168
v -0.017655419 -0.0090183234 0.0083409324
v -0.017617049 -0.010829491 0.0081213266
v -0.017493982 -0.010814738 0.0082477266
v -0.017485213 -0.0090334332 0.0083872098
v -0.017471327 -0.012384483 0.0064575621
v -0.017328754 -0.010774434 0.008296879
v -0.017315295 -0.009054075 0.0083420156
v -0.017244771 -0.0072942115 0.0079063904
v -0.01716564 -0.01071938 0.0082556121
v -0.017125858 -0.0073189293 0.0080351913
v -0.017059986 -0.018104689 0.0086683463
v -0.016971987 -0.0073864595 0.0080908993
v -0.016855527 -0.017970936 0.0097977519
v -0.016824383 -0.0074787084 0.0080585871
v -0.016800502 -0.0060141319 0.0060702618
v -0.016787326 -0.012384483 0.007642285
v -0.016781766 -0.017469194 0.0080339825
v -0.0167391 -0.01746919 0.0081078876
v -0.016738575 -0.017908508 0.0097286487
v -0.016673522 -0.012352371 0.007774034
v -0.016533602 -0.012264637 0.0078377975
v -0.016519822 -0.01148119 0.0059082108
v -0.016418235 -0.0051453556 0.0078240978
v -0.016405059 -0.012144791 0.0078164907
v -0.016265843 -0.0096255224 0.010895375
v -0.016241606 -0.012046047 0.0057475828
v -0.016139474 -0.013369787 0.005688617
v -0.016116502 -0.0060141319 0.0072549847
v -0.016040668 -0.017469192 0.009317603
v -0.016039236 -0.0060362937 0.0073615001
v -0.016010188 -0.0060531399 0.0073910579
v -0.01595008 -0.0060994131 0.0074381428
v -0.015890731 -0.0061597163 0.0074666352
v -0.015840685 -0.0075586401 0.01064991
v -0.015818173 -0.0093843238 0.0055031138
v -0.015790138 -0.0063053006 0.0074614659
v -0.015777359 -0.0098384982 0.0054795495
v -0.015739053 -0.011660961 0.010591233
v -0.01568429 -0.0089546796 0.0054258164
v -0.015636744 -0.016679538 0.0074640135
v -0.015584766 -0.017469194 0.010107247
v -0.015581843 -0.0096255224 0.012080099
v -0.015579472 -0.016759161 0.0074720997
v -0.015569928 -0.010227248 0.0053597894
v -0.015569572 -0.01717834 0.010493383
v -0.015551453 -0.016791284 0.0074838623
v -0.015548827 -0.016622808 0.0074328585
v -0.015535186 -0.016614972 0.0074311509
v -0.015531187 -0.017447053 0.010227438
v -0.015522964 -0.017289644 0.010436413
v -0.015515297 -0.016617209 0.0074298605
v -0.015509484 -0.017384004 0.010343025
v -0.015505965 -0.016598711 0.0074291877
v -0.015501905 -0.016839076 0.0075149639
v -0.01547864 -0.016754281 0.0074609779
v -0.015456678 -0.009624213 0.012205288
v -0.015455474 -0.013369787 0.0068733399
v -0.015454769 -0.016571451 0.0074297162
v -0.015448138 -0.016878519 0.0075629056
v -0.015423273 -0.016892118 0.0075903833
v -0.015411832 -0.016860014 0.0075529744
v -0.015402222 -0.0086346585 0.0052629644
v -0.015397458 -0.016630072 0.0074466695
v -0.015384707 -0.01656566 0.0074433312
v -0.015368861 -0.016700285 0.0074691786
v -0.015364881 -0.016526744 0.0074408557
v -0.015356541 -0.013326673 0.0070136744
v -0.015355706 -0.016910112 0.0076867109
v -0.015336802 -0.016823107 0.0075585796
v -0.015289344 -0.016641187 0.0075058369
v -0.015285722 -0.009620633 0.012251132
v -0.015278165 -0.016586062 0.0075036893
v -0.015269855 -0.016653599 0.0075244275
v -0.015269134 -0.0167912 0.0075963405
v -0.015257245 -0.013208886 0.0071008923
v -0.015254617 -0.016799979 0.0076283468
v -0.015244458 -0.016780607 0.0076224813
v -0.015236964 -0.010473574 0.0051675532
v -0.015221235 -0.0051453556 0.0098973634
v -0.01521504 -0.016458629 0.0074801482
v -0.015208163 -0.016648727 0.007601527
v -0.015197741 -0.016596304 0.0076002888
v -0.015184196 -0.013047985 0.0071116248
v -0.015159344 -0.016502341 0.0075850338
v -0.015156685 -0.0075586401 0.011834633
v -0.01514608 -0.016480811 0.0075786221
v -0.015143936 -0.0051674955 0.010003859
v -0.015117838 -0.016443772 0.0075640804
v -0.015114862 -0.0051843221 0.010033402
v -0.015114784 -0.0096157435 0.012205348
v -0.015084861 -0.016410952 0.0075460696
v -0.015062473 -0.016393365 0.0075333845
v -0.015055054 -0.011660961 0.011775956
v -0.015054685 -0.0052305437 0.010080447
v -0.015036268 -0.007580406 0.011962564
v -0.014995241 -0.0052907807 0.010108885
v -0.014981266 -0.016910112 0.0083352607
v -0.014961536 -0.0084825885 0.0050085345
v -0.014943358 -0.016900765 0.0084118992
v -0.014935771 -0.011636926 0.011904541
v -0.014929178 -0.016679719 0.0086901337
v -0.01492864 -0.016889166 0.0084507978
v -0.014917121 -0.016881362 0.0084418859
v -0.014911572 -0.016738754 0.0086530214
v -0.014909947 -0.016746251 0.0086472509
v -0.014905101 -0.01683528 0.008553545
v -0.014903989 -0.016786581 0.0086113457
v -0.014897513 -0.01682758 0.0082869064
v -0.014894634 -0.016653916 0.0086665405
v -0.014894428 -0.005436209 0.010103588
v -0.014880177 -0.016799979 0.0082768966
v -0.01487828 -0.0076398696 0.012015896
v -0.014868942 -0.01663306 0.008643602
v -0.014863246 -0.016806383 0.0083231935
v -0.014844418 -0.010528689 0.0049409159
v -0.014842271 -0.016775008 0.0085149035
v -0.014838181 -0.016682046 0.0082526505
v -0.014833723 -0.016648727 0.0082500773
v -0.014829433 -0.016598318 0.0085997013
v -0.014826661 -0.016617524 0.0082528656
v -0.014814039 -0.016661201 0.0085461596
v -0.014812017 -0.016661312 0.0085409442
v -0.014810876 -0.01673197 0.0083742812
v -0.014810797 -0.016569037 0.0082535194
v -0.014793252 -0.016661549 0.0084685516
v -0.01479126 -0.016659077 0.008384903
v -0.014780883 -0.011571261 0.011959664
v -0.014777324 -0.016501674 0.0082458742
v -0.014775536 -0.01657654 0.0083572371
v -0.01477511 -0.016543118 0.0085153086
v -0.014748923 -0.016511802 0.0084594125
v -0.014740084 -0.016499124 0.0083481623
v -0.01473419 -0.016492117 0.0084212869
v -0.014725056 -0.0077211009 0.011980339
v -0.014705573 -0.016447708 0.0083272625
v -0.014700885 -0.016439395 0.0083085075
v -0.014677803 -0.016393365 0.0081996517
v -0.014631893 -0.011481562 0.011926551
v -0.014577501 -0.0060141319 0.009920611
v -0.014569286 -0.013590249 0.0047820685
v -0.014547222 -0.0086346585 0.0067438679
v -0.014514043 -0.0086053219 0.004750174
v -0.014470035 -0.010381679 0.0047247661
v -0.01440147 -0.013119562 0.0098189786
v -0.014215969 -0.0043805325 0.0065526185
v -0.014179648 -0.00896997 0.0045571108
v -0.014154239 -0.0099955518 0.0045424411
v -0.01404795 -0.0094788298 0.0044810749
v -0.013893502 -0.0060141319 0.011105333
v -0.013885286 -0.013590249 0.0059667914
v -0.013803882 -0.013544674 0.0061172466
v -0.013787188 -0.0060531399 0.011241407
v -0.013752481 -0.013420162 0.0062321164
v -0.013744855 -0.013250076 0.0062806215
v -0.01372708 -0.0060994131 0.011288492
v -0.01371747 -0.013119562 0.011003702
v -0.01366773 -0.0061597163 0.011316984
v -0.013613707 -0.010380732 0.0062049027
v -0.013613121 -0.013079241 0.011140909
v -0.013567138 -0.0063053006 0.011311815
v -0.013499032 -0.012969086 0.011219586
v -0.013450466 -0.0053891395 0.0041361176
v -0.013405775 -0.012818612 0.011218652
v -0.013218595 -0.0044757784 0.005976785
v -0.013179222 -0.0086346585 0.0091133136
v -0.01317225 -0.0059539974 0.0039754896
v -0.013078826 -0.0061436738 0.0039215516
v -0.013071755 -0.013002206 0.0039174687
v -0.013018969 -0.0043805325 0.0086258836
v -0.012932264 -0.0044263313 0.0087732784
v -0.012866383 -0.0045514535 0.0088797882
v -0.012838978 -0.0047223745 0.0089168735
v -0.012759147 -0.0047204639 0.0088707833
v -0.012740173 -0.0093843238 0.010834366
v -0.012699359 -0.0098384982 0.010810802
v -0.012611496 -0.013610491 0.0087855365
v -0.012606289 -0.0089546796 0.010757069
v -0.012491927 -0.010227248 0.010691042
v -0.012387755 -0.013002206 0.0051021916
v -0.012372119 -0.012711037 0.0054880716
v -0.012324222 -0.0086346585 0.010594217
v -0.012323069 -0.012963198 0.0052622994
v -0.012317346 -0.012856621 0.0054035415
v -0.012245707 -0.010380732 0.0085743479
v -0.012158965 -0.010473574 0.010498806
v -0.011977571 -0.0049896543 0.0052602794
v -0.011933411 -0.0084691951 0.0032602458
v -0.011927496 -0.013610491 0.0099702599
v -0.011883536 -0.0084825885 0.010339787
v -0.01184313 -0.01356469 0.010119005
v -0.011783641 -0.01343956 0.010229205
v -0.011766418 -0.010528689 0.010272169
v -0.011764966 -0.013268629 0.01027133
v -0.011744021 -0.013870982 0.0051254393
v -0.011655196 -0.0090340534 0.0030996178
v -0.011436043 -0.0086053219 0.010081426
v -0.011392036 -0.010381679 0.010056019
v -0.011101648 -0.00896997 0.0098883631
v -0.011076239 -0.0099955518 0.0098736938
v -0.01096995 -0.0094788298 0.0098123271
v -0.010848755 -0.013002206 0.0077678179
v -0.010780571 -0.0049896543 0.0073335441
v -0.010749809 -0.0052908887 0.0077106911
v -0.010713859 -0.0050300127 0.0074924817
v -0.010702599 -0.0051402724 0.007630527
v -0.010663063 -0.0056646913 0.0025268099
v -0.010547021 -0.013870982 0.0071987044
v -0.01053183 -0.013580129 0.0075848405
v -0.010521346 -0.0049757315 0.002444989
v -0.010487468 -0.0063431715 0.0024254296
v -0.010482396 -0.013832015 0.0073588463
v -0.010476836 -0.013725556 0.0075001828
v -0.010471742 -0.013785793 0.0074344832
v -0.01030282 -0.0068095103 0.0042933617
v -0.010167981 -0.011937147 0.0042155124
v -0.010164755 -0.013002206 0.0089525403
v -0.010149118 -0.012711037 0.0093384208
v -0.010104124 -0.0056744721 0.0041786442
v -0.010100285 -0.0044608959 0.0022018894
v -0.010100069 -0.012963198 0.0091126487
v -0.010094346 -0.012856621 0.0092538903
v -0.010089345 -0.012916924 0.0091882441
v -0.010041607 -0.0068293707 0.0021680119
v -0.010003843 -0.0056707286 0.0040906863
v -0.0099790636 -0.0056646913 0.0037115328
v -0.0099448627 -0.0056675561 0.0039710286
v -0.0099361604 -0.0056654369 0.0038378877
v -0.0099269757 -0.0048132706 0.0040763672
v -0.0098846275 -0.0065225698 0.0040519172
v -0.0098402519 -0.0048754406 0.0039962367
v -0.0098373452 -0.0049757315 0.0036297119
v -0.0098034674 -0.0063431715 0.0036101528
v -0.0098011475 -0.0064539188 0.0039736596
v -0.0098005775 -0.010881513 0.0040033916
v -0.0097927675 -0.0049281465 0.0038832165
v -0.0097917458 -0.0049633635 0.0037545094
v -0.0097572235 -0.006356827 0.0037345784
v -0.0097564077 -0.0063957148 0.0038622241
v -0.0096404655 -0.009352468 0.0039109504
v -0.0094449483 -0.006993013 0.0018235306
v -0.009416285 -0.0044608959 0.0033866123
v -0.009400649 -0.0041697253 0.0037724925
v -0.0093626715 -0.0044387314 0.0035067836
v -0.009357607 -0.0068293707 0.0033527347
v -0.0093542086 -0.0042811497 0.0037156194
v -0.0093515981 -0.0044218856 0.0035467197
v -0.009345877 -0.0043153097 0.0036879622
v -0.0093408739 -0.0043756138 0.0036223158
v -0.0093273008 -0.0071303193 0.0037301448
v -0.0093028778 -0.0068522803 0.0034722618
v -0.0092864772 -0.0070151519 0.0036765148
v -0.0092779016 -0.0069175172 0.0035859584
v -0.0091867093 -0.0069894209 0.0068082348
v -0.0091058202 -0.0068095103 0.0063666264
v -0.0090836734 -0.0068994649 0.0066958396
v -0.0090608578 -0.011775215 0.0067355749
v -0.0090540666 -0.0068336134 0.0065342002
v -0.0090303998 -0.011708539 0.0067179897
v -0.0089709815 -0.011937147 0.0062887771
v -0.0089533292 -0.011856181 0.0066205855
v -0.0089204311 -0.011915452 0.0064570457
v -0.0088573685 -0.0067902538 0.0014842914
v -0.0087609477 -0.006993013 0.0030082534
v -0.0086948648 -0.0070190369 0.0031212252
v -0.0086375531 -0.0070931432 0.0032162534
v -0.0085977372 -0.0072040511 0.0032788708
v -0.00858148 -0.007334874 0.003299545
v -0.0085685086 -0.0093628485 0.0064513171
v -0.0084434655 -0.009352468 0.0059842151
v -0.0084433965 -0.0093576582 0.0063261758
v -0.0083976267 -0.0093538594 0.0061552045
v -0.0082613574 -0.0055375514 0.006273983
v -0.0081733679 -0.0067902538 0.0026690143
v -0.0081196362 -0.0048485897 0.0061921603
v -0.0080961036 -0.0068124179 0.0027755299
v -0.0080857594 -0.0062160296 0.0061726011
v -0.008006948 -0.0068755355 0.0028521735
v -0.0079194764 -0.0069699963 0.0028872762
v -0.0078470046 -0.0070814239 0.0028754952
v -0.007698576 -0.0043337541 0.0059490609
v -0.0076398985 -0.0067022289 0.0059151836
v -0.0074063572 -0.0055375514 0.0077548865
v -0.0072646365 -0.0048485897 0.0076730638
v -0.0072307591 -0.0062160296 0.0076535046
v -0.007043242 -0.006865873 0.0055707037
v -0.0068435757 -0.0043337541 0.0074299644
v -0.0067848982 -0.0067022289 0.0073960866
v -0.0066246307 0.00073885469 0.0017748503
v -0.0065473658 0.00071669027 0.0018813659
v -0.0065183169 0.00069984444 0.0019109239
v -0.0064582108 0.00065357273 0.0019580093
v -0.0064556603 -0.0066631106 0.0052314634
v -0.0063988585 0.00059327041 0.0019865006
v -0.0063707414 0.00055911031 0.0019931139
v -0.0063266521 0.00091825298 0.0017086272
v -0.0062999912 0.0014564514 7.7890818e-06
v -0.0062982664 0.00044768449 0.0019813313
v -0.006294834 0.00083439477 0.001861257
v -0.0062299082 0.00069498637 0.0019489529
v -0.0061882418 -0.006865873 0.0070516071
v -0.006149278 0.00053738523 0.0019482205
v -0.0060625002 0.00093289156 0.0019439383
v -0.0060542705 0.00076944759 0.0020114603
v -0.0060168761 0.0010495841 0.0018188704
v -0.0059943912 0.00060304906 0.0020033424
v -0.0059190067 0.00079670403 0.0021572732
v -0.0058835759 0.00096894533 0.0021368172
v -0.0058751078 0.0006270844 0.0021319282
v -0.0057783127 0.0010976529 0.0020760435
v -0.0057480065 0.00079670403 0.0024534538
v -0.0057447548 0.00075502519 0.0024515763
v -0.0057126018 0.00091065717 0.0024778983
v -0.0057125757 0.00096894533 0.0024329978
v -0.0057041082 0.0006270844 0.0024281088
v -0.0056919344 0.0010069121 0.0024210804
v -0.0056771869 0.0007346787 0.0025296591
v -0.0056747664 0.0010301708 0.0024139741
v -0.0056685959 0.00086824858 0.0025398396
v -0.0056618126 0.0010052096 0.0024653594
v -0.0056580869 0.00063188054 0.0024922495
v -0.0056500039 0.0010607711 0.002396872
v -0.0056466451 0.0010642069 0.0023949326
v -0.0056266338 0.00099230162 0.002510383
v -0.0056194742 0.00064074015 0.0025303701
v -0.005607313 0.0010976529 0.0023722241
v -0.0056006606 -0.0066631106 0.0067123668
v -0.0055761999 0.00099400501 0.0025401297
v -0.0055755 0.00087139098 0.0025947511
v -0.0055577597 0.0010877312 0.0024458242
v -0.0055557652 0.0007387771 0.0026012741
v -0.0055376627 0.00066808978 0.0025832946
v -0.0055300449 0.0010754904 0.0024787381
v -0.0055205002 0.001009981 0.0025487067
v -0.0055093351 0.00067962974 0.0025948985
v -0.0054726801 0.00090088212 0.0026105836
v -0.0054659373 0.0024690072 -0.0004737523
v -0.0054408899 0.0010123728 0.0025553817
v -0.0054216641 0.00077724044 0.0026219222
v -0.0053904606 0.00073782989 0.0026118718
v -0.0053817173 -0.0015905051 0.0010572539
v -0.005380501 0.00095087843 0.0025842013
v -0.0053660818 -0.001299335 0.001443134
v -0.0053534196 0.00091790874 0.0025904861
v -0.0053281044 -0.0015683408 0.0011774253
v -0.005319641 -0.0014107592 0.0013862608
v -0.0053170309 -0.0015514949 0.0012173612
v -0.0053113094 -0.0014449193 0.0013586038
v -0.0053063068 -0.0015052232 0.0012929575
v -0.0053014453 0.00084244687 0.0025875152
v -0.0052809455 0.00080648455 0.0025787039
v -0.0052170921 -0.0012096359 0.0014100228
v -0.0051593101 -0.0013142321 0.0013506291
v -0.0051136781 -0.0013892489 0.001250147
v -0.0051029911 0.0014564514 0.002081054
v -0.0050871414 -0.0014232681 0.0011238734
v -0.0050837365 -0.0014111034 0.00099102966
v -0.0050622034 -0.0011439685 0.0014651436
v -0.0050570751 -0.0008729067 -0.00070980896
v -0.0050257263 0.0014342869 0.0021875696
v -0.0049926345 -0.0012435695 0.0014099478
v -0.0049429196 -0.0011199348 0.001593729
v -0.0049365712 0.0013711693 0.002264213
v -0.0049134251 -0.001304353 0.0013214138
v -0.0048642699 -0.0012177052 0.0015483208
v -0.0048490982 0.0012767072 0.0022993158
v -0.0048366403 -0.0013170667 0.0012130231
v -0.0048314547 -0.0012414838 0.0015293747
v -0.0047766268 0.0011652812 0.0022875352
v -0.0047739628 -0.0012797758 0.0011012739
v -0.0047719195 -0.0011199348 0.0018899095
v -0.004759206 -0.001273278 0.001487662
v -0.0047295564 -0.0011819435 0.0018654513
v -0.0046872864 -0.0011062776 0.0019921714
v -0.0046822899 -0.001282394 0.0014432545
v -0.0046604546 -0.0012414838 0.0018255553
v -0.0046484731 -0.0011889255 0.0019410452
v -0.004643721 -0.0012781953 0.0014209868
v -0.0046156105 -0.0012641321 0.0017996645
v -0.0045998637 -0.0010767188 0.0020476419
v -0.0045771501 -0.0010673897 0.0020567011
v -0.0045665964 -0.0010733663 0.002055977
v -0.0045640455 -0.0012613179 0.0018543274
v -0.0045578992 -0.00067689188 -0.00099800841
v -0.0045353966 -0.0012317051 0.0013584456
v -0.0045331405 -0.0011622868 0.0020043454
v -0.0045112902 -0.001282394 0.0017394351
v -0.004468407 -0.0012177945 0.0019378562
v -0.0044582728 -0.0010091878 0.0020736728
v -0.0044555482 -0.0012757923 0.0017654079
v -0.00444357 -0.0010008946 0.0020722216
v -0.0044338703 -0.0010533174 0.0020555605
v -0.0044314605 -0.00099658524 0.0020699413
v -0.0044157463 -0.0011014886 0.0020275901
v -0.0044126152 -0.00098257791 0.0020663755
v -0.004388643 -0.00096752465 0.0020590376
v -0.0043852152 -0.0012288898 0.0018696768
v -0.0043806792 -0.0011315581 0.0019915714
v -0.0043643964 -0.0012317051 0.0016546261
v -0.0043487609 -0.00094053493 0.0020405066
v -0.0043444633 -0.0012294744 0.0016918945
v -0.004335613 -0.0011375704 0.0019546375
v -0.0043143742 -0.001015895 0.0020071971
v -0.0042997105 -0.0011926949 0.0018147334
v -0.004293988 -0.0010861208 0.0019559755
v -0.0042894734 -0.001118333 0.0019241032
v -0.0042689373 0.0024690072 0.0015995125
v -0.0041837385 0.0024564757 0.0017014476
v -0.0041770642 0.003336997 -0.0012178835
v -0.0041486551 0.0024469551 0.0017275217
v -0.0041388012 -0.0039198631 0.00033965582
v -0.0040769912 0.0014564514 0.0038581381
v -0.0040719816 0.0024207968 0.0017650421
v -0.004034502 -0.00075037929 -0.001300192
v -0.0040324843 -0.0039588716 0.00047572781
v -0.0039910381 0.0023867059 0.0017810673
v -0.0039723809 -0.0040051453 0.00052281498
v -0.0039506867 0.0023673964 0.0017806177
v -0.0039197733 -0.0037825573 0.0002733212
v -0.0039130291 -0.0040654475 0.00055130618
v -0.0039020914 0.0043675466 -0.0013766391
v -0.003868216 -0.0038558932 0.00042597778
v -0.003860075 -0.0008729067 0.0013634559
v -0.0038444393 -0.0005817365 0.0017493365
v -0.0038383165 0.0023044068 0.0017458017
v -0.0038141587 -0.0032022647 -0.001427407
v -0.0038124369 -0.0042110332 0.00054613675
v -0.0037953889 -0.00083389645 0.0015235633
v -0.0037896673 -0.00072732079 0.0016648059
v -0.0037888414 -0.0039875954 0.00051369448
v -0.0037029218 -0.0041423789 0.00051296887
v -0.0036899035 -0.0037685912 0.00045143702
v -0.0036820227 -0.0036661536 0.00030726637
v -0.0036540406 -0.0039215973 0.00053294125
v -0.0035905507 -0.0010788138 -0.0015565072
v -0.0035840475 -0.0040841787 0.00052994222
v -0.0035291475 -0.0038774984 0.00060611562
v -0.0035246962 -0.0037102578 0.00054823043
v -0.0034750137 0.0025790555 -0.0016232125
v -0.0034739084 -0.004045289 0.00059447048
v -0.0034617472 -0.0035883761 0.00043632445
v -0.0034380695 -0.0027755711 -0.0016445422
v -0.003433174 -0.0038620119 0.00072207715
v -0.0034130097 0.0028804769 -0.0016590105
v -0.00341185 -0.0012839636 0.0034741187
v -0.0033981898 0.0022822225 -0.0016675668
v -0.0033977462 -0.0036897724 0.00070162286
v -0.0033929914 0.0014564514 0.0050428608
v -0.0033892754 -0.0040316316 0.00069673226
v -0.0033608989 -0.00067689188 0.0010752565
v -0.0033157263 0.0014342869 0.0051493766
v -0.003313977 -0.0015971451 -0.0017161871
v -0.0032924803 -0.0035610632 0.00064084755
v -0.0032794927 -0.00063131767 0.0012257106
v -0.0032621741 -0.0038620119 0.0010182577
v -0.003259555 -0.0022027106 -0.0017476077
v -0.0032589254 -0.0039036926 0.001016382
v -0.0032429371 0.0024690072 0.0033765968
v -0.0032287957 0.0031057196 -0.0017653665
v -0.0032280919 -0.0005068052 0.0013405802
v -0.0032267694 -0.0037480588 0.0010427022
v -0.0032267463 -0.0036897724 0.00099780341
v -0.0032265713 0.0013711693 0.0052260202
v -0.0032204688 -0.00033671877 0.0013890869
v -0.0032182755 -0.0040316316 0.0009929128
v -0.0032061047 -0.0036518059 0.00098588597
v -0.003203124 0.0020695108 -0.0017801881
v -0.0031960129 0.0013451822 -0.0017842937
v -0.0031913542 -0.0039240373 0.0010944629
v -0.0031889337 -0.0036285452 0.000978778
v -0.0031827663 -0.0037904694 0.0011046452
v -0.0031759802 -0.0036535063 0.0010301634
v -0.0031722544 -0.0040268353 0.0010570535
v -0.0031641745 -0.0035979468 0.00096167752
v -0.0031608127 -0.0035945091 0.00095973659
v -0.0031408011 -0.0036664144 0.001075187
v -0.0031390979 0.0012767072 0.0052611227
v -0.0031336416 -0.0040179761 0.0010951741
v -0.0031214803 -0.0035610632 0.00093702809
v -0.0030903674 -0.003664711 0.0011049337
v -0.0030896675 -0.003787325 0.001159555
v -0.0030719272 -0.0035709848 0.0010106282
v -0.0030699328 -0.003919939 0.0011660779
v -0.0030666271 0.0011652812 0.0052493419
v -0.003051833 -0.0039906283 0.0011481002
v -0.003034668 -0.0036487349 0.0011135106
v -0.0030235052 -0.0039790883 0.0011597039
v -0.0030151664 -0.0036000733 0.0010731017
v -0.0030104066 0.0031914751 -0.0018914535
v -0.0029868474 -0.003757834 0.0011753875
v -0.0029847338 -0.0036216513 0.0010992195
v -0.0029420876 0.0019979153 -0.0019308976
v -0.0029358345 -0.0038814775 0.0011867278
v -0.0029177973 0.00078032434 -0.0019449216
v -0.002904631 -0.0039208881 0.0011766773
v -0.0028958849 -0.006249221 -0.0003779422
v -0.0028957075 -0.0037066489 0.001148678
v -0.0028802492 -0.005958051 7.9379324e-06
v -0.0028422722 -0.006227057 -0.00025777082
v -0.0028375017 -0.00075037929 0.00077307294
v -0.0028338113 -0.0060694772 -4.8933576e-05
v -0.0028312013 -0.0062102126 -0.00021783327
v -0.0028254772 -0.0061036353 -7.6592238e-05
v -0.0028243738 0.00059064809 -0.0019988597
v -0.0028242676 -0.0010812024 0.0031348779
v -0.0028204743 -0.0061639394 -0.00014223866
v -0.0028156154 -0.003816271 0.0011523208
v -0.002795116 -0.0038522333 0.0011435094
v -0.0027814205 0.0031593232 -0.0020236587
v -0.0027385673 -0.0007072672 0.00091340707
v -0.0027312597 -0.005868352 -2.5173207e-05
v -0.0027235574 0.0042915461 -0.002057066
v -0.0027050914 0.0043675466 0.00069662579
v -0.0026850204 0.0020866231 -0.0020793153
v -0.0026734804 -0.0059729503 -8.456529e-05
v -0.0026518598 -0.0058311964 -8.2566003e-06
v -0.0026392723 -0.0005894783 0.0010006251
v -0.0026323849 -3.5038884e-05 -0.0021097045
v -0.0026278482 -0.0060479669 -0.00018504745
v -0.0026171587 -0.0032022647 0.00064585789
v -0.0026013087 -0.0060819839 -0.00031132271
v -0.0025987774 0.0043285368 0.00083269941
v -0.0025979071 -0.0060698213 -0.00044416482
v -0.0025871929 0.0030156341 -0.002135796
v -0.0025763735 -0.0058026863 2.9949235e-05
v -0.0025712426 -0.0055316226 -0.0021450049
v -0.0025662226 -0.00042857893 0.0010113578
v -0.0025589371 0.0024690072 0.0045613195
v -0.00255685 -0.0012839636 0.0049550221
v -0.0025204821 0.0022733014 -0.0021743118
v -0.002510845 -0.003241275 0.00078193151
v -0.0025068021 -0.0059022857 -2.5248273e-05
v -0.0025054424 0.00058208662 -0.0021829947
v -0.0024793195 0.0042219623 0.00090827618
v -0.0024750985 -0.00064277637 -0.0022005138
v -0.0024737383 0.0024564757 0.0046632546
v -0.0024661908 0.0027888638 -0.0022056566
v -0.0024570897 -0.0057786526 0.00015853457
v -0.0024423823 0.0025239291 -0.0022194025
v -0.0024275954 -0.0059630708 -0.00011378064
v -0.0023935507 -0.0010788138 0.00051675772
v -0.0023913868 -0.003347849 0.00085750828
v -0.0023787271 0.0040763766 0.00090310711
v -0.0023784402 -0.0058764229 0.00011312633
v -0.0023619817 0.0024207968 0.004726849
v -0.0023508077 -0.0059757829 -0.00022217295
v -0.0022907944 -0.003493435 0.0008523392
v -0.0022881303 -0.0059384918 -0.00033392207
v -0.0022860898 -0.0057786526 0.0004547151
v -0.0022797459 -0.0010467001 0.00064850645
v -0.0022733733 -0.0059319939 5.2465854e-05
v -0.0022436599 -0.0058407374 0.00043021815
v -0.0022410695 -0.0027755711 0.00042872265
v -0.0022406867 0.0023673964 0.0047424245
v -0.0022276086 -0.0012448449 0.0027903966
v -0.0022074403 -0.0058764229 0.00040930684
v -0.0022014568 -0.0057649952 0.00055697688
v -0.0021689339 -0.0036133216 0.0027565206
v -0.0021626435 -0.0058476436 0.00050585065
v -0.0021578886 -0.0059369113 -1.4209255e-05
v -0.0021398263 -0.00095896749 0.0007122698
v -0.0021295939 -0.0059229201 0.0003643622
v -0.0021283168 0.0023044068 0.0047076084
v -0.0021282854 0.0010432417 -0.0024007466
v -0.002122158 -0.0028002888 0.00055752293
v -0.0021170818 -0.0010511032 -0.0024072148
v -0.002116977 -0.0015971451 0.00035707778
v -0.002114034 -0.0057354369 0.00061244739
v -0.0021070135 0.0025790555 0.00074623333
v -0.0021023734 -0.0059319939 0.00034864637
v -0.0020913177 -0.005726106 0.00062150514
v -0.0020807639 -0.0057320823 0.00062078092
v -0.0020782161 -0.0059200358 0.00041913296
v -0.0020625549 -0.0022027106 0.00032565717
v -0.0020495639 -0.0058904211 -7.6750475e-05
v -0.0020473108 -0.005821005 0.00056915096
v -0.0020450095 0.0028804769 0.00071043521
v -0.0020428365 0.0047385907 -0.0024500804
v -0.0020301896 0.0022822225 0.00070187903
v -0.0020112861 -0.00083912135 0.00069096498
v -0.0019939085 -0.0015823924 0.00048347819
v -0.0019868887 -0.0059369113 0.00028197127
v -0.0019825774 -0.0058765123 0.00050266169
v -0.0019724432 -0.0056679058 0.00063847849
v -0.0019697156 -0.0059345085 0.00033021183
v -0.0019692676 -0.0010812024 0.0046157814
v -0.0019682853 -0.0028678181 0.00061323046
v -0.0019577374 -0.0056596105 0.00063702551
v -0.0019480378 -0.0057120337 0.00062036439
v -0.0019456277 -0.0056553013 0.00063474529
v -0.001937665 -0.0022082413 0.00045100597
v -0.0019299166 -0.0057602064 0.00059239572
v -0.0019267829 -0.0056412942 0.00063117949
v -0.0019028134 -0.0056262426 0.00062384317
v -0.0018993856 -0.0058876076 0.0004344823
v -0.0018948469 -0.0057902741 0.00055637531
v -0.0018785641 -0.0058904211 0.00021943005
v -0.0018629283 -0.005599251 0.0006053106
v -0.0018607957 0.0031057196 0.00060407934
v -0.0018586337 -0.0058881924 0.00025670006
v -0.0018497804 -0.0057962863 0.00051944138
v -0.0018351239 0.0020695108 0.00058925769
v -0.0018286823 -0.0015420914 0.0005326306
v -0.0018285445 -0.0056746127 0.00057200267
v -0.0018206834 -0.0029600686 0.00058092043
v -0.0018138806 -0.0058514127 0.00037953898
v -0.0018081556 -0.0057448368 0.00052077958
v -0.001803641 -0.0057770489 0.00048890716
v -0.0017817478 -0.0017310439 0.0025329788
v -0.0017674597 -0.0022233517 0.00049728376
v -0.001747873 -0.0030984858 0.002513421
v -0.0017425065 0.0022997314 -0.0026234761
v -0.0017302963 0.0051267277 -0.0026305255
v -0.0016790914 0.0043675466 0.0024737099
v -0.0016789585 -0.0017348734 -0.0026601655
v -0.0016655659 -0.001487034 0.00049136335
v -0.0016424066 0.0031914751 0.00047799229
v -0.001636408 -0.0012230763 -0.002684732
v -0.0016061523 -0.0024095241 0.0024315985
v -0.0016019701 0.0012248622 -0.0027046148
v -0.0015975413 -0.0022439924 0.00045208936
v -0.0015740874 0.0019979153 0.00043854822
v -0.0014642907 0.0017348735 -0.0027841041
v -0.0014134204 0.0031593232 0.00034578709
v -0.001412953 -0.0051267277 -0.0028137439
v -0.0014007427 -0.0022997314 -0.0028207935
v -0.0013742426 -0.0055316226 -7.1740134e-05
v -0.0013726087 -0.0012448449 0.0042713
v -0.0013708674 0.0015451973 -0.0028380419
v -0.0013586067 -0.0052404525 0.0003141404
v -0.0013206326 -0.0055094603 4.8432867e-05
v -0.0013170203 0.0020866231 0.00029013047
v -0.0013139339 -0.0036133216 0.0042374241
v -0.0013121689 -0.0053518787 0.0002572689
v -0.0013095591 -0.0054926141 8.8368804e-05
v -0.0013038348 -0.0053860368 0.00022960982
v -0.0012988349 -0.0054463428 0.00016396503
v -0.0012643847 -3.5038884e-05 0.00025974133
v -0.0012191928 0.0030156341 0.00023364974
v -0.0011524818 0.0022733014 0.00019513413
v -0.0011411697 -0.0011200253 -0.002970658
v -0.0011374423 0.00058208662 0.00018645104
v -0.0011070983 -0.00064277637 0.00016893193
v -0.0010981907 0.0027888638 0.00016378917
v -0.0010743821 0.0025239291 0.00015004326
v -0.0010675236 0.0010782816 -0.0030131775
v -0.0010617855 0.0027467755 -0.0030164905
v -0.0009950914 0.0043675466 0.0036584327
v -0.00092674786 -0.0017310439 0.004013882
v -0.00091782631 0.0043453826 0.0037649483
v -0.0008928731 -0.0030984858 0.0039943247
v -0.00082867133 0.004282265 0.003841592
v -0.00078356976 0.0021819177 -0.0031771185
v -0.00076028518 0.0010432417 -3.1300697e-05
v -0.00075115234 -0.0024095241 0.003912502
v -0.00074908149 -0.0010511032 -3.7769132e-05
v -0.00074272486 -0.00076512375 -0.0032007003
v -0.00074119895 0.0041878042 0.0038766949
v -0.00070086698 -0.0025239291 -0.0032248669
v -0.00069014641 0.0019922415 -0.0032310565
v -0.00067705836 -0.0027888638 -0.0032386128
v -0.00066872709 0.0040763766 0.0038649137
v -0.00066815084 0.00064277649 -0.0032437555
v -0.00062277005 -0.0022733032 -0.0032699562
v -0.00057200663 0.005531623 -0.0032992645
v -0.00055605709 -0.0030156323 -0.0033084729
v -0.00053329626 0.0051267277 -0.0005572607
v -0.00053066824 -0.0002381716 -0.0033231312
v -0.00051187555 6.3932974e-05 -0.0033339811
v -0.00045822878 -0.0020866231 -0.0033649541
v -0.00044637889 0.0050809365 -0.00040998851
v -0.00037991785 0.0049558352 -0.00030381387
v -0.00036182866 -0.003159323 -0.0034206107
v -0.00035171793 0.0047849459 -0.0002671871
v -0.00034824255 -0.0055316226 0.0017053441
v -0.00026840784 -0.0012230763 -0.00031528622
v -0.00023396985 0.0012248622 -0.000335169
v -0.00022545204 -0.00078032422 -0.0034993477
v -0.00021595292 -0.0051267277 -0.00074047898
v -0.00020116169 -0.0019979151 -0.0035133718
v -0.00015131819 -0.0051007108 -0.00062667113
v -0.00013284334 -0.0031914732 -0.0035528154
v -9.8136537e-05 -0.0050266213 -0.00052925851
v -6.4500317e-05 -0.0049157403 -0.00046307288
v -5.5530967e-05 -0.0047849454 -0.00043819073
v 5.2763768e-05 -0.0013451821 -0.0036599757
v 5.9874797e-05 -0.0020695105 -0.0036640815
v 8.5545791e-05 -0.0031057179 -0.0036789025
v 0.00010812812 0.0019984671 -0.0036919403
v 0.00022683044 -0.0011200253 -0.00060121214
v 0.00024984888 0.0026874291 -0.0037737628
v 0.00025493981 -0.0022822209 -0.0037767021
v 0.00026976038 -0.0028804769 -0.0037852589
v 0.00028372643 0.001319989 -0.0037933222
v 0.00030047653 0.0010782816 -0.00064373174
v 0.00033176169 -0.0025790571 -0.0038210554
v 0.00033575748 -0.0055316226 0.0028900667
v 0.00035139316 -0.0052404525 0.0032759469
v 0.00038936734 -0.0055094603 0.0030102397
v 0.00039783106 -0.0053518787 0.0032190757
v 0.00041116512 -0.0054463428 0.0031257719
v 0.00045526892 -0.00033328001 -0.0038923624
v 0.00049270375 0.0051267277 0.0012198235
v 0.00062499341 0.005531623 -0.0012259996
v 0.00062527531 -0.00076512375 -0.00083125441
v 0.00066713319 -0.0025239291 -0.00085542107
v 0.00067090959 0.0032022649 -0.0040168623
v 0.00069094182 -0.0027888638 -0.00086916698
v 0.00069984933 0.00064277649 -0.00087430974
v 0.00072958804 0.00083378836 -0.0040507405
v 0.00073131005 0.0054926146 -0.0010899275
v 0.00073348475 -0.00089813786 -0.0040529901
v 0.00074523012 -0.0022733032 -0.00090051035
v 0.00075884222 -0.0043675466 -0.0040676305
v 0.00079141342 0.0054463409 -0.0010428404
v 0.00081004709 -0.0051267277 0.0010366052
v 0.00081194309 -0.0030156323 -0.00093902712
v 0.00083733193 -0.0002381716 -0.00095368538
v 0.00085076544 0.0053860387 -0.0010143492
v 0.00085488101 0.0059384918 -0.0021485405
v 0.00085612462 6.3932974e-05 -0.00096453534
v 0.00090977136 -0.0020866231 -0.00099550828
v 0.00091429276 0.0060698213 -0.0024719343
v 0.00095135783 0.0052404525 -0.0010195182
v 0.00095831504 0.0058904211 -0.0018133502
v 0.00098299643 0.0059757847 -0.0021469456
v 0.0010061715 -0.003159323 -0.0010511649
v 0.0010310418 0.0060819844 -0.0024084612
v 0.0010666396 0.0059369113 -0.0018758915
v 0.0011052105 0.0059411135 -0.0018981604
v 0.0011152589 0.0059630689 -0.0021592486
v 0.0011206358 0.0062492215 -0.0026968815
v 0.0011293149 0.0058904211 -0.0015171698
v 0.0011516265 0.0058881924 -0.0014812745
v 0.0011536684 0.0060479683 -0.0023683072
v 0.0011668385 -0.0019979151 -0.0011439261
v 0.0011767038 0.0051267277 0.0024045461
v 0.0011800702 0.0019886885 -0.0011515655
v 0.0011821243 0.0059319939 -0.0019425666
v 0.0011979009 0.006227057 -0.0025903657
v 0.0012065793 0.0058682584 -0.0014106536
v 0.0012315363 0.0059022857 -0.0021835789
v 0.0012345666 0.0058520958 -0.001382097
v 0.0012351568 -0.0031914732 -0.0011833697
v 0.0012429468 0.0051007108 0.0025174255
v 0.0012543759 0.0059002019 -0.001984281
v 0.0012635054 0.0059729503 -0.0023575851
v 0.0012708305 0.0059345085 -0.0015407184
v 0.0012762104 0.0059411135 -0.0016019798
v 0.0012803482 0.0019924298 -0.0012395215
v 0.0012870558 0.0061639394 -0.0025137223
v 0.0012871885 0.0058764215 -0.0020032255
v 0.001295735 0.0058051394 -0.0013340106
v 0.0013007171 0.0050266227 0.0026121889
v 0.0013051281 0.0019984671 -0.0016186755
v 0.0013141237 0.0058026882 -0.0022162304
v 0.0013187804 0.0058311964 -0.0023007067
v 0.0013259664 0.0058876076 -0.0014276755
v 0.0013262443 0.00067014404 -0.00439522
v 0.0013393291 0.0019956026 -0.0013591796
v 0.0013406177 -0.0038741047 -0.0044035185
v 0.0013412153 0.0049157385 0.0026744124
v 0.0013438301 0.005868352 -0.0023779273
v 0.0013480306 0.0019977218 -0.0014923206
v 0.0013572188 0.0028498899 -0.0012538423
v 0.0013582819 0.0047849459 0.0026946196
v 0.0013658407 0.0057786526 -0.0020486354
v 0.0013745289 0.0060694772 -0.00247862
v 0.0013747405 0.0057962863 -0.0013422366
v 0.0013805288 0.0059228484 -0.0016622081
v 0.0013832075 0.0057106786 -0.0012989073
v 0.0013959393 0.0013331271 0.00069834013
v 0.0013995644 0.0011405889 -0.0012782904
v 0.0014020887 0.0059200358 -0.0015902219
v 0.001409642 0.0056746132 -0.0012975652
v 0.0014253758 0.0059002019 -0.0016881005
v 0.0014266046 0.0058765104 -0.0014656304
v 0.001427875 -0.0020695105 -0.0012946356
v 0.0014292586 0.005790276 -0.0013627979
v 0.0014439395 0.0027877181 -0.001333971
v 0.0014468489 0.0026874291 -0.001700498
v 0.001447 0.005958051 -0.0024904006
v 0.001453546 -0.0031057179 -0.0013094567
v 0.0014556786 0.0055992529 -0.001310688
v 0.0014779861 0.0057602045 -0.0013751579
v 0.0014807264 0.001319989 -0.0017200572
v 0.0014830469 0.0012092419 -0.0013565497
v 0.0014914279 0.0027350122 -0.0014469939
v 0.0014924468 0.0026997935 -0.0015756993
v 0.0014940471 -0.0051267277 0.002221328
v 0.0014944749 0.0058406596 -0.001727995
v 0.0014947989 0.0056287386 -0.0013386452
v 0.001498119 0.005631417 -0.0013415907
v 0.0015112711 0.0057120337 -0.0013768686
v 0.0015165546 0.0058210064 -0.0014884477
v 0.0015194023 0.0058476436 -0.0016199795
v 0.0015225203 0.0056553013 -0.001367591
v 0.0015269704 0.0013063333 -0.0015956316
v 0.0015277839 0.0012674436 -0.0014679842
v 0.0015368406 0.0057786526 -0.0017524548
v 0.00153766 0.002022089 0.00061651762
v 0.0015391151 0.0056678616 -0.0013888798
v 0.0015586818 -0.0051007108 0.0023351356
v 0.0015588484 0.0056889518 -0.0014231611
v 0.001558922 0.0057481201 -0.0014668922
v 0.0015715376 0.00065464893 0.00059695845
v 0.0015835949 0.005764409 -0.0016252426
v 0.0015885576 0.0057546175 -0.0015848597
v 0.0016118635 -0.0050266213 0.0024325484
v 0.0016229399 -0.0022822209 -0.0014072563
v 0.0016377605 -0.0028804769 -0.001415813
v 0.0016454996 -0.0049157403 0.0024987338
v 0.0016509934 0.005531623 0.00055108458
v 0.0016544689 -0.0047849454 0.002523616
v 0.0016997618 -0.0025790571 -0.0014516095
v 0.0018679097 0.0032022649 -0.0019435976
v 0.0018835455 0.003493435 -0.001557717
v 0.0019138259 0.00087290676 -0.0047344603
v 0.0019215223 0.0032244292 -0.0018234262
v 0.0019265881 0.00083378836 -0.0019774756
v 0.0019299833 0.003382009 -0.0016145885
v 0.00194332 0.0032875468 -0.001707894
v 0.0019558421 -0.0043675466 -0.0019943656
v 0.0019568908 0.00053283927 -0.0016000629
v 0.0019587209 0.0025369248 0.00037341809
v 0.0019714781 -0.0040763766 -0.0016084849
v 0.0019813159 0.00081088021 -0.001857948
v 0.0019977172 0.00064800848 -0.0016536947
v 0.0020062937 0.00074564188 -0.0017442519
v 0.0020094549 -0.0043453821 -0.0018741941
v 0.0020173984 0.00016844989 0.00033954057
v 0.0020179164 -0.0041878032 -0.0016653567
v 0.0020312527 -0.004282265 -0.0017586619
v 0.0021071127 0.0036661536 -0.0030350925
v 0.0021087425 0.0035883763 -0.0027797993
v 0.0021965876 0.0037825557 -0.0032579612
v 0.0022012312 0.0035610632 -0.0025309483
v 0.0022359057 0.0037685896 -0.0029698305
v 0.0022371276 0.003710256 -0.0027783602
v 0.0022509394 0.0013331271 0.0021792436
v 0.002250968 0.0040841787 -0.0028389057
v 0.0022517815 0.004045289 -0.0027112581
v 0.0022885618 0.0039215973 -0.0028980218
v 0.0022894861 0.0038774984 -0.002753274
v 0.002295706 0.0041423789 -0.0029503405
v 0.0022980256 0.0040316335 -0.0025868325
v 0.0023030136 0.0038558915 -0.0031369834
v 0.0023064972 0.0036897727 -0.0025917236
v 0.002322688 -0.0024690069 -0.004970517
v 0.002334031 0.0037732001 -0.0026076201
v 0.0023349933 0.005531623 0.0017358074
v 0.0023392932 0.0039875968 -0.0030243858
v 0.0023419252 0.0038620122 -0.002612178
v 0.0023635521 0.0039198631 -0.0034144795
v 0.0023722311 0.0035610632 -0.0022347677
v 0.0023791876 0.0042110337 -0.0030285993
v 0.0023878671 0.0038522335 -0.0018488872
v 0.0023926601 0.002022089 0.0020974211
v 0.002405745 0.0038162693 -0.001862233
v 0.0024111941 0.0035709848 -0.0021550534
v 0.0024122584 0.0055094585 0.001842323
v 0.002415187 0.0035982216 -0.0022595683
v 0.0024258438 0.0035832277 -0.0021145963
v 0.0024265377 0.00065464893 0.0020778619
v 0.0024282355 0.0039588716 -0.0032543705
v 0.0024339606 0.0040654475 -0.0031131299
v 0.0024343049 0.0037408073 -0.0019057587
v 0.0024389625 0.0040051453 -0.003178776
v 0.0024424058 0.0037078394 -0.0019323562
v 0.0024476417 0.0036463451 -0.0019990641
v 0.0024562229 0.0036379397 -0.0022623262
v 0.0024569007 0.0036518804 -0.0022836516
v 0.0024640367 0.0036638032 -0.0022877718
v 0.0024690256 0.0040316335 -0.0022906519
v 0.0024863991 0.0036522881 -0.0020792086
v 0.0024910369 0.0039419327 -0.0019613605
v 0.0024932732 0.0036616926 -0.0022103142
v 0.0025014135 0.0054463409 0.0019189665
v 0.0025043178 0.0036669443 -0.0021432885
v 0.0025050309 0.0037732001 -0.0023114397
v 0.0025070545 0.0038900268 -0.001968076
v 0.0025092857 0.0039065499 -0.0023138963
v 0.0025200814 0.0037643902 -0.0020135087
v 0.0025207426 0.0040075979 -0.0021230569
v 0.0025210399 0.0040062368 -0.0021181242
v 0.0025232444 0.00067014404 -0.0023219553
v 0.0025236029 0.0039126673 -0.0022837168
v 0.0025327716 0.0037817517 -0.002255524
v 0.0025501943 0.0039253114 -0.0021223503
v 0.0025531584 0.0037914449 -0.0021317969
v 0.0025888865 0.0053518787 0.0019540691
v 0.0025893266 0.00064412196 -0.0022089831
v 0.0026140546 4.8055645e-06 -4.9390896e-06
v 0.0026466409 0.00057001744 -0.0021139565
v 0.0026613576 0.0052404525 0.0019422884
v 0.002686457 0.00045910952 -0.0020513388
v 0.0027027153 0.00032828492 -0.0020306648
v 0.0028137208 0.0025369248 0.0018543216
v 0.0028723984 0.00016844989 0.001820444
v 0.0029818423 -0.0043675466 -0.00021728134
v 0.0031108258 0.00087290676 -0.0026611956
v 0.0031567393 -0.0014564531 -0.0054520569
v 0.0031880911 0.00085074239 -0.00255468
v 0.003201637 0.00020756671 -0.00034417992
v 0.0032772459 0.00078762486 -0.0024780366
v 0.0033407107 0.001279774 -0.0035837349
v 0.0033647164 0.00069316081 -0.002442932
v 0.0034001253 0.0014111052 -0.0039071306
v 0.0034310678 -0.0023044066 -0.0024511793
v 0.0034371903 0.00058173662 -0.0024547144
v 0.0034441468 0.0012317068 -0.0032485458
v 0.0034688262 0.0013170666 -0.0035821402
v 0.0034690546 4.8055645e-06 0.0014759643
v 0.0035168715 0.0014232664 -0.0038436558
v 0.0035174044 -0.0023673964 -0.0025310866
v 0.003519688 -0.0024690069 -0.0028972523
v 0.0035524692 0.0012781936 -0.003311086
v 0.0035645629 -0.0024207968 -0.0026439191
v 0.0035653643 -0.0024564776 -0.0027724986
v 0.0035910401 0.0012823958 -0.0033333548
v 0.0036010914 0.0013043531 -0.0035944446
v 0.0036064654 0.0015905034 -0.0041320757
v 0.0036151467 0.0012317068 -0.0029523654
v 0.0036374561 0.0012294746 -0.002916469
v 0.003639498 0.0013892506 -0.0038035016
v 0.0036658423 -0.0043675466 0.00096744148
v 0.0036679567 0.001273278 -0.0033777626
v 0.0036814779 -0.0040763766 0.0013533217
v 0.0036837333 0.0015683408 -0.0040255617
v 0.0036924118 0.0012095424 -0.0028458496
v 0.0037173659 0.0012435678 -0.0036187733
v 0.0037194549 -0.0043453821 0.0010876127
v 0.0037203962 0.0011933781 -0.0028172915
v 0.0037279162 -0.0041878032 0.00129645
v 0.0037402057 0.001241484 -0.0034194754
v 0.0037412527 -0.004282265 0.001203145
v 0.0037493352 0.0013142322 -0.0037927795
v 0.0037566603 0.0012757905 -0.0029759128
v 0.0037620401 0.0012823958 -0.0030371742
v 0.0037728883 0.0015052233 -0.0039489185
v 0.003773021 0.0012177053 -0.0034384215
v 0.0037815666 0.0011464249 -0.0027692062
v 0.0037999535 0.0011439703 -0.0036514248
v 0.0038046129 0.0011724803 -0.003735903
v 0.0038117962 0.0012288899 -0.00286287
v 0.0038296599 0.0012096341 -0.0038131217
v 0.0038516703 0.001119935 -0.0034838298
v 0.0038603586 0.0014107593 -0.0039138142
v 0.0038605703 0.0011375686 -0.0027774312
v 0.0038663584 0.0012641303 -0.0030974026
v 0.0038690371 0.0010519609 -0.0027341018
v 0.0038879183 0.001261318 -0.0030254163
v 0.0038954718 0.001015895 -0.0027327596
v 0.0039112056 0.001241484 -0.003123295
v 0.0039124372 0.0012177946 -0.0029008263
v 0.003915091 0.0011315597 -0.0027979941
v 0.0039328323 0.001299335 -0.0039255964
v 0.0039415113 0.00094053667 -0.002745884
v 0.0039638178 0.0011014902 -0.0028103534
v 0.0039775004 0.0009675264 -0.0027711578
v 0.0039803074 0.0011819436 -0.003163191
v 0.0039958423 0.00098257803 -0.0027882496
v 0.0039971038 0.0010533176 -0.0028120645
v 0.0040023844 0.0011622886 -0.0029236421
v 0.0040052319 0.0011889256 -0.0030551739
v 0.00400835 0.00099658349 -0.0028027855
v 0.0040163826 0.0010008947 -0.0028121341
v 0.0040226704 0.001119935 -0.0031876492
v 0.0040249908 0.0010091878 -0.0028241416
v 0.0040566372 0.00020756671 0.0011367236
v 0.0040638275 0.0010733664 -0.0029268006
v 0.0040689143 0.0011062792 -0.0030632236
v 0.0040697306 0.0010673915 -0.0029355776
v 0.0040732427 0.0010767189 -0.0029597785
v 0.0043537393 -0.0014564531 -0.003378792
v 0.0043693753 -0.0011652829 -0.0029929115
v 0.0044073518 -0.0014342887 -0.0032586206
v 0.0044158157 -0.001276707 -0.0030497846
v 0.0044291499 -0.0013711711 -0.0031430884
v 0.0045456882 -0.0024690069 -0.0011201681
v 0.0045929425 -0.00099256414 -0.0044702869
v 0.0045945724 -0.0010703416 -0.0042149937
v 0.0046824203 -0.0008761604 -0.0046931575
v 0.0046870601 -0.0010976531 -0.0039661424
v 0.0047217384 -0.00089012657 -0.0044050268
v 0.0047229603 -0.00094846007 -0.0042135562
v 0.0047367979 -0.00057453918 -0.0042741001
v 0.0047376142 -0.00061342696 -0.0041464544
v 0.0047743917 -0.00073712069 -0.0043332162
v 0.004775316 -0.00078121939 -0.0041884682
v 0.0047815354 -0.00051633903 -0.0043855351
v 0.0047838581 -0.00062708271 -0.0040220288
v 0.0047888462 -0.00080282456 -0.0045721792
v 0.0047923261 -0.00096894364 -0.0040269177
v 0.0048198607 -0.00088551786 -0.0040428145
v 0.0048251259 -0.00067111908 -0.0044595818
v 0.0048277574 -0.00079670391 -0.0040473738
v 0.0048493817 -0.00073885458 -0.0048496737
v 0.0048580603 -0.0010976531 -0.0036699618
v 0.0048650173 -0.0004476844 -0.0044637937
v 0.0048736967 -0.00080648443 -0.0032840816
v 0.0048915772 -0.00084244681 -0.0032974291
v 0.0048970268 -0.0010877311 -0.0035902495
v 0.0049010194 -0.0010604943 -0.0036947643
v 0.0049116737 -0.0010754903 -0.0035497907
v 0.0049140682 -0.00069984433 -0.0046895668
v 0.0049197902 -0.00059327029 -0.0045483243
v 0.0049201348 -0.00091791048 -0.0033409533
v 0.0049247923 -0.00065357261 -0.0046139704
v 0.0049282354 -0.00095087837 -0.0033675507
v 0.0049334704 -0.001012371 -0.0034342583
v 0.0049420553 -0.0010207763 -0.0036975222
v 0.0049427329 -0.0010068356 -0.0037188476
v 0.0049498663 -0.00099491456 -0.0037229662
v 0.0049548582 -0.00062708271 -0.0037258479
v 0.0049571786 -0.00073782983 -0.0033623404
v 0.0049722288 -0.0010064297 -0.003514403
v 0.0049749245 -0.00071903091 -0.0033926247
v 0.0049791029 -0.0009970254 -0.0036455086
v 0.0049901474 -0.00099177368 -0.0035784829
v 0.0049908604 -0.00088551786 -0.0037466341
v 0.0049928869 -0.00076868909 -0.0034032722
v 0.0049951184 -0.00075216603 -0.0037490923
v 0.0050011026 -0.00064074004 -0.0036014228
v 0.0050019161 -0.00067962962 -0.0034737755
v 0.0050059138 -0.00089432584 -0.0034487047
v 0.0050068623 -0.00065244071 -0.0035534659
v 0.0050094356 -0.00074604858 -0.0037189128
v 0.0050186012 -0.00087696605 -0.0036907184
v 0.0050360239 -0.00073340652 -0.0035575447
v 0.0050389883 -0.0008672729 -0.0035669913
v 0.0051410678 -0.0023044066 0.00051062723
v 0.0052274042 -0.0023673964 0.00043072022
v 0.0052296882 -0.0024690069 6.4554697e-05
v 0.0052745631 -0.0024207968 0.0003178879
v 0.005275364 -0.0024564776 0.00018930814
v 0.0053797392 -0.0014564531 -0.0016017079
v 0.0057141189 0.0067902538 -0.0069285608
v 0.0060637393 -0.0014564531 -0.00041698507
v 0.0060793753 -0.0011652829 -3.1104835e-05
v 0.0061173518 -0.0014342887 -0.00029681379
v 0.0061258157 -0.001276707 -8.797786e-05
v 0.0061391499 -0.0013711711 -0.00018128152
v 0.0062132962 0.0069862669 -0.0072167609
v 0.0062454464 0.0055867149 -0.0021015243
v 0.006398119 0.0067902538 -0.0057438379
v 0.006413755 0.0070814239 -0.0053579579
v 0.006451732 0.0068124183 -0.0056236666
v 0.0064601926 0.0069699981 -0.0054148291
v 0.0064735268 0.0068755341 -0.0055081327
v 0.0067366897 0.0069127795 -0.007518942
v 0.0067446264 0.0057827304 -0.0023897258
v 0.0068972963 0.0069862669 -0.006032038
v 0.0069570327 0.004460894 -0.0076461574
v 0.0069604064 0.0070121614 -0.0059173498
v 0.007009258 0.0070859017 -0.0058174375
v 0.007036407 0.0071962615 -0.0057475069
v 0.0070377253 0.0073264418 -0.0057182075
v 0.0071004466 0.0055867149 -0.00062062079
v 0.0071806405 0.0065843449 -0.0077752573
v 0.0072680209 0.0057092411 -0.0026919076
v 0.0073331217 0.0048875874 -0.0078632925
v 0.0074206898 0.0069127795 -0.0063342191
v 0.0074572172 0.0060660155 -0.0079349391
v 0.007488363 0.003257357 -0.0028191223
v 0.0074937637 0.0069372761 -0.0062252837
v 0.0075116367 0.0054604481 -0.0079663582
v 0.0075308955 0.011025868 -0.0079774773
v 0.0075709769 0.0070070331 -0.006141746
v 0.0075996262 0.0057827304 -0.00090882229
v 0.0076405774 0.007111432 -0.0060963249
v 0.0076410328 0.004460894 -0.0064614345
v 0.0076919715 0.0072345817 -0.0060959365
v 0.0077119712 0.0053808079 -0.0029482224
v 0.0077182977 0.0044387295 -0.0063549187
v 0.0078074555 0.0043756138 -0.0062782769
v 0.0078644529 0.0036840492 -0.0030362578
v 0.007864641 0.0065843449 -0.0065905345
v 0.0078949258 0.0042811497 -0.006243173
v 0.0079461634 0.0066025914 -0.0064864769
v 0.0079673966 0.004169724 -0.0062549533
v 0.0079885451 0.0048624752 -0.0031079028
v 0.0080171218 0.0048875874 -0.0066785696
v 0.0080429669 0.0042569111 -0.0031393229
v 0.0080474354 0.0066545489 -0.0064168293
v 0.0081015443 0.0048735435 -0.006576186
v 0.0081230206 0.0057092411 -0.0012110042
v 0.0081412178 0.0060660155 -0.0067502162
v 0.0081530437 0.006732312 -0.0063921972
v 0.0081956368 0.0054604481 -0.0067816349
v 0.0082110828 0.0048335516 -0.006511311
v 0.0082280003 0.0060743964 -0.0066491952
v 0.008246908 0.0068240389 -0.0064163292
v 0.0082537271 0.010264568 -0.0064202663
v 0.0082834559 0.0054573063 -0.0066812127
v 0.0083290581 0.0047736964 -0.0064938194
v 0.0083433632 0.003257357 -0.0013382188
v 0.0083442619 0.0060982639 -0.006588202
v 0.008367327 0.010881513 -0.0064858533
v 0.008402667 0.0054483586 -0.0066219224
v 0.0084046638 0.0079881633 -0.0065074093
v 0.0084375106 0.0047030919 -0.0065263738
v 0.0084723029 0.0061339866 -0.0065765213
v 0.0085119465 0.0090340534 -0.0085438872
v 0.0085351216 0.0054349648 -0.0066127898
v 0.0085669709 0.0053808079 -0.001467319
v 0.0085926251 0.0061761248 -0.0066159293
v 0.0086606527 0.0054191682 -0.006655205
v 0.0087194527 0.0036840492 -0.0015553545
v 0.0087901624 0.0084691951 -0.0087045152
v 0.0088435458 0.0048624752 -0.0016269994
v 0.0088835862 0.0082795192 -0.0087584537
v 0.0088979667 0.0042569111 -0.0016584195
v 0.0089731058 0.012391157 -0.0068355994
v 0.0093960231 0.0060128169 -0.0070797713
v 0.0094507271 0.010264568 -0.0043470017
v 0.0095384642 0.010260727 -0.0042465315
v 0.0096016638 0.0079881633 -0.0044341446
v 0.0096574426 0.010249796 -0.0041871066
v 0.0096886363 0.0079958793 -0.0043332339
v 0.0097895497 0.010233439 -0.0041777734
v 0.0098054344 0.0080178445 -0.0042725494
v 0.0099146711 0.010214141 -0.004219952
v 0.009928504 0.013002207 -0.0093617374
v 0.0099342763 0.0080507202 -0.0042613316
v 0.010029001 0.0059539974 -0.0094197588
v 0.010055545 0.0080894977 -0.0043012854
v 0.010170106 0.012391157 -0.0047623347
v 0.01025419 0.012376525 -0.0046597566
v 0.010307217 0.0053891395 -0.0095803868
v 0.010333151 0.011708539 -0.0044615609
v 0.010362774 0.012334862 -0.0045943297
v 0.010420314 0.013946733 -0.0076711457
v 0.010479323 0.012272509 -0.0045760139
v 0.01058609 0.012198958 -0.004607596
v 0.010593023 0.0060128169 -0.0050065061
v 0.010612504 0.013002207 -0.0081770141
v 0.010674963 0.0060305558 -0.0049026897
v 0.010689769 0.012980042 -0.0080704987
v 0.010777436 0.0060810689 -0.0048337351
v 0.010778924 0.012916924 -0.0079938546
v 0.010866397 0.012822462 -0.007958753
v 0.010884834 0.0061566671 -0.0048101367
v 0.010910833 0.0096320128 -0.0099288849
v 0.010938868 0.012711036 -0.0079705333
v 0.010951649 0.0091778394 -0.0099524502
v 0.010980814 0.0062458403 -0.0048354897
v 0.01103145 0.0047297659 -0.0080239857
v 0.011044717 0.010061657 -0.010006183
v 0.01115908 0.0087890895 -0.010072211
v 0.011326787 0.01038168 -0.010169037
v 0.011492042 0.0085427631 -0.010264446
v 0.011617314 0.013946733 -0.005597881
v 0.011691247 0.013610491 -0.010379457
v 0.011694062 0.01392421 -0.0054910663
v 0.011759507 0.0094880555 -0.0084443288
v 0.011765833 0.0096320128 -0.0084479814
v 0.01176747 0.010533748 -0.010423465
v 0.011781727 0.013860064 -0.005413563
v 0.011785344 0.0044757775 -0.0084592467
v 0.011806649 0.0091778394 -0.0084715467
v 0.011866975 0.013764068 -0.0053771758
v 0.011867897 0.0099996068 -0.0085069081
v 0.011884591 0.0084876483 -0.010491084
v 0.011885177 0.0089818053 -0.0085168853
v 0.01193682 0.013650829 -0.0053874403
v 0.01201408 0.0087890895 -0.0085913073
v 0.012110034 0.013590247 -0.009041613
v 0.012151504 0.013002207 -0.0055113882
v 0.012177804 0.013564357 -0.0089296158
v 0.012181788 0.01038168 -0.0086881332
v 0.012202368 0.010395884 -0.008700015
v 0.012211797 0.0086142337 -0.0087054586
v 0.012214961 0.010411016 -0.010681824
v 0.01222845 0.0047297659 -0.0059507205
v 0.012239908 0.013490616 -0.0088373544
v 0.012258972 0.0086346604 -0.010707233
v 0.012286891 0.013380256 -0.0087788757
v 0.012302094 0.0047540176 -0.0058421139
v 0.012311607 0.013250076 -0.0087630842
v 0.012347042 0.0085427631 -0.0087835426
v 0.012375247 0.013610491 -0.0091947345
v 0.01238093 0.0048230723 -0.0057595125
v 0.012452957 0.0049264189 -0.0057154926
v 0.012507214 0.0050483285 -0.0057167574
v 0.012549357 0.010046366 -0.010874888
v 0.012574767 0.0090207867 -0.010889558
v 0.012642448 0.010534151 -0.0089540957
v 0.012653309 0.008482188 -0.0089603662
v 0.01268106 0.0095375087 -0.010950926
v 0.012835504 0.013002207 -0.0043266653
v 0.012912769 0.012980042 -0.0042201495
v 0.012987033 0.0043931394 -0.009153042
v 0.013001924 0.012916924 -0.0041435063
v 0.013083964 0.010402105 -0.0092090042
v 0.013089397 0.012822462 -0.0041084033
v 0.013093391 0.0086204568 -0.0092144478
v 0.013113972 0.0086346604 -0.0092263296
v 0.013127506 0.0094880555 -0.006074883
v 0.013133833 0.0096320128 -0.0060785362
v 0.013161868 0.012711036 -0.0041201841
v 0.013174649 0.0091778394 -0.0061021014
v 0.013235897 0.0099996068 -0.0061374623
v 0.013253178 0.0089818053 -0.0061474396
v 0.013267717 0.010061657 -0.0061558341
v 0.01338208 0.0087890895 -0.0062218616
v 0.013410579 0.010034532 -0.0093975766
v 0.013427861 0.0090167299 -0.0094075538
v 0.013481218 0.01311956 -0.011412897
v 0.013536248 0.0095282793 -0.0094701312
v 0.013549787 0.01038168 -0.0063186875
v 0.013570367 0.010395884 -0.0063305693
v 0.013579797 0.0086142337 -0.0063360133
v 0.013649034 0.013590247 -0.0063759871
v 0.01365725 0.0060141301 -0.01151453
v 0.013680222 0.013369785 -0.0099481624
v 0.013715042 0.0085427631 -0.0064140973
v 0.013738031 0.013345292 -0.0098304134
v 0.013750943 0.013047983 -0.0095940856
v 0.013771771 0.013275535 -0.0097217755
v 0.013776306 0.013171135 -0.0096387891
v 0.013988834 0.0096320128 -0.0045976327
v 0.01399047 0.010533748 -0.0065731159
v 0.014021308 0.008482188 -0.00659092
v 0.014027691 0.012699354 -0.011728404
v 0.014029649 0.0091778394 -0.0046211979
v 0.014061896 0.0047204634 -0.0066143535
v 0.014107591 0.0084876483 -0.0066407351
v 0.014122717 0.010061657 -0.0046749306
v 0.014165218 0.01311956 -0.010228175
v 0.014184033 0.0043931394 -0.0070797773
v 0.0142262 0.016350888 -0.0093764383
v 0.014237081 0.0087890895 -0.0047409581
v 0.014247752 0.0044190967 -0.0069654402
v 0.014248808 0.016367726 -0.009389732
v 0.014258003 0.01641316 -0.0095362701
v 0.014281698 0.016399452 -0.0094097489
v 0.014298326 0.0044930167 -0.0068665217
v 0.01429947 0.016476654 -0.0096835801
v 0.014309323 0.016435567 -0.0094274636
v 0.014313065 0.016538564 -0.0095808152
v 0.01431353 0.016516384 -0.0097029535
v 0.014321879 0.016593356 -0.0095902104
v 0.014322042 0.016456664 -0.0094360523
v 0.014324399 0.016580407 -0.0097132521
v 0.01432806 0.0046036448 -0.0067980834
v 0.014328545 0.016605981 -0.0095642172
v 0.014331344 0.016650977 -0.0096782427
v 0.014332422 0.0047341399 -0.0067705419
v 0.014336321 0.01652001 -0.0097693903
v 0.01434125 0.0060141301 -0.010329806
v 0.014356771 0.016549414 -0.0094630159
v 0.014356886 0.0063053006 -0.0099439267
v 0.014362467 0.016546387 -0.0098151295
v 0.01436436 0.01660154 -0.0094721774
v 0.014368406 0.016564855 -0.009823503
v 0.014379405 0.016562106 -0.009840047
v 0.014380442 0.016702335 -0.0097781708
v 0.014387894 0.016569575 -0.0098511158
v 0.014393874 0.016742509 -0.0095296055
v 0.014394865 0.0060362965 -0.010209637
v 0.014395787 0.016773263 -0.0096075386
v 0.014403325 0.006193873 -0.010000799
v 0.014403916 0.01673216 -0.0094950153
v 0.014404788 0.01038168 -0.004837784
v 0.014414555 0.016751189 -0.0095011583
v 0.014416663 0.0060994141 -0.010094104
v 0.014429346 0.016808365 -0.0096758381
v 0.014437564 0.016737184 -0.0098303044
v 0.014437961 0.010411016 -0.0068314751
v 0.014440583 0.016704546 -0.0098599866
v 0.014440926 0.016785745 -0.0097725373
v 0.014453098 0.012229769 -0.011974012
v 0.014456547 0.016825818 -0.0097025717
v 0.014460213 0.016623648 -0.0099124722
v 0.014461392 0.0086204568 -0.0068450025
v 0.014468255 0.016839636 -0.009667499
v 0.014481972 0.0086346604 -0.0068568843
v 0.014518343 0.01685792 -0.0095610796
v 0.014570042 0.0085427631 -0.0049331938
v 0.014580835 0.012053603 -0.012047761
v 0.014598247 0.013610491 -0.0053443853
v 0.01461087 0.016350888 -0.0087101711
v 0.01466433 0.013584468 -0.0052314135
v 0.014704098 0.016457543 -0.0087754736
v 0.014717782 0.016394753 -0.0086763855
v 0.014721641 0.013510361 -0.0051363851
v 0.01472834 0.016522404 -0.0088009108
v 0.01473662 0.016402695 -0.0086711682
v 0.014736908 0.016570484 -0.0088156695
v 0.0147388 0.01660154 -0.0088236276
v 0.014744084 0.016634697 -0.0088266786
v 0.014761457 0.013399453 -0.0050737676
v 0.014772357 0.010046366 -0.0070245387
v 0.014773212 0.016452922 -0.0086913472
v 0.014777714 0.01326863 -0.0050530937
v 0.014788996 0.016751189 -0.0088526085
v 0.014797767 0.0090207867 -0.0070392089
v 0.014800707 0.01652929 -0.0087186145
v 0.014807009 0.016778199 -0.0088630086
v 0.014818802 0.01166096 -0.012185152
v 0.014820778 0.016757343 -0.0088148862
v 0.014833354 0.016444989 -0.008649582
v 0.014834578 0.016611006 -0.008719583
v 0.014836994 0.016683532 -0.0087429248
v 0.014845471 0.010533748 -0.0050922125
v 0.014874323 0.016463799 -0.0086435378
v 0.01487544 0.0050696041 -0.010243313
v 0.014892783 0.01685792 -0.0089125298
v 0.01490406 0.0095375087 -0.007100577
v 0.014908057 0.016612222 -0.0086795073
v 0.014920435 0.0075586392 -0.01224383
v 0.014935941 0.01649333 -0.0086387349
v 0.014939969 0.016848419 -0.0088412482
v 0.014952336 0.016829247 -0.008803254
v 0.01496259 0.0084876483 -0.0051598316
v 0.014966002 0.01683663 -0.008808882
v 0.014971807 0.012144789 -0.010298952
v 0.014975508 0.016723748 -0.0087003987
v 0.014980109 0.016610477 -0.0086595481
v 0.014985637 0.016610246 -0.0086586904
v 0.015012074 0.012384483 -0.010717107
v 0.015037865 0.016546095 -0.0086442996
v 0.015039639 0.012236514 -0.010368175
v 0.015041862 0.016781876 -0.0087363422
v 0.015061432 0.012366238 -0.01059448
v 0.015071114 0.01231428 -0.010471952
v 0.015090143 0.016732397 -0.0087057753
v 0.015096649 0.016579295 -0.0086570652
v 0.015123204 0.016691418 -0.0086923977
v 0.015128826 0.016683802 -0.0086908108
v 0.015129955 0.016599227 -0.0086681638
v 0.015168287 0.016623819 -0.0086866459
v 0.015219222 0.013369785 -0.007282536
v 0.015292961 0.010411016 -0.0053505716
v 0.015336973 0.0086346604 -0.0053759809
v 0.015345595 0.0096255234 -0.012489296
v 0.015391133 0.0074787075 -0.010541049
v 0.015469521 0.0072942115 -0.010981214
v 0.015473552 0.007408103 -0.010618694
v 0.015502802 0.01166096 -0.011000429
v 0.015515974 0.007308254 -0.01085691
v 0.015517391 0.0073482478 -0.01072961
v 0.015545527 0.017376287 -0.010630189
v 0.015588198 0.017376283 -0.010556286
v 0.015604435 0.0075586392 -0.011059107
v 0.015627358 0.010046366 -0.0055436352
v 0.015652766 0.0090207867 -0.0055583054
v 0.015732389 0.010719378 -0.010738073
v 0.01575906 0.0095375087 -0.0056196735
v 0.015826683 0.010761518 -0.010822576
v 0.015841803 0.010829492 -0.01119615
v 0.015880249 0.0060141301 -0.0076641804
v 0.015880583 0.010797239 -0.010939299
v 0.015882045 0.0090540741 -0.010824477
v 0.015885895 0.010821108 -0.011070482
v 0.015903221 0.013369785 -0.0060978131
v 0.01598154 0.0090382751 -0.010911982
v 0.016005062 0.0090127941 -0.011290409
v 0.016029594 0.0096255234 -0.011304573
v 0.016039861 0.0090248836 -0.011031259
v 0.016048117 0.0090159336 -0.011164142
v 0.016072439 0.0050696041 -0.0081700487
v 0.016094934 0.0053655072 -0.0077881282
v 0.016126577 0.0050921296 -0.00805018
v 0.016138753 0.005252271 -0.007843487
v 0.016149858 0.0051562712 -0.0079355044
v 0.016249653 0.017995499 -0.010562981
v 0.016286626 0.017376285 -0.009346569
v 0.016388219 0.01311956 -0.006377826
v 0.016418524 0.012818611 -0.0060004154
v 0.016442947 0.01309665 -0.0062582986
v 0.016459348 0.012933779 -0.0060540456
v 0.016467927 0.013031416 -0.0061446037
v 0.016551074 0.012384483 -0.0080514811
v 0.01656425 0.0060141301 -0.0064794575
v 0.016579885 0.0063053006 -0.0060935775
v 0.016584378 0.017930752 -0.011152158
v 0.016617866 0.0060362965 -0.006359288
v 0.016626325 0.006193873 -0.0061504492
v 0.016639663 0.0060994141 -0.0062437556
v 0.016742527 0.017376287 -0.0085569238
v 0.016819274 0.017353766 -0.0084501095
v 0.016906938 0.01728962 -0.0083726048
v 0.016992187 0.017193625 -0.0083362181
v 0.017002199 0.017792145 -0.0097515974
v 0.017008521 0.0072942115 -0.0083155883
v 0.017062033 0.017080383 -0.0083464831
v 0.017122025 0.017850647 -0.0098191956
v 0.017235074 0.012384483 -0.0068667582
v 0.017380802 0.010829492 -0.0085305246
v 0.017544061 0.0090127941 -0.0086247819
v 0.017644644 0.011481561 -0.0067083156
v 0.017725803 0.01166096 -0.0071500801
v 0.017728122 0.011550214 -0.0067865723
v 0.017737808 0.0077211019 -0.0067621041
v 0.017772047 0.011647304 -0.0070256544
v 0.017772863 0.011608416 -0.0068980088
v 0.017824529 0.00765893 -0.0068422328
v 0.017827434 0.0075586392 -0.007208758
v 0.017872017 0.0076062242 -0.0069552553
v 0.017873036 0.0075710057 -0.0070839608
v 0.018064803 0.010829492 -0.0073458017
v 0.018127536 0.0096157445 -0.006987114
v 0.01817278 0.018402036 -0.012147035
v 0.018227814 0.0096194856 -0.0070750699
v 0.018228061 0.0090127941 -0.0074400594
v 0.018252594 0.0096255234 -0.0074542239
v 0.018286794 0.0096226586 -0.0071947281
v 0.018295493 0.0096247774 -0.0073278667
v 0.018589782 0.01844489 -0.01227414
v 0.018748861 0.0075382614 -0.012054247
v 0.018762067 0.0075648259 -0.012123057
v 0.018781444 0.0076018036 -0.012217109
v 0.018788086 0.0075602918 -0.01207725
v 0.018803179 0.0076374621 -0.012302529
v 0.018821504 0.0076631904 -0.012359585
v 0.018829346 0.0076086828 -0.012252418
v 0.01885782 0.0077061444 -0.01244493
v 0.018883552 0.00773224 -0.012490417
v 0.018895527 0.0075843385 -0.012144426
v 0.018899364 0.0077342996 -0.012506509
v 0.018900247 0.0077478145 -0.012515252
v 0.018907577 0.0076457029 -0.012427242
v 0.018934505 0.0076061087 -0.012390137
v 0.018942153 0.0075836405 -0.012326452
v 0.018972583 0.0076718773 -0.012515306
v 0.018981777 0.0078100269 -0.012588749
v 0.019001208 0.0075595877 -0.012215698
v 0.019012883 0.0075639179 -0.01237581
v 0.019022828 0.0077541298 -0.01258613
v 0.019050287 0.0077218241 -0.012578128
v 0.019081499 0.0076132477 -0.012495397
v 0.019086756 0.0075395219 -0.012330242
v 0.019110117 0.0076629552 -0.012546453
v 0.019136662 0.0075360173 -0.012293902
v 0.019184154 0.0075793494 -0.012432077
v 0.019195408 0.0076048784 -0.012469411
v 0.019249115 0.0075737485 -0.012358828
v 0.019266814 0.0075853462 -0.012369046
v 0.019369781 0.018402036 -0.01007377
v 0.019438073 0.018376213 -0.0099620735
v 0.019441828 0.018453745 -0.011067824
v 0.019498834 0.0081547722 -0.012882975
v 0.019501675 0.018302673 -0.0098706773
v 0.019550903 0.018192612 -0.0098134931
v 0.019553712 0.0075382614 -0.010660202
v 0.01957747 0.0075525767 -0.010674083
v 0.019578263 0.018062787 -0.009799229
v 0.019617755 0.0075701508 -0.010697165
v 0.019659502 0.0075807301 -0.010720564
v 0.019681677 0.0075834831 -0.0107328
v 0.019706607 0.0076003131 -0.010609536
v 0.019772168 0.0075752661 -0.01078142
v 0.019816104 0.0075595877 -0.010804256
v 0.019836804 0.0075985077 -0.010675498
v 0.019856581 0.0076651038 -0.010573377
v 0.019859953 0.0082731871 -0.013043825
v 0.019883242 0.0075821779 -0.010700075
v 0.019900933 0.0076626791 -0.01059043
v 0.019911932 0.0076024751 -0.01066451
v 0.019918088 0.008213128 -0.013011172
v 0.019919319 0.007541352 -0.010802033
v 0.019949824 0.0077091972 -0.010564055
v 0.019951558 0.0075360173 -0.010882461
v 0.019955194 0.0076435455 -0.010619697
v 0.019994486 0.0076920642 -0.010588436
v 0.020000651 0.0084991585 -0.013202356
v 0.020002903 0.0077361097 -0.010565002
v 0.020004822 0.0075469068 -0.010913212
v 0.020009419 0.0076238005 -0.010653403
v 0.02001304 0.0084991585 -0.0131809
v 0.020020599 0.0075585512 -0.010785282
v 0.02002139 0.0077323425 -0.010572959
v 0.020022372 0.0082485257 -0.013042089
v 0.020033201 0.0077521782 -0.010567978
v 0.020053711 0.0075678215 -0.010941438
v 0.020081712 0.0075853462 -0.010957604
v 0.02011382 0.0075959503 -0.010812563
v 0.020127388 0.0077941353 -0.010603799
v 0.02013001 0.0078103961 -0.010601229
v 0.020133395 0.0076053413 -0.010844864
v 0.020134605 0.007798186 -0.010608203
v 0.020140499 0.0076763858 -0.010691764
v 0.020156186 0.0077134776 -0.010674328
v 0.020157278 0.0076630414 -0.010733819
v 0.02015825 0.0076867389 -0.010703326
v 0.020388272 0.0087712966 -0.013404885
v 0.020630114 0.0081468327 -0.010896143
v 0.02074958 0.0090713836 -0.0136185
v 0.020760223 0.021708166 -0.013220391
v 0.020938905 0.018170793 -0.013744057
v 0.02101545 0.018170793 -0.013611478
v 0.021086661 0.021712454 -0.013809801
v 0.021105126 0.009404527 -0.01381804
v 0.021156063 0.0084991585 -0.011201125
v 0.021197652 0.0084991585 -0.011129091
v 0.021220151 0.0087950658 -0.010747174
v 0.02126326 0.0085388068 -0.010969517
v 0.02127149 0.0086471103 -0.010829722
v 0.02127507 0.0085858274 -0.010894547
v 0.021374017 0.018031996 -0.013807689
v 0.021649322 0.010008277 -0.014117752
v 0.021650031 0.0088597108 -0.01147874
v 0.021802111 0.018170794 -0.01224894
v 0.021874836 0.0090477439 -0.011607337
v 0.021920126 0.022871047 -0.014182402
v 0.021935755 0.022799803 -0.014278936
v 0.021938838 0.022919979 -0.014067935
v 0.021986181 0.022936419 -0.013961852
v 0.022024041 0.022658102 -0.014377064
v 0.02207767 0.010621293 -0.014401523
v 0.022135906 0.018170793 -0.011670792
v 0.022195302 0.018145714 -0.011553961
v 0.022210767 0.018126652 -0.011516561
v 0.022227496 0.017841315 -0.011328765
v 0.022233566 0.018074293 -0.011447935
v 0.022244291 0.018006053 -0.011391369
v 0.022244873 0.017967403 -0.011368858
v 0.022360992 0.01103325 -0.014494123
v 0.022394788 0.017193947 -0.014584611
v 0.022410279 0.023041962 -0.013463016
v 0.022489578 0.023026938 -0.01336384
v 0.022494661 0.017193958 -0.014411613
v 0.022577405 0.022983471 -0.013298755
v 0.022677237 0.022909693 -0.013265422
v 0.022683056 0.016964283 -0.014512182
v 0.022759717 0.022827515 -0.013273297
v 0.023166073 0.017606325 -0.01226556
v 0.023166263 0.017326931 -0.011870763
v 0.023209391 0.010827517 -0.011895662
v 0.023228694 0.017568897 -0.01210426
v 0.023228759 0.017466629 -0.011959752
v 0.02326097 0.015486364 -0.015084702
v 0.023269996 0.017267384 -0.012916774
v 0.023274664 0.010621289 -0.012328255
v 0.023279237 0.013507534 -0.015095248
v 0.023304619 0.010724404 -0.012003549
v 0.023328511 0.010648918 -0.012161889
v 0.02335795 0.013507534 -0.014958911
v 0.023369543 0.015486375 -0.014896633
v 0.023407411 0.015305697 -0.014921807
v 0.023470405 0.011030977 -0.012569544
v 0.023550119 0.010049391 -0.014855862
v 0.023726491 0.0097496584 -0.013073722
v 0.023926936 0.016390083 -0.01317181
v 0.024043936 0.016218483 -0.012377487
v 0.024129197 0.016389962 -0.01282162
v 0.024149161 0.016304225 -0.012491145
v 0.024180368 0.01636699 -0.012653709
v 0.024228716 0.01571496 -0.013266295
v 0.024360184 0.013591793 -0.012560072
v 0.024382768 0.013507533 -0.013183878
v 0.024433626 0.014820961 -0.013299083
v 0.024437733 0.013864459 -0.013234706
v 0.024440436 0.014788058 -0.012606406
v 0.024476236 0.013507534 -0.013021983
v 0.024480801 0.013549664 -0.012682619
v 0.024523279 0.013518821 -0.012851689
v 0.024564302 0.014820269 -0.013072828
v 0.024564961 0.014804166 -0.012731208
v 0.0246103 0.014815956 -0.01290193
v 0.024782484 0.026165072 -0.01570989
v 0.025183737 0.026337113 -0.016357152
v 0.025619222 0.010876212 -0.016071003
v 0.025892919 0.011390325 -0.016628921
v 0.025914729 0.011313878 -0.016633412
v 0.025956733 0.01107689 -0.016483689
v 0.025966007 0.011201312 -0.016607355
v 0.026010511 0.011136563 -0.016566791
v 0.026211195 0.011101281 -0.014108008
v 0.026458649 0.010934402 -0.014377603
v 0.026465705 0.011100494 -0.014264313
v 0.026469257 0.0109907 -0.014324866
v 0.026544571 0.010943484 -0.014461844
v 0.02671144 0.011224408 -0.016711678
v 0.027734978 0.011278242 -0.015374673
v 0.028025879 0.030902756 -0.01817942
v 0.028052775 0.030975262 -0.018083137
v 0.028055087 0.030840548 -0.018283231
v 0.028125694 0.031033851 -0.017978426
v 0.028173845 0.030722786 -0.01839124
v 0.028349217 0.031011155 -0.01755798
v 0.028425967 0.031006202 -0.017468393
v 0.028526364 0.030976143 -0.01740407
v 0.02863756 0.030922839 -0.017377255
v 0.028732987 0.030860832 -0.017390486
v 0.028857129 0.031897224 -0.018887693
v 0.029819692 0.011878856 -0.018523276
v 0.029906122 0.033900343 -0.018805668
v 0.030548858 0.012187361 -0.016595664
v 0.030970778 0.036619321 -0.020162098
v 0.031434968 0.037264992 -0.020912783
v 0.03154546 0.01237972 -0.019960124
v 0.031549059 0.012298895 -0.019956362
v 0.031574961 0.01217908 -0.019917535
v 0.031605925 0.012109812 -0.019869238
v 0.031666145 0.012040194 -0.019773446
v 0.031729303 0.01201871 -0.019672098
v 0.031847291 0.011990487 -0.017749155
v 0.032148276 0.012043081 -0.017739529
v 0.032222755 0.040057018 -0.021520333
v 0.032251813 0.012090941 -0.017726414
v 0.032260116 0.040156435 -0.021576341
v 0.032276042 0.012146853 -0.017681621
v 0.032298472 0.040110938 -0.021685258
v 0.032303136 0.012341335 -0.017621996
v 0.032356214 0.040137831 -0.021200888
v 0.032435231 0.040030595 -0.021804474
v 0.032440148 0.040145025 -0.021110464
v 0.032539256 0.040135112 -0.021055639
v 0.032658424 0.040107511 -0.021033974
v 0.032763459 0.040070273 -0.021051323
v 0.032805167 0.040619884 -0.021214318
v 0.032875713 0.040876772 -0.021303929
v 0.032884404 0.040908922 -0.021315107
v 0.032893058 0.040941071 -0.021326276
v 0.032910276 0.041005392 -0.021348596
v 0.032927092 0.042319857 -0.021957265
v 0.03293597 0.042353943 -0.021966714
v 0.032944363 0.041134123 -0.021393171
v 0.03296797 0.042487223 -0.022008287
v 0.033199713 0.04216785 -0.021746412
v 0.033201065 0.042718049 -0.02257696
v 0.033317778 0.011959677 -0.02068013
v 0.033543266 0.045290578 -0.022840535
v 0.03361547 0.044254024 -0.022435065
v 0.033712361 0.046348523 -0.02314263
v 0.033820026 0.047113609 -0.023367323
v 0.034012303 0.048479892 -0.023768576
v 0.034024756 0.048568368 -0.023794562
v 0.034146275 0.048197851 -0.023882369
v 0.034187041 0.04972155 -0.024133231
v 0.034239966 0.049844105 -0.024190221
v 0.034274012 0.049880568 -0.02421454
v 0.034347326 0.012279027 -0.018879639
v 0.034600433 0.011914581 -0.019453365
v 0.03512042 0.011839396 -0.019802786
v 0.036439922 0.011618529 -0.020534253
v 0.036481634 0.011383939 -0.023114203
v 0.036486182 0.011498452 -0.023171112
v 0.036495313 0.011317365 -0.023055958
v 0.036503419 0.011575455 -0.023187554
v 0.036506183 0.011262825 -0.022937011
v 0.03652868 0.0112524 -0.022803124
v 0.036542531 0.011620153 -0.020566765
v 0.036582164 0.011666439 -0.020532057
v 0.036661688 0.011833619 -0.020490164
v 0.037529211 0.011539207 -0.021186644
v 0.037922375 0.010988487 -0.022009673
v 0.03800885 0.011002742 -0.021919038
v 0.03808726 0.011051623 -0.021855289
v 0.038126025 0.011088567 -0.021830343
v 0.038164463 0.01113688 -0.021811614
v 0.038183227 0.011167172 -0.021805923
v 0.038222704 0.011241357 -0.021799237
v 0.038316023 0.01078706 -0.022411993
v 0.038469959 0.011098976 -0.022042122
v 0.03853374 0.010453664 -0.024289006
v 0.038535487 0.010401654 -0.024224358
v 0.038550485 0.010547452 -0.024359701
v 0.038557194 0.010353114 -0.02411774
v 0.038571838 0.010613474 -0.024387417
v 0.038717344 0.010528799 -0.022967683
v 0.038732801 0.010272037 -0.024065487
v 0.03882131 0.010513115 -0.022938412
v 0.038905304 0.010561023 -0.022854347
v 0.038932871 0.010528126 -0.022919927
v 0.039009541 0.010286946 -0.023523597
v 0.039054066 0.010131829 -0.024366016
v 0.039054796 0.010103995 -0.024262358
v 0.039062243 0.010167668 -0.024431102
v 0.039085455 0.01023871 -0.024507472
v 0.03910609 0.010292477 -0.024542281
v 0.039115671 0.010259565 -0.023521725
v 0.039119288 0.010167906 -0.023824502
v 0.039146163 0.01013096 -0.023926556
v 0.039162334 0.010064349 -0.024162149
v 0.039165258 0.01006748 -0.024144828
v 0.039166648 0.010151149 -0.02383019
v 0.03916759 0.010052802 -0.02425614
v 0.039167661 0.010072789 -0.024119835
v 0.039167814 0.010084619 -0.024073027
v 0.039167844 0.010060617 -0.024171166
v 0.039174013 0.010057574 -0.024174502
v 0.03918111 0.010047097 -0.024228329
v 0.039183933 0.010066195 -0.024351764
v 0.03919477 0.01004858 -0.024182394
v 0.03919597 0.01004894 -0.024179086
v 0.039200164 0.010051024 -0.024164321
v 0.039200842 0.010090292 -0.024413267
v 0.039200876 0.010093996 -0.023997232
v 0.039204489 0.010043048 -0.02429226
v 0.039204739 0.010056083 -0.024137376
v 0.039206706 0.010043962 -0.024186531
v 0.039207362 0.010067779 -0.024087971
v 0.039214719 0.010041087 -0.024189413
v 0.039219357 0.010042743 -0.024175713
v 0.03922027 0.010135915 -0.023838693
v 0.039223261 0.01003825 -0.024192607
v 0.039225485 0.01004755 -0.024147645
v 0.039225601 0.010085187 -0.02400399
v 0.039228819 0.010039118 -0.024181651
v 0.039229583 0.010259599 -0.023530405
v 0.039229728 0.010036281 -0.024195133
v 0.039229989 0.010059034 -0.024096744
v 0.039231479 0.010143761 -0.024488809
v 0.039232228 0.010035567 -0.024196139
v 0.039233509 0.010037459 -0.024184689
v 0.039234716 0.010034876 -0.024197156
v 0.039235756 0.010043801 -0.024153009
v 0.039235841 0.01003667 -0.024186227
v 0.039238166 0.01003591 -0.024187779
v 0.039240859 0.010042081 -0.02415576
v 0.039241254 0.010055194 -0.02410135
v 0.039245348 0.010059335 -0.024379738
v 0.039245941 0.010040473 -0.02415856
v 0.039250337 0.010077962 -0.024011347
v 0.039252479 0.010051789 -0.024106132
v 0.039253604 0.010187066 -0.024526246
v 0.039259005 0.010069311 -0.024404289
v 0.039264873 0.010026635 -0.024249921
v 0.039265882 0.010075027 -0.024415893
v 0.039274078 0.010027491 -0.024215246
v 0.039274339 0.010128649 -0.023849962
v 0.03929241 0.010101086 -0.024456343
v 0.039299686 0.010069372 -0.024028178
v 0.039312914 0.010026093 -0.024235453
v 0.03931383 0.010261723 -0.023574971
v 0.039319828 0.010134309 -0.024491508
v 0.039327823 0.010128863 -0.023863519
v 0.039329391 0.010126605 -0.024483997
v 0.039339583 0.010042418 -0.024348579
v 0.039339859 0.010040414 -0.024149897
v 0.039347325 0.010029164 -0.024254076
v 0.039348088 0.0100677 -0.02404706
v 0.039395235 0.010082424 -0.024412116
v 0.039410215 0.010076536 -0.024391154
v 0.039412282 0.010049048 -0.024289807
v 0.039419852 0.010052581 -0.024196515
v 0.039427456 0.010149075 -0.023894649
v 0.039438013 0.010082512 -0.024087062
v 0.039452188 0.010300846 -0.023669269
v 0.039456382 0.010072465 -0.024314296
v 0.039511673 0.010115514 -0.024137039
v 0.042008881 0.054361645 -0.02863094
v 0.042516224 0.054631252 -0.028913531
v 0.043171026 0.054955792 -0.029271444
v 0.045355111 0.055992033 -0.030452047
v 0.048869427 0.057602998 -0.03234579
v 0.048892304 0.057474811 -0.032407932
v 0.048920196 0.057396047 -0.032420311
v 0.050657708 0.058413099 -0.033310644
v 0.052777201 0.038653322 -0.03196108
v 0.056195099 0.060909159 -0.036302507
v 0.0564592 0.0609442 -0.036522254
v 0.056462154 0.061029345 -0.036446959
v 0.056480978 0.060830496 -0.036574472
v 0.05650894 0.060751908 -0.036587082
v 0.056800384 0.030473454 -0.034473255
v 0.06250032 0.063748375 -0.039717514
v 0.065625913 0.065159522 -0.041414067
v 0.071602337 0.067737639 -0.044858053
v 0.071606912 0.067829631 -0.044773985
v 0.071624555 0.067624621 -0.044910859
v 0.071632482 0.067885309 -0.044681575
v 0.071652815 0.067546427 -0.044924006
v 0.074165553 0.069042362 -0.046062566
v 0.074221872 0.068997078 -0.045996264
v 0.074280232 0.06892667 -0.045947321
v 0.074339129 0.068825841 -0.04592301
v 0.074544184 0.069215775 -0.046269152
v 0.074925326 0.069390461 -0.046477154
v 0.084974796 0.06912896 -0.051615443
v 0.089243166 0.061547644 -0.053009238
v 0.092942171 0.054026891 -0.055318974
v 0.095160767 0.049246147 -0.057017196
v 0.095765539 0.048213881 -0.057166096
v 0.095865101 0.049685773 -0.055287722
v 0.095876902 0.048093155 -0.05711313
v 0.095967926 0.048036382 -0.05702129
v 0.096037492 0.048043489 -0.056892533
v 0.096082613 0.048813909 -0.055921454
v 0.096085235 0.04811167 -0.056730818
v 0.10157343 0.081883207 -0.061484709
v 0.10157648 0.081973769 -0.06139968
v 0.10159761 0.081771888 -0.061539162
v 0.10160661 0.082034282 -0.061292518
v 0.1016273 0.081694804 -0.061553698
v 0.10330988 0.082865089 -0.062102769
v 0.10331921 0.082869664 -0.062107917
v 0.10337383 0.082854584 -0.062022276
v 0.10344777 0.082800023 -0.061936717
v 0.10350937 0.082727633 -0.061889406
v 0.10357128 0.082624421 -0.061868921
v 0.12570913 0.084441952 -0.074057385
v 0.12908396 0.077580325 -0.076164693
v 0.13127714 0.096648306 -0.078092113
v 0.13128011 0.096738346 -0.078006983
v 0.13130137 0.096537545 -0.078146949
v 0.13131012 0.096798502 -0.077899963
v 0.13133107 0.096460775 -0.078161895
v 0.13136216 0.096818544 -0.07778915
v 0.13223609 0.097221211 -0.078137964
v 0.1322923 0.097205594 -0.078050695
v 0.13236836 0.097148888 -0.077964276
v 0.13243136 0.097073816 -0.077917673
v 0.13249394 0.09696734 -0.077899761
v 0.14614932 0.10393939 -0.086398795
v 0.14615309 0.10402929 -0.086314075
v 0.14617245 0.1038287 -0.086453401
v 0.14618352 0.1040893 -0.086207531
v 0.1462013 0.10375187 -0.086468317
v 0.14623548 0.10410927 -0.086097077
v 0.16034855 0.11078846 -0.094268128
v 0.1603547 0.11072917 -0.094326146
v 0.16036797 0.11067919 -0.094361097
v 0.16036922 0.11086231 -0.094146729
v 0.16042447 0.11055373 -0.094408698
v 0.16042595 0.11088834 -0.094018251
v 0.16051942 0.11088834 -0.09385635
v 0.16061638 0.11085382 -0.093728438
v 0.16066647 0.11081678 -0.093684629
v 0.16071552 0.11076963 -0.093654335
v 0.16081497 0.11063661 -0.093636274
v 0.16223571 0.10721975 -0.095135659
v 0.16451912 0.1041005 -0.094795868
v 0.16499692 0.10320231 -0.095009305
v 0.16602662 0.099427044 -0.097601384
v 0.16616769 0.10094357 -0.095599331
v 0.16660808 0.098130018 -0.098097511
v 0.16714592 0.09884879 -0.096332863
v 0.1674553 0.096477009 -0.098545931
v 0.1675543 0.096339487 -0.098533846
v 0.1676175 0.096267156 -0.098508224
v 0.16763641 0.097553425 -0.096984684
v 0.1676923 0.096206084 -0.098449431
v 0.1677212 0.096193165 -0.098414369
v 0.16775204 0.096189521 -0.09836515
v 0.16780621 0.096230067 -0.098224387
v 0.16784537 0.096499093 -0.097844735
s 1
f 754// 748// 810//
f 810// 748// 801//
f 737// 782// 741//
f 741// 782// 791//
f 741// 791// 745//
f 745// 791// 797//
f 745// 797// 748//
f 748// 797// 801//
f 140// 146// 127//
f 127// 146// 147//
f 127// 147// 148//
f 119// 135// 127//
f 127// 135// 136//
f 127// 136// 140//
f 126// 120// 122//
f 122// 120// 118//
f 126// 128// 120//
f 120// 128// 129//
f 120// 129// 132//
f 118// 120// 115//
f 115// 120// 109//
f 115// 109// 111//
f 109// 107// 106//
f 105// 111// 101//
f 101// 111// 109//
f 101// 109// 100//
f 100// 109// 106//
f 100// 106// 98//
f 98// 106// 102//
f 98// 102// 97//
f 107// 109// 112//
f 112// 109// 120//
f 112// 120// 119//
f 119// 120// 132//
f 119// 132// 135//
f 335// 334// 391//
f 391// 334// 401//
f 391// 401// 439//
f 439// 401// 457//
f 439// 457// 458//
f 284// 281// 285//
f 285// 281// 282//
f 285// 282// 286//
f 286// 282// 287//
f 287// 282// 289//
f 287// 289// 292//
f 292// 289// 326//
f 326// 289// 334//
f 326// 334// 335//
f 380// 405// 409//
f 380// 409// 386//
f 427// 390// 426//
f 426// 390// 389//
f 409// 418// 386//
f 386// 418// 421//
f 386// 421// 389//
f 389// 421// 423//
f 389// 423// 426//
f 388// 389// 390//
f 381// 383// 385//
f 365// 366// 367//
f 367// 366// 374//
f 374// 366// 372//
f 374// 372// 378//
f 385// 383// 388//
f 388// 383// 386//
f 388// 386// 389//
f 378// 372// 381//
f 381// 372// 376//
f 381// 376// 383//
f 383// 376// 380//
f 383// 380// 386//
f 356// 355// 360//
f 371// 370// 361//
f 376// 372// 375//
f 375// 372// 366//
f 375// 366// 364//
f 364// 366// 365//
f 364// 365// 357//
f 357// 365// 359//
f 371// 361// 363//
f 363// 361// 358//
f 363// 358// 362//
f 370// 369// 361//
f 361// 369// 360//
f 361// 360// 358//
f 358// 360// 355//
f 371// 380// 370//
f 370// 380// 376//
f 370// 376// 369//
f 369// 376// 375//
f 369// 375// 360//
f 360// 375// 364//
f 360// 364// 356//
f 356// 364// 357//
f 363// 362// 392//
f 392// 393// 363//
f 363// 393// 395//
f 363// 395// 371//
f 371// 395// 397//
f 371// 397// 380//
f 380// 397// 405//
f 648// 485// 490//
f 648// 490// 652//
f 652// 490// 492//
f 652// 492// 653//
f 653// 492// 489//
f 653// 489// 651//
f 651// 489// 481//
f 651// 481// 647//
f 997// 732// 1072//
f 1072// 732// 766//
f 997// 1072// 1050//
f 1050// 1072// 1090//
f 1050// 1090// 1058//
f 1058// 1090// 1094//
f 1058// 1094// 1048//
f 1048// 1094// 1088//
f 1048// 1088// 994//
f 994// 1088// 1067//
f 994// 1067// 944//
f 944// 1067// 1025//
f 944// 1025// 884//
f 884// 1025// 968//
f 720// 884// 726//
f 726// 884// 968//
f 720// 726// 714//
f 714// 726// 723//
f 714// 723// 712//
f 712// 723// 722//
f 712// 722// 716//
f 716// 722// 724//
f 716// 724// 721//
f 721// 724// 727//
f 721// 727// 725//
f 725// 727// 740//
f 725// 740// 732//
f 732// 740// 766//
f 1264// 1337// 1240//
f 1240// 1337// 1297//
f 1240// 1297// 1211//
f 1211// 1297// 1279//
f 1211// 1279// 1245//
f 1245// 1279// 1303//
f 1245// 1303// 1270//
f 1270// 1303// 1338//
f 1270// 1338// 1332//
f 1332// 1338// 1352//
f 1332// 1352// 1343//
f 1343// 1352// 1409//
f 1504// 1343// 1536//
f 1536// 1343// 1409//
f 1504// 1536// 1516//
f 1516// 1536// 1548//
f 1516// 1548// 1523//
f 1523// 1548// 1552//
f 1523// 1552// 1521//
f 1521// 1552// 1550//
f 1521// 1550// 1513//
f 1513// 1550// 1545//
f 1513// 1545// 1500//
f 1500// 1545// 1526//
f 1500// 1526// 1491//
f 1491// 1526// 1509//
f 1491// 1509// 1484//
f 1484// 1509// 1498//
f 1264// 1484// 1337//
f 1337// 1484// 1498//
f 581// 502// 538//
f 583// 598// 587//
f 624// 637// 639//
f 629// 621// 605//
f 598// 624// 587//
f 587// 624// 639//
f 587// 639// 588//
f 588// 639// 640//
f 588// 640// 586//
f 586// 640// 638//
f 586// 638// 582//
f 582// 638// 636//
f 582// 636// 538//
f 538// 636// 629//
f 538// 629// 581//
f 581// 629// 605//
f 598// 583// 555//
f 479// 502// 581//
f 605// 621// 617//
f 605// 617// 581//
f 598// 555// 624//
f 637// 624// 632//
f 632// 624// 555//
f 632// 555// 625//
f 625// 555// 518//
f 625// 518// 618//
f 618// 518// 484//
f 618// 484// 615//
f 615// 484// 477//
f 615// 477// 614//
f 614// 477// 475//
f 614// 475// 617//
f 617// 475// 479//
f 617// 479// 581//
f 1160// 1108// 1157//
f 1157// 1108// 1107//
f 1157// 1107// 1144//
f 1144// 1107// 1096//
f 1144// 1096// 1129//
f 1129// 1096// 1080//
f 1129// 1080// 1115//
f 1115// 1080// 1057//
f 1115// 1057// 1095//
f 1095// 1057// 1005//
f 1095// 1005// 1082//
f 1082// 1005// 974//
f 1109// 1161// 1103//
f 1103// 1161// 1152//
f 1103// 1152// 1098//
f 1098// 1152// 1145//
f 1098// 1145// 1100//
f 1100// 1145// 1147//
f 1100// 1147// 1105//
f 1105// 1147// 1156//
f 1105// 1156// 1112//
f 1112// 1156// 1166//
f 1112// 1166// 1121//
f 1121// 1166// 1183//
f 1121// 1183// 1127//
f 1127// 1183// 1222//
f 1127// 1222// 1132//
f 1132// 1222// 1250//
f 1132// 1250// 1135//
f 1135// 1250// 1254//
f 1135// 1254// 1131//
f 1131// 1254// 1249//
f 1131// 1249// 1126//
f 1126// 1249// 1217//
f 1126// 1217// 1119//
f 1119// 1217// 1175//
f 1119// 1175// 1109//
f 1109// 1175// 1161//
f 953// 1071// 969//
f 969// 1071// 1079//
f 969// 1079// 978//
f 978// 1079// 1084//
f 978// 1084// 976//
f 976// 1084// 1083//
f 976// 1083// 963//
f 963// 1083// 1078//
f 963// 1078// 948//
f 948// 1078// 1063//
f 948// 1063// 928//
f 928// 1063// 1056//
f 928// 1056// 898//
f 898// 1056// 1038//
f 898// 1038// 883//
f 883// 1038// 1016//
f 883// 1016// 878//
f 878// 1016// 1008//
f 878// 1008// 885//
f 885// 1008// 1018//
f 885// 1018// 906//
f 906// 1018// 1041//
f 906// 1041// 931//
f 931// 1041// 1061//
f 931// 1061// 953//
f 953// 1061// 1071//
f 865// 959// 881//
f 881// 959// 992//
f 881// 992// 895//
f 895// 992// 1013//
f 895// 1013// 891//
f 891// 1013// 1006//
f 891// 1006// 874//
f 874// 1006// 980//
f 874// 980// 853//
f 853// 980// 939//
f 853// 939// 823//
f 823// 939// 889//
f 823// 889// 798//
f 798// 889// 862//
f 863// 868// 899//
f 868// 867// 893//
f 867// 862// 889//
f 867// 889// 893//
f 893// 889// 939//
f 893// 939// 949//
f 949// 939// 980//
f 949// 980// 989//
f 989// 980// 1006//
f 989// 1006// 1020//
f 1020// 1006// 1013//
f 1020// 1013// 1030//
f 1030// 1013// 992//
f 1030// 992// 1004//
f 1004// 992// 959//
f 1004// 959// 970//
f 868// 893// 899//
f 899// 893// 949//
f 899// 949// 956//
f 956// 949// 989//
f 956// 989// 1000//
f 1000// 989// 1020//
f 1000// 1020// 1042//
f 1042// 1020// 1030//
f 1042// 1030// 1049//
f 1049// 1030// 1004//
f 1049// 1004// 1026//
f 1026// 1004// 970//
f 1026// 970// 981//
f 863// 899// 903//
f 903// 899// 956//
f 903// 956// 966//
f 966// 956// 1000//
f 966// 1000// 1019//
f 1019// 1000// 1042//
f 1019// 1042// 1055//
f 1055// 1042// 1049//
f 1055// 1049// 1060//
f 1060// 1049// 1026//
f 1060// 1026// 1044//
f 1044// 1026// 981//
f 1044// 981// 986//
f 838// 862// 840//
f 840// 862// 867//
f 840// 867// 843//
f 843// 867// 845//
f 845// 867// 868//
f 845// 868// 844//
f 844// 868// 842//
f 842// 868// 863//
f 842// 863// 839//
f 809// 798// 824//
f 824// 798// 862//
f 824// 862// 838//
f 681// 659// 780//
f 780// 659// 798//
f 780// 798// 796//
f 796// 798// 809//
f 659// 681// 649//
f 649// 681// 671//
f 649// 671// 646//
f 646// 671// 665//
f 646// 665// 650//
f 650// 665// 672//
f 650// 672// 663//
f 663// 672// 684//
f 663// 684// 680//
f 680// 684// 703//
f 680// 703// 702//
f 702// 703// 713//
f 702// 713// 865//
f 865// 713// 850//
f 865// 850// 858//
f 858// 872// 865//
f 865// 872// 880//
f 865// 880// 959//
f 959// 880// 892//
f 959// 892// 918//
f 947// 986// 946//
f 946// 986// 981//
f 946// 981// 936//
f 936// 981// 930//
f 930// 981// 970//
f 930// 970// 927//
f 927// 970// 921//
f 921// 970// 959//
f 921// 959// 918//
f 1196// 1202// 1186//
f 1165// 1159// 1164//
f 1164// 1168// 1165//
f 1165// 1168// 1169//
f 1165// 1169// 1170//
f 1171// 1162// 1179//
f 1179// 1162// 1167//
f 1179// 1167// 1190//
f 1190// 1167// 1174//
f 1190// 1174// 1207//
f 1207// 1174// 1186//
f 1207// 1186// 1221//
f 1221// 1186// 1202//
f 1195// 1196// 1181//
f 1181// 1196// 1186//
f 1181// 1186// 1170//
f 1170// 1186// 1174//
f 1170// 1174// 1165//
f 1165// 1174// 1167//
f 1165// 1167// 1159//
f 1159// 1167// 1162//
f 1169// 1178// 1170//
f 1170// 1178// 1185//
f 1170// 1185// 1181//
f 1181// 1185// 1191//
f 1181// 1191// 1195//
f 1195// 1191// 1206//
f 1785// 1798// 1801//
f 1799// 1791// 1795//
f 1780// 1761// 1765//
f 1669// 1655// 1657//
f 1619// 1658// 1617//
f 1617// 1658// 1660//
f 1617// 1660// 1615//
f 1615// 1660// 1659//
f 1615// 1659// 1609//
f 1609// 1659// 1657//
f 1584// 1619// 1581//
f 1581// 1619// 1617//
f 1581// 1617// 1580//
f 1580// 1617// 1615//
f 1580// 1615// 1578//
f 1578// 1615// 1609//
f 1578// 1609// 1576//
f 1576// 1609// 1607//
f 1657// 1655// 1609//
f 1609// 1655// 1621//
f 1609// 1621// 1607//
f 1658// 1757// 1660//
f 1660// 1757// 1763//
f 1660// 1763// 1659//
f 1659// 1763// 1766//
f 1659// 1766// 1657//
f 1657// 1766// 1765//
f 1657// 1765// 1669//
f 1669// 1765// 1761//
f 1757// 1788// 1763//
f 1763// 1788// 1790//
f 1763// 1790// 1766//
f 1766// 1790// 1793//
f 1766// 1793// 1765//
f 1765// 1793// 1795//
f 1765// 1795// 1780//
f 1780// 1795// 1791//
f 1798// 1799// 1801//
f 1801// 1799// 1795//
f 1801// 1795// 1800//
f 1800// 1795// 1793//
f 1800// 1793// 1797//
f 1797// 1793// 1790//
f 1797// 1790// 1794//
f 1794// 1790// 1788//
f 1778// 1785// 1781//
f 1781// 1785// 1801//
f 1781// 1801// 1782//
f 1782// 1801// 1800//
f 1782// 1800// 1779//
f 1779// 1800// 1797//
f 1779// 1797// 1777//
f 1777// 1797// 1794//
f 1777// 1692// 1779//
f 1779// 1692// 1702//
f 1779// 1702// 1782//
f 1782// 1702// 1706//
f 1782// 1706// 1781//
f 1781// 1706// 1700//
f 1781// 1700// 1778//
f 1778// 1700// 1690//
f 1576// 1607// 1563//
f 1563// 1607// 1593//
f 1740// 1720// 1761//
f 1607// 1621// 1593//
f 1593// 1621// 1655//
f 1593// 1655// 1648//
f 1648// 1655// 1669//
f 1648// 1669// 1664//
f 1664// 1669// 1761//
f 1664// 1761// 1712//
f 1712// 1761// 1720//
f 1761// 1780// 1740//
f 1740// 1780// 1791//
f 1740// 1791// 1776//
f 1791// 1799// 1776//
f 1776// 1799// 1798//
f 1776// 1798// 1751//
f 1690// 1654// 1778//
f 1778// 1654// 1751//
f 1778// 1751// 1785//
f 1785// 1751// 1798//
f 776// 846// 952//
f 776// 952// 860//
f 860// 952// 1106//
f 860// 1106// 1052//
f 736// 794// 776//
f 776// 794// 846//
f 794// 765// 799//
f 799// 765// 769//
f 769// 772// 799//
f 799// 772// 777//
f 799// 777// 802//
f 802// 777// 805//
f 777// 781// 805//
f 805// 781// 783//
f 805// 783// 808//
f 808// 783// 789//
f 808// 789// 790//
f 846// 794// 847//
f 847// 794// 799//
f 847// 799// 849//
f 849// 799// 802//
f 805// 855// 802//
f 802// 855// 852//
f 802// 852// 849//
f 808// 864// 805//
f 805// 864// 857//
f 805// 857// 855//
f 864// 982// 857//
f 857// 982// 973//
f 857// 973// 855//
f 855// 973// 852//
f 852// 973// 961//
f 852// 961// 849//
f 849// 961// 847//
f 847// 961// 952//
f 847// 952// 846//
f 982// 1113// 973//
f 973// 1113// 1111//
f 973// 1111// 961//
f 961// 1111// 1110//
f 961// 1110// 952//
f 952// 1110// 1106//
f 1143// 1106// 1150//
f 1150// 1106// 1110//
f 1150// 1110// 1154//
f 1154// 1110// 1111//
f 1113// 1163// 1111//
f 1111// 1163// 1158//
f 1111// 1158// 1154//
f 1052// 1106// 1104//
f 1104// 1106// 1143//
f 1576// 1563// 1171//
f 1171// 1563// 1104//
f 1171// 1104// 1162//
f 1162// 1104// 1159//
f 1159// 1104// 1164//
f 1164// 1104// 1143//
f 1164// 1143// 1172//
f 1223// 1214// 1163//
f 1163// 1214// 1158//
f 1214// 1210// 1158//
f 1158// 1210// 1192//
f 1158// 1192// 1154//
f 1154// 1192// 1182//
f 1154// 1182// 1150//
f 1172// 1143// 1173//
f 1173// 1143// 1150//
f 1173// 1150// 1180//
f 1180// 1150// 1182//
f 1315// 1232// 1296//
f 1296// 1232// 1231//
f 1296// 1231// 1223//
f 1323// 1313// 1239//
f 1239// 1246// 1323//
f 1323// 1246// 1247//
f 1323// 1247// 1324//
f 1324// 1247// 1243//
f 1324// 1243// 1315//
f 1315// 1243// 1241//
f 1315// 1241// 1232//
f 1214// 1224// 1218//
f 1233// 1224// 1214//
f 1188// 1187// 1213//
f 1247// 1246// 1235//
f 1235// 1246// 1239//
f 1241// 1243// 1244//
f 1244// 1243// 1247//
f 1244// 1247// 1234//
f 1214// 1231// 1232//
f 1239// 1230// 1235//
f 1235// 1230// 1215//
f 1235// 1215// 1213//
f 1213// 1215// 1209//
f 1213// 1209// 1188//
f 1197// 1182// 1192//
f 1224// 1216// 1218//
f 1218// 1216// 1197//
f 1218// 1197// 1208//
f 1208// 1197// 1192//
f 1236// 1233// 1214//
f 1214// 1232// 1236//
f 1236// 1232// 1241//
f 1236// 1241// 1233//
f 1233// 1241// 1244//
f 1233// 1244// 1224//
f 1224// 1244// 1234//
f 1224// 1234// 1216//
f 1223// 1231// 1214//
f 1188// 1172// 1187//
f 1187// 1172// 1173//
f 1187// 1173// 1180//
f 1247// 1235// 1234//
f 1234// 1235// 1213//
f 1234// 1213// 1216//
f 1216// 1213// 1187//
f 1216// 1187// 1197//
f 1197// 1187// 1180//
f 1197// 1180// 1182//
f 1208// 1214// 1218//
f 1192// 1210// 1208//
f 1208// 1210// 1214//
f 1164// 1172// 1168//
f 1168// 1172// 1188//
f 1239// 1206// 1230//
f 1230// 1206// 1191//
f 1230// 1191// 1215//
f 1215// 1191// 1185//
f 1215// 1185// 1209//
f 1209// 1185// 1178//
f 1209// 1178// 1188//
f 1188// 1178// 1169//
f 1188// 1169// 1168//
f 1285// 1206// 1313//
f 1313// 1206// 1239//
f 1206// 1285// 1281//
f 1206// 1281// 1195//
f 1195// 1281// 1280//
f 1195// 1280// 1196//
f 1196// 1280// 1284//
f 1196// 1284// 1202//
f 1202// 1284// 1295//
f 1202// 1295// 1221//
f 1275// 1273// 1146//
f 1146// 1273// 1274//
f 1146// 1274// 1255//
f 1255// 1274// 1276//
f 1255// 1276// 1294//
f 1477// 1485// 1146//
f 1146// 1485// 1293//
f 1146// 1293// 1275//
f 1493// 1511// 1501//
f 1501// 1511// 1522//
f 1501// 1522// 1506//
f 1506// 1522// 1529//
f 1506// 1529// 1503//
f 1503// 1529// 1527//
f 1503// 1527// 1499//
f 1499// 1527// 1517//
f 1499// 1517// 1490//
f 1490// 1517// 1502//
f 1490// 1502// 1483//
f 1483// 1502// 1492//
f 1483// 1492// 1477//
f 1477// 1492// 1485//
f 1383// 1385// 1376//
f 1351// 1345// 1350//
f 1350// 1356// 1351//
f 1351// 1356// 1359//
f 1351// 1359// 1360//
f 1361// 1347// 1368//
f 1368// 1347// 1353//
f 1368// 1353// 1379//
f 1379// 1353// 1364//
f 1379// 1364// 1387//
f 1387// 1364// 1376//
f 1387// 1376// 1396//
f 1396// 1376// 1385//
f 1382// 1383// 1370//
f 1370// 1383// 1376//
f 1370// 1376// 1360//
f 1360// 1376// 1364//
f 1360// 1364// 1351//
f 1351// 1364// 1353//
f 1351// 1353// 1345//
f 1345// 1353// 1347//
f 1359// 1366// 1360//
f 1360// 1366// 1374//
f 1360// 1374// 1370//
f 1370// 1374// 1380//
f 1370// 1380// 1382//
f 1382// 1380// 1386//
f 1396// 1520// 1518//
f 1396// 1518// 1387//
f 1387// 1518// 1515//
f 1387// 1515// 1379//
f 1379// 1515// 1514//
f 1379// 1514// 1368//
f 1368// 1514// 1511//
f 1368// 1511// 1361//
f 1486// 1488// 1496//
f 1488// 1489// 1495//
f 1489// 1487// 1494//
f 1487// 1485// 1492//
f 1487// 1492// 1494//
f 1494// 1492// 1502//
f 1494// 1502// 1505//
f 1505// 1502// 1517//
f 1505// 1517// 1519//
f 1519// 1517// 1527//
f 1519// 1527// 1531//
f 1531// 1527// 1529//
f 1531// 1529// 1534//
f 1534// 1529// 1522//
f 1534// 1522// 1525//
f 1525// 1522// 1511//
f 1525// 1511// 1514//
f 1489// 1494// 1495//
f 1495// 1494// 1505//
f 1495// 1505// 1508//
f 1508// 1505// 1519//
f 1508// 1519// 1524//
f 1524// 1519// 1531//
f 1524// 1531// 1537//
f 1537// 1531// 1534//
f 1537// 1534// 1539//
f 1539// 1534// 1525//
f 1539// 1525// 1530//
f 1530// 1525// 1514//
f 1530// 1514// 1515//
f 1488// 1495// 1496//
f 1496// 1495// 1508//
f 1496// 1508// 1510//
f 1510// 1508// 1524//
f 1510// 1524// 1528//
f 1528// 1524// 1537//
f 1528// 1537// 1542//
f 1542// 1537// 1539//
f 1542// 1539// 1544//
f 1544// 1539// 1530//
f 1544// 1530// 1535//
f 1535// 1530// 1515//
f 1535// 1515// 1518//
f 1486// 1496// 1497//
f 1497// 1496// 1510//
f 1497// 1510// 1512//
f 1512// 1510// 1528//
f 1512// 1528// 1532//
f 1532// 1528// 1542//
f 1532// 1542// 1546//
f 1546// 1542// 1544//
f 1546// 1544// 1547//
f 1547// 1544// 1535//
f 1547// 1535// 1541//
f 1541// 1535// 1518//
f 1541// 1518// 1520//
f 1293// 1485// 1487//
f 1293// 1487// 1304//
f 1304// 1487// 1489//
f 1304// 1489// 1307//
f 1307// 1489// 1488//
f 1307// 1488// 1305//
f 1305// 1488// 1486//
f 1305// 1486// 1295//
f 1285// 1292// 1283//
f 1278// 1274// 1273//
f 1278// 1273// 1277//
f 1277// 1273// 1275//
f 1277// 1275// 1286//
f 1276// 1274// 1287//
f 1287// 1274// 1278//
f 1287// 1278// 1289//
f 1289// 1278// 1292//
f 1275// 1293// 1286//
f 1286// 1293// 1304//
f 1286// 1304// 1307//
f 1292// 1278// 1283//
f 1283// 1278// 1277//
f 1283// 1277// 1282//
f 1282// 1277// 1286//
f 1282// 1286// 1291//
f 1291// 1286// 1307//
f 1291// 1307// 1305//
f 1285// 1283// 1281//
f 1281// 1283// 1282//
f 1281// 1282// 1280//
f 1280// 1282// 1291//
f 1280// 1291// 1284//
f 1284// 1291// 1305//
f 1284// 1305// 1295//
f 1294// 1276// 1301//
f 1301// 1276// 1287//
f 1301// 1287// 1311//
f 1311// 1287// 1312//
f 1312// 1287// 1289//
f 1312// 1289// 1319//
f 1319// 1289// 1292//
f 1319// 1292// 1321//
f 1321// 1292// 1285//
f 1321// 1285// 1313//
f 1315// 1320// 1328//
f 1301// 1299// 1294//
f 1327// 1319// 1321//
f 1299// 1310// 1316//
f 1316// 1310// 1312//
f 1318// 1299// 1316//
f 1299// 1301// 1310//
f 1310// 1301// 1311//
f 1310// 1311// 1312//
f 1321// 1313// 1326//
f 1326// 1313// 1323//
f 1326// 1323// 1328//
f 1328// 1323// 1324//
f 1328// 1324// 1315//
f 1322// 1308// 1309//
f 1309// 1314// 1322//
f 1322// 1314// 1318//
f 1322// 1318// 1329//
f 1329// 1318// 1316//
f 1329// 1316// 1327//
f 1327// 1316// 1312//
f 1327// 1312// 1319//
f 1315// 1296// 1320//
f 1320// 1296// 1298//
f 1320// 1298// 1306//
f 1321// 1326// 1327//
f 1327// 1326// 1328//
f 1327// 1328// 1329//
f 1329// 1328// 1320//
f 1329// 1320// 1322//
f 1322// 1320// 1306//
f 1322// 1306// 1308//
f 1314// 1299// 1318//
f 1309// 1302// 1314//
f 1314// 1302// 1299//
f 1296// 1256// 1298//
f 1298// 1256// 1260//
f 1309// 1308// 1260//
f 1260// 1308// 1306//
f 1260// 1306// 1298//
f 1260// 1261// 1309//
f 1309// 1261// 1258//
f 1309// 1258// 1302//
f 1255// 1294// 1258//
f 1258// 1294// 1299//
f 1258// 1299// 1302//
f 1349// 1346// 1335//
f 1346// 1344// 1333//
f 1344// 1342// 1331//
f 1342// 1340// 1325//
f 1342// 1325// 1331//
f 1331// 1325// 1259//
f 1331// 1259// 1266//
f 1266// 1259// 1225//
f 1266// 1225// 1237//
f 1237// 1225// 1194//
f 1237// 1194// 1203//
f 1203// 1194// 1220//
f 1203// 1220// 1228//
f 1228// 1220// 1255//
f 1228// 1255// 1258//
f 1344// 1331// 1333//
f 1333// 1331// 1266//
f 1333// 1266// 1268//
f 1268// 1266// 1237//
f 1268// 1237// 1238//
f 1238// 1237// 1203//
f 1238// 1203// 1199//
f 1199// 1203// 1228//
f 1199// 1228// 1227//
f 1227// 1228// 1258//
f 1227// 1258// 1261//
f 1346// 1333// 1335//
f 1335// 1333// 1268//
f 1335// 1268// 1267//
f 1267// 1268// 1238//
f 1267// 1238// 1226//
f 1226// 1238// 1199//
f 1226// 1199// 1189//
f 1189// 1199// 1227//
f 1189// 1227// 1219//
f 1219// 1227// 1261//
f 1219// 1261// 1260//
f 1349// 1335// 1336//
f 1336// 1335// 1267//
f 1336// 1267// 1263//
f 1263// 1267// 1226//
f 1263// 1226// 1212//
f 1212// 1226// 1189//
f 1212// 1189// 1177//
f 1177// 1189// 1219//
f 1177// 1219// 1204//
f 1204// 1219// 1260//
f 1204// 1260// 1256//
f 1146// 1255// 1130//
f 1130// 1255// 1220//
f 1130// 1220// 1128//
f 1128// 1220// 1194//
f 1128// 1194// 1133//
f 1133// 1194// 1225//
f 1133// 1225// 1149//
f 1149// 1225// 1259//
f 1149// 1259// 1198//
f 1198// 1259// 1325//
f 1198// 1325// 1257//
f 1257// 1325// 1340//
f 1511// 1493// 1361//
f 1361// 1493// 1257//
f 1361// 1257// 1347//
f 1347// 1257// 1345//
f 1345// 1257// 1350//
f 1350// 1257// 1340//
f 1350// 1340// 1362//
f 1362// 1340// 1363//
f 1363// 1340// 1342//
f 1363// 1342// 1369//
f 1369// 1342// 1372//
f 1372// 1342// 1344//
f 1372// 1344// 1381//
f 1381// 1344// 1346//
f 1381// 1346// 1390//
f 1390// 1346// 1392//
f 1392// 1346// 1349//
f 1392// 1349// 1397//
f 1160// 1161// 1175//
f 1116// 1134// 1163//
f 1163// 1134// 1148//
f 982// 1038// 1056//
f 982// 1056// 1113//
f 1175// 1263// 1212//
f 1041// 1018// 864//
f 864// 1018// 1008//
f 864// 1008// 982//
f 982// 1008// 1016//
f 982// 1016// 1038//
f 1056// 1063// 1113//
f 1113// 1063// 1078//
f 1113// 1078// 1083//
f 1336// 1249// 1254//
f 1148// 1160// 1163//
f 1163// 1160// 1175//
f 1163// 1175// 1177//
f 1177// 1175// 1212//
f 1296// 1223// 1256//
f 1256// 1223// 1163//
f 1256// 1163// 1204//
f 1204// 1163// 1177//
f 790// 839// 808//
f 808// 839// 863//
f 808// 863// 864//
f 864// 863// 903//
f 1263// 1175// 1336//
f 1336// 1175// 1217//
f 1336// 1217// 1249//
f 1440// 1397// 1415//
f 1415// 1397// 1349//
f 1415// 1349// 1348//
f 1348// 1349// 1336//
f 1348// 1336// 1265//
f 1265// 1336// 1254//
f 1265// 1254// 1250//
f 1041// 864// 1081//
f 1081// 864// 903//
f 1081// 903// 1077//
f 1077// 903// 966//
f 1077// 966// 1082//
f 1082// 966// 1019//
f 1082// 1019// 1095//
f 1095// 1019// 1055//
f 1095// 1055// 1060//
f 947// 1037// 986//
f 986// 1037// 1069//
f 986// 1069// 1044//
f 1044// 1069// 1124//
f 1163// 1113// 1116//
f 1116// 1113// 1083//
f 1116// 1083// 1093//
f 1093// 1083// 1084//
f 1160// 1157// 1161//
f 1161// 1157// 1144//
f 1161// 1144// 1152//
f 1152// 1144// 1129//
f 1124// 1156// 1147//
f 1084// 1079// 1093//
f 1093// 1079// 1071//
f 1093// 1071// 1081//
f 1081// 1071// 1061//
f 1081// 1061// 1041//
f 1250// 1222// 1265//
f 1265// 1222// 1183//
f 1265// 1183// 1124//
f 1124// 1183// 1166//
f 1124// 1166// 1156//
f 1060// 1044// 1095//
f 1095// 1044// 1124//
f 1095// 1124// 1115//
f 1115// 1124// 1147//
f 1115// 1147// 1129//
f 1129// 1147// 1145//
f 1129// 1145// 1152//
f 1438// 1442// 1414//
f 1414// 1442// 1416//
f 1442// 1444// 1416//
f 1416// 1444// 1450//
f 1416// 1450// 1418//
f 1418// 1450// 1449//
f 1418// 1449// 1417//
f 1440// 1415// 1441//
f 1441// 1415// 1417//
f 1441// 1417// 1447//
f 1447// 1417// 1449//
f 1431// 1436// 1429//
f 1434// 1433// 1425//
f 1433// 1423// 1421//
f 1434// 1425// 1436//
f 1433// 1421// 1425//
f 1425// 1421// 1420//
f 1425// 1420// 1424//
f 1424// 1420// 1422//
f 1424// 1422// 1432//
f 1422// 1437// 1432//
f 1432// 1437// 1445//
f 1432// 1445// 1448//
f 1436// 1425// 1429//
f 1429// 1425// 1424//
f 1429// 1424// 1428//
f 1428// 1424// 1432//
f 1428// 1432// 1435//
f 1435// 1432// 1448//
f 1435// 1448// 1446//
f 1431// 1429// 1427//
f 1427// 1429// 1428//
f 1427// 1428// 1426//
f 1426// 1428// 1435//
f 1426// 1435// 1430//
f 1430// 1435// 1446//
f 1430// 1446// 1439//
f 1431// 1454// 1462//
f 1431// 1462// 1436//
f 1436// 1462// 1460//
f 1436// 1460// 1434//
f 1434// 1460// 1453//
f 1434// 1453// 1433//
f 1438// 1423// 1443//
f 1443// 1423// 1433//
f 1443// 1433// 1452//
f 1452// 1433// 1453//
f 1443// 1442// 1438//
f 1468// 1460// 1462//
f 1442// 1451// 1458//
f 1458// 1451// 1453//
f 1459// 1442// 1458//
f 1442// 1443// 1451//
f 1451// 1443// 1452//
f 1451// 1452// 1453//
f 1469// 1464// 1461//
f 1461// 1464// 1457//
f 1461// 1457// 1455//
f 1462// 1454// 1467//
f 1467// 1454// 1463//
f 1467// 1463// 1469//
f 1469// 1463// 1466//
f 1469// 1466// 1464//
f 1465// 1449// 1450//
f 1450// 1456// 1465//
f 1465// 1456// 1459//
f 1465// 1459// 1470//
f 1470// 1459// 1458//
f 1470// 1458// 1468//
f 1468// 1458// 1453//
f 1468// 1453// 1460//
f 1447// 1461// 1441//
f 1441// 1461// 1455//
f 1441// 1455// 1440//
f 1462// 1467// 1468//
f 1468// 1467// 1469//
f 1468// 1469// 1470//
f 1470// 1469// 1461//
f 1470// 1461// 1465//
f 1465// 1461// 1447//
f 1465// 1447// 1449//
f 1456// 1442// 1459//
f 1450// 1444// 1456//
f 1456// 1444// 1442//
f 1399// 1397// 1440//
f 1399// 1440// 1401//
f 1401// 1440// 1455//
f 1401// 1455// 1406//
f 1406// 1455// 1408//
f 1408// 1455// 1457//
f 1408// 1457// 1412//
f 1412// 1457// 1464//
f 1412// 1464// 1413//
f 1413// 1464// 1466//
f 1413// 1466// 1411//
f 1466// 1463// 1411//
f 1411// 1463// 1454//
f 1411// 1454// 1407//
f 1392// 1398// 1395//
f 1402// 1398// 1392//
f 1378// 1377// 1391//
f 1401// 1405// 1392//
f 1413// 1410// 1412//
f 1413// 1411// 1404//
f 1404// 1411// 1407//
f 1410// 1413// 1403//
f 1406// 1408// 1402//
f 1401// 1406// 1405//
f 1405// 1406// 1402//
f 1405// 1402// 1392//
f 1399// 1401// 1392//
f 1397// 1399// 1392//
f 1407// 1400// 1404//
f 1404// 1400// 1393//
f 1404// 1393// 1391//
f 1391// 1393// 1389//
f 1391// 1389// 1378//
f 1384// 1372// 1381//
f 1381// 1388// 1384//
f 1384// 1388// 1395//
f 1384// 1395// 1394//
f 1394// 1395// 1398//
f 1394// 1398// 1403//
f 1403// 1398// 1402//
f 1403// 1402// 1410//
f 1410// 1402// 1408//
f 1410// 1408// 1412//
f 1378// 1362// 1377//
f 1377// 1362// 1363//
f 1377// 1363// 1369//
f 1413// 1404// 1403//
f 1403// 1404// 1391//
f 1403// 1391// 1394//
f 1394// 1391// 1377//
f 1394// 1377// 1384//
f 1384// 1377// 1369//
f 1384// 1369// 1372//
f 1388// 1392// 1395//
f 1381// 1390// 1388//
f 1388// 1390// 1392//
f 1407// 1386// 1400//
f 1400// 1386// 1380//
f 1400// 1380// 1393//
f 1393// 1380// 1374//
f 1393// 1374// 1389//
f 1389// 1374// 1366//
f 1389// 1366// 1378//
f 1350// 1362// 1356//
f 1356// 1362// 1378//
f 1356// 1378// 1359//
f 1359// 1378// 1366//
f 1431// 1386// 1454//
f 1454// 1386// 1407//
f 1386// 1431// 1427//
f 1386// 1427// 1382//
f 1382// 1427// 1426//
f 1382// 1426// 1383//
f 1383// 1426// 1430//
f 1383// 1430// 1385//
f 1385// 1430// 1439//
f 1385// 1439// 1396//
f 2127// 2124// 2125//
f 2125// 2124// 2123//
f 2125// 2123// 2117//
f 2132// 2136// 2125//
f 2125// 2136// 2134//
f 2125// 2134// 2127//
f 2149// 2161// 2163//
f 2163// 2161// 2167//
f 2149// 2147// 2161//
f 2161// 2147// 2144//
f 2161// 2144// 2139//
f 2167// 2161// 2174//
f 2174// 2161// 2172//
f 2174// 2172// 2178//
f 2172// 2160// 2162//
f 2183// 2178// 2177//
f 2177// 2178// 2172//
f 2177// 2172// 2176//
f 2176// 2172// 2162//
f 2176// 2162// 2171//
f 2171// 2162// 2165//
f 2171// 2165// 2169//
f 2160// 2172// 2155//
f 2155// 2172// 2161//
f 2155// 2161// 2132//
f 2132// 2161// 2139//
f 2132// 2139// 2136//
f 1932// 1931// 1850//
f 1850// 1931// 1844//
f 1850// 1844// 1817//
f 1817// 1844// 1783//
f 1817// 1783// 1784//
f 1979// 1976// 1981//
f 1981// 1976// 1973//
f 1981// 1973// 1980//
f 1980// 1973// 1966//
f 1966// 1973// 1960//
f 1966// 1960// 1963//
f 1963// 1960// 1941//
f 1941// 1960// 1931//
f 1941// 1931// 1932//
f 1868// 1894// 1893//
f 1868// 1893// 1860//
f 1886// 1851// 1887//
f 1887// 1851// 1854//
f 1893// 1891// 1860//
f 1860// 1891// 1890//
f 1860// 1890// 1854//
f 1854// 1890// 1889//
f 1854// 1889// 1887//
f 1852// 1854// 1851//
f 1855// 1857// 1853//
f 1862// 1861// 1859//
f 1859// 1861// 1858//
f 1858// 1861// 1863//
f 1858// 1863// 1856//
f 1853// 1857// 1852//
f 1852// 1857// 1860//
f 1852// 1860// 1854//
f 1856// 1863// 1855//
f 1855// 1863// 1865//
f 1855// 1865// 1857//
f 1857// 1865// 1868//
f 1857// 1868// 1860//
f 1871// 1874// 1872//
f 1875// 1873// 1876//
f 1865// 1863// 1864//
f 1864// 1863// 1861//
f 1864// 1861// 1866//
f 1866// 1861// 1862//
f 1866// 1862// 1870//
f 1870// 1862// 1867//
f 1875// 1876// 1878//
f 1878// 1876// 1877//
f 1878// 1877// 1879//
f 1873// 1869// 1876//
f 1876// 1869// 1872//
f 1876// 1872// 1877//
f 1877// 1872// 1874//
f 1875// 1868// 1873//
f 1873// 1868// 1865//
f 1873// 1865// 1869//
f 1869// 1865// 1864//
f 1869// 1864// 1872//
f 1872// 1864// 1866//
f 1872// 1866// 1871//
f 1871// 1866// 1870//
f 1878// 1879// 1917//
f 1917// 1916// 1878//
f 1878// 1916// 1909//
f 1878// 1909// 1875//
f 1875// 1909// 1904//
f 1875// 1904// 1868//
f 1868// 1904// 1894//
f 1605// 1827// 1824//
f 1605// 1824// 1601//
f 1601// 1824// 1823//
f 1601// 1823// 1598//
f 1598// 1823// 1822//
f 1598// 1822// 1594//
f 1594// 1822// 1821//
f 1594// 1821// 1592//
f 897// 967// 1087//
f 897// 1087// 1053//
f 1053// 1087// 1176//
f 1053// 1176// 1142//
f 1290// 1252// 1176//
f 1176// 1252// 1142//
f 1252// 1290// 1570//
f 1570// 1290// 1630//
f 1570// 1630// 1608//
f 1136// 1114// 1229//
f 1229// 1114// 1155//
f 1419// 1473// 1365//
f 1419// 1365// 1339//
f 1339// 1365// 1229//
f 1339// 1229// 1155//
f 1473// 1419// 1478//
f 1478// 1419// 1476//
f 1478// 1476// 1815//
f 1815// 1476// 1666//
f 1815// 1666// 1792//
f 1833// 1830// 1829//
f 1829// 1830// 1814//
f 1829// 1814// 1809//
f 1809// 1814// 1773//
f 1809// 1773// 1796//
f 1796// 1773// 1653//
f 1796// 1653// 1721//
f 1721// 1653// 1608//
f 1721// 1608// 1630//
f 1833// 1842// 1830//
f 1830// 1842// 1847//
f 1830// 1847// 1831//
f 1847// 1846// 1831//
f 1831// 1846// 1839//
f 1831// 1839// 1826//
f 1826// 1839// 1815//
f 1826// 1815// 1792//
f 1827// 1605// 1608//
f 1608// 1605// 1574//
f 1608// 1574// 1570//
f 1666// 1688// 1792//
f 1792// 1688// 1803//
f 1792// 1803// 1826//
f 1826// 1803// 1937//
f 1826// 1937// 1831//
f 1608// 1653// 1827//
f 1827// 1653// 1773//
f 1827// 1773// 1888//
f 1888// 1773// 1814//
f 1995// 1986// 1969//
f 1831// 1937// 1830//
f 1830// 1937// 1970//
f 1830// 1970// 1991//
f 1991// 1995// 1830//
f 1830// 1995// 1969//
f 1830// 1969// 1814//
f 1814// 1969// 1955//
f 1814// 1955// 1888//
f 1802// 1804// 1673//
f 1804// 1806// 1677//
f 1806// 1805// 1685//
f 1805// 1803// 1688//
f 1805// 1688// 1685//
f 1685// 1688// 1666//
f 1685// 1666// 1623//
f 1666// 1624// 1623//
f 1623// 1624// 1586//
f 1623// 1586// 1582//
f 1582// 1586// 1566//
f 1582// 1566// 1564//
f 1564// 1566// 1562//
f 1564// 1562// 1560//
f 1560// 1562// 1570//
f 1560// 1570// 1573//
f 1570// 1574// 1573//
f 1573// 1574// 1605//
f 1573// 1605// 1601//
f 1806// 1685// 1677//
f 1677// 1685// 1623//
f 1677// 1623// 1622//
f 1622// 1623// 1582//
f 1622// 1582// 1579//
f 1579// 1582// 1564//
f 1579// 1564// 1561//
f 1561// 1564// 1560//
f 1561// 1560// 1558//
f 1558// 1560// 1573//
f 1558// 1573// 1571//
f 1571// 1573// 1601//
f 1571// 1601// 1598//
f 1804// 1677// 1673//
f 1673// 1677// 1622//
f 1673// 1622// 1618//
f 1618// 1622// 1579//
f 1618// 1579// 1577//
f 1577// 1579// 1561//
f 1577// 1561// 1559//
f 1559// 1561// 1558//
f 1559// 1558// 1556//
f 1556// 1558// 1571//
f 1556// 1571// 1568//
f 1568// 1571// 1598//
f 1568// 1598// 1594//
f 1802// 1673// 1670//
f 1670// 1673// 1618//
f 1670// 1618// 1614//
f 1614// 1618// 1577//
f 1614// 1577// 1575//
f 1575// 1577// 1559//
f 1575// 1559// 1557//
f 1557// 1559// 1556//
f 1557// 1556// 1555//
f 1555// 1556// 1568//
f 1555// 1568// 1567//
f 1567// 1568// 1594//
f 1567// 1594// 1592//
f 1802// 1936// 1938//
f 1802// 1938// 1804//
f 1804// 1938// 1940//
f 1804// 1940// 1806//
f 1806// 1940// 1939//
f 1806// 1939// 1805//
f 1805// 1939// 1937//
f 1805// 1937// 1803//
f 1977// 1970// 1937//
f 1991// 1970// 1997//
f 1997// 1970// 1977//
f 1997// 1977// 1998//
f 1998// 1977// 1978//
f 1998// 1978// 1996//
f 1996// 1978// 1975//
f 1937// 1939// 1977//
f 1977// 1939// 1940//
f 1977// 1940// 1978//
f 1978// 1940// 1938//
f 1978// 1938// 1975//
f 1975// 1938// 1936//
f 1958// 1955// 1969//
f 1956// 1957// 1972//
f 1972// 1957// 1958//
f 1953// 1954// 1971//
f 1971// 1954// 1956//
f 1968// 1952// 1953//
f 1958// 1969// 1972//
f 1972// 1969// 1986//
f 1972// 1986// 1988//
f 1988// 1986// 1995//
f 1988// 1995// 2000//
f 2000// 1995// 1991//
f 2000// 1991// 1997//
f 1956// 1972// 1971//
f 1971// 1972// 1988//
f 1971// 1988// 1989//
f 1989// 1988// 2000//
f 1989// 2000// 2001//
f 2001// 2000// 1997//
f 2001// 1997// 1998//
f 1953// 1971// 1968//
f 1968// 1971// 1989//
f 1968// 1989// 1987//
f 1987// 1989// 2001//
f 1987// 2001// 1999//
f 1999// 2001// 1998//
f 1999// 1998// 1996//
f 1885// 1888// 1955//
f 1955// 1958// 1885//
f 1885// 1958// 1957//
f 1885// 1957// 1884//
f 1827// 1888// 1824//
f 1824// 1888// 1885//
f 1824// 1885// 1823//
f 1823// 1885// 1884//
f 1823// 1884// 1822//
f 1822// 1884// 1881//
f 1822// 1881// 1821//
f 1821// 1881// 1880//
f 1957// 1956// 1884//
f 1884// 1956// 1954//
f 1884// 1954// 1881//
f 1881// 1954// 1953//
f 1881// 1953// 1880//
f 1880// 1953// 1952//
f 1807// 1718// 1748//
f 1807// 1748// 1930//
f 1930// 1748// 1961//
f 1930// 1961// 1949//
f 1949// 1961// 2002//
f 2002// 1961// 2022//
f 2002// 2022// 2020//
f 2020// 2022// 2029//
f 2020// 2029// 2031//
f 2031// 2029// 2047//
f 2031// 2047// 2058//
f 1748// 1718// 1739//
f 1739// 1718// 1705//
f 1739// 1705// 1736//
f 1736// 1705// 1703//
f 1736// 1703// 1731//
f 1731// 1703// 1694//
f 1731// 1694// 1730//
f 1771// 1760// 1768//
f 1768// 1760// 1762//
f 1762// 1760// 1752//
f 1752// 1760// 1759//
f 1752// 1759// 1746//
f 1742// 1746// 1738//
f 1734// 1724// 1728//
f 1728// 1724// 1725//
f 1725// 1724// 1722//
f 1728// 1742// 1734//
f 1734// 1742// 1738//
f 1734// 1738// 1724//
f 1724// 1738// 1727//
f 1743// 1730// 1729//
f 1759// 1750// 1746//
f 1746// 1750// 1743//
f 1746// 1743// 1738//
f 1738// 1743// 1729//
f 1738// 1729// 1727//
f 1760// 1771// 1770//
f 1758// 1759// 1760//
f 1731// 1730// 1743//
f 1739// 1736// 1741//
f 1741// 1736// 1731//
f 1741// 1731// 1744//
f 1744// 1731// 1743//
f 1744// 1743// 1750//
f 1770// 1769// 1760//
f 1760// 1769// 1767//
f 1760// 1767// 1758//
f 1758// 1767// 1764//
f 1758// 1764// 1754//
f 1754// 1764// 1756//
f 1754// 1756// 1753//
f 1748// 1739// 1753//
f 1753// 1739// 1741//
f 1753// 1741// 1754//
f 1754// 1741// 1744//
f 1754// 1744// 1758//
f 1758// 1744// 1750//
f 1758// 1750// 1759//
f 2050// 2049// 2023//
f 1767// 1769// 1965//
f 2055// 2054// 2052//
f 2072// 2060// 2057//
f 1965// 1967// 2026//
f 1770// 1772// 1808//
f 1770// 1808// 1769//
f 1769// 1808// 1965//
f 1965// 1808// 1825//
f 1965// 1825// 1967//
f 1748// 1753// 1962//
f 2023// 2022// 1961//
f 2022// 2023// 2029//
f 2029// 2023// 2049//
f 2029// 2049// 2047//
f 2059// 2058// 2047//
f 2067// 2065// 2061//
f 2070// 2069// 2066//
f 2066// 2069// 2068//
f 2050// 2051// 2053//
f 2072// 2062// 2060//
f 2060// 2062// 2050//
f 2060// 2050// 2057//
f 2057// 2050// 2056//
f 2057// 2056// 2072//
f 2072// 2056// 2052//
f 2059// 2047// 2061//
f 2061// 2047// 2049//
f 2061// 2049// 2067//
f 2067// 2049// 2050//
f 2067// 2050// 2068//
f 2068// 2050// 2062//
f 2068// 2062// 2066//
f 2066// 2062// 2072//
f 2066// 2072// 2070//
f 1767// 1965// 1764//
f 1764// 1965// 1964//
f 1764// 1964// 1756//
f 1753// 1756// 1962//
f 1962// 1756// 1964//
f 1962// 1964// 2024//
f 2024// 1964// 1965//
f 2024// 1965// 2025//
f 2025// 1965// 2026//
f 2025// 2026// 2052//
f 2052// 2056// 2055//
f 2055// 2056// 2050//
f 2055// 2050// 2054//
f 2054// 2050// 2053//
f 2054// 2053// 2052//
f 2052// 2053// 2051//
f 2052// 2051// 2025//
f 2025// 2051// 2050//
f 2025// 2050// 2024//
f 2024// 2050// 2023//
f 2024// 2023// 1962//
f 1962// 2023// 1961//
f 1962// 1961// 1748//
f 1882// 1828// 1821//
f 1821// 1828// 1825//
f 1821// 1825// 1808//
f 1821// 1880// 1882//
f 1882// 1880// 1952//
f 1882// 1952// 1944//
f 1974// 1944// 1952//
f 1990// 1985// 1987//
f 1987// 1985// 1974//
f 1987// 1974// 1968//
f 1968// 1974// 1952//
f 1990// 1987// 1993//
f 1993// 1987// 1999//
f 1993// 1999// 1994//
f 1994// 1999// 1996//
f 1994// 1996// 1992//
f 1992// 1996// 1982//
f 1982// 1996// 1975//
f 1982// 1975// 1945//
f 1945// 1975// 1936//
f 1945// 1936// 1943//
f 1943// 1936// 1935//
f 2046// 2087// 2075//
f 1943// 1935// 2012//
f 2095// 2088// 2094//
f 2094// 2088// 2087//
f 2094// 2087// 2093//
f 2077// 2089// 2078//
f 2078// 2089// 2090//
f 2077// 2078// 2076//
f 2076// 2078// 2040//
f 2076// 2040// 2039//
f 2039// 2040// 2016//
f 2016// 2040// 2014//
f 2016// 2014// 1984//
f 1924// 1926// 2011//
f 2011// 1926// 1925//
f 2011// 1925// 1921//
f 1943// 2012// 1945//
f 2046// 2030// 2012//
f 2012// 2030// 2010//
f 2012// 2010// 1945//
f 1920// 1922// 1928//
f 1928// 1922// 1924//
f 1928// 1924// 1935//
f 1935// 1924// 2013//
f 1935// 2013// 2012//
f 2012// 2013// 2044//
f 2012// 2044// 2046//
f 2046// 2044// 2086//
f 2046// 2086// 2087//
f 2087// 2086// 2092//
f 2087// 2092// 2093//
f 1924// 2011// 2013//
f 2013// 2011// 2042//
f 2013// 2042// 2044//
f 2044// 2042// 2085//
f 2044// 2085// 2086//
f 1917// 1984// 1921//
f 1921// 1984// 2014//
f 1921// 2014// 2011//
f 2011// 2014// 2040//
f 2011// 2040// 2042//
f 2042// 2040// 2078//
f 2042// 2078// 2085//
f 2085// 2078// 2090//
f 2085// 2090// 2086//
f 2086// 2090// 2091//
f 2086// 2091// 2092//
f 1922// 1920// 1919//
f 1919// 1920// 1915//
f 1889// 1892// 1887//
f 1887// 1892// 1886//
f 1892// 1895// 1896//
f 1896// 1895// 1899//
f 1896// 1899// 1903//
f 1889// 1890// 1892//
f 1892// 1890// 1891//
f 1892// 1891// 1895//
f 1895// 1891// 1893//
f 1895// 1893// 1894//
f 1894// 1898// 1895//
f 1895// 1898// 1900//
f 1895// 1900// 1899//
f 1899// 1900// 1905//
f 1899// 1905// 1903//
f 1903// 1905// 1906//
f 1903// 1906// 1908//
f 1908// 1906// 1913//
f 1908// 1913// 1915//
f 1859// 1858// 1747//
f 1892// 1896// 1802//
f 1802// 1896// 1903//
f 1802// 1920// 1936//
f 1936// 1920// 1928//
f 1936// 1928// 1935//
f 1911// 1883// 1907//
f 1907// 1883// 1867//
f 1907// 1867// 1747//
f 1747// 1867// 1862//
f 1747// 1862// 1859//
f 1903// 1908// 1802//
f 1802// 1908// 1915//
f 1802// 1915// 1920//
f 1858// 1856// 1747//
f 1747// 1856// 1855//
f 1747// 1855// 1853//
f 1853// 1852// 1747//
f 1747// 1852// 1851//
f 1747// 1851// 1802//
f 1802// 1851// 1886//
f 1802// 1886// 1892//
f 1942// 1934// 1951//
f 1951// 1934// 1929//
f 1951// 1929// 1907//
f 1907// 1929// 1927//
f 1907// 1927// 1911//
f 1942// 1951// 1959//
f 1959// 1951// 1976//
f 1959// 1976// 1979//
f 2160// 2155// 2130//
f 2132// 2125// 2120//
f 1929// 2005// 2006//
f 2006// 2005// 2033//
f 2006// 2033// 2034//
f 2034// 2033// 2082//
f 2034// 2082// 2080//
f 2080// 2082// 2102//
f 2080// 2102// 2100//
f 2100// 2102// 2113//
f 2100// 2113// 2112//
f 2112// 2113// 2159//
f 2112// 2159// 2146//
f 1897// 1911// 1927//
f 1897// 1927// 2008//
f 1911// 1897// 1883//
f 1883// 1897// 1870//
f 1883// 1870// 1867//
f 1901// 1874// 1871//
f 2015// 2004// 2007//
f 2007// 2004// 1983//
f 2007// 1983// 1914//
f 1914// 1983// 1879//
f 1914// 1879// 1877//
f 2015// 2007// 2028//
f 2028// 2007// 2037//
f 2028// 2037// 2038//
f 2038// 2037// 2064//
f 2064// 2037// 2083//
f 2064// 2083// 2084//
f 2084// 2083// 2101//
f 2084// 2101// 2104//
f 2125// 2117// 2120//
f 2120// 2117// 2104//
f 2120// 2104// 2110//
f 2110// 2104// 2101//
f 2126// 2155// 2132//
f 2160// 2130// 2162//
f 2159// 2169// 2146//
f 2146// 2169// 2165//
f 2146// 2165// 2162//
f 2162// 2130// 2146//
f 2146// 2130// 2111//
f 2146// 2111// 2112//
f 2112// 2111// 2098//
f 2112// 2098// 2100//
f 2100// 2098// 2079//
f 2100// 2079// 2080//
f 2080// 2079// 2035//
f 2080// 2035// 2034//
f 2034// 2035// 2008//
f 2034// 2008// 2006//
f 2006// 2008// 1927//
f 2006// 1927// 1929//
f 2155// 2126// 2130//
f 2130// 2126// 2109//
f 2130// 2109// 2111//
f 2111// 2109// 2099//
f 2111// 2099// 2098//
f 2098// 2099// 2081//
f 2098// 2081// 2079//
f 2079// 2081// 2036//
f 2079// 2036// 2035//
f 2035// 2036// 2009//
f 2035// 2009// 2008//
f 2008// 2009// 1901//
f 2008// 1901// 1897//
f 1897// 1901// 1871//
f 1897// 1871// 1870//
f 2132// 2120// 2126//
f 2126// 2120// 2110//
f 2126// 2110// 2109//
f 2109// 2110// 2101//
f 2109// 2101// 2099//
f 2099// 2101// 2083//
f 2099// 2083// 2081//
f 2081// 2083// 2037//
f 2081// 2037// 2036//
f 2036// 2037// 2007//
f 2036// 2007// 2009//
f 2009// 2007// 1914//
f 2009// 1914// 1901//
f 1901// 1914// 1877//
f 1901// 1877// 1874//
f 2104// 2117// 2118//
f 2118// 2121// 2104//
f 2104// 2121// 2122//
f 2104// 2122// 2116//
f 2116// 2115// 2104//
f 2104// 2115// 2108//
f 2104// 2108// 2084//
f 2084// 2108// 2103//
f 2084// 2103// 2096//
f 2039// 2016// 2015//
f 2096// 2089// 2084//
f 2084// 2089// 2077//
f 2084// 2077// 2064//
f 2064// 2077// 2076//
f 2064// 2076// 2038//
f 2038// 2076// 2039//
f 2038// 2039// 2028//
f 2028// 2039// 2015//
f 1917// 1879// 1984//
f 1984// 1879// 1983//
f 1984// 1983// 2016//
f 2016// 1983// 2004//
f 2016// 2004// 2015//
f 2164// 2170// 2143//
f 2170// 2164// 2175//
f 2154// 2158// 2157//
f 2148// 2153// 2150//
f 2134// 2136// 2137//
f 2152// 2149// 2163//
f 2117// 2128// 2129//
f 2117// 2129// 2118//
f 2118// 2129// 2133//
f 2118// 2133// 2121//
f 2121// 2133// 2135//
f 2121// 2135// 2122//
f 2122// 2135// 2131//
f 2122// 2131// 2116//
f 2116// 2131// 2119//
f 2116// 2119// 2115//
f 2096// 2103// 2105//
f 2105// 2103// 2108//
f 2105// 2108// 2114//
f 2107// 2091// 2090//
f 2094// 2093// 2106//
f 2106// 2093// 2092//
f 2095// 2094// 2097//
f 2097// 2094// 2106//
f 2097// 2106// 2182//
f 2106// 2168// 2182//
f 2182// 2168// 2180//
f 2182// 2180// 2184//
f 2178// 2183// 2179//
f 2179// 2183// 2184//
f 2179// 2184// 2181//
f 2181// 2184// 2180//
f 2166// 2163// 2173//
f 2173// 2163// 2167//
f 2173// 2167// 2174//
f 2142// 2139// 2144//
f 2092// 2091// 2106//
f 2106// 2091// 2107//
f 2106// 2107// 2168//
f 2168// 2107// 2143//
f 2168// 2143// 2180//
f 2180// 2143// 2170//
f 2180// 2170// 2181//
f 2181// 2170// 2175//
f 2181// 2175// 2179//
f 2136// 2139// 2137//
f 2137// 2139// 2142//
f 2137// 2142// 2140//
f 2145// 2140// 2150//
f 2150// 2140// 2142//
f 2150// 2142// 2148//
f 2148// 2142// 2144//
f 2148// 2144// 2147//
f 2147// 2151// 2148//
f 2148// 2151// 2156//
f 2148// 2156// 2153//
f 2153// 2156// 2158//
f 2153// 2158// 2150//
f 2150// 2158// 2154//
f 2150// 2154// 2145//
f 2145// 2154// 2157//
f 2145// 2157// 2141//
f 2108// 2115// 2114//
f 2114// 2115// 2119//
f 2114// 2119// 2138//
f 2138// 2119// 2131//
f 2147// 2149// 2151//
f 2151// 2149// 2152//
f 2151// 2152// 2156//
f 2156// 2152// 2163//
f 2156// 2163// 2158//
f 2158// 2163// 2166//
f 2158// 2166// 2157//
f 2157// 2166// 2138//
f 2157// 2138// 2141//
f 2141// 2138// 2131//
f 2141// 2131// 2145//
f 2145// 2131// 2135//
f 2145// 2135// 2140//
f 2140// 2135// 2133//
f 2140// 2133// 2137//
f 2137// 2133// 2129//
f 2137// 2129// 2134//
f 2134// 2129// 2128//
f 2134// 2128// 2127//
f 2127// 2128// 2117//
f 2127// 2117// 2124//
f 2124// 2117// 2123//
f 2089// 2096// 2090//
f 2090// 2096// 2105//
f 2090// 2105// 2107//
f 2107// 2105// 2114//
f 2107// 2114// 2143//
f 2143// 2114// 2138//
f 2143// 2138// 2164//
f 2164// 2138// 2166//
f 2164// 2166// 2175//
f 2175// 2166// 2173//
f 2175// 2173// 2179//
f 2179// 2173// 2174//
f 2179// 2174// 2178//
f 2188// 2187// 2052//
f 2187// 2186// 2052//
f 2052// 2186// 2185//
f 2052// 2185// 2072//
f 2072// 2185// 2074//
f 2072// 2074// 2073//
f 2026// 2234// 2052//
f 2052// 2234// 2210//
f 2052// 2210// 2188//
f 2218// 2275// 2271//
f 2046// 2075// 2269//
f 2269// 2075// 2087//
f 2269// 2087// 2271//
f 2271// 2087// 2088//
f 2271// 2088// 2218//
f 2218// 2088// 2095//
f 2046// 2269// 2030//
f 2030// 2269// 2267//
f 2030// 2267// 2010//
f 1882// 1967// 1828//
f 1828// 1967// 1825//
f 1882// 1944// 1967//
f 1967// 1944// 2264//
f 1967// 2264// 2026//
f 2026// 2264// 2247//
f 2026// 2247// 2234//
f 1945// 2010// 1982//
f 1982// 2010// 2267//
f 1982// 2267// 1992//
f 1992// 2267// 1994//
f 1944// 1974// 2264//
f 2264// 1974// 1985//
f 2264// 1985// 2266//
f 2266// 1985// 1990//
f 2266// 1990// 2267//
f 2267// 1990// 1993//
f 2267// 1993// 1994//
f 2205// 2203// 2201//
f 2201// 2203// 2200//
f 2195// 2192// 2194//
f 2190// 2187// 2188//
f 2185// 2186// 2191//
f 2191// 2186// 2187//
f 2187// 2190// 2191//
f 2191// 2190// 2197//
f 2191// 2197// 2198//
f 2198// 2197// 2204//
f 2198// 2204// 2206//
f 2206// 2204// 2226//
f 2206// 2226// 2228//
f 2228// 2226// 2239//
f 2228// 2239// 2241//
f 2241// 2239// 2250//
f 2241// 2250// 2252//
f 2252// 2250// 2256//
f 2252// 2256// 2258//
f 2259// 2257// 2253//
f 2253// 2257// 2251//
f 2253// 2251// 2240//
f 2211// 2212// 2227//
f 2227// 2212// 2229//
f 2227// 2229// 2240//
f 2240// 2229// 2242//
f 2240// 2242// 2253//
f 2257// 2254// 2251//
f 2251// 2254// 2249//
f 2251// 2249// 2240//
f 2240// 2249// 2238//
f 2240// 2238// 2227//
f 2227// 2238// 2225//
f 2227// 2225// 2211//
f 2211// 2225// 2203//
f 2211// 2203// 2207//
f 2207// 2203// 2205//
f 2254// 2255// 2249//
f 2249// 2255// 2248//
f 2249// 2248// 2238//
f 2238// 2248// 2237//
f 2238// 2237// 2225//
f 2225// 2237// 2224//
f 2225// 2224// 2203//
f 2203// 2224// 2202//
f 2203// 2202// 2200//
f 2200// 2202// 2195//
f 2200// 2195// 2196//
f 2196// 2195// 2194//
f 2255// 2256// 2248//
f 2248// 2256// 2250//
f 2248// 2250// 2237//
f 2237// 2250// 2239//
f 2237// 2239// 2224//
f 2224// 2239// 2226//
f 2224// 2226// 2202//
f 2202// 2226// 2204//
f 2202// 2204// 2195//
f 2195// 2204// 2197//
f 2195// 2197// 2192//
f 2192// 2197// 2190//
f 2192// 2190// 2189//
f 2189// 2190// 2188//
f 2229// 2230// 2242//
f 2242// 2230// 2243//
f 2242// 2243// 2253//
f 2253// 2243// 2260//
f 2253// 2260// 2259//
f 2189// 2188// 2210//
f 2212// 2231// 2229//
f 2229// 2231// 2230//
f 2244// 2261// 2243//
f 2243// 2261// 2260//
f 2262// 2261// 2245//
f 2245// 2261// 2244//
f 2245// 2244// 2232//
f 2247// 2264// 2263//
f 2263// 2246// 2247//
f 2247// 2246// 2233//
f 2247// 2233// 2234//
f 2234// 2233// 2209//
f 2234// 2209// 2210//
f 2201// 2200// 2209//
f 2200// 2196// 2209//
f 2209// 2196// 2194//
f 2209// 2194// 2210//
f 2210// 2194// 2192//
f 2210// 2192// 2189//
f 2208// 2207// 2205//
f 2243// 2230// 2244//
f 2244// 2230// 2231//
f 2244// 2231// 2232//
f 2232// 2231// 2212//
f 2232// 2212// 2208//
f 2208// 2212// 2211//
f 2208// 2211// 2207//
f 2263// 2262// 2246//
f 2246// 2262// 2245//
f 2246// 2245// 2233//
f 2233// 2245// 2232//
f 2233// 2232// 2209//
f 2209// 2232// 2208//
f 2209// 2208// 2201//
f 2201// 2208// 2205//
f 2262// 2263// 2264//
f 2254// 2257// 2255//
f 2255// 2257// 2259//
f 2260// 2258// 2259//
f 2259// 2258// 2256//
f 2259// 2256// 2255//
f 2279// 2278// 2280//
f 2280// 2278// 2277//
f 2267// 2269// 2268//
f 2268// 2269// 2271//
f 2268// 2271// 2270//
f 2270// 2271// 2275//
f 2270// 2275// 2272//
f 2272// 2275// 2280//
f 2272// 2280// 2273//
f 2267// 2268// 2266//
f 2266// 2268// 2265//
f 2266// 2265// 2264//
f 2264// 2265// 2258//
f 2264// 2258// 2262//
f 2262// 2258// 2260//
f 2262// 2260// 2261//
f 2277// 2276// 2280//
f 2280// 2276// 2274//
f 2280// 2274// 2273//
f 2228// 2241// 2213//
f 2032// 2048// 2213//
f 2213// 2048// 2063//
f 2213// 2063// 2071//
f 2071// 2074// 2185//
f 2185// 2191// 2071//
f 2071// 2191// 2198//
f 2071// 2198// 2213//
f 2213// 2198// 2206//
f 2213// 2206// 2228//
f 1932// 1850// 2193//
f 2193// 1850// 2213//
f 1950// 2003// 2213//
f 1950// 2213// 1933//
f 1933// 2213// 1850//
f 1933// 1850// 1817//
f 2003// 2021// 2213//
f 2213// 2021// 2027//
f 2213// 2027// 2032//
f 1942// 2005// 1934//
f 1934// 2005// 1929//
f 1979// 1981// 2199//
f 2199// 1981// 2193//
f 2193// 1981// 1980//
f 2193// 1980// 1966//
f 1966// 1963// 2193//
f 2193// 1963// 1941//
f 2193// 1941// 1932//
f 1942// 1959// 2005//
f 2005// 1959// 1979//
f 2005// 1979// 2033//
f 2033// 1979// 2199//
f 2033// 2199// 2082//
f 2113// 2102// 2216//
f 2159// 2217// 2169//
f 2169// 2217// 2219//
f 2169// 2219// 2171//
f 2171// 2219// 2176//
f 2176// 2219// 2220//
f 2176// 2220// 2177//
f 2177// 2220// 2221//
f 2177// 2221// 2183//
f 2183// 2221// 2223//
f 2183// 2223// 2184//
f 2184// 2223// 2222//
f 2184// 2222// 2182//
f 2218// 2095// 2222//
f 2222// 2095// 2097//
f 2222// 2097// 2182//
f 2270// 2272// 2217//
f 2217// 2272// 2273//
f 2217// 2273// 2219//
f 2219// 2273// 2274//
f 2219// 2274// 2220//
f 2216// 2215// 2236//
f 2236// 2215// 2214//
f 2236// 2214// 2235//
f 2159// 2113// 2217//
f 2217// 2113// 2216//
f 2217// 2216// 2270//
f 2270// 2216// 2236//
f 2270// 2236// 2268//
f 2268// 2236// 2235//
f 2268// 2235// 2265//
f 2265// 2235// 2252//
f 2265// 2252// 2258//
f 2102// 2082// 2216//
f 2216// 2082// 2199//
f 2216// 2199// 2215//
f 2215// 2199// 2193//
f 2215// 2193// 2214//
f 2214// 2193// 2213//
f 2214// 2213// 2235//
f 2235// 2213// 2241//
f 2235// 2241// 2252//
f 2275// 2218// 2280//
f 2280// 2218// 2222//
f 2280// 2222// 2279//
f 2279// 2222// 2223//
f 2279// 2223// 2278//
f 2278// 2223// 2221//
f 2278// 2221// 2277//
f 2277// 2221// 2220//
f 2277// 2220// 2276//
f 2276// 2220// 2274//
f 1784// 1714// 1710//
f 1933// 1817// 1784//
f 2074// 2071// 2073//
f 2073// 2071// 2072//
f 2071// 2063// 2072//
f 2072// 2063// 2048//
f 2072// 2048// 2070//
f 2070// 2048// 2045//
f 2070// 2045// 2069//
f 2041// 2065// 2043//
f 2043// 2065// 2067//
f 2043// 2067// 2068//
f 2041// 2031// 2058//
f 2058// 2059// 2041//
f 2041// 2059// 2061//
f 2041// 2061// 2065//
f 2002// 2020// 2018//
f 1949// 1948// 1930//
f 1930// 1948// 1807//
f 1718// 1807// 1716//
f 1716// 1807// 1948//
f 1716// 1948// 1713//
f 1713// 1948// 1946//
f 1710// 1708// 1946//
f 1946// 1708// 1711//
f 1946// 1711// 1713//
f 1710// 1947// 1784//
f 1784// 1947// 1950//
f 1784// 1950// 1933//
f 2020// 2031// 2018//
f 2018// 2031// 2041//
f 2018// 2041// 2017//
f 2017// 2041// 2043//
f 2017// 2043// 2045//
f 2045// 2043// 2068//
f 2045// 2068// 2069//
f 1710// 1946// 1947//
f 1947// 1946// 2019//
f 1947// 2019// 1950//
f 1950// 2019// 2021//
f 1950// 2021// 2003//
f 1949// 2002// 1948//
f 1948// 2002// 2018//
f 1948// 2018// 1946//
f 1946// 2018// 2017//
f 1946// 2017// 2019//
f 2019// 2017// 2045//
f 2019// 2045// 2021//
f 2021// 2045// 2048//
f 2021// 2048// 2027//
f 2027// 2048// 2032//
f 1695// 1684// 1687//
f 1697// 1698// 1696//
f 1714// 1698// 1710//
f 1710// 1698// 1697//
f 1710// 1697// 1708//
f 1718// 1716// 1707//
f 1707// 1716// 1713//
f 1707// 1713// 1697//
f 1697// 1713// 1711//
f 1697// 1711// 1708//
f 1682// 1694// 1686//
f 1686// 1694// 1703//
f 1686// 1703// 1699//
f 1699// 1701// 1686//
f 1686// 1701// 1687//
f 1686// 1687// 1682//
f 1682// 1687// 1684//
f 1703// 1705// 1699//
f 1699// 1705// 1718//
f 1699// 1718// 1701//
f 1701// 1718// 1707//
f 1701// 1707// 1687//
f 1687// 1707// 1697//
f 1687// 1697// 1695//
f 1695// 1697// 1696//
f 1683// 1691// 1680//
f 1684// 1681// 1680//
f 1671// 1674// 1675//
f 1675// 1674// 1676//
f 1675// 1676// 1679//
f 1684// 1680// 1682//
f 1682// 1680// 1691//
f 1682// 1691// 1694//
f 1679// 1683// 1675//
f 1675// 1683// 1680//
f 1675// 1680// 1678//
f 1678// 1680// 1681//
f 1678// 1681// 1689//
f 1689// 1681// 1684//
f 1689// 1684// 1693//
f 1693// 1684// 1695//
f 1693// 1695// 1696//
f 1724// 1683// 1679//
f 1724// 1679// 1676//
f 1724// 1676// 1722//
f 1722// 1676// 1674//
f 1722// 1674// 1671//
f 1724// 1727// 1683//
f 1683// 1727// 1729//
f 1683// 1729// 1691//
f 1691// 1729// 1730//
f 1691// 1730// 1694//
f 1592// 1762// 1752//
f 1784// 1783// 1714//
f 1714// 1783// 1572//
f 1808// 1772// 1821//
f 1821// 1772// 1771//
f 1821// 1771// 1592//
f 1592// 1771// 1768//
f 1592// 1768// 1762//
f 1752// 1746// 1592//
f 1592// 1746// 1742//
f 1592// 1742// 1728//
f 1728// 1725// 1592//
f 1592// 1725// 1722//
f 1592// 1722// 1572//
f 1572// 1722// 1671//
f 1572// 1671// 1675//
f 1675// 1678// 1572//
f 1572// 1678// 1689//
f 1572// 1689// 1693//
f 1693// 1696// 1572//
f 1572// 1696// 1698//
f 1572// 1698// 1714//
f 1802// 1670// 1747//
f 1747// 1670// 1632//
f 1632// 1670// 1599//
f 1599// 1670// 1614//
f 1599// 1614// 1587//
f 1587// 1614// 1575//
f 1587// 1575// 1554//
f 1554// 1575// 1557//
f 1554// 1557// 1540//
f 1540// 1557// 1555//
f 1540// 1555// 1533//
f 1533// 1555// 1538//
f 1538// 1555// 1567//
f 1538// 1567// 1553//
f 1553// 1567// 1592//
f 1553// 1592// 1572//
f 1538// 1221// 1295//
f 1295// 1486// 1538//
f 1538// 1486// 1497//
f 1538// 1497// 1533//
f 1533// 1497// 1512//
f 1533// 1512// 1540//
f 1540// 1512// 1532//
f 1540// 1532// 1554//
f 1554// 1532// 1546//
f 1554// 1546// 1587//
f 1396// 1439// 1520//
f 1520// 1439// 1599//
f 1520// 1599// 1541//
f 1541// 1599// 1587//
f 1541// 1587// 1547//
f 1547// 1587// 1546//
f 1538// 1584// 1581//
f 1207// 1221// 1538//
f 1538// 1581// 1207//
f 1207// 1581// 1580//
f 1207// 1580// 1190//
f 1190// 1580// 1578//
f 1190// 1578// 1179//
f 1179// 1578// 1576//
f 1179// 1576// 1171//
f 1632// 1599// 1747//
f 1747// 1599// 1692//
f 1747// 1692// 1907//
f 1960// 1788// 1931//
f 1931// 1788// 1757//
f 1931// 1757// 1844//
f 1844// 1757// 1783//
f 1692// 1777// 1907//
f 1907// 1777// 1794//
f 1907// 1794// 1951//
f 1951// 1794// 1788//
f 1951// 1788// 1976//
f 1976// 1788// 1960//
f 1976// 1960// 1973//
f 1538// 1553// 1584//
f 1584// 1553// 1572//
f 1584// 1572// 1619//
f 1619// 1572// 1783//
f 1619// 1783// 1658//
f 1658// 1783// 1757//
f 1599// 1439// 1446//
f 1702// 1692// 1599//
f 1599// 1446// 1702//
f 1702// 1446// 1448//
f 1702// 1448// 1706//
f 1706// 1448// 1445//
f 1706// 1445// 1700//
f 1700// 1445// 1437//
f 1700// 1437// 1690//
f 1654// 1690// 1341//
f 1341// 1690// 1437//
f 1341// 1437// 1422//
f 1422// 1420// 1341//
f 1341// 1420// 1421//
f 1341// 1421// 1414//
f 1414// 1421// 1423//
f 1414// 1423// 1438//
f 1341// 1414// 1288//
f 1288// 1414// 1355//
f 1288// 1355// 1200//
f 1200// 1355// 1262//
f 1200// 1262// 1153//
f 1153// 1262// 1118//
f 1153// 1118// 1064//
f 1064// 1118// 965//
f 965// 1118// 1066//
f 931// 953// 907//
f 436// 435// 428//
f 1104// 1507// 1543//
f 1654// 1569// 1751//
f 1121// 1127// 1153//
f 635// 608// 580//
f 635// 580// 466//
f 1153// 1127// 1200//
f 1125// 1131// 1126//
f 1126// 1119// 1125//
f 1125// 1119// 1109//
f 1125// 1109// 1065//
f 1127// 1132// 1200//
f 1200// 1132// 1135//
f 1200// 1135// 1131//
f 1109// 1103// 1065//
f 1065// 1103// 1098//
f 1065// 1098// 1100//
f 1121// 1153// 1112//
f 1112// 1153// 1064//
f 1112// 1064// 1105//
f 608// 635// 965//
f 965// 635// 1065//
f 965// 1065// 1064//
f 1064// 1065// 1100//
f 1064// 1100// 1105//
f 1131// 1125// 1200//
f 1200// 1125// 1151//
f 1200// 1151// 1288//
f 1569// 1654// 1151//
f 1151// 1654// 1341//
f 1151// 1341// 1288//
f 1565// 1776// 1751//
f 1585// 1589// 1565//
f 1565// 1589// 1591//
f 1776// 1629// 1740//
f 1740// 1629// 1625//
f 1740// 1625// 1720//
f 1720// 1625// 1613//
f 1720// 1613// 1597//
f 1591// 1603// 1565//
f 1565// 1603// 1616//
f 1565// 1616// 1776//
f 1776// 1616// 1626//
f 1776// 1626// 1629//
f 1590// 1543// 1664//
f 1590// 1664// 1597//
f 1597// 1664// 1712//
f 1597// 1712// 1720//
f 1104// 1563// 1507//
f 1507// 1563// 1593//
f 1507// 1593// 1543//
f 1543// 1593// 1648//
f 1543// 1648// 1664//
f 1543// 1086// 1104//
f 1104// 1086// 1017//
f 1104// 1017// 1052//
f 1052// 1017// 860//
f 606// 602// 907//
f 907// 602// 455//
f 580// 467// 466//
f 466// 467// 445//
f 466// 445// 462//
f 462// 445// 429//
f 462// 429// 440//
f 440// 429// 428//
f 440// 428// 438//
f 438// 428// 435//
f 627// 586// 607//
f 607// 586// 582//
f 607// 582// 538//
f 440// 502// 479//
f 479// 475// 440//
f 440// 475// 477//
f 440// 477// 462//
f 462// 477// 484//
f 484// 518// 462//
f 462// 518// 555//
f 462// 555// 466//
f 466// 555// 583//
f 466// 583// 635//
f 635// 583// 587//
f 635// 587// 627//
f 627// 587// 588//
f 627// 588// 586//
f 1551// 1549// 1583//
f 1583// 1549// 1588//
f 659// 649// 607//
f 607// 649// 646//
f 607// 646// 627//
f 627// 646// 650//
f 957// 974// 874//
f 853// 823// 943//
f 943// 823// 798//
f 943// 798// 933//
f 874// 974// 891//
f 891// 974// 1005//
f 891// 1005// 895//
f 895// 1005// 1054//
f 895// 1054// 881//
f 865// 1065// 702//
f 702// 1065// 635//
f 702// 635// 680//
f 680// 635// 627//
f 680// 627// 663//
f 663// 627// 650//
f 1133// 1149// 1141//
f 1501// 1506// 1565//
f 1506// 1503// 1565//
f 1565// 1503// 1551//
f 1565// 1551// 1585//
f 1585// 1551// 1583//
f 1149// 1198// 1141//
f 1141// 1198// 1257//
f 1141// 1257// 1565//
f 1565// 1257// 1493//
f 1565// 1493// 1501//
f 1503// 1499// 1551//
f 1551// 1499// 1490//
f 1551// 1490// 1549//
f 1549// 1490// 1543//
f 1549// 1543// 1588//
f 1588// 1543// 1590//
f 1128// 1099// 1130//
f 1130// 1099// 1092//
f 1130// 1092// 1146//
f 1146// 1092// 1086//
f 1146// 1086// 1477//
f 1477// 1086// 1543//
f 1477// 1543// 1483//
f 1483// 1543// 1490//
f 1005// 1057// 1054//
f 1054// 1057// 1080//
f 1054// 1080// 1117//
f 1068// 1085// 1059//
f 874// 853// 957//
f 957// 853// 943//
f 957// 943// 972//
f 972// 943// 1003//
f 1128// 1133// 1099//
f 1099// 1133// 1141//
f 1099// 1141// 1102//
f 1080// 1096// 1117//
f 1117// 1096// 1107//
f 1117// 1107// 1141//
f 1141// 1107// 1108//
f 1141// 1108// 1102//
f 436// 455// 435//
f 435// 455// 602//
f 435// 602// 438//
f 438// 602// 606//
f 438// 606// 440//
f 440// 606// 607//
f 440// 607// 502//
f 502// 607// 538//
f 1059// 1003// 1068//
f 1068// 1003// 943//
f 1068// 943// 1062//
f 1062// 943// 933//
f 1062// 933// 1051//
f 898// 883// 848//
f 898// 848// 928//
f 928// 848// 951//
f 928// 951// 948//
f 883// 878// 848//
f 848// 878// 885//
f 848// 885// 907//
f 907// 885// 906//
f 907// 906// 931//
f 659// 607// 798//
f 798// 607// 606//
f 798// 606// 933//
f 933// 606// 907//
f 933// 907// 1051//
f 1051// 907// 953//
f 1051// 953// 969//
f 969// 978// 1051//
f 1051// 978// 976//
f 1051// 976// 951//
f 951// 976// 963//
f 951// 963// 948//
f 455// 736// 907//
f 907// 736// 776//
f 907// 776// 848//
f 848// 776// 860//
f 848// 860// 951//
f 951// 860// 1017//
f 951// 1017// 1051//
f 1051// 1017// 1086//
f 1051// 1086// 1062//
f 1062// 1086// 1092//
f 1062// 1092// 1068//
f 1068// 1092// 1099//
f 1068// 1099// 1085//
f 1085// 1099// 1102//
f 1751// 1569// 1565//
f 1565// 1569// 1151//
f 1565// 1151// 1141//
f 1141// 1151// 1125//
f 1141// 1125// 1117//
f 1117// 1125// 1065//
f 1117// 1065// 1054//
f 1054// 1065// 865//
f 1054// 865// 881//
f 1627// 1611// 1590//
f 1651// 1650// 1611//
f 1611// 1650// 1610//
f 1611// 1610// 1590//
f 1717// 1775// 1737//
f 1737// 1775// 1787//
f 1737// 1787// 1749//
f 1749// 1787// 1789//
f 1749// 1789// 1733//
f 1733// 1789// 1786//
f 1733// 1786// 1709//
f 1709// 1786// 1774//
f 1709// 1774// 1662//
f 1662// 1774// 1745//
f 1662// 1745// 1651//
f 1651// 1745// 1704//
f 1651// 1704// 1650//
f 1590// 1597// 1627//
f 1627// 1597// 1613//
f 1627// 1613// 1634//
f 1634// 1613// 1625//
f 1634// 1625// 1646//
f 1646// 1625// 1629//
f 1646// 1629// 1649//
f 1649// 1629// 1626//
f 1649// 1626// 1647//
f 1647// 1626// 1616//
f 1647// 1616// 1637//
f 1704// 1668// 1650//
f 1650// 1668// 1644//
f 1644// 1668// 1642//
f 1642// 1668// 1661//
f 1642// 1661// 1639//
f 1639// 1661// 1638//
f 1638// 1661// 1665//
f 1638// 1665// 1641//
f 1641// 1665// 1643//
f 1643// 1665// 1672//
f 1643// 1672// 1645//
f 1645// 1672// 1652//
f 1652// 1672// 1719//
f 1652// 1719// 1656//
f 1656// 1719// 1663//
f 1663// 1719// 1755//
f 1663// 1755// 1667//
f 1628// 1636// 1616//
f 1616// 1636// 1637//
f 1637// 1636// 1715//
f 1637// 1715// 1717//
f 1667// 1755// 1715//
f 1715// 1755// 1775//
f 1715// 1775// 1717//
f 1616// 1603// 1628//
f 1628// 1603// 1591//
f 1628// 1591// 1620//
f 1620// 1591// 1612//
f 1612// 1591// 1589//
f 1612// 1589// 1606//
f 1606// 1589// 1604//
f 1604// 1589// 1585//
f 1604// 1585// 1600//
f 1600// 1585// 1595//
f 1595// 1585// 1583//
f 1595// 1583// 1596//
f 1596// 1583// 1588//
f 1596// 1588// 1602//
f 1602// 1588// 1590//
f 1602// 1590// 1610//
f 1137// 1253// 1090//
f 722// 723// 600//
f 600// 723// 726//
f 600// 726// 923//
f 1640// 1704// 1735//
f 1735// 1704// 1745//
f 1735// 1745// 1810//
f 1810// 1745// 1774//
f 1810// 1774// 1832//
f 1832// 1774// 1786//
f 1832// 1786// 1843//
f 1843// 1786// 1789//
f 1843// 1789// 1835//
f 1835// 1789// 1787//
f 1835// 1787// 1816//
f 1090// 1253// 1094//
f 923// 1279// 1002//
f 1002// 1279// 1297//
f 1002// 1297// 1101//
f 1090// 1072// 1137//
f 1137// 1072// 766//
f 1137// 766// 657//
f 657// 766// 740//
f 657// 740// 727//
f 600// 629// 722//
f 722// 629// 636//
f 722// 636// 724//
f 724// 636// 638//
f 724// 638// 727//
f 727// 638// 640//
f 727// 640// 657//
f 1787// 1775// 1816//
f 1816// 1775// 1755//
f 1816// 1755// 1479//
f 1479// 1755// 1719//
f 1479// 1719// 1672//
f 726// 968// 923//
f 923// 968// 1025//
f 923// 1025// 1279//
f 1279// 1025// 1067//
f 1279// 1067// 1303//
f 1303// 1067// 1088//
f 1303// 1088// 1338//
f 1509// 1665// 1334//
f 1334// 1665// 1661//
f 1334// 1661// 1640//
f 1640// 1661// 1668//
f 1640// 1668// 1704//
f 1101// 1297// 1205//
f 1205// 1297// 1337//
f 1205// 1337// 1334//
f 1334// 1337// 1498//
f 1334// 1498// 1509//
f 640// 639// 657//
f 657// 639// 637//
f 657// 637// 633//
f 633// 637// 632//
f 633// 632// 603//
f 603// 632// 625//
f 603// 625// 578//
f 625// 618// 578//
f 578// 618// 615//
f 578// 615// 530//
f 530// 615// 614//
f 530// 614// 574//
f 574// 614// 617//
f 574// 617// 600//
f 600// 617// 621//
f 600// 621// 629//
f 1509// 1526// 1665//
f 1665// 1526// 1545//
f 1665// 1545// 1672//
f 1672// 1545// 1550//
f 1550// 1552// 1672//
f 1672// 1552// 1548//
f 1672// 1548// 1479//
f 1479// 1548// 1536//
f 1479// 1536// 1409//
f 1088// 1094// 1338//
f 1338// 1094// 1253//
f 1338// 1253// 1352//
f 1352// 1253// 1367//
f 1352// 1367// 1409//
f 1409// 1367// 1471//
f 1409// 1471// 1479//
f 600// 923// 916//
f 600// 916// 597//
f 597// 916// 902//
f 597// 902// 595//
f 595// 902// 890//
f 595// 890// 592//
f 592// 890// 887//
f 592// 887// 589//
f 662// 661// 631//
f 661// 657// 633//
f 661// 633// 631//
f 631// 633// 603//
f 631// 603// 601//
f 601// 603// 578//
f 601// 578// 567//
f 567// 578// 530//
f 567// 530// 511//
f 511// 530// 574//
f 511// 574// 552//
f 656// 660// 630//
f 630// 660// 662//
f 574// 600// 552//
f 552// 600// 597//
f 552// 597// 595//
f 662// 631// 630//
f 630// 631// 601//
f 630// 601// 599//
f 599// 601// 567//
f 599// 567// 540//
f 540// 567// 511//
f 540// 511// 496//
f 496// 511// 552//
f 496// 552// 535//
f 535// 552// 595//
f 535// 595// 592//
f 656// 630// 628//
f 628// 630// 599//
f 628// 599// 596//
f 596// 599// 540//
f 596// 540// 533//
f 533// 540// 496//
f 533// 496// 482//
f 482// 496// 535//
f 482// 535// 525//
f 525// 535// 592//
f 525// 592// 589//
f 1137// 657// 661//
f 1137// 661// 1139//
f 1139// 661// 662//
f 1139// 662// 1140//
f 1140// 662// 660//
f 1140// 660// 1138//
f 1138// 660// 656//
f 1138// 656// 1136//
f 1136// 1229// 1138//
f 1138// 1229// 1242//
f 1138// 1242// 1140//
f 1140// 1242// 1248//
f 1140// 1248// 1139//
f 1139// 1248// 1251//
f 1139// 1251// 1137//
f 1137// 1251// 1253//
f 1471// 1367// 1472//
f 1472// 1367// 1373//
f 1472// 1373// 1474//
f 1474// 1373// 1375//
f 1474// 1375// 1475//
f 1475// 1375// 1371//
f 1475// 1371// 1473//
f 1473// 1371// 1365//
f 1367// 1253// 1373//
f 1373// 1253// 1251//
f 1373// 1251// 1375//
f 1375// 1251// 1248//
f 1375// 1248// 1371//
f 1371// 1248// 1242//
f 1371// 1242// 1365//
f 1365// 1242// 1229//
f 1473// 1478// 1475//
f 1475// 1478// 1480//
f 1475// 1480// 1474//
f 1474// 1480// 1482//
f 1474// 1482// 1472//
f 1472// 1482// 1481//
f 1472// 1481// 1471//
f 1471// 1481// 1479//
f 1816// 1479// 1481//
f 1816// 1481// 1819//
f 1819// 1481// 1482//
f 1819// 1482// 1820//
f 1820// 1482// 1480//
f 1820// 1480// 1818//
f 1818// 1480// 1478//
f 1818// 1478// 1815//
f 1846// 1847// 1849//
f 1842// 1833// 1836//
f 1829// 1809// 1811//
f 1796// 1721// 1723//
f 1640// 1735// 1635//
f 1635// 1735// 1732//
f 1635// 1732// 1633//
f 1633// 1732// 1726//
f 1633// 1726// 1631//
f 1631// 1726// 1723//
f 1631// 1723// 1630//
f 1630// 1723// 1721//
f 1809// 1796// 1811//
f 1811// 1796// 1723//
f 1811// 1723// 1813//
f 1813// 1723// 1726//
f 1813// 1726// 1812//
f 1812// 1726// 1732//
f 1812// 1732// 1810//
f 1810// 1732// 1735//
f 1833// 1829// 1836//
f 1836// 1829// 1811//
f 1836// 1811// 1837//
f 1837// 1811// 1813//
f 1837// 1813// 1834//
f 1834// 1813// 1812//
f 1834// 1812// 1832//
f 1832// 1812// 1810//
f 1832// 1843// 1834//
f 1834// 1843// 1845//
f 1834// 1845// 1837//
f 1837// 1845// 1848//
f 1837// 1848// 1836//
f 1836// 1848// 1849//
f 1836// 1849// 1842//
f 1842// 1849// 1847//
f 1843// 1835// 1845//
f 1845// 1835// 1838//
f 1845// 1838// 1848//
f 1848// 1838// 1840//
f 1848// 1840// 1849//
f 1849// 1840// 1841//
f 1849// 1841// 1846//
f 1846// 1841// 1839//
f 1835// 1816// 1838//
f 1838// 1816// 1819//
f 1838// 1819// 1840//
f 1840// 1819// 1820//
f 1840// 1820// 1841//
f 1841// 1820// 1818//
f 1841// 1818// 1839//
f 1839// 1818// 1815//
f 1334// 1640// 1635//
f 1334// 1635// 1330//
f 1330// 1635// 1633//
f 1330// 1633// 1317//
f 1317// 1633// 1631//
f 1317// 1631// 1300//
f 1300// 1631// 1630//
f 1300// 1630// 1290//
f 1290// 1176// 1300//
f 1300// 1176// 1184//
f 1300// 1184// 1317//
f 1317// 1184// 1193//
f 1317// 1193// 1330//
f 1330// 1193// 1201//
f 1330// 1201// 1334//
f 1334// 1201// 1205//
f 1002// 1101// 993//
f 993// 1101// 1097//
f 993// 1097// 984//
f 984// 1097// 1091//
f 984// 1091// 975//
f 975// 1091// 1089//
f 975// 1089// 967//
f 967// 1089// 1087//
f 1101// 1205// 1097//
f 1097// 1205// 1201//
f 1097// 1201// 1091//
f 1091// 1201// 1193//
f 1091// 1193// 1089//
f 1089// 1193// 1184//
f 1089// 1184// 1087//
f 1087// 1184// 1176//
f 967// 887// 975//
f 975// 887// 890//
f 975// 890// 984//
f 984// 890// 902//
f 984// 902// 993//
f 993// 902// 916//
f 993// 916// 1002//
f 1002// 916// 923//
f 967// 897// 887//
f 887// 897// 851//
f 887// 851// 589//
f 589// 851// 613//
f 589// 613// 579//
f 641// 656// 628//
f 641// 628// 616//
f 616// 628// 596//
f 616// 596// 584//
f 584// 596// 533//
f 584// 533// 478//
f 478// 533// 482//
f 478// 482// 465//
f 465// 482// 525//
f 465// 525// 474//
f 474// 525// 589//
f 474// 589// 579//
f 387// 474// 550//
f 550// 474// 579//
f 550// 579// 612//
f 612// 579// 613//
f 485// 648// 641//
f 641// 648// 696//
f 641// 696// 698//
f 478// 314// 336//
f 312// 314// 339//
f 339// 314// 478//
f 339// 478// 387//
f 387// 478// 465//
f 387// 465// 474//
f 641// 616// 485//
f 485// 616// 584//
f 485// 584// 433//
f 433// 584// 478//
f 433// 478// 354//
f 354// 478// 336//
f 1114// 1136// 698//
f 698// 1136// 656//
f 698// 656// 641//
f 708// 725// 698//
f 698// 725// 732//
f 698// 732// 1114//
f 1114// 732// 997//
f 1114// 997// 1155//
f 1500// 1491// 1566//
f 994// 851// 1211//
f 1211// 851// 897//
f 1211// 897// 1240//
f 1240// 897// 1053//
f 1240// 1053// 1264//
f 994// 1211// 1048//
f 1048// 1211// 1245//
f 1048// 1245// 1058//
f 1058// 1245// 1270//
f 1058// 1270// 1050//
f 1053// 1142// 1264//
f 1264// 1142// 1252//
f 1264// 1252// 1484//
f 1484// 1252// 1570//
f 1484// 1570// 1491//
f 1491// 1570// 1562//
f 1491// 1562// 1566//
f 994// 944// 851//
f 851// 944// 884//
f 851// 884// 613//
f 1666// 1343// 1624//
f 1624// 1343// 1504//
f 1624// 1504// 1586//
f 1586// 1504// 1516//
f 997// 1050// 1155//
f 1155// 1050// 1270//
f 1155// 1270// 1339//
f 1339// 1270// 1332//
f 1339// 1332// 1419//
f 1419// 1332// 1343//
f 1419// 1343// 1476//
f 1476// 1343// 1666//
f 884// 720// 613//
f 613// 720// 714//
f 613// 714// 643//
f 643// 714// 712//
f 643// 712// 693//
f 693// 712// 716//
f 693// 716// 708//
f 708// 716// 721//
f 708// 721// 725//
f 1516// 1523// 1586//
f 1586// 1523// 1521//
f 1586// 1521// 1566//
f 1566// 1521// 1513//
f 1566// 1513// 1500//
f 534// 536// 611//
f 536// 550// 612//
f 536// 612// 611//
f 611// 612// 613//
f 611// 613// 645//
f 613// 643// 645//
f 645// 643// 693//
f 645// 693// 695//
f 695// 693// 708//
f 695// 708// 710//
f 710// 708// 700//
f 700// 708// 698//
f 700// 698// 696//
f 527// 529// 610//
f 610// 529// 534//
f 696// 648// 700//
f 700// 648// 652//
f 700// 652// 653//
f 534// 611// 610//
f 610// 611// 645//
f 610// 645// 644//
f 644// 645// 695//
f 644// 695// 697//
f 697// 695// 710//
f 697// 710// 711//
f 711// 710// 700//
f 711// 700// 701//
f 701// 700// 653//
f 701// 653// 651//
f 609// 519// 527//
f 527// 610// 609//
f 609// 610// 644//
f 609// 644// 642//
f 642// 644// 697//
f 642// 697// 694//
f 694// 697// 711//
f 694// 711// 709//
f 709// 711// 701//
f 709// 701// 699//
f 699// 701// 651//
f 699// 651// 647//
f 373// 377// 519//
f 519// 377// 527//
f 527// 377// 529//
f 529// 377// 379//
f 529// 379// 534//
f 379// 382// 534//
f 534// 382// 384//
f 534// 384// 536//
f 536// 384// 387//
f 536// 387// 550//
f 377// 373// 328//
f 382// 379// 333//
f 298// 299// 333//
f 307// 312// 339//
f 301// 306// 337//
f 337// 306// 307//
f 307// 339// 337//
f 337// 339// 387//
f 337// 387// 384//
f 384// 382// 337//
f 337// 382// 333//
f 337// 333// 301//
f 301// 333// 299//
f 379// 377// 333//
f 333// 377// 328//
f 333// 328// 298//
f 298// 328// 296//
f 311// 325// 327//
f 338// 349// 351//
f 309// 314// 312//
f 312// 307// 309//
f 309// 307// 306//
f 309// 306// 304//
f 325// 338// 327//
f 327// 338// 351//
f 327// 351// 329//
f 329// 351// 352//
f 329// 352// 332//
f 332// 352// 353//
f 332// 353// 336//
f 336// 353// 354//
f 336// 314// 332//
f 332// 314// 309//
f 332// 309// 329//
f 329// 309// 304//
f 329// 304// 327//
f 327// 304// 300//
f 327// 300// 311//
f 311// 300// 297//
f 306// 301// 304//
f 304// 301// 299//
f 304// 299// 300//
f 300// 299// 298//
f 300// 298// 297//
f 297// 298// 296//
f 485// 433// 490//
f 490// 433// 434//
f 490// 434// 492//
f 492// 434// 432//
f 492// 432// 489//
f 489// 432// 431//
f 489// 431// 481//
f 481// 431// 430//
f 433// 354// 434//
f 434// 354// 353//
f 434// 353// 432//
f 432// 353// 352//
f 432// 352// 431//
f 431// 352// 351//
f 431// 351// 430//
f 430// 351// 349//
f 451// 508// 537//
f 451// 537// 341//
f 341// 537// 320//
f 341// 320// 316//
f 316// 320// 279//
f 279// 320// 263//
f 279// 263// 260//
f 260// 263// 253//
f 260// 253// 247//
f 247// 253// 236//
f 247// 236// 219//
f 537// 508// 548//
f 548// 508// 516//
f 548// 516// 551//
f 551// 516// 517//
f 551// 517// 557//
f 557// 517// 521//
f 557// 521// 558//
f 549// 561// 553//
f 553// 561// 559//
f 559// 561// 570//
f 570// 561// 562//
f 570// 562// 571//
f 573// 571// 569//
f 572// 568// 575//
f 575// 568// 576//
f 576// 568// 577//
f 575// 573// 572//
f 572// 573// 569//
f 572// 569// 568//
f 568// 569// 564//
f 566// 558// 560//
f 562// 565// 571//
f 571// 565// 566//
f 571// 566// 569//
f 569// 566// 560//
f 569// 560// 564//
f 561// 549// 544//
f 556// 562// 561//
f 557// 558// 566//
f 548// 551// 554//
f 554// 551// 557//
f 554// 557// 563//
f 563// 557// 566//
f 563// 566// 565//
f 544// 545// 561//
f 561// 545// 547//
f 561// 547// 556//
f 556// 547// 546//
f 556// 546// 543//
f 543// 546// 542//
f 543// 542// 539//
f 537// 548// 539//
f 539// 548// 554//
f 539// 554// 543//
f 543// 554// 563//
f 543// 563// 556//
f 556// 563// 565//
f 556// 565// 562//
f 237// 238// 265//
f 547// 545// 322//
f 228// 229// 234//
f 202// 224// 226//
f 322// 319// 262//
f 544// 541// 469//
f 544// 469// 545//
f 545// 469// 322//
f 322// 469// 459//
f 322// 459// 319//
f 537// 539// 323//
f 265// 263// 320//
f 263// 265// 253//
f 253// 265// 238//
f 253// 238// 236//
f 218// 219// 236//
f 212// 213// 217//
f 208// 209// 214//
f 214// 209// 211//
f 237// 235// 232//
f 202// 221// 224//
f 224// 221// 237//
f 224// 237// 226//
f 226// 237// 227//
f 226// 227// 202//
f 202// 227// 234//
f 218// 236// 217//
f 217// 236// 238//
f 217// 238// 212//
f 212// 238// 237//
f 212// 237// 211//
f 211// 237// 221//
f 211// 221// 214//
f 214// 221// 202//
f 214// 202// 208//
f 547// 322// 546//
f 546// 322// 324//
f 546// 324// 542//
f 539// 542// 323//
f 323// 542// 324//
f 323// 324// 266//
f 266// 324// 322//
f 266// 322// 264//
f 264// 322// 262//
f 264// 262// 234//
f 234// 227// 228//
f 228// 227// 237//
f 228// 237// 229//
f 229// 237// 232//
f 229// 232// 234//
f 234// 232// 235//
f 234// 235// 264//
f 264// 235// 237//
f 264// 237// 266//
f 266// 237// 265//
f 266// 265// 323//
f 323// 265// 320//
f 323// 320// 537//
f 425// 453// 481//
f 481// 453// 459//
f 481// 459// 469//
f 481// 430// 425//
f 425// 430// 349//
f 425// 349// 345//
f 317// 345// 349//
f 349// 338// 317//
f 317// 338// 325//
f 317// 325// 302//
f 302// 325// 311//
f 302// 311// 295//
f 295// 311// 297//
f 295// 297// 290//
f 290// 297// 291//
f 291// 297// 296//
f 291// 296// 293//
f 293// 296// 318//
f 318// 296// 328//
f 318// 328// 348//
f 348// 328// 373//
f 348// 373// 368//
f 348// 368// 278//
f 196// 198// 204//
f 197// 195// 205//
f 205// 195// 194//
f 220// 192// 206//
f 206// 192// 193//
f 220// 223// 230//
f 230// 223// 250//
f 230// 250// 252//
f 252// 250// 273//
f 273// 250// 275//
f 273// 275// 303//
f 303// 275// 394//
f 303// 394// 392//
f 368// 407// 406//
f 251// 255// 278//
f 278// 255// 280//
f 278// 280// 348//
f 194// 201// 205//
f 205// 201// 239//
f 205// 239// 251//
f 248// 206// 203//
f 203// 206// 193//
f 203// 193// 196//
f 406// 403// 368//
f 368// 403// 277//
f 368// 277// 278//
f 278// 277// 249//
f 278// 249// 251//
f 251// 249// 204//
f 251// 204// 205//
f 205// 204// 198//
f 205// 198// 197//
f 400// 398// 276//
f 196// 204// 203//
f 203// 204// 249//
f 203// 249// 248//
f 248// 249// 277//
f 248// 277// 276//
f 276// 277// 403//
f 276// 403// 400//
f 220// 206// 223//
f 223// 206// 248//
f 223// 248// 250//
f 250// 248// 276//
f 250// 276// 275//
f 275// 276// 398//
f 275// 398// 394//
f 402// 403// 408//
f 408// 403// 406//
f 408// 406// 407//
f 394// 398// 402//
f 402// 398// 400//
f 402// 400// 403//
f 393// 392// 394//
f 405// 397// 404//
f 404// 397// 395//
f 404// 395// 399//
f 399// 395// 393//
f 399// 393// 396//
f 396// 393// 394//
f 408// 414// 402//
f 402// 414// 415//
f 402// 415// 410//
f 410// 415// 413//
f 410// 413// 412//
f 394// 402// 396//
f 396// 402// 410//
f 396// 410// 399//
f 399// 410// 412//
f 399// 412// 404//
f 404// 412// 411//
f 404// 411// 405//
f 418// 409// 416//
f 427// 426// 424//
f 424// 426// 423//
f 424// 423// 421//
f 421// 418// 424//
f 424// 418// 416//
f 424// 416// 422//
f 422// 416// 420//
f 422// 420// 419//
f 419// 420// 413//
f 419// 413// 417//
f 417// 413// 415//
f 417// 415// 414//
f 409// 405// 416//
f 416// 405// 411//
f 416// 411// 420//
f 420// 411// 412//
f 420// 412// 413//
f 367// 374// 463//
f 424// 422// 519//
f 519// 422// 419//
f 519// 408// 373//
f 373// 408// 407//
f 373// 407// 368//
f 343// 350// 342//
f 342// 350// 359//
f 342// 359// 463//
f 463// 359// 365//
f 463// 365// 367//
f 419// 417// 519//
f 519// 417// 414//
f 519// 414// 408//
f 374// 378// 463//
f 463// 378// 381//
f 463// 381// 385//
f 385// 388// 463//
f 463// 388// 390//
f 463// 390// 519//
f 519// 390// 427//
f 519// 427// 424//
f 308// 321// 294//
f 294// 321// 331//
f 294// 331// 342//
f 342// 331// 340//
f 342// 340// 343//
f 308// 294// 288//
f 288// 294// 281//
f 288// 281// 284//
f 107// 112// 110//
f 119// 127// 123//
f 331// 272// 270//
f 270// 272// 242//
f 270// 242// 241//
f 241// 242// 187//
f 241// 187// 188//
f 188// 187// 163//
f 188// 163// 165//
f 165// 163// 104//
f 165// 104// 108//
f 108// 104// 99//
f 108// 99// 103//
f 347// 343// 340//
f 347// 340// 269//
f 343// 347// 350//
f 350// 347// 357//
f 350// 357// 359//
f 346// 355// 356//
f 362// 358// 344//
f 362// 344// 283//
f 283// 344// 268//
f 283// 268// 267//
f 267// 268// 261//
f 261// 268// 245//
f 261// 245// 246//
f 246// 245// 216//
f 216// 245// 191//
f 216// 191// 210//
f 210// 191// 180//
f 180// 191// 175//
f 180// 175// 156//
f 127// 148// 123//
f 123// 148// 156//
f 123// 156// 141//
f 141// 156// 175//
f 114// 112// 119//
f 107// 110// 106//
f 99// 97// 103//
f 103// 97// 102//
f 103// 102// 106//
f 106// 110// 103//
f 103// 110// 113//
f 103// 113// 108//
f 108// 113// 168//
f 108// 168// 165//
f 165// 168// 189//
f 165// 189// 188//
f 188// 189// 243//
f 188// 243// 241//
f 241// 243// 269//
f 241// 269// 270//
f 270// 269// 340//
f 270// 340// 331//
f 112// 114// 110//
f 110// 114// 121//
f 110// 121// 113//
f 113// 121// 171//
f 113// 171// 168//
f 168// 171// 190//
f 168// 190// 189//
f 189// 190// 244//
f 189// 244// 243//
f 243// 244// 271//
f 243// 271// 269//
f 269// 271// 346//
f 269// 346// 347//
f 347// 346// 356//
f 347// 356// 357//
f 119// 123// 114//
f 114// 123// 141//
f 114// 141// 121//
f 121// 141// 175//
f 121// 175// 171//
f 171// 175// 191//
f 171// 191// 190//
f 190// 191// 245//
f 190// 245// 244//
f 244// 245// 268//
f 244// 268// 271//
f 271// 268// 344//
f 271// 344// 346//
f 346// 344// 358//
f 346// 358// 355//
f 156// 148// 153//
f 159// 167// 180//
f 156// 153// 180//
f 180// 153// 155//
f 180// 155// 159//
f 167// 174// 180//
f 180// 174// 179//
f 180// 179// 183//
f 183// 185// 180//
f 180// 185// 192//
f 180// 192// 210//
f 210// 192// 220//
f 210// 220// 216//
f 216// 220// 230//
f 216// 230// 246//
f 246// 230// 252//
f 246// 252// 261//
f 261// 252// 273//
f 392// 362// 303//
f 303// 362// 283//
f 303// 283// 273//
f 273// 283// 267//
f 273// 267// 261//
f 169// 166// 177//
f 166// 169// 151//
f 152// 150// 160//
f 133// 139// 143//
f 136// 135// 137//
f 130// 126// 122//
f 148// 142// 144//
f 148// 144// 153//
f 153// 144// 149//
f 153// 149// 155//
f 155// 149// 157//
f 155// 157// 159//
f 159// 157// 164//
f 159// 164// 167//
f 167// 164// 172//
f 167// 172// 174//
f 185// 183// 182//
f 182// 183// 179//
f 182// 179// 178//
f 181// 196// 193//
f 195// 197// 184//
f 184// 197// 198//
f 194// 195// 186//
f 186// 195// 184//
f 186// 184// 173//
f 184// 176// 173//
f 173// 176// 161//
f 173// 161// 117//
f 111// 105// 116//
f 116// 105// 117//
f 116// 117// 125//
f 125// 117// 161//
f 158// 122// 124//
f 124// 122// 118//
f 124// 118// 115//
f 134// 132// 129//
f 198// 196// 184//
f 184// 196// 181//
f 184// 181// 176//
f 176// 181// 177//
f 176// 177// 161//
f 161// 177// 166//
f 161// 166// 125//
f 125// 166// 151//
f 125// 151// 116//
f 135// 132// 137//
f 137// 132// 134//
f 137// 134// 145//
f 154// 145// 143//
f 143// 145// 134//
f 143// 134// 133//
f 133// 134// 129//
f 133// 129// 128//
f 128// 131// 133//
f 133// 131// 138//
f 133// 138// 139//
f 139// 138// 150//
f 139// 150// 143//
f 143// 150// 152//
f 143// 152// 154//
f 154// 152// 160//
f 154// 160// 162//
f 179// 174// 178//
f 178// 174// 172//
f 178// 172// 170//
f 170// 172// 164//
f 128// 126// 131//
f 131// 126// 130//
f 131// 130// 138//
f 138// 130// 122//
f 138// 122// 150//
f 150// 122// 158//
f 150// 158// 160//
f 160// 158// 170//
f 160// 170// 162//
f 162// 170// 164//
f 162// 164// 154//
f 154// 164// 157//
f 154// 157// 145//
f 145// 157// 149//
f 145// 149// 137//
f 137// 149// 144//
f 137// 144// 136//
f 136// 144// 142//
f 136// 142// 140//
f 140// 142// 148//
f 140// 148// 146//
f 146// 148// 147//
f 192// 185// 193//
f 193// 185// 182//
f 193// 182// 181//
f 181// 182// 178//
f 181// 178// 177//
f 177// 178// 170//
f 177// 170// 169//
f 169// 170// 158//
f 169// 158// 151//
f 151// 158// 124//
f 151// 124// 116//
f 116// 124// 115//
f 116// 115// 111//
f 93// 94// 234//
f 94// 95// 234//
f 234// 95// 96//
f 234// 96// 202//
f 202// 96// 199//
f 202// 199// 200//
f 262// 50// 234//
f 234// 50// 73//
f 234// 73// 93//
f 251// 239// 13//
f 13// 239// 201//
f 65// 10// 12//
f 194// 65// 201//
f 201// 65// 12//
f 201// 12// 13//
f 251// 13// 255//
f 255// 13// 14//
f 255// 14// 280//
f 425// 319// 453//
f 453// 319// 459//
f 425// 345// 319//
f 319// 345// 24//
f 319// 24// 262//
f 262// 24// 36//
f 262// 36// 50//
f 348// 280// 318//
f 318// 280// 14//
f 318// 14// 293//
f 293// 14// 291//
f 345// 317// 24//
f 24// 317// 302//
f 24// 302// 15//
f 15// 302// 295//
f 15// 295// 14//
f 14// 295// 290//
f 14// 290// 291//
f 79// 78// 80//
f 80// 78// 81//
f 84// 89// 86//
f 91// 94// 93//
f 96// 95// 90//
f 90// 95// 94//
f 94// 91// 90//
f 90// 91// 83//
f 90// 83// 82//
f 82// 83// 76//
f 82// 76// 75//
f 75// 76// 54//
f 75// 54// 53//
f 53// 54// 40//
f 53// 40// 39//
f 39// 40// 29//
f 39// 29// 28//
f 28// 29// 18//
f 28// 18// 17//
f 22// 21// 33//
f 33// 21// 32//
f 33// 32// 43//
f 70// 69// 57//
f 57// 69// 48//
f 57// 48// 43//
f 43// 48// 44//
f 43// 44// 33//
f 21// 20// 32//
f 32// 20// 31//
f 32// 31// 43//
f 43// 31// 42//
f 43// 42// 57//
f 57// 42// 56//
f 57// 56// 70//
f 70// 56// 78//
f 70// 78// 71//
f 71// 78// 79//
f 20// 19// 31//
f 31// 19// 30//
f 31// 30// 42//
f 42// 30// 41//
f 42// 41// 56//
f 56// 41// 55//
f 56// 55// 78//
f 78// 55// 77//
f 78// 77// 81//
f 81// 77// 84//
f 81// 84// 85//
f 85// 84// 86//
f 19// 18// 30//
f 30// 18// 29//
f 30// 29// 41//
f 41// 29// 40//
f 41// 40// 55//
f 55// 40// 54//
f 55// 54// 77//
f 77// 54// 76//
f 77// 76// 84//
f 84// 76// 83//
f 84// 83// 89//
f 89// 83// 91//
f 89// 91// 92//
f 92// 91// 93//
f 48// 47// 44//
f 44// 47// 34//
f 44// 34// 33//
f 33// 34// 23//
f 33// 23// 22//
f 92// 93// 73//
f 69// 49// 48//
f 48// 49// 47//
f 35// 25// 34//
f 34// 25// 23//
f 26// 25// 37//
f 37// 25// 35//
f 37// 35// 51//
f 36// 24// 27//
f 27// 38// 36//
f 36// 38// 52//
f 36// 52// 50//
f 50// 52// 74//
f 50// 74// 73//
f 80// 81// 74//
f 81// 85// 74//
f 74// 85// 86//
f 74// 86// 73//
f 73// 86// 89//
f 73// 89// 92//
f 72// 71// 79//
f 34// 47// 35//
f 35// 47// 49//
f 35// 49// 51//
f 51// 49// 69//
f 51// 69// 72//
f 72// 69// 70//
f 72// 70// 71//
f 27// 26// 38//
f 38// 26// 37//
f 38// 37// 52//
f 52// 37// 51//
f 52// 51// 74//
f 74// 51// 72//
f 74// 72// 80//
f 80// 72// 79//
f 26// 27// 24//
f 20// 21// 19//
f 19// 21// 22//
f 23// 17// 22//
f 22// 17// 18//
f 22// 18// 19//
f 7// 6// 8//
f 8// 6// 4//
f 14// 13// 11//
f 11// 13// 12//
f 11// 12// 9//
f 9// 12// 10//
f 9// 10// 5//
f 5// 10// 8//
f 5// 8// 2//
f 14// 11// 15//
f 15// 11// 16//
f 15// 16// 24//
f 24// 16// 17//
f 24// 17// 26//
f 26// 17// 23//
f 26// 23// 25//
f 4// 3// 8//
f 8// 3// 1//
f 8// 1// 2//
f 53// 39// 68//
f 240// 222// 68//
f 68// 222// 215//
f 68// 215// 207//
f 207// 199// 96//
f 96// 90// 207//
f 207// 90// 82//
f 207// 82// 68//
f 68// 82// 75//
f 68// 75// 53//
f 335// 391// 88//
f 88// 391// 68//
f 305// 274// 68//
f 305// 68// 330//
f 330// 68// 391//
f 330// 391// 439//
f 274// 256// 68//
f 68// 256// 254//
f 68// 254// 240//
f 308// 272// 321//
f 321// 272// 331//
f 284// 285// 87//
f 87// 285// 88//
f 88// 285// 286//
f 88// 286// 287//
f 287// 292// 88//
f 88// 292// 326//
f 88// 326// 335//
f 308// 288// 272//
f 272// 288// 284//
f 272// 284// 242//
f 242// 284// 87//
f 242// 87// 187//
f 104// 163// 63//
f 99// 59// 97//
f 97// 59// 58//
f 97// 58// 98//
f 98// 58// 100//
f 100// 58// 60//
f 100// 60// 101//
f 101// 60// 61//
f 101// 61// 105//
f 105// 61// 62//
f 105// 62// 117//
f 117// 62// 64//
f 117// 64// 173//
f 65// 194// 64//
f 64// 194// 186//
f 64// 186// 173//
f 9// 5// 59//
f 59// 5// 2//
f 59// 2// 58//
f 58// 2// 1//
f 58// 1// 60//
f 63// 66// 45//
f 45// 66// 67//
f 45// 67// 46//
f 99// 104// 59//
f 59// 104// 63//
f 59// 63// 9//
f 9// 63// 45//
f 9// 45// 11//
f 11// 45// 46//
f 11// 46// 16//
f 16// 46// 28//
f 16// 28// 17//
f 163// 187// 63//
f 63// 187// 87//
f 63// 87// 66//
f 66// 87// 88//
f 66// 88// 67//
f 67// 88// 68//
f 67// 68// 46//
f 46// 68// 39//
f 46// 39// 28//
f 10// 65// 8//
f 8// 65// 64//
f 8// 64// 7//
f 7// 64// 62//
f 7// 62// 6//
f 6// 62// 61//
f 6// 61// 4//
f 4// 61// 60//
f 4// 60// 3//
f 3// 60// 1//
f 458// 480// 483//
f 330// 439// 458//
f 199// 207// 200//
f 200// 207// 202//
f 207// 215// 202//
f 202// 215// 222//
f 202// 222// 208//
f 208// 222// 225//
f 208// 225// 209//
f 233// 213// 231//
f 231// 213// 212//
f 231// 212// 211//
f 233// 247// 219//
f 219// 218// 233//
f 233// 218// 217//
f 233// 217// 213//
f 279// 260// 259//
f 316// 315// 341//
f 341// 315// 451//
f 508// 451// 500//
f 500// 451// 315//
f 500// 315// 499//
f 499// 315// 313//
f 483// 486// 313//
f 313// 486// 494//
f 313// 494// 499//
f 483// 310// 458//
f 458// 310// 305//
f 458// 305// 330//
f 260// 247// 259//
f 259// 247// 233//
f 259// 233// 258//
f 258// 233// 231//
f 258// 231// 225//
f 225// 231// 211//
f 225// 211// 209//
f 483// 313// 310//
f 310// 313// 257//
f 310// 257// 305//
f 305// 257// 256//
f 305// 256// 274//
f 316// 279// 315//
f 315// 279// 259//
f 315// 259// 313//
f 313// 259// 258//
f 313// 258// 257//
f 257// 258// 225//
f 257// 225// 256//
f 256// 225// 222//
f 256// 222// 254//
f 254// 222// 240//
f 491// 503// 505//
f 495// 487// 488//
f 480// 487// 483//
f 483// 487// 495//
f 483// 495// 486//
f 508// 500// 501//
f 501// 500// 499//
f 501// 499// 495//
f 495// 499// 494//
f 495// 494// 486//
f 510// 521// 513//
f 513// 521// 517//
f 513// 517// 514//
f 514// 509// 513//
f 513// 509// 505//
f 513// 505// 510//
f 510// 505// 503//
f 517// 516// 514//
f 514// 516// 508//
f 514// 508// 509//
f 509// 508// 501//
f 509// 501// 505//
f 505// 501// 495//
f 505// 495// 491//
f 491// 495// 488//
f 524// 522// 512//
f 503// 504// 512//
f 532// 531// 520//
f 520// 531// 528//
f 520// 528// 526//
f 503// 512// 510//
f 510// 512// 522//
f 510// 522// 521//
f 526// 524// 520//
f 520// 524// 512//
f 520// 512// 506//
f 506// 512// 504//
f 506// 504// 498//
f 498// 504// 503//
f 498// 503// 493//
f 493// 503// 491//
f 493// 491// 488//
f 568// 524// 526//
f 568// 526// 528//
f 568// 528// 577//
f 577// 528// 531//
f 577// 531// 532//
f 568// 564// 524//
f 524// 564// 560//
f 524// 560// 522//
f 522// 560// 558//
f 522// 558// 521//
f 647// 559// 570//
f 458// 457// 480//
f 480// 457// 634//
f 469// 541// 481//
f 481// 541// 549//
f 481// 549// 647//
f 647// 549// 553//
f 647// 553// 559//
f 570// 571// 647//
f 647// 571// 573//
f 647// 573// 575//
f 575// 576// 647//
f 647// 576// 577//
f 647// 577// 634//
f 634// 577// 532//
f 634// 532// 520//
f 520// 506// 634//
f 634// 506// 498//
f 634// 498// 493//
f 493// 488// 634//
f 634// 488// 487//
f 634// 487// 480//
f 519// 609// 463//
f 463// 609// 585//
f 585// 609// 604//
f 604// 609// 642//
f 604// 642// 626//
f 626// 642// 694//
f 626// 694// 654//
f 654// 694// 709//
f 654// 709// 679//
f 679// 709// 674//
f 674// 709// 699//
f 674// 699// 655//
f 655// 699// 647//
f 655// 647// 634//
f 674// 937// 866//
f 782// 737// 682//
f 682// 737// 604//
f 682// 604// 668//
f 668// 604// 626//
f 866// 719// 674//
f 674// 719// 707//
f 674// 707// 679//
f 679// 707// 689//
f 679// 689// 654//
f 654// 689// 669//
f 654// 669// 626//
f 626// 669// 658//
f 626// 658// 668//
f 866// 937// 950//
f 866// 950// 870//
f 870// 950// 955//
f 870// 955// 875//
f 875// 955// 964//
f 875// 964// 879//
f 879// 964// 977//
f 879// 977// 888//
f 904// 888// 988//
f 988// 888// 977//
f 1043// 1031// 1035//
f 1028// 1031// 1043//
f 1032// 1029// 1043//
f 1007// 1011// 1010//
f 1007// 996// 998//
f 1021// 1024// 1009//
f 1009// 1024// 1012//
f 1009// 1012// 1001//
f 1001// 1012// 995//
f 995// 1012// 998//
f 995// 998// 991//
f 991// 998// 996//
f 991// 996// 988//
f 1011// 1007// 1015//
f 1027// 1023// 1028//
f 1032// 1027// 1029//
f 1029// 1027// 1028//
f 1029// 1028// 1043//
f 1033// 1032// 1043//
f 1037// 1033// 1043//
f 1047// 1040// 1034//
f 1034// 1040// 1035//
f 1034// 1035// 1022//
f 1022// 1035// 1031//
f 1022// 1031// 1015//
f 1015// 1031// 1028//
f 1015// 1028// 1011//
f 1011// 1028// 1023//
f 1011// 1023// 1010//
f 1021// 1036// 1024//
f 1024// 1036// 1039//
f 1024// 1039// 1045//
f 1007// 998// 1015//
f 1015// 998// 1012//
f 1015// 1012// 1022//
f 1022// 1012// 1024//
f 1022// 1024// 1034//
f 1034// 1024// 1045//
f 1034// 1045// 1047//
f 1040// 1043// 1035//
f 1047// 1046// 1040//
f 1040// 1046// 1043//
f 904// 988// 912//
f 912// 988// 996//
f 912// 996// 917//
f 917// 996// 924//
f 924// 996// 1007//
f 924// 1007// 926//
f 1007// 1010// 926//
f 926// 1010// 1023//
f 926// 1023// 934//
f 934// 1023// 1027//
f 1037// 947// 1033//
f 1033// 947// 934//
f 1033// 934// 1032//
f 1032// 934// 1027//
f 921// 915// 919//
f 911// 915// 921//
f 894// 896// 908//
f 934// 932// 926//
f 926// 932// 922//
f 926// 922// 924//
f 924// 922// 917//
f 917// 922// 908//
f 917// 908// 912//
f 912// 908// 896//
f 912// 896// 904//
f 905// 901// 900//
f 900// 901// 894//
f 900// 894// 910//
f 921// 914// 913//
f 915// 920// 919//
f 919// 920// 929//
f 919// 929// 925//
f 925// 929// 930//
f 909// 911// 921//
f 921// 913// 909//
f 909// 913// 905//
f 909// 905// 911//
f 911// 905// 900//
f 911// 900// 915//
f 915// 900// 910//
f 915// 910// 920//
f 918// 914// 921//
f 934// 947// 932//
f 932// 947// 946//
f 932// 946// 936//
f 894// 908// 910//
f 910// 908// 922//
f 910// 922// 920//
f 920// 922// 932//
f 920// 932// 929//
f 929// 932// 936//
f 929// 936// 930//
f 925// 921// 919//
f 930// 927// 925//
f 925// 927// 921//
f 918// 892// 914//
f 914// 892// 913//
f 913// 892// 905//
f 905// 892// 886//
f 905// 886// 901//
f 901// 886// 882//
f 901// 882// 894//
f 894// 882// 896//
f 896// 882// 888//
f 896// 888// 904//
f 888// 882// 876//
f 882// 886// 877//
f 886// 892// 880//
f 886// 880// 877//
f 877// 880// 872//
f 877// 872// 871//
f 871// 872// 858//
f 871// 858// 861//
f 858// 850// 861//
f 861// 850// 854//
f 861// 854// 856//
f 882// 877// 876//
f 876// 877// 871//
f 876// 871// 873//
f 873// 871// 861//
f 873// 861// 869//
f 869// 861// 856//
f 869// 856// 859//
f 888// 876// 879//
f 879// 876// 873//
f 879// 873// 875//
f 875// 873// 869//
f 875// 869// 870//
f 870// 869// 859//
f 870// 859// 866//
f 850// 713// 715//
f 850// 715// 854//
f 854// 715// 717//
f 854// 717// 856//
f 856// 717// 718//
f 856// 718// 859//
f 859// 718// 719//
f 859// 719// 866//
f 719// 718// 706//
f 687// 685// 670//
f 718// 717// 705//
f 686// 688// 675//
f 717// 715// 704//
f 715// 713// 703//
f 715// 703// 704//
f 704// 703// 684//
f 704// 684// 690//
f 690// 684// 672//
f 690// 672// 677//
f 677// 672// 665//
f 677// 665// 667//
f 667// 665// 671//
f 667// 671// 676//
f 676// 671// 681//
f 676// 681// 683//
f 717// 704// 705//
f 705// 704// 690//
f 705// 690// 692//
f 692// 690// 677//
f 692// 677// 678//
f 678// 677// 667//
f 678// 667// 666//
f 666// 667// 676//
f 666// 676// 675//
f 675// 676// 683//
f 675// 683// 686//
f 718// 705// 706//
f 706// 705// 692//
f 706// 692// 691//
f 691// 692// 678//
f 691// 678// 673//
f 673// 678// 666//
f 673// 666// 664//
f 664// 666// 675//
f 664// 675// 670//
f 670// 675// 688//
f 670// 688// 687//
f 719// 706// 707//
f 707// 706// 691//
f 707// 691// 689//
f 689// 691// 673//
f 689// 673// 669//
f 669// 673// 664//
f 669// 664// 658//
f 658// 664// 670//
f 658// 670// 668//
f 668// 670// 685//
f 668// 685// 682//
f 782// 682// 785//
f 785// 682// 685//
f 785// 685// 787//
f 787// 685// 687//
f 787// 687// 788//
f 788// 687// 688//
f 788// 688// 786//
f 786// 688// 686//
f 786// 686// 784//
f 784// 686// 683//
f 784// 683// 780//
f 780// 683// 681//
f 806// 809// 824//
f 795// 793// 788//
f 780// 796// 784//
f 784// 796// 795//
f 784// 795// 786//
f 786// 795// 788//
f 824// 817// 806//
f 806// 817// 814//
f 806// 814// 803//
f 791// 782// 792//
f 792// 782// 785//
f 792// 785// 793//
f 793// 785// 787//
f 793// 787// 788//
f 796// 809// 795//
f 795// 809// 806//
f 795// 806// 793//
f 793// 806// 803//
f 793// 803// 792//
f 792// 803// 800//
f 792// 800// 791//
f 791// 800// 797//
f 814// 811// 803//
f 803// 811// 807//
f 803// 807// 800//
f 800// 807// 804//
f 800// 804// 797//
f 797// 804// 801//
f 810// 801// 812//
f 812// 801// 804//
f 812// 804// 815//
f 815// 804// 807//
f 815// 807// 818//
f 818// 807// 811//
f 818// 811// 826//
f 824// 838// 817//
f 817// 838// 826//
f 817// 826// 814//
f 814// 826// 811//
f 842// 833// 837//
f 831// 833// 842//
f 834// 832// 842//
f 819// 821// 820//
f 819// 813// 816//
f 829// 822// 826//
f 826// 822// 818//
f 818// 822// 815//
f 815// 822// 816//
f 815// 816// 812//
f 812// 816// 813//
f 812// 813// 810//
f 821// 819// 825//
f 830// 828// 831//
f 834// 830// 832//
f 832// 830// 831//
f 832// 831// 842//
f 835// 834// 842//
f 839// 835// 842//
f 845// 841// 836//
f 836// 841// 837//
f 836// 837// 827//
f 827// 837// 833//
f 827// 833// 825//
f 825// 833// 831//
f 825// 831// 821//
f 821// 831// 828//
f 821// 828// 820//
f 826// 838// 829//
f 829// 838// 840//
f 829// 840// 843//
f 819// 816// 825//
f 825// 816// 822//
f 825// 822// 827//
f 827// 822// 829//
f 827// 829// 836//
f 836// 829// 843//
f 836// 843// 845//
f 841// 842// 837//
f 845// 844// 841//
f 841// 844// 842//
f 754// 810// 760//
f 760// 810// 813//
f 760// 813// 764//
f 764// 813// 771//
f 771// 813// 819//
f 771// 819// 774//
f 819// 820// 774//
f 774// 820// 828//
f 774// 828// 779//
f 779// 828// 830//
f 839// 790// 835//
f 835// 790// 779//
f 835// 779// 834//
f 834// 779// 830//
f 769// 763// 767//
f 759// 763// 769//
f 750// 751// 756//
f 779// 778// 774//
f 774// 778// 770//
f 774// 770// 771//
f 771// 770// 764//
f 764// 770// 756//
f 764// 756// 760//
f 760// 756// 751//
f 760// 751// 754//
f 755// 753// 752//
f 752// 753// 750//
f 752// 750// 758//
f 769// 762// 761//
f 775// 781// 777//
f 763// 768// 767//
f 767// 768// 775//
f 767// 775// 773//
f 773// 775// 777//
f 757// 759// 769//
f 769// 761// 757//
f 757// 761// 755//
f 757// 755// 759//
f 759// 755// 752//
f 759// 752// 763//
f 763// 752// 758//
f 763// 758// 768//
f 765// 762// 769//
f 779// 790// 778//
f 778// 790// 789//
f 778// 789// 783//
f 750// 756// 758//
f 758// 756// 770//
f 758// 770// 768//
f 768// 770// 778//
f 768// 778// 775//
f 775// 778// 783//
f 775// 783// 781//
f 773// 769// 767//
f 777// 772// 773//
f 773// 772// 769//
f 762// 765// 749//
f 754// 751// 748//
f 748// 751// 746//
f 751// 750// 746//
f 746// 750// 753//
f 746// 753// 747//
f 747// 753// 755//
f 747// 755// 749//
f 749// 755// 761//
f 749// 761// 762//
f 735// 728// 729//
f 735// 729// 738//
f 749// 744// 747//
f 747// 744// 742//
f 747// 742// 746//
f 746// 742// 743//
f 746// 743// 748//
f 744// 735// 742//
f 742// 735// 738//
f 742// 738// 743//
f 743// 738// 739//
f 729// 730// 738//
f 738// 730// 731//
f 738// 731// 739//
f 739// 731// 733//
f 739// 733// 734//
f 748// 743// 745//
f 745// 743// 739//
f 745// 739// 741//
f 741// 739// 734//
f 741// 734// 737//
f 604// 737// 734//
f 476// 604// 473//
f 473// 604// 734//
f 473// 734// 472//
f 734// 733// 472//
f 472// 733// 731//
f 472// 731// 471//
f 471// 731// 730//
f 471// 730// 470//
f 730// 729// 470//
f 470// 729// 728//
f 470// 728// 468//
f 455// 468// 736//
f 736// 468// 728//
f 728// 735// 736//
f 736// 735// 744//
f 736// 744// 794//
f 794// 744// 749//
f 794// 749// 765//
f 608// 619// 590//
f 608// 590// 580//
f 580// 590// 497//
f 580// 497// 467//
f 467// 497// 456//
f 467// 456// 445//
f 445// 456// 442//
f 445// 442// 429//
f 429// 442// 437//
f 429// 437// 428//
f 428// 437// 448//
f 428// 448// 436//
f 436// 448// 468//
f 436// 468// 455//
f 619// 622// 591//
f 622// 623// 593//
f 476// 452// 454//
f 454// 452// 444//
f 454// 444// 447//
f 447// 444// 446//
f 447// 446// 449//
f 449// 446// 461//
f 449// 461// 464//
f 464// 461// 515//
f 464// 515// 523//
f 523// 515// 593//
f 523// 593// 594//
f 594// 593// 623//
f 594// 623// 620//
f 622// 593// 591//
f 591// 593// 515//
f 591// 515// 507//
f 507// 515// 461//
f 507// 461// 460//
f 460// 461// 446//
f 460// 446// 443//
f 443// 446// 444//
f 443// 444// 441//
f 441// 444// 452//
f 441// 452// 450//
f 476// 473// 452//
f 452// 473// 472//
f 452// 472// 450//
f 450// 472// 471//
f 450// 471// 470//
f 619// 591// 590//
f 590// 591// 507//
f 590// 507// 497//
f 497// 507// 460//
f 497// 460// 456//
f 456// 460// 443//
f 456// 443// 442//
f 442// 443// 441//
f 442// 441// 437//
f 437// 441// 450//
f 437// 450// 448//
f 448// 450// 470//
f 448// 470// 468//
f 585// 604// 463//
f 463// 604// 476//
f 463// 476// 342//
f 674// 655// 620//
f 620// 655// 634//
f 620// 634// 594//
f 594// 634// 457//
f 594// 457// 523//
f 523// 457// 464//
f 476// 454// 342//
f 342// 454// 447//
f 342// 447// 294//
f 294// 447// 449//
f 294// 449// 281//
f 282// 281// 289//
f 289// 281// 449//
f 289// 449// 334//
f 334// 449// 464//
f 334// 464// 401//
f 401// 464// 457//
f 674// 620// 623//
f 940// 937// 674//
f 940// 674// 942//
f 942// 674// 623//
f 942// 623// 945//
f 945// 623// 622//
f 945// 622// 941//
f 941// 622// 938//
f 938// 622// 619//
f 938// 619// 935//
f 955// 950// 954//
f 960// 958// 945//
f 935// 962// 938//
f 938// 962// 960//
f 938// 960// 941//
f 941// 960// 945//
f 950// 937// 954//
f 954// 937// 940//
f 954// 940// 958//
f 958// 940// 942//
f 958// 942// 945//
f 964// 955// 971//
f 971// 955// 954//
f 971// 954// 979//
f 979// 954// 958//
f 979// 958// 985//
f 985// 958// 960//
f 985// 960// 987//
f 987// 960// 962//
f 987// 1014// 985//
f 985// 1014// 999//
f 985// 999// 979//
f 979// 999// 990//
f 979// 990// 971//
f 971// 990// 983//
f 971// 983// 964//
f 964// 983// 977//
f 1014// 1036// 1021//
f 1014// 1021// 999//
f 999// 1021// 1009//
f 999// 1009// 990//
f 990// 1009// 1001//
f 990// 1001// 983//
f 988// 977// 991//
f 991// 977// 983//
f 991// 983// 995//
f 995// 983// 1001//
f 619// 608// 935//
f 935// 608// 965//
f 935// 965// 962//
f 962// 965// 987//
f 987// 965// 1014//
f 1014// 965// 1066//
f 1014// 1066// 1036//
f 1046// 1073// 1043//
f 1043// 1073// 1069//
f 1043// 1069// 1037//
f 1036// 1066// 1039//
f 1039// 1066// 1070//
f 1039// 1070// 1045//
f 1045// 1070// 1074//
f 1045// 1074// 1047//
f 1047// 1074// 1076//
f 1047// 1076// 1046//
f 1046// 1076// 1075//
f 1046// 1075// 1073//
f 1066// 1118// 1070//
f 1070// 1118// 1120//
f 1070// 1120// 1074//
f 1074// 1120// 1122//
f 1123// 1075// 1122//
f 1122// 1075// 1076//
f 1122// 1076// 1074//
f 1124// 1069// 1123//
f 1123// 1069// 1073//
f 1123// 1073// 1075//
f 1348// 1265// 1354//
f 1354// 1265// 1271//
f 1354// 1271// 1357//
f 1357// 1271// 1272//
f 1357// 1272// 1358//
f 1358// 1272// 1269//
f 1358// 1269// 1355//
f 1355// 1269// 1262//
f 1265// 1124// 1271//
f 1271// 1124// 1123//
f 1271// 1123// 1272//
f 1272// 1123// 1122//
f 1272// 1122// 1269//
f 1269// 1122// 1120//
f 1269// 1120// 1262//
f 1262// 1120// 1118//
f 1355// 1414// 1358//
f 1358// 1414// 1416//
f 1358// 1416// 1357//
f 1357// 1416// 1418//
f 1357// 1418// 1354//
f 1354// 1418// 1417//
f 1354// 1417// 1348//
f 1348// 1417// 1415//
f 541// 544// 549//
f 1637// 1717// 1737//
f 1637// 1737// 1647//
f 1647// 1737// 1749//
f 1647// 1749// 1649//
f 1649// 1749// 1733//
f 1649// 1733// 1646//
f 1646// 1733// 1709//
f 1646// 1709// 1634//
f 1634// 1709// 1662//
f 1634// 1662// 1627//
f 1627// 1662// 1651//
f 1627// 1651// 1611//
f 1610// 1650// 1644//
f 1610// 1644// 1602//
f 1602// 1644// 1642//
f 1602// 1642// 1596//
f 1596// 1642// 1639//
f 1596// 1639// 1595//
f 1595// 1639// 1638//
f 1595// 1638// 1600//
f 1600// 1638// 1641//
f 1600// 1641// 1604//
f 1604// 1641// 1643//
f 1604// 1643// 1606//
f 1606// 1643// 1645//
f 1606// 1645// 1612//
f 1612// 1645// 1652//
f 1612// 1652// 1620//
f 1620// 1652// 1656//
f 1620// 1656// 1628//
f 1715// 1636// 1667//
f 1667// 1636// 1628//
f 1667// 1628// 1663//
f 1663// 1628// 1656//
f 1894// 1904// 1902//
f 1902// 1904// 1909//
f 1902// 1909// 1912//
f 1912// 1909// 1916//
f 1912// 1916// 1918//
f 1918// 1916// 1917//
f 1918// 1917// 1921//
f 1900// 1910// 1905//
f 1905// 1910// 1906//
f 1906// 1910// 1913//
f 1913// 1910// 1923//
f 1913// 1923// 1915//
f 1915// 1923// 1919//
f 1919// 1923// 1924//
f 1919// 1924// 1922//
f 1921// 1925// 1923//
f 1923// 1925// 1926//
f 1923// 1926// 1924//
f 1921// 1923// 1918//
f 1918// 1923// 1910//
f 1918// 1910// 1912//
f 1912// 1910// 1900//
f 1912// 1900// 1902//
f 1902// 1900// 1898//
f 1902// 1898// 1894//
f 1772// 1770// 1771//
f 1148// 1102// 1160//
f 1160// 1102// 1108//
f 1082// 974// 1077//
f 1077// 974// 957//
f 1077// 957// 1081//
f 1081// 957// 972//
f 1081// 972// 1093//
f 1093// 972// 1003//
f 1093// 1003// 1116//
f 1116// 1003// 1059//
f 1116// 1059// 1134//
f 1134// 1059// 1085//
f 1134// 1085// 1148//
f 1148// 1085// 1102//
