v -0.20745285 0.050852183 -0.035325572
v -0.20744801 0.05082687 -0.035395443
v -0.20744702 0.050957303 -0.035195854
v -0.20743842 0.050816987 -0.035470352
v -0.20740436 0.050851315 -0.035627242
v -0.20735762 0.050932266 -0.035789143
v -0.2073184 0.051018845 -0.035895754
v -0.20727722 0.051142924 -0.035955165
v -0.20725553 0.051222805 -0.035963427
v -0.2072413 0.05128317 -0.035956431
v -0.20721717 0.051414631 -0.035898719
v -0.20673068 0.054639086 -0.033827294
v -0.20656994 0.057145882 -0.030869376
v -0.2064338 0.05802336 -0.03032892
v -0.20607604 0.060256634 -0.029023083
v -0.20569049 0.062420983 -0.027998356
v -0.20539485 0.063858479 -0.027562907
v -0.2053723 0.062559038 -0.029752225
v -0.20512146 0.063920103 -0.029159695
v -0.2050591 0.065193251 -0.027538003
v -0.20492719 0.06561394 -0.027691839
v -0.20488317 0.065719105 -0.027798589
v -0.20486927 0.065740585 -0.027850864
v -0.20486021 0.065747038 -0.027896766
v -0.20485485 0.0655628 -0.02822067
v -0.20484832 0.065724023 -0.028006818
v -0.20484692 0.065674767 -0.028093157
v -0.19091192 0.0447984 -0.034380309
v -0.19087717 0.044870228 -0.034474816
v -0.19083436 0.044971894 -0.034535736
v -0.19079074 0.04508625 -0.034552857
v -0.19075064 0.045201879 -0.034524724
v -0.19072908 0.045270488 -0.034482457
v -0.17457452 0.038741697 -0.03256584
v -0.17457072 0.03877797 -0.032463629
v -0.17456347 0.038740292 -0.032693688
v -0.17455223 0.038853869 -0.032366302
v -0.17454319 0.03877211 -0.032791637
v -0.17356178 0.038482059 -0.032809116
v -0.17352699 0.038554166 -0.032903872
v -0.17348449 0.038656384 -0.032964844
v -0.17344147 0.038771391 -0.032981765
v -0.17340223 0.038887609 -0.032953177
v -0.17338137 0.038956482 -0.032910515
v -0.16106524 0.041719075 -0.027115179
v -0.15988758 0.048660852 -0.023463177
v -0.14075413 0.026656713 -0.029514983
v -0.14075075 0.026690319 -0.029414328
v -0.1407433 0.026656779 -0.029640069
v -0.1407333 0.026762141 -0.029317146
v -0.14072366 0.026688345 -0.029735791
v -0.14071278 0.026684429 -0.029734848
v -0.13875116 0.026057027 -0.029655416
v -0.1387084 0.026159538 -0.029716365
v -0.13866498 0.02627477 -0.029733008
v -0.13862531 0.026391054 -0.029703904
v -0.13860418 0.026459835 -0.029660817
v -0.11641286 0.02171153 -0.025304951
v -0.11538146 0.028914131 -0.020335361
v -0.11409067 0.036522724 -0.016332561
v -0.11373949 0.040232312 -0.01265759
v -0.1134842 0.041297339 -0.012559528
v -0.11320376 0.041474301 -0.014018062
v -0.11319229 0.042304628 -0.01277947
v -0.11313995 0.042443994 -0.012883956
v -0.11310221 0.042514477 -0.013006738
v -0.1130804 0.042511672 -0.013146234
v -0.11307512 0.042434558 -0.013300532
v -0.10790408 0.014514244 -0.0271111
v -0.10746761 0.014348169 -0.027080189
v -0.10703991 0.01418464 -0.026951686
v -0.10703493 0.014214749 -0.026852556
v -0.10703409 0.014183136 -0.027049575
v -0.10701595 0.014281364 -0.026755456
v -0.10413586 0.01307788 -0.026847035
v -0.10409717 0.013168613 -0.026897673
v -0.10405155 0.013283554 -0.026913745
v -0.10400905 0.013399083 -0.026883688
v -0.10398593 0.013467105 -0.026839832
v -0.097275376 0.010450806 -0.026380505
v -0.093710423 0.0090818256 -0.026143897
v -0.086828895 0.0064375424 -0.025695091
v -0.086787261 0.0065426095 -0.025707537
v -0.086743914 0.0066580051 -0.025676971
v -0.086720221 0.0067258007 -0.025632702
v -0.086524613 0.0063206851 -0.025675412
v -0.08021348 0.0039024949 -0.025267793
v -0.078173108 0.0031250149 -0.025135139
v -0.078123465 0.0032568211 -0.025103837
v -0.078099579 0.0033245401 -0.025059361
v -0.074152321 0.0016107009 -0.024866842
v -0.071631677 0.00068905274 -0.0246804
v -0.070866942 0.00041869326 -0.024614956
v -0.070262596 0.00021694129 -0.024551695
v -0.069697663 0.016109182 -0.01355554
v -0.06829375 0.024384599 -0.0092019448
v -0.060807146 -0.0027013158 -0.023330599
v -0.060754616 -0.0027070425 -0.023313636
v -0.060630016 -0.0026879304 -0.023241678
v -0.059751309 -0.0022550344 -0.022526594
v -0.059683889 -0.0022218241 -0.022471732
v -0.059636172 -0.0019191511 -0.022343064
v -0.058642801 -0.0017089358 -0.021624507
v -0.058059823 -0.0014217284 -0.02115008
v -0.057239316 -0.0010255115 -0.020510644
v -0.056603212 -0.0006321469 -0.019683179
v -0.055374023 0.00029035713 -0.019248242
v -0.054960776 -4.1407948e-05 -0.018860735
v -0.054906033 5.6052551e-05 -0.018400529
v -0.054848496 2.3854675e-06 -0.018783329
v -0.054819431 1.4175613e-05 -0.018764719
v -0.054024644 0.00037176351 -0.017782422
v -0.053913005 0.00040988522 -0.017706241
v -0.053857069 0.00042883659 -0.017668238
v -0.05382907 0.00043828387 -0.017649261
v -0.053801049 0.00044771153 -0.017630296
v -0.05357619 0.00052246061 -0.017479129
v -0.05318493 0.00073989626 -0.017118551
v -0.05312274 0.00066835474 -0.01717966
v -0.053050004 0.00062525691 -0.017270681
v -0.05302665 0.0011779728 -0.017796474
v -0.052987568 0.00062330591 -0.017365677
v -0.052949335 0.00099735311 -0.017824207
v -0.052932374 0.00066215941 -0.017469201
v -0.052929346 0.00087957247 -0.017790554
v -0.052831031 0.00089016504 -0.017722439
v -0.050429944 0.0019511143 -0.01634611
v -0.049556185 0.0016738439 -0.015749825
v -0.046862375 0.0020712079 -0.014031758
v -0.044846121 0.00302796 -0.013659002
v -0.04388063 0.0025918586 -0.012172804
v -0.043841578 0.002510919 -0.012243867
v -0.043791432 0.0024579929 -0.012346868
v -0.043741714 0.0024495625 -0.012459017
v -0.043699332 0.0024826603 -0.012564133
v -0.043606676 0.0026852076 -0.012985608
v -0.043531291 0.0027701198 -0.013068201
v -0.043522786 0.0031854119 -0.013096304
v -0.043483946 0.0029952631 -0.013140722
v -0.04348202 0.0028736803 -0.01311401
v -0.040829375 0.024038771 -0.0010920028
v -0.040819503 0.02357536 -0.00088743167
v -0.040788855 0.024170594 -0.0012235742
v -0.040767733 0.02420585 -0.0013033621
v -0.040762998 0.024211643 -0.0013287088
v -0.040749986 0.024211463 -0.0014349405
v -0.040748402 0.024208581 -0.0014489548
v -0.040744837 0.023819603 -0.0009834168
v -0.040743895 0.023999371 -0.0010795798
v -0.040736347 0.0241531 -0.0012181357
v -0.04073428 0.024176951 -0.0015336639
v -0.040729314 0.024088357 -0.0011508164
v -0.040701248 0.024195518 -0.0014225366
v -0.040685583 0.024071289 -0.0016736424
v -0.04068514 0.024173358 -0.0012939689
v -0.040684786 0.024170455 -0.0014979612
v -0.040672712 0.023486687 -0.00087497709
v -0.040667895 0.024118381 -0.0012175064
v -0.040658351 0.023949921 -0.0010915252
v -0.040658265 0.024174569 -0.00139547
v -0.040652044 0.024036033 -0.0011542364
v -0.040649887 0.02377641 -0.0010039967
v -0.04064757 0.024167705 -0.0013881815
v -0.040636193 0.024095513 -0.0012210343
v -0.04063135 0.024073716 -0.0016338769
v -0.040626921 0.024152156 -0.0013733298
v -0.040618565 0.023919092 -0.0011045185
v -0.040616352 0.024140835 -0.0014351628
v -0.040605858 0.023748741 -0.0010224435
v -0.040603489 0.02406721 -0.0012279582
v -0.040601395 0.024088794 -0.0012565512
v -0.04059853 0.023428021 -0.00088696973
v -0.040583715 0.023968369 -0.0011750279
v -0.04058256 0.023885021 -0.0011228195
v -0.040580243 0.024009835 -0.0012094944
v -0.040578656 0.024107255 -0.0013893313
v -0.040576801 0.024005126 -0.0012109876
v -0.040576249 0.023959041 -0.0011792333
v -0.040576138 0.02403043 -0.001231721
v -0.040574536 0.024028072 -0.0012322274
v -0.040574338 0.024036443 -0.0012395619
v -0.040573414 0.024000375 -0.0012125827
v -0.040572945 0.024025703 -0.0012327612
v -0.040572651 0.024034446 -0.001240494
v -0.040571075 0.024087323 -0.0013257362
v -0.040570971 0.024032436 -0.0012414515
v -0.040569801 0.024020931 -0.001233908
v -0.040569041 0.023949549 -0.001183798
v -0.040566806 0.02399075 -0.0012160526
v -0.040566713 0.024027219 -0.0012440387
v -0.040566452 0.02386686 -0.0011341748
v -0.040566269 0.023717767 -0.0010464507
v -0.040563654 0.024011264 -0.0012364938
v -0.040561251 0.024020277 -0.0012476693
v -0.040557947 0.024057111 -0.0015580215
v -0.040556274 0.024013709 -0.001251261
v -0.040555265 0.023930168 -0.0011938045
v -0.040554129 0.023971105 -0.0012239262
v -0.040551856 0.023991523 -0.0012426449
v -0.040551405 0.023848126 -0.0011467161
v -0.040549707 0.024001701 -0.0012541256
v -0.040549092 0.024003826 -0.0012568849
v -0.040544964 0.024032135 -0.0012953585
v -0.040542364 0.024043325 -0.0013246301
v -0.040537067 0.023985542 -0.001266647
v -0.040533558 0.023979187 -0.0012690377
v -0.040532485 0.023935644 -0.0012392752
v -0.040532295 0.023683865 -0.0010760474
v -0.040532198 0.023895588 -0.0012123222
v -0.040531438 0.023955602 -0.0012553728
v -0.040530063 0.023968657 -0.0012674577
v -0.040519677 0.023756795 -0.0011441336
v -0.040519383 0.024031406 -0.001499375
v -0.040508274 0.023382919 -0.00094055396
v -0.040504579 0.023653118 -0.0011050748
v -0.040486369 0.023976801 -0.0014130677
v -0.040442377 0.023330618 -0.0010108262
v -0.040438082 0.023578186 -0.0020023328
v -0.040430926 0.022731349 -0.00074775133
v -0.040418729 0.022655439 -0.00073252094
v -0.040377025 0.023593022 -0.0019618995
v -0.040337835 0.022715427 -0.00081173476
v -0.040305093 0.023623321 -0.0015265136
v -0.040295821 0.023596892 -0.0018754952
v -0.040273368 0.021601029 -0.00065688696
v -0.040270973 0.022690345 -0.00089426921
v -0.040255282 0.023585062 -0.0018040519
v -0.040225629 0.023548603 -0.0016945718
v -0.040127426 0.021257196 -0.00068653817
v -0.040052854 0.021294961 -0.00067560992
v -0.040024433 0.022002492 -0.00084304065
v -0.04002082 0.02131154 -0.00067459466
v -0.03996465 0.021341803 -0.00068417058
v -0.039916106 0.021369144 -0.00070381432
v -0.039835699 0.02141748 -0.00076545309
v -0.039774284 0.021460049 -0.00086700101
v -0.039667793 0.020404538 -0.00076798024
v -0.039213039 0.021426594 -0.0027188263
v -0.039150372 0.021457614 -0.0026787359
v -0.039068371 0.02148832 -0.002585429
v -0.039056819 0.019435808 -0.0008803581
v -0.039029364 0.021494208 -0.0025050826
v -0.03898564 0.021449199 -0.0023897428
v -0.03897525 0.021370012 -0.0022794607
v -0.038900465 0.019542875 -0.00086949329
v -0.038847171 0.019582605 -0.00089183357
v -0.038760919 0.019525742 -0.00092209596
v -0.038209982 0.0034972059 -0.011098983
v -0.037747346 0.018423824 -0.0012108126
v -0.037688456 0.0030159645 -0.010773455
v -0.03733087 0.017954336 -0.0012761217
v -0.037261218 0.017237971 -0.0011866033
v -0.036556091 0.018342393 -0.0028257407
v -0.035501618 0.015619932 -0.0014102398
v -0.035372499 0.015774518 -0.0013709413
v -0.035327028 0.015832623 -0.0013875425
v -0.035311718 0.016967971 -0.003456973
v -0.035265032 0.017017389 -0.0034129487
v -0.035219457 0.015836356 -0.0014275175
v -0.035206497 0.01707449 -0.0033137172
v -0.035190213 0.017056923 -0.0029832544
v -0.035180949 0.017094944 -0.0032299412
v -0.035170328 0.017092498 -0.0030975402
v -0.034954492 0.01577292 -0.0015661463
v -0.033874657 0.014398733 -0.0015376774
v -0.033698875 0.0027196638 -0.0085011637
v -0.033682987 0.0026342208 -0.0085790427
v -0.033655141 0.0025768701 -0.0086906496
v -0.033623453 0.0025648552 -0.0088033024
v -0.033586722 0.0025974403 -0.0089213662
v -0.033430874 0.01568808 -0.0031134901
v -0.033272758 0.0028665345 -0.0094398754
v -0.033243034 0.0029346794 -0.0095306393
v -0.033217344 0.0030389191 -0.009596372
v -0.033202037 0.003156448 -0.009620701
v -0.033201039 0.003344296 -0.009573644
v -0.031806484 0.0032213551 -0.0092064738
v -0.031454101 0.0027006951 -0.0089641409
v -0.030933244 0.013152998 -0.0017150352
v -0.030800458 0.0069209612 -0.0043214671
v -0.030799342 0.0068357489 -0.0041662971
v -0.030710781 0.0067510339 -0.0040385434
v -0.030699378 0.0070959521 -0.0046717576
v -0.030695345 0.0053702965 -0.0048690019
v -0.030695209 0.0054378798 -0.005032625
v -0.030676465 0.0061411378 -0.0052668001
v -0.030610198 0.0053337435 -0.0047181528
v -0.030558508 0.0066895164 -0.0039724372
v -0.030541668 0.0076898048 -0.0042495565
v -0.030462598 0.0053380169 -0.0046204999
v -0.030318508 0.013769052 -0.0031574941
v -0.030293191 0.0072439834 -0.0065390123
v -0.030268934 0.0069647958 -0.0066798055
v -0.030236656 0.008131492 -0.003355992
v -0.030231005 0.0082322927 -0.0035014143
v -0.030218992 0.0070513026 -0.0068527949
v -0.030166589 0.0080041923 -0.0032548693
v -0.030166071 0.0083449688 -0.0037280333
v -0.030149436 0.0042691855 -0.0053082965
v -0.030143924 0.0042603668 -0.0052647856
v -0.030137159 0.0043145982 -0.0054331706
v -0.03011895 0.0042531998 -0.0051793717
v -0.030076904 0.0042602932 -0.0051009292
v -0.030050345 0.0042690765 -0.0050660237
v -0.030039575 0.0078845015 -0.0032251417
v -0.029996807 0.0086768288 -0.0057251393
v -0.029970262 0.0046036704 -0.0060113193
v -0.029954059 0.0043143975 -0.0049855071
v -0.029942516 0.0087708728 -0.005913198
v -0.029921131 0.0088209687 -0.0056345337
v -0.029804304 0.0056321165 -0.0072550988
v -0.029767184 0.013326281 -0.003609543
v -0.029738681 0.013384952 -0.0035638786
v -0.029706381 0.013455114 -0.0034638091
v -0.029695373 0.013482766 -0.0033805477
v -0.029656552 0.012054422 -0.0015182283
v -0.029655006 0.012318049 -0.0015379677
v -0.029603921 0.013443831 -0.0033215615
v -0.029602701 0.012166928 -0.0015049338
v -0.029580384 0.0089027388 -0.0032133264
v -0.029576931 0.0052849408 -0.0073738559
v -0.029568899 0.012235491 -0.0015197556
v -0.029538658 0.005351231 -0.0075064353
v -0.029433303 0.011857544 -0.0015428576
v -0.029376177 0.0088820131 -0.002732333
v -0.029360179 0.0089918412 -0.0028702545
v -0.029334392 0.0087300465 -0.0026517075
v -0.029313443 0.0090727899 -0.0030321472
v -0.029246014 0.0085766613 -0.0026499804
v -0.02915268 0.013166185 -0.0031122996
v -0.028801035 0.0099603049 -0.0048071817
v -0.028761679 0.010028474 -0.0049435194
v -0.028109971 0.0027919388 -0.0065617599
v -0.027881512 0.0020675808 -0.0057544061
v -0.02787187 0.002071829 -0.0056213806
v -0.027861919 0.0021058896 -0.00588072
v -0.027834455 0.0021179856 -0.0055018966
v -0.027774969 0.0021990258 -0.0054141437
v -0.027635058 0.0033473098 -0.0078452239
v -0.02726342 0.0031425222 -0.0079539847
v -0.027004905 0.0098879654 -0.0018705621
v -0.026842779 0.012128213 -0.0029439295
v -0.026598768 0.0096287718 -0.0014126386
v -0.026597328 0.0097949402 -0.0014736847
v -0.026569441 0.0094559891 -0.0014376565
v -0.026565505 0.009909966 -0.0016044392
v -0.026511127 0.011133193 -0.0014617319
v -0.026452063 0.010849424 -0.003795339
v -0.025967011 0.0109466 -0.0036777053
v -0.025734464 0.0015039756 -0.0066107023
v -0.025594719 0.0014524758 -0.006597694
v -0.025578989 0.0021996412 -0.00786136
v -0.025261937 0.0016329034 -0.0076572816
v -0.025216382 0.010986996 -0.0034043556
v -0.024996266 0.0008373654 -0.0053228922
v -0.024993723 0.00077318109 -0.0054398556
v -0.024983903 0.00093967083 -0.0052381102
v -0.024976676 0.00075689022 -0.0055711973
v -0.024947705 0.00079096877 -0.0056969193
v -0.024719754 0.0011857926 -0.006486563
v -0.024405746 0.0099159023 -0.0010652759
v -0.024378441 0.010970713 -0.0031850832
v -0.024370538 0.001790654 -0.0076962775
v -0.024349205 0.0018276012 -0.007770184
v -0.024095941 0.0098672528 -0.0010013615
v -0.023867458 0.010918931 -0.0030692001
v -0.023603426 0.0092498362 -0.00068451825
v -0.023567315 0.0094180703 -0.00064288365
v -0.023543516 0.0095030721 -0.00065627159
v -0.023517979 0.0095809093 -0.00069176889
v -0.023468619 0.0096947169 -0.00081806973
v -0.023447825 0.009730733 -0.00089010259
v -0.0233697 0.010834567 -0.0029626794
v -0.023293765 0.00073297136 -0.0063513219
v -0.023292603 0.00076073344 -0.0063046399
v -0.023292122 0.00076634175 -0.0062968652
v -0.023290977 0.00070664461 -0.0064221225
v -0.023285946 0.00081467489 -0.0062439675
v -0.023276655 0.00069684046 -0.0065392279
v -0.023268713 0.00070309365 -0.0065812049
v -0.023260623 0.00069286779 -0.0065388479
v -0.023249177 0.00073069357 -0.0066602901
v -0.023238193 0.00080408831 -0.0062391246
v -0.023198374 0.00079744961 -0.0062390803
v -0.023198271 0.00069534266 -0.0064033782
v -0.023130786 0.00074105646 -0.0063134837
v -0.023130393 0.000789251 -0.0062447274
v -0.023126755 0.00073961366 -0.0063170902
v -0.023126075 0.00071682787 -0.0066316859
v -0.023116423 0.00070107204 -0.0065807062
v -0.023094011 0.0007203719 -0.0066206581
v -0.023074845 0.00072773872 -0.0063696015
v -0.023072802 0.00070280459 -0.0064859241
v -0.023061957 0.0010549685 -0.0073088398
v -0.023029033 0.0011235652 -0.0074003744
v -0.023023285 0.00073127658 -0.0064354469
v -0.023018098 0.00078358233 -0.0062684272
v -0.023017211 0.001152718 -0.0074242186
v -0.022992097 0.0012213889 -0.0074616172
v -0.022984345 0.00076010189 -0.0065691355
v -0.022981124 0.0011357012 -0.0074112797
v -0.022969438 0.0012910841 -0.0074799373
v -0.022959678 0.00077700394 -0.0065535638
v -0.02295685 0.0013333547 -0.007483107
v -0.022952963 0.00078436855 -0.0062896088
v -0.022947293 0.00077035517 -0.0064125578
v -0.022938136 0.00079032348 -0.0065338188
v -0.022931708 0.0014275782 -0.0074698897
v -0.022922691 0.0010985869 -0.0073640444
v -0.022910615 0.00078636146 -0.0063060848
v -0.022906791 0.0010446467 -0.0072692079
v -0.022899991 0.00080730882 -0.0065045021
v -0.022895394 0.0012570134 -0.0074564437
v -0.022890009 0.0010628669 -0.0072956411
v -0.022885993 0.0010486718 -0.0072611915
v -0.022876313 0.010720621 -0.002869878
v -0.022875259 0.00078990223 -0.0063705966
v -0.022870118 0.01073135 -0.0028913347
v -0.022837749 0.00082201447 -0.0064677414
v -0.022832699 0.0013939427 -0.0074385223
v -0.022819772 0.0013880001 -0.0074315942
v -0.022813087 0.00079484173 -0.0063511264
v -0.022810185 0.0013709518 -0.0074271578
v -0.0228099 0.0012027117 -0.0073873326
v -0.022794437 0.0007970166 -0.0063607492
v -0.022793032 0.0013746811 -0.0074153957
v -0.02277532 0.0095589729 -0.00078052259
v -0.022772457 0.0011012788 -0.007202113
v -0.02276746 0.0012691302 -0.0073808916
v -0.022762084 0.0011504486 -0.0072872508
v -0.022753449 0.0011742422 -0.0073027038
v -0.022749301 0.0013503698 -0.0073842849
v -0.022733534 0.0011250508 -0.0071742116
v -0.022718601 0.001298462 -0.0073480974
v -0.022711921 0.0011991063 -0.0072739772
v -0.022709582 0.01078449 -0.0026456134
v -0.022689993 0.00081150961 -0.0064188633
v -0.022680478 0.0013050931 -0.0073225205
v -0.022646002 0.0011526266 -0.0071282419
v -0.022621937 0.001155532 -0.0071185962
v -0.022601856 0.0107494 -0.0026613534
v -0.022598119 0.010714497 -0.002743942
v -0.022585941 0.0012279646 -0.0072104251
v -0.022575689 0.0011563966 -0.0071030492
v -0.022527618 0.0011510904 -0.0070907972
v -0.022497658 0.0011446434 -0.007085131
v -0.022218909 0.010552823 -0.0027629524
v -0.022134207 0.0093931155 -0.00067220023
v -0.022131534 0.0094072353 -0.00066868897
v -0.022122743 0.0094042327 -0.00066741672
v -0.022107814 0.0095140422 -0.00066210347
v -0.022097938 0.0095517999 -0.00066818029
v -0.022087773 0.0095876474 -0.00067837635
v -0.022075966 0.0095441509 -0.00066434854
v -0.022052191 0.0096932389 -0.00074014312
v -0.022039732 0.0029182083 -0.0018193019
v -0.022038303 0.0036766892 -0.0012885244
v -0.022030601 0.0037390946 -0.001406223
v -0.02202603 0.0096698841 -0.00072326855
v -0.022018133 0.0093733044 -0.00067123881
v -0.02201801 0.009766777 -0.00083608617
v -0.021997729 0.0093852002 -0.00067120173
v -0.021994799 0.0036123192 -0.0011800335
v -0.021984307 0.0093709389 -0.00067717355
v -0.021982962 0.0097569069 -0.00083090394
v -0.02195489 0.0094120987 -0.00067639642
v -0.021935746 0.0095054787 -0.00068052334
v -0.021927629 0.0097335866 -0.00082659046
v -0.021926485 0.0093689933 -0.00069115363
v -0.021926306 0.0096423822 -0.00073477195
v -0.021906706 0.0035557817 -0.0010972667
v -0.021899955 0.0094509432 -0.00069506193
v -0.02187454 0.0097007016 -0.00082770735
v -0.021864485 0.0093998788 -0.00071241503
v -0.021848621 0.0094932057 -0.00072890095
v -0.021839632 0.0096301548 -0.00079109007
v -0.02182861 0.0093712425 -0.00072493026
v -0.021823714 0.0045146602 -0.00095871661
v -0.021819716 0.0095209498 -0.00075881468
v -0.021789409 0.0094776051 -0.00077397225
v -0.021787442 0.003515688 -0.001052825
v -0.021770529 0.009584845 -0.00085561082
v -0.021754429 0.0017741536 -0.0021578446
v -0.021744916 0.0018244124 -0.0022810937
v -0.021742061 0.0095439823 -0.00087035459
v -0.021716086 0.0017443707 -0.0020335505
v -0.021697732 0.0035105697 -0.0030040247
v -0.021678314 0.0093857776 -0.00079702173
v -0.021668609 0.0094738472 -0.00088784297
v -0.021647675 0.0094594322 -0.00088957412
v -0.021635715 0.0017395979 -0.0019271307
v -0.021610562 0.010472498 -0.0022475279
v -0.02160494 0.009435433 -0.00088994025
v -0.021588093 0.010466586 -0.002243998
v -0.021582903 0.010505785 -0.002364492
v -0.021563962 0.0104938 -0.0024913012
v -0.021559661 0.010386854 -0.002659925
v -0.021559166 0.0094165541 -0.00088634406
v -0.021558028 0.010458385 -0.002573513
v -0.021557445 0.010434244 -0.0026092706
v -0.021552656 0.010491915 -0.0023318594
v -0.02152974 0.0094077177 -0.00088210293
v -0.021525564 0.0017605631 -0.0018547894
v -0.021503335 0.010479598 -0.0024463674
v -0.021481713 0.0051070219 -0.0021434394
v -0.021472802 0.0013053367 -0.0024620791
v -0.021467092 0.010406422 -0.0022391491
v -0.021457074 0.010419285 -0.0025459614
v -0.021446584 0.010346703 -0.0026209326
v -0.021436309 0.010348794 -0.0026086878
v -0.021436164 0.01041247 -0.0022923513
v -0.021420132 0.010333434 -0.0026047353
v -0.021400673 0.010403606 -0.0023747555
v -0.021376934 0.010309264 -0.0025737202
v -0.021376325 0.010351978 -0.002505772
v -0.021367382 0.010360204 -0.0024464256
v -0.021363081 0.010290566 -0.0022670527
v -0.021349469 0.0103325 -0.0023870058
v -0.021308849 0.010264242 -0.0025121984
v -0.021284126 0.010189017 -0.0022847769
v -0.02127211 0.0053385887 -0.00023639352
v -0.02126978 0.010234307 -0.0024694116
v -0.021264683 0.010226395 -0.0024066791
v -0.02125952 0.0054116054 -0.00034737584
v -0.021242535 0.0052440073 -0.00014702987
v -0.021217465 0.010189646 -0.0024037685
v -0.021175291 0.0051422538 -9.2889401e-05
v -0.021174943 0.010120399 -0.0022824234
v -0.021164795 0.010140598 -0.0023302233
v -0.021130802 0.0018976982 -0.0036468019
v -0.021127313 0.01010474 -0.0022761475
v -0.021080619 0.0050488231 -8.2214909e-05
v -0.020935876 0.0047861855 -0.0055493317
v -0.020928232 0.0048433826 -0.0056696506
v -0.020919101 0.005664269 -0.0052565718
v -0.020892207 0.0047366451 -0.0054333783
v -0.020867525 0.0057784915 -5.0773277e-05
v -0.020803865 0.0047023008 -0.0053394432
v -0.020721225 0.00637251 -0.0046942048
v -0.020712214 0.0064398348 -0.0048090657
v -0.020684309 0.0046883835 -0.0052818288
v -0.020681454 0.0062941276 -0.004593798
v -0.020633416 0.0037495869 -0.0061314427
v -0.020606801 0.0058322907 -0.0066620382
v -0.020601818 0.0056262636 -0.0067636138
v -0.020598961 0.0062166266 -0.0045231301
v -0.020577101 0.0062566306 -0.0064412947
v -0.020525524 0.0063708532 -0.001235496
v -0.020514401 0.0050137383 -0.0070446404
v -0.020496553 0.00014076574 -0.0026114213
v -0.02048629 0.0061517968 -0.0044929585
v -0.020481074 0.00014067709 -0.0024788801
v -0.02047901 0.00018059742 -0.0027375657
v -0.020434931 0.00018034606 -0.0023601197
v -0.020372547 0.0031835458 -0.0061880322
v -0.020365147 0.00025373165 -0.002273222
v -0.020361302 0.0032305112 -0.006312428
v -0.020339118 0.0031631398 -0.006060468
v -0.020291416 0.0043419483 -0.0073161656
v -0.020266108 0.0031724004 -0.0059491564
v -0.020164626 0.0032099185 -0.0058710412
v -0.02014802 0.0073367795 -0.0041977246
v -0.01989321 0.0005878543 -0.0039444617
v -0.01980602 0.0079291407 -0.0053824475
v -0.019771101 0.0076283244 -0.0037920203
v -0.019756025 0.0077036661 -0.0039011221
v -0.019748608 0.0075271148 -0.003708015
v -0.019691957 0.0074154404 -0.0036618933
v -0.019661153 0.006314551 0.00071663066
v -0.019660864 0.0062022256 0.00078866823
v -0.019638274 0.0063937944 0.00061173219
v -0.019637449 0.0060739173 0.00081687875
v -0.019609787 0.0073103099 -0.0036606775
v -0.019594477 0.0059491633 0.00079696707
v -0.01936751 0.0021057718 -0.0065879147
v -0.019158158 0.0029131558 -0.00059508224
v -0.019142807 0.0018820104 -0.0064838044
v -0.019131733 0.0018852667 -0.0063508628
v -0.019123711 0.0019206674 -0.0066100881
v -0.01909218 0.001929938 -0.006231504
v -0.019086737 0.0024344854 -0.00081379991
v -0.019030169 0.0020092281 -0.0061438973
v -0.01902551 0.0026981332 -0.0077726375
v -0.019018557 0.0070517501 -0.00046002356
v -0.018965393 0.0033312852 -0.00033037105
v -0.018770263 0.0020235332 -0.00092791748
v -0.018730659 0.0036536076 -0.0020759855
v -0.018659238 0.0031749371 -0.0022947034
v -0.018626099 -0.00070417469 -0.0022802157
v -0.018620687 -0.00076905428 -0.0023966983
v -0.018617127 -0.00060105143 -0.0021960035
v -0.018601717 -0.00078581052 -0.0025277175
v -0.018572077 -0.00075189379 -0.0026533275
v -0.01856008 0.0035768314 -9.0593698e-05
v -0.018537894 0.0040717372 -0.0018112744
v -0.018526774 0.008318969 -0.0032386167
v -0.018447282 -0.00082972681 -0.0042659095
v -0.018444741 -0.00089391111 -0.0043828734
v -0.018434921 -0.000727423 -0.0041811289
v -0.018427694 -0.00091020361 -0.0045142155
v -0.018398723 -0.00087612506 -0.004639938
v -0.018342763 0.002763985 -0.0024088209
v -0.018293533 0.0017904106 -0.00090685894
v -0.01827842 0.0081913909 -0.0029514702
v -0.018273693 0.0083049014 -0.0030214675
v -0.018262515 0.0080613103 -0.002926314
v -0.018249057 0.008384563 -0.0031256496
v -0.018230077 -0.00015953241 -0.0038380502
v -0.018228399 0.0079344641 -0.002949828
v -0.018184775 0.0089113303 -0.0044233399
v -0.018132579 0.0043172832 -0.0015714971
v -0.018050833 0.0035840052 6.0000097e-05
v -0.018044934 0.0048504099 -0.0044388934
v -0.017982073 0.0043757064 -0.0046580988
v -0.017892592 0.002537285 -0.002392218
v -0.017866034 0.0025308623 -0.0023877623
v -0.017853711 0.0017811854 -0.00078450562
v -0.017848477 0.0052624028 -0.004176185
v -0.017800223 0.00016050738 -0.0067132027
v -0.017727232 0.0059754653 0.0013491458
v -0.017705243 0.0061011356 0.0013882681
v -0.017676448 0.0039633568 -0.0047760475
v -0.017673591 0.0062302183 0.0013763414
v -0.017637083 0.0063430625 0.0013151849
v -0.017635049 0.0033971602 8.660389e-05
v -0.017623333 0.0043244571 -0.0014209034
v -0.017619159 0.0055787819 -0.0059263348
v -0.017601281 0.0064224885 0.0012141084
v -0.017596774 0.0043180343 -0.0014164478
v -0.017547738 0.0051001115 -0.0061450521
v -0.017514599 0.0012209999 -0.006130565
v -0.017509187 0.0011561202 -0.0062470473
v -0.017505627 0.0013241231 -0.0060463524
v -0.017490217 0.0011393639 -0.0063780663
v -0.01747697 0.0019514096 -0.00059063802
v -0.017460577 0.0011732806 -0.0065036765
v -0.017444462 0.0055031343 -0.0039391899
v -0.017426394 0.0059969113 -0.0056616236
v -0.017426211 0.0025216371 -0.0022654091
v -0.017360901 0.0025369085 -0.00223892
v -0.017325649 0.0030696988 1.2189157e-05
v -0.017259281 0.0070148497 2.9385676e-05
v -0.017237926 0.0022673674 -0.00036365268
v -0.017231263 0.0046891593 -0.0062591699
v -0.017208593 0.0037220079 -0.0047616637
v -0.01720755 0.0041376119 -0.0013942996
v -0.017183919 0.0026664808 -0.00014850563
v -0.017182034 0.003715585 -0.0047572078
v -0.017128915 0.0040766844 -0.0014020634
v -0.017118577 0.0017656421 -0.0076883994
v -0.017054437 0.0075827404 0.00037246436
v -0.017049471 0.0026918615 -0.0020715415
v -0.017029066 0.007707593 0.00041215398
v -0.017021079 0.0062424578 -0.0054218462
v -0.016994534 0.0078359796 0.000400711
v -0.016956883 0.0027776391 -0.0020019244
v -0.016956111 0.0079483604 0.00033987564
v -0.016939333 0.0055091796 -0.003790349
v -0.016919637 0.0080276234 0.00023891177
v -0.016912773 0.0055027572 -0.0037858933
v -0.01689815 0.0038101505 -0.0014687142
v -0.016823292 0.0036643373 -0.0015200116
v -0.016810425 0.0030078192 -0.0018445561
v -0.016760428 0.003189631 -0.0017392172
v -0.016756419 0.0034069326 -0.001629409
v -0.016754534 0.0044560367 -0.0062381113
v -0.016676901 0.0037216314 -0.0046083657
v -0.016615732 0.0079006394 -0.0025012032
v -0.016593743 0.0080263102 -0.0024620811
v -0.016562091 0.0081553925 -0.0024740074
v -0.016525583 0.0082682371 -0.0025351639
v -0.016511833 0.0062496313 -0.0052712522
v -0.016489781 0.0083476631 -0.0026362406
v -0.016444914 0.0052614072 -0.003771509
v -0.01637752 -0.00082226767 -0.0036346305
v -0.01636547 0.0038765841 -0.004440987
v -0.016333641 -0.00092716439 -0.0037044727
v -0.016321136 0.0090642553 -0.0018343531
v -0.016314711 0.0044468115 -0.0061157579
v -0.016283423 -0.00099354656 -0.0038087722
v -0.016272882 0.0039623622 -0.0043713702
v -0.016234515 -0.0010113078 -0.0039316514
v -0.016214149 0.0049948734 -0.0038381598
v -0.016194366 -0.00097774307 -0.0040544039
v -0.016147781 0.0089400243 -0.0038209634
v -0.016139293 0.00484906 -0.0038894571
v -0.016126426 0.0041925423 -0.0042140018
v -0.01609605 0.0060627866 -0.0052446485
v -0.016076427 0.0043743537 -0.0041086627
v -0.016072419 0.0045916555 -0.0039988547
v -0.015937971 0.0046170359 -0.0059218905
v -0.015860077 -0.0007026458 -0.0034254466
v -0.01578665 0.0057353252 -0.0053190631
v -0.015698925 0.0049329936 -0.0056949053
v -0.015644919 0.0053321072 -0.0054797581
v -0.015595865 5.8889422e-05 -0.0061276685
v -0.015133746 0.0066649322 0.00046801602
v -0.015055871 0.006764695 0.00051031739
v -0.014976834 0.006871813 0.00050108763
v -0.014908669 0.0069699832 0.0004417327
v -0.014889279 0.0064717364 0.00044198948
v -0.014861753 0.0070442562 0.00034128802
v -0.014590899 -7.5361626e-05 -0.0027454244
v -0.014498184 -0.00015984256 -0.0027909607
v -0.014406564 -0.00020891665 -0.0028746547
v -0.014329993 -0.00021511241 -0.0029837659
v -0.014280129 -0.00017748745 -0.0031016835
v -0.014263253 0.0080808885 -0.0017319769
v -0.014153938 0.00055604521 -0.0054628421
v -0.013829955 0.0012196002 -0.0070120767
v -0.013730183 0.0051059411 9.3694114e-05
v -0.013681629 0.00085914496 -0.0051749484
v -0.013613937 0.0051630889 0.00012576461
v -0.013502377 0.0052340813 0.00010786052
v -0.013481867 0.0032035341 -0.0059196255
v -0.013428923 0.0013653596 -0.0016896302
v -0.01341248 0.0053081112 4.2709376e-05
v -0.013383154 0.003766157 -0.0056098178
v -0.01335793 0.0053739087 -5.9769503e-05
v -0.013350006 0.003955083 -0.0055057863
v -0.013304447 0.001320261 -0.0017063071
v -0.013264041 0.0071325619 -0.0019176927
v -0.013185902 0.0013045731 -0.0017655351
v -0.013121737 0.0032145462 -0.0006763601
v -0.013091341 0.0013206837 -0.0018582995
v -0.013035153 0.0013661429 -0.0019704746
v -0.012988864 0.0032199929 -0.00066533993
v -0.012943601 0.0062714033 -0.0042303069
v -0.012863202 0.0032471567 -0.00070108776
v -0.012844888 0.006834026 -0.0039204992
v -0.012763881 0.0032918993 -0.00077816233
v -0.01275943 0.006410541 -0.0021330344
v -0.012706026 0.0033474136 -0.00088482862
v -0.012436653 0.0024027752 -0.0040437398
v -0.012107527 0.004384046 -0.0029580935
v -0.011594861 0.0030169177 -0.0034936641
v -0.01150485 0.0036821049 -0.0031350865
v -0.011462289 0.0030255474 -0.0034811394
v -0.011379168 0.0036398245 -0.0031500063
v -0.011358642 0.0023448891 -0.0037614875
v -0.011336882 0.0030554077 -0.0035156123
v -0.011259601 0.0036265235 -0.0032077455
v -0.011244146 0.002404952 -0.0037284647
v -0.011237736 0.0031019538 -0.0035918355
v -0.011179939 0.0031580988 -0.0036982028
v -0.011164357 0.0036442296 -0.0032995148
v -0.011134068 0.0024784165 -0.0037455608
v -0.011107934 0.0036902493 -0.0034113417
v -0.011106442 0.0042087031 -0.0027567768
v -0.011045163 0.0025540984 -0.003810172
v -0.011011251 0.0041261171 -0.0028006511
v -0.010990961 0.0026204744 -0.0039124624
v -0.010917535 0.0040786476 -0.0028829377
v -0.010842978 0.0017991198 -0.0038855132
v -0.010839562 0.0040735244 -0.0029911073
v -0.010837939 0.0037504602 -0.0048829257
v -0.010789203 0.004111527 -0.0031086931
v -0.010767952 0.0019009552 -0.0038429976
v -0.010765933 0.004282611 -0.0045960643
v -0.010691333 0.0020098328 -0.0038520459
v -0.010648962 0.0032128359 -0.0050971853
v -0.010624781 0.0021091744 -0.0039112801
v -0.010578434 0.0021838616 -0.0040116822
v -0.010478538 0.00449241 -0.002433663
v -0.010447203 0.0047038887 -0.0042934162
v -0.010431406 0.0043881093 -0.0025022682
v -0.010378432 0.0043222322 -0.0026055195
v -0.010327679 0.0043048086 -0.0027276971
v -0.01028688 0.0043384912 -0.0028502026
v -0.010236434 0.002776223 -0.0051964051
v -0.010172054 0.00057955849 0.00083218404
v -0.010150006 0.0014877091 -0.0038411745
v -0.010128018 0.0016133778 -0.0038020532
v -0.010100046 0.0011117096 0.0011190467
v -0.010096358 0.0017424603 -0.0038139778
v -0.010059855 0.0018553053 -0.0038751347
v -0.010024056 0.0019347321 -0.0039762119
v -0.0099830776 4.1935702e-05 0.00061792554
v -0.0099448794 0.0049308529 -0.0040349257
v -0.0097813187 0.0015329868 0.0014216938
v -0.0097544771 0.0043739113 -0.0023139545
v -0.0097490679 0.0043090326 -0.0024304376
v -0.0097455047 0.0044770348 -0.0022297422
v -0.0097445548 0.0013200102 -0.00064871938
v -0.009730095 0.0042922753 -0.0025614561
v -0.0097004548 0.0043261922 -0.0026870661
v -0.0096820565 0.0025270935 -0.0051609348
v -0.0096725458 0.0018521614 -0.00036185668
v -0.0095705492 -0.00039467882 0.00051870488
v -0.0095555773 0.00078238739 -0.00086297787
v -0.0093584545 0.0049185539 -0.003871789
v -0.0093538193 0.0022734385 -5.9209568e-05
v -0.009278995 0.0017599526 0.0016801852
v -0.0091430498 0.00034577289 -0.00096219854
v -0.0090161683 -0.00064380921 0.0005541757
v -0.0088514946 0.0025004044 0.00019928176
v -0.008692571 0.0017476518 0.0018433208
v -0.0085886689 9.6642514e-05 -0.00092672772
v -0.0082650706 0.0024881035 0.0003624174
v -0.0051431116 -0.0016140715 -0.0039767595
v -0.0051376992 -0.0016789512 -0.0040932419
v -0.0051341397 -0.0015109483 -0.0038925472
v -0.0051187295 -0.0016957076 -0.0042242613
v -0.0050890897 -0.0016617908 -0.0043498711
v -0.0049837744 -0.0019462507 -0.0031227709
v -0.0049832049 -0.0020242634 -0.0031934113
v -0.0049812649 -0.0015684469 -0.0038242575
v -0.0049786 -0.0016759472 -0.0039032716
v -0.004976993 -0.0019530272 -0.003278407
v -0.0049764807 -0.0018824453 -0.0032429683
v -0.0049751983 -0.0019665807 -0.0030872119
v -0.0049526733 -0.0020420011 -0.0033158737
v -0.0049436246 -0.0021003038 -0.0030901178
v -0.0049400497 -0.0017532906 -0.0040049511
v -0.0049399696 -0.0038405114 0.00010246145
v -0.0049345572 -0.0039053909 -1.4021191e-05
v -0.0049309973 -0.0037373882 0.00018667358
v -0.0049306965 -0.0021307748 -0.0032694824
v -0.0049291002 -0.0020550005 -0.0030172572
v -0.0049272142 -0.0020896904 -0.0033323688
v -0.004926784 -0.0016075796 -0.0037653383
v -0.0049155876 -0.0039221472 -0.00014504045
v -0.0049033621 -0.00218197 -0.0031484435
v -0.0048922631 -0.0016502196 -0.0036949052
v -0.0048914421 0.00028264732 -0.0029256889
v -0.0048909807 -0.001734355 -0.003539149
v -0.0048861932 -0.0020483544 -0.0029578591
v -0.0048859478 -0.0038882305 -0.00027065034
v -0.0048828204 -0.0017639442 -0.003764072
v -0.0048814397 -0.0018544855 -0.0035964597
v -0.0048714825 -0.0017887006 -0.0041138153
v -0.0048671737 -0.0018939108 -0.0036120543
v -0.0048597623 0.00045195478 -0.0028847973
v -0.0048584729 -0.002154384 -0.0030015546
v -0.0048555722 -0.0021114929 -0.002961765
v -0.004852511 -0.0020657917 -0.0029339665
v -0.004847181 -0.002178987 -0.0033539135
v -0.0048377975 0.00053739944 -0.0028984924
v -0.0048366641 -0.0021986258 -0.0030331528
v -0.0048290938 -0.0022194399 -0.0033107633
v -0.0048285346 -0.0020784463 -0.0029216644
v -0.0048254617 -0.0022499517 -0.0031800952
v -0.004824976 -0.0018590139 -0.0038377112
v -0.0048233187 -0.0019677915 -0.0036363348
v -0.004813659 0.000615575 -0.0029342244
v -0.004794463 -0.0022354526 -0.0030502984
v -0.0047908598 -0.0020899482 -0.0029046275
v -0.0047861752 -0.0020914588 -0.0029030016
v -0.004783337 -0.0017767885 -0.0042132917
v -0.004772176 0.00024255262 -0.0028812464
v -0.0047654919 0.00072967028 -0.003060726
v -0.004761681 -0.0020308967 -0.0036500941
v -0.0047422908 -0.0022089761 -0.0029737817
v -0.0047408757 -0.0021781751 -0.0029413684
v -0.004736878 -0.0022738541 -0.0030902636
v -0.0047337799 -8.8850604e-05 -0.0022761093
v -0.0047333185 -0.0021058528 -0.0028895694
v -0.0047324975 -0.00017298607 -0.0021203528
v -0.0047311094 -0.00017547132 -0.0021160904
v -0.0047275373 -0.0019209532 -0.0039046113
v -0.0047254632 -0.0020570264 -0.0036527037
v -0.0047253454 -0.002290786 -0.0031788023
v -0.0047245179 0.00040648636 -0.0028344018
v -0.0047179088 -0.0022906119 -0.0032212837
v -0.0047055841 -0.00011165024 -0.002064205
v -0.0047032703 -1.874883e-07 -0.0021845249
v -0.0046985205 -0.0022726958 -0.0033090764
v -0.0046932814 1.9813413e-05 -0.0022100864
v -0.0046882685 -0.0022566936 -0.0033468928
v -0.0046840864 0.00018601591 -0.00279848
v -0.0046482799 5.9239661e-05 -0.0025722899
v -0.0046434957 -0.00025475709 -0.0019909998
v -0.0046405783 0.00012164497 -0.0026899886
v -0.0046347617 0.00055543281 -0.0028675618
v -0.0046284599 -1.9885982e-05 -0.0020037945
v -0.0046266885 6.5577209e-05 -0.002096049
v -0.004625679 -0.00021194639 -0.0019619192
v -0.0046246252 0.00034237694 -0.0027405459
v -0.0046089171 0.00010046886 -0.0021454047
v -0.0046053333 -0.0019403324 -0.0039545861
v -0.0046027685 -0.0021086033 -0.0036430734
v -0.0045840223 0.0001986166 -0.0024840517
v -0.0045752903 0.00026938244 -0.0026175198
v -0.0045671929 -9.6786651e-05 -0.0019253675
v -0.0045439475 -0.0032958691 -0.0014553731
v -0.0045269602 0.00064947928 -0.002971842
v -0.004523417 0.00024855911 -0.0024415853
v -0.0045169322 4.9651968e-05 -0.0019765198
v -0.0045159715 9.5949581e-05 -0.0020264962
v -0.0045069628 0.00013866146 -0.0020968767
v -0.0045026257 0.00047062821 -0.0027434116
v -0.0044959127 0.0031688497 -0.0013984687
v -0.0044935211 0.00014083351 -0.0020919105
v -0.0044906209 -0.0003122557 -0.0019227101
v -0.004490504 0.0031039708 -0.0015149517
v -0.0044869441 0.0032719737 -0.001314257
v -0.0044849678 -0.00027420072 -0.0019050746
v -0.0044837426 7.9927668e-06 -0.0019340339
v -0.0044811163 0.00013447975 -0.0020705722
v -0.0044715344 0.0030872147 -0.0016459709
v -0.0044686324 -0.00018658703 -0.0018835887
v -0.004459308 -0.00014451894 -0.0018817834
v -0.004448921 0.00028046675 -0.0024041263
v -0.0044418909 0.0031211304 -0.0017715803
v -0.0044373656 0.00037407217 -0.0025806748
v -0.0044369763 -5.750341e-05 -0.0018955141
v -0.0044246488 0.0001434502 -0.0020707203
v -0.0044004698 5.5340712e-05 -0.0019566705
v -0.0043881773 8.6251908e-05 -0.0019865816
v -0.0043646707 0.00013476747 -0.0020577477
v -0.0043507805 0.00053640769 -0.0028063087
v -0.0043369834 0.0028380705 -0.00054697873
v -0.004336006 0.0027586576 -0.00061512052
v -0.0043340661 0.0032144743 -0.0012459668
v -0.0043314011 0.0031069741 -0.0013249808
v -0.0043297973 0.0028298949 -0.00070011686
v -0.0043292819 0.0029004759 -0.00066467753
v -0.0043057688 0.0027859334 -0.00045809243
v -0.0043054745 0.0027409201 -0.00073758286
v -0.0042964257 0.0026826174 -0.00051182712
v -0.004293479 0.0027737005 -0.000438488
v -0.0042928508 0.0030296305 -0.0014266603
v -0.0042910711 0.0027617936 -0.00043837746
v -0.0042834976 0.0026521464 -0.00069119158
v -0.0042800154 0.0026932308 -0.00075407798
v -0.0042795883 0.0031753425 -0.0011870482
v -0.0042791707 0.00028285774 -0.0023539283
v -0.004263768 0.00040766675 -0.0025893266
v -0.0042561665 0.0026009521 -0.00057015329
v -0.0042450642 0.0031327016 -0.0011166144
v -0.0042442433 0.0050655683 -0.00034739796
v -0.0042437818 0.0030485662 -0.00096085807
v -0.0042356215 0.0030189771 -0.0011857812
v -0.0042342446 0.0029284367 -0.0010181696
v -0.0042242836 0.0029942205 -0.0015355243
v -0.0042199744 0.0028890104 -0.0010337634
v -0.0042125634 0.0052348757 -0.00030650647
v -0.0042112777 0.0026285364 -0.00042326518
v -0.0042083766 0.0026714292 -0.00038347486
v -0.0042053857 0.0027171646 -0.00035572014
v -0.0041999822 0.0026039341 -0.00077562273
v -0.0041917171 0.0027110446 -0.00034779694
v -0.0041905986 0.0053203204 -0.00032020165
v -0.0041894689 0.0025842963 -0.00045486246
v -0.0041818949 0.002563481 -0.00073247252
v -0.0041813352 0.0027044746 -0.00034337363
v -0.0041782628 0.0025329695 -0.00060180435
v -0.0041777804 0.0029239082 -0.0012594209
v -0.0041761235 0.0028151306 -0.0010580445
v -0.0041664639 0.005398497 -0.00035593408
v -0.0041607628 0.0026988438 -0.00033293598
v -0.0041472642 0.0025474685 -0.00047200767
v -0.0041361419 0.0030061335 -0.0016350016
v -0.0041345949 0.0026900854 -0.00032325872
v -0.0041249772 0.0050254739 -0.00030295557
v -0.0041182931 0.0055125915 -0.00048243516
v -0.0041144821 0.0027520244 -0.0010718033
v -0.004095092 0.0025739451 -0.00039549085
v -0.0040942859 0.0046316679 0.00041988064
v -0.0040936768 0.002604746 -0.00036307768
v -0.0040896833 0.0025090664 -0.00051197427
v -0.0040865848 0.0046940716 0.00030218094
v -0.0040861233 0.002677069 -0.00031127917
v -0.0040847678 -0.0023861115 -0.0028953862
v -0.0040839529 0.0046075247 0.00046207395
v -0.0040803384 0.002861968 -0.0013263206
v -0.0040795575 -0.0024244874 -0.0029758282
v -0.0040782643 0.0027258948 -0.001074413
v -0.0040781465 0.0024921352 -0.00060051156
v -0.0040773223 0.0051894085 -0.00025611155
v -0.0040759975 -0.0022564847 -0.0027751331
v -0.0040707132 0.00249231 -0.00064299343
v -0.0040682806 -0.0024413222 -0.0030627779
v -0.0040583853 0.004671271 0.00051408581
v -0.0040560751 0.0047827344 0.00039376537
v -0.0040513217 0.0025102254 -0.00073078566
v -0.0040507778 0.0045672967 0.00052837189
v -0.0040460858 0.0048027355 0.00036820388
v -0.0040411013 0.0028391287 0.0037318228
v -0.0040410734 0.0025262269 -0.00076860341
v -0.0040368875 0.004968937 -0.00022018912
v -0.0040309476 -0.0024073271 -0.0032324572
v -0.0040191161 0.0029647981 0.0037709437
v -0.0040010847 0.0048421617 6.0004108e-06
v -0.0039933831 0.0049045673 -0.0001116984
v -0.003992789 0.0045261662 0.00059011375
v -0.0039875666 0.005338355 -0.00028927161
v -0.0039874567 0.0030938808 0.0037590191
v -0.003981261 0.0047630351 0.0005744964
v -0.0039794892 0.0048484984 0.00048224189
v -0.0039784838 0.0045709759 0.00061637099
v -0.0039774263 0.0051252982 -0.00016225509
v -0.0039626881 0.0045107603 0.00061113836
v -0.0039617182 0.0048833899 0.00043288607
v -0.003958134 0.0028425888 -0.0013762952
v -0.0039555733 0.0026743172 -0.0010647839
v -0.0039509502 0.003206725 0.0036978626
v -0.0039368272 0.0049815387 9.4238436e-05
v -0.0039280914 0.0050523034 -3.9229104e-05
v -0.0039199977 0.0046861353 0.00065292278
v -0.0039151511 0.0032861517 0.0035967855
v -0.0038797648 0.0054324013 -0.0003935518
v -0.0038762181 0.0050314805 0.00013670555
v -0.0038697333 0.0048325732 0.00060177094
v -0.0038687726 0.0048788707 0.00055179466
v -0.0038597637 0.0049215825 0.00048141406
v -0.0038554301 0.0052535501 -0.00016512143
v -0.0038463257 0.0049237558 0.00048637975
v -0.0038434223 0.0044706655 0.00065558078
v -0.0038377724 0.0045087212 0.00067321566
v -0.0038365435 0.0047909138 0.00064425683
v -0.0038339207 0.0049174018 0.00050771813
v -0.0038333002 -0.00046288915 -0.0018082745
v -0.0038214335 0.004596334 0.00069470209
v -0.0038121089 0.0046384023 0.00069650752
v -0.0038113114 -0.00033722047 -0.0017691533
v -0.0038017223 0.0050633862 0.00017416362
v -0.00379017 0.0051569943 -2.3845851e-06
v -0.0037897779 0.0047254162 0.0006827758
v -0.0037796556 -0.00020813686 -0.0017810786
v -0.0037774532 0.0049263723 0.00050756987
v -0.003753271 0.0048382618 0.00062162022
v -0.0037431489 -9.5292737e-05 -0.0018422351
v -0.0037409819 0.0048691742 0.00059170875
v -0.0037174721 0.0049176868 0.00052054226
v -0.00370735 -1.5865975e-05 -0.0019433122
v -0.0037035816 0.005319329 -0.00022801787
v -0.0036474571 -0.0045374171 -8.6597742e-05
v -0.0036323902 -0.0045371754 4.5989927e-05
v -0.0036319722 0.0050657773 0.00022436175
v -0.0036297706 -0.0044977008 -0.00021275846
v -0.0036165691 0.0051905881 -1.1035872e-05
v -0.0035868569 -0.0044970121 0.00016482097
v -0.0035731511 0.0038785131 0.0024120628
v -0.0035177981 -0.0044230418 0.00025180209
v -0.0034377708 0.0024233132 -0.0002810545
v -0.0034324476 -0.0013706946 -0.0053057224
v -0.0034323619 0.0023584345 -0.00039753789
v -0.0034289456 -0.0019241857 0.0015268798
v -0.0034288021 0.0025264374 -0.00019684281
v -0.0034133922 0.0023416784 -0.00052855705
v -0.0033837522 0.002375595 -0.00065416709
v -0.0032877706 -0.0039053394 -0.0013974813
v -0.0031861013 0.004320032 0.00077001622
v -0.0031641161 0.0044457014 0.00080913701
v -0.0031324567 0.0045747841 0.00079721212
v -0.00310885 0.0010207664 -0.0040165773
v -0.003105348 0.00046727539 0.0028160249
v -0.00309595 0.0046876282 0.00073605566
v -0.0030601511 0.0047670552 0.00063497864
v -0.0030512277 -8.5545747e-05 -0.0016376212
v -0.0030509399 -0.00019787106 -0.0015655837
v -0.0030283532 -6.301073e-06 -0.0017425203
v -0.0030275243 -0.00032617964 -0.0015373729
v -0.0030014457 -0.0011837339 4.5976423e-05
v -0.0029845536 -0.00045093326 -0.0015572845
v -0.0027910636 -0.0030609991 -0.0030039158
v -0.0027852522 0.0034122276 -0.0027274319
v -0.0027747706 -0.0030167974 -0.0031745655
v -0.0027656502 0.0020249316 -0.00049994339
v -0.0027501751 0.0020248438 -0.00036740286
v -0.0027500778 -0.0030336725 -0.0028338749
v -0.002749949 -0.0019146207 0.0017276717
v -0.0027481071 0.002064765 -0.00062608713
v -0.0027040315 0.0020645128 -0.00024864249
v -0.0026778479 0.0012077271 0.0013351216
v -0.0026627984 -0.0029421388 -0.0027100046
v -0.0026342482 0.0021378999 -0.00016174356
v -0.0025977809 0.0031087969 0.004167642
v -0.0025975988 0.0032212506 0.0040958039
v -0.0025750729 0.0029802979 0.0041955528
v -0.0025745563 0.0033005404 0.0039909761
v -0.002532932 0.0028553167 0.0041752877
v -0.0025005292 0.00024808131 -0.0013118347
v -0.0024879368 0.00032109508 -0.0014228174
v -0.002470952 0.00015349725 -0.0012224715
v -0.0024697029 0.0001564436 0.0028441041
v -0.0024616511 0.0058036875 -0.0014382863
v -0.0024298532 0.0010303314 -0.0038157851
v -0.0024037072 5.1743769e-05 -0.0011683308
v -0.0023356527 0.0014665665 -0.00065499637
v -0.0023261397 0.0015168269 -0.00077824469
v -0.0023224489 -0.001174169 0.00024676832
v -0.0023090355 -4.1686952e-05 -0.0011576562
v -0.0022973069 0.0014367843 -0.0005307009
v -0.0022386126 0.00081619358 -0.00095216971
v -0.0022325562 0.0038929018 0.0028062535
v -0.002230911 0.00087859895 -0.0010698686
v -0.0022169405 0.0014320107 -0.00042428239
v -0.0022095325 -0.0015872245 0.0020473746
v -0.0021951045 0.00075182266 -0.00084367843
v -0.0021762706 -0.001980165 -0.0052478304
v -0.0021496071 0.0031013973 -0.0026993521
v -0.0021070146 0.0006952876 -0.00076091109
v -0.0021067848 0.001452975 -0.00035194046
v -0.0020477355 -0.0003914944 0.0026919465
v -0.0020422027 0.0008968953 0.0013632006
v -0.001987749 0.00065519125 -0.0007164696
v -0.0019525066 -0.0010297208 0.0024003235
v -0.0018894369 0.0013577276 -0.0034960823
v -0.0017820324 -0.00084677286 0.00056647119
v -0.0017427808 0.0045897006 0.0012058351
v -0.0017425987 0.0047021541 0.0011339973
v -0.0017276397 0.0025534593 -0.0028515095
v -0.0017200729 0.0044612014 0.0012337462
v -0.0017195563 0.0047814441 0.0010291694
v -0.0016779321 0.0043362202 0.0012134812
v -0.0016686493 -0.001969299 -0.0050958595
v -0.001632411 0.0019152313 -0.0031431334
v -0.0016202355 0.00034895731 0.001211043
v -0.0015250066 -0.00028926902 0.0009194201
v -0.001328457 -0.0055927397 0.00026890112
v -0.0013230445 -0.0056576179 0.00015241936
v -0.0013205622 1.4634928e-05 -0.0040034088
v -0.0013194847 -0.0054896148 0.00035311413
v -0.0013040748 -0.0056743738 2.1400094e-05
v -0.0012744348 -0.0056404574 -0.00010420981
v -0.0012218484 0.00057725783 -0.0036936009
v -0.0011887008 0.0007661836 -0.0035895691
v -0.0011210563 0.0058180764 -0.0010440955
v -0.0010757557 0.00044619772 -0.00055769662
v -0.00099045585 -0.00012548345 -0.00081891328
v -0.00093243486 -0.0050480957 -0.0012889326
v -0.00086211762 0.00092665339 -0.00025579677
v -0.00083533855 -0.0024769523 -0.0019498691
v -0.00080394407 -0.0021960393 -0.0049596108
v -0.00080383557 -0.0022441358 -0.0018243669
v -0.00078229565 0.0030825038 -0.00231409
v -0.00075266149 -0.0027121615 -0.0020436069
v -0.00068358186 0.0036451267 -0.0020042823
v -0.00066439167 -0.0020598273 -0.0016919585
v -0.00066299847 0.0011025509 -0.00011036729
v -0.00061248377 -0.0006162902 -0.00095520547
v -0.00057217974 -0.0029031814 -0.0020870164
v -0.00047325506 -0.0041383384 -0.0027289456
v -0.00046448474 -0.0040087113 -0.0026086925
v -0.00045676416 -0.00419355 -0.0028963368
v -0.00045585705 -0.00021210533 -0.0038671598
v -0.00044462469 -0.0019605292 -0.0015788683
v -0.00041943486 -0.0041595539 -0.0030660168
v -0.00039175563 0.0016309206 -0.0029271424
v -0.00035714323 0.0003505176 -0.0035573521
v -0.00032964049 -0.0030121752 -0.0020714982
v -0.00032399566 0.00053944334 -0.0034533204
v -0.0003064558 0.0010592395 -0.0031883591
v -0.00018806467 -0.0019659097 -0.0015074961
v -0.00018689115 0.0028804974 0.004865122
v -0.00017811751 0.0021113763 -0.0026252426
v -0.00016490232 0.003006167 0.0049042436
v -0.00015915462 0.0012756352 0.00012162211
v -0.00015133843 -0.0012922293 -0.0043193148
v -0.00013324659 0.0031352497 0.004892318
v -0.00011983549 -0.001059413 -0.0041938126
v -0.00011267985 0.0029735346 0.00098398782
v -9.673991e-05 0.0032480939 0.0048311614
v -7.1015253e-05 0.0026943111 0.00085640367
v -6.8661393e-05 -0.0015274386 -0.0044130529
v -6.0940973e-05 0.0033275206 0.0047300844
v -4.3116543e-05 -0.00089471095 -0.00093005371
v -3.2578482e-05 -0.0030079891 -0.0019836507
v -2.2762936e-07 0.0032174422 0.0011384038
v 1.9608409e-05 -0.00087510439 -0.0040614041
v 2.1001611e-05 0.0022872738 -0.0024798131
v 7.1516341e-05 0.00056843268 -0.0033246512
v 8.2409482e-05 0.0028557635 -0.0021778413
v 9.0029818e-05 -0.0021018987 -0.0014952115
v 0.00011182037 -0.0017184585 -0.0044564619
v 0.00011359424 0.002454588 0.00078983424
v 0.00017906516 -0.0031229213 -0.0051392815
v 0.00018112331 0.0034183864 -0.0018680335
v 0.00020385525 -0.0028647538 -0.0018437805
v 0.00023620254 0.0033606784 0.0012782734
v 0.0002393754 -0.00077580631 -0.0039483141
v 0.00027463931 -0.0023416218 -0.0015617809
v 0.00028105904 0.0039198818 0.0035453618
v 0.00031630363 -0.002620847 -0.0016893659
v 0.0003543596 -0.0018274522 -0.0044409437
v 0.00039168872 0.002318599 0.0008021188
v 0.00040336882 0.0012015287 0.00024695537
v 0.00049593544 -0.00078118691 -0.0038769417
v 0.00052484544 0.0024603582 -0.0022478236
v 0.00053326425 0.0033648629 0.0013661199
v 0.00056508224 -0.00088614284 -0.0007501978
v 0.00057132024 0.0041582575 -0.0013854579
v 0.00058618176 0.0059688226 -0.0004758852
v 0.00061298482 0.003879034 -0.0015130421
v 0.00064088352 0.00029001196 -0.0032994994
v 0.00064825232 0.0023132176 0.00087349152
v 0.00065142161 -0.0018232662 -0.0043530962
v 0.00066810881 0.0043614008 0.0019033153
v 0.00068377244 0.0044021648 -0.001231042
v 0.00069009763 0.0044870703 0.001942437
v 0.00072175346 0.004616153 0.0019305112
v 0.00075826008 0.0047289971 0.0018693547
v 0.00077402988 -0.00091717578 -0.0038646574
v 0.00077580352 0.003255869 0.0013816381
v 0.00079405907 0.004808424 0.0017682776
v 0.00079759432 0.0036393108 -0.0015796116
v 0.00086801575 0.0024125166 0.00098658132
v 0.00088785531 -0.0016800308 -0.0042132265
v 0.00089808437 0.00089689734 0.00023745175
v 0.00092020264 0.0045454013 -0.0010911723
v 0.00095628551 0.0030648508 0.0013382297
v 0.00095863937 -0.0011568989 -0.0039312267
v 0.0010003037 -0.001436124 -0.0040588118
v 0.0010074596 0.0025968251 0.0011189895
v 0.0010265562 -0.0054644342 0.0010429482
v 0.0010389623 0.0028296399 0.001244491
v 0.0010424139 -0.0026801855 -0.0046686865
v 0.0010491495 -0.0005928824 -0.00046382935
v 0.0010756889 0.0035033219 -0.001567327
v 0.0010817137 -0.0055668699 0.00097759231
v 0.0010873689 0.0023862517 -0.0021224904
v 0.0011414897 -0.0056311651 0.00087709544
v 0.0011967876 -0.0056475317 0.00075675803
v 0.0012137506 0.00043023858 9.5247342e-05
v 0.0012172643 0.0045495857 -0.0010033258
v 0.0012391804 -0.0056134774 0.00063489843
v 0.0012490823 0.00029858007 -0.0031196435
v 0.0012793798 -9.3508461e-05 -0.00014768065
v 0.0013322524 0.0034979405 -0.0014959542
v 0.0013905009 -0.00069625152 -0.0035762354
v 0.001392559 0.0058450564 -0.00030498722
v 0.0014598035 0.0044405917 -0.00098780764
v 0.0014892147 -0.00013362858 -0.0032664277
v 0.0015223623 5.5297161e-05 -0.0031623959
v 0.0015520158 0.0035972395 -0.0013828645
v 0.0015811805 -0.0050211158 -0.00054982433
v 0.0015820845 0.0020816203 -0.0021319941
v 0.0016402856 0.0042495737 -0.0010312161
v 0.0016914597 0.003781548 -0.0012504562
v 0.0017229624 0.0040143626 -0.0011249548
v 0.0017331496 0.00059184048 -0.0028332751
v 0.0018815561 -0.0039835307 -0.0019188584
v 0.0018977507 0.0016149614 -0.0022741985
v 0.0019287674 0.0023716176 -0.0018869167
v 0.0019367137 -0.0040859669 -0.0019842144
v 0.0019565751 -0.0041122576 -0.0020144738
v 0.0019633798 0.0010912145 -0.0025171265
v 0.0019964897 -0.0041502616 -0.0020847116
v 0.0020114225 0.0018139246 0.0049664341
v 0.0020274813 0.0029342405 -0.001577109
v 0.0020343994 -0.0041668112 -0.0021638304
v 0.0020517877 -0.0041666282 -0.0022050489
v 0.0020935012 0.0019104393 0.005008325
v 0.0020941806 -0.004132574 -0.0023269085
v 0.0021760988 0.0020148056 0.0049987468
v 0.0021875715 -0.00064453954 -0.00016102381
v 0.0022466425 0.0021111371 0.0049391594
v 0.0022775787 2.0648713e-05 0.00019755313
v 0.0022943949 0.002184764 0.0048386334
v 0.0023637344 -0.00062815181 -0.00015488414
v 0.0024180901 -0.0020312944 0.0031612192
v 0.0024237907 -0.001316568 -0.00042884739
v 0.0024447457 -2.9483859e-05 0.00016783581
v 0.002513319 -0.0026695207 0.0028695962
v 0.0025156057 -0.00057647715 -0.00022975127
v 0.0025257568 -0.0055513703 0.0014022016
v 0.0025311692 -0.00561625 0.001285719
v 0.002534729 -0.0054482468 0.0014864138
v 0.0025501389 -0.0056330059 0.0011546997
v 0.0025763337 -0.0012329803 -0.00039592621
v 0.0025797789 -0.0055990894 0.0010290898
v 0.002590026 -2.6503754e-05 6.671872e-05
v 0.0026024906 -0.00050335721 -0.0003655637
v 0.0026363947 0.0027771255 0.0036539105
v 0.0026744991 2.8792352e-05 -7.8701873e-05
v 0.0026751196 -0.0014737915 0.0035141688
v 0.002675991 0.00054724584 0.00057586347
v 0.0026926806 -0.0030959414 -0.0044001732
v 0.0027109138 -0.0011321077 -0.00045118597
v 0.0027914674 -0.0010409816 -0.00057982304
v 0.0028033152 0.00044445251 0.00050831411
v 0.0028455902 -0.0012908428 0.0016803158
v 0.0028664223 0.0032948279 0.0020046274
v 0.0029194301 0.00040888475 0.00037950376
v 0.0029217787 -0.0050067278 -0.00015563301
v 0.0029352899 -0.0032174597 0.0027174393
v 0.0029394543 -0.0018623375 -0.00055287289
v 0.0029408191 -0.0019290691 0.0013886929
v 0.0029485011 0.0033913427 0.0020465183
v 0.0029932263 0.00045007115 0.00022394613
v 0.0030310987 0.003495709 0.0020369396
v 0.0030404297 -0.0017241708 -0.00050754845
v 0.0031016425 0.0035920404 0.0019773524
v 0.0031026194 -0.00073333981 0.0020332653
v 0.0031372602 -0.0015833459 -0.00055372948
v 0.0031493949 0.0036656675 0.0018768263
v 0.0032009906 0.00053327525 -0.0024388286
v 0.0032039988 -0.001477597 -0.00067904318
v 0.003215536 -0.0011463953 0.0038338716
v 0.0032729991 0.0010654248 -0.0021519668
v 0.0033038948 0.0008309526 0.00089897704
v 0.00336279 -0.0024770079 0.001236536
v 0.0033684252 0.00069978897 0.00079911551
v 0.0033807568 -0.0040704668 -0.0015596051
v 0.0033861692 -0.0041353465 -0.001676088
v 0.003389729 -0.0039673438 -0.001475393
v 0.0033899674 -4.3491459e-06 -0.002653088
v 0.0034051389 -0.0041521029 -0.0018071071
v 0.0034246217 0.0011282706 0.0050315624
v 0.0034347789 -0.004118186 -0.0019327172
v 0.0034385773 0.00064345158 0.00064665207
v 0.0034466104 0.0012539394 0.005070684
v 0.0034782698 0.0013830219 0.0050587594
v 0.0034955498 0.00067703542 0.00048243656
v 0.0035147765 0.0014958661 0.0049976027
v 0.0035505719 0.0015752937 0.0048965253
v 0.003570935 -0.0035282916 0.0027455185
v 0.0035917263 0.0014867036 -0.0018493187
v 0.0036324263 -0.0021737481 -0.00050853443
v 0.0036430359 -0.00040594366 0.0023529681
v 0.0036641061 -0.002004442 -0.00046764422
v 0.0037102057 -0.0018408193 -0.00051707099
v 0.0037478949 0.0047022998 -0.00019643857
v 0.0037583765 -0.0017267249 -0.00064357207
v 0.0038024988 -0.00044096459 -0.002752308
v 0.0038925719 0.0021676552 0.0037118024
v 0.0038945326 -0.0011368304 0.0040346636
v 0.0039984351 -0.0027878399 0.001264615
v 0.0040281541 0.00068595173 0.00098264427
v 0.0040332787 -0.0030815534 -0.0040059821
v 0.0040369243 0.00081557839 0.0011028973
v 0.0040380778 -0.0042211004 -0.0014451697
v 0.0040382412 -0.0042467271 -0.0014798562
v 0.004042706 -0.0041537639 -0.0013831289
v 0.0040434864 -0.0042859791 -0.0015616531
v 0.004044645 0.00063074008 0.00081525295
v 0.0040470464 -0.0041179759 -0.001360958
v 0.0040624561 -0.004302735 -0.0016926723
v 0.0040713479 -0.0042969612 -0.0017361334
v 0.0040819743 0.00066473614 0.00064557308
v 0.0040920996 -0.0042688195 -0.0018182817
v 0.0040940498 0.0017136679 -0.0015908283
v 0.0041059367 -0.0043071178 -0.001606833
v 0.0041446243 -0.0042653242 -0.0014852817
v 0.0041466686 -0.0042771329 -0.0018066858
v 0.0041516791 -0.0042774784 -0.0018054122
v 0.0041576489 -0.0043101897 -0.0016341758
v 0.0041775997 -0.0041207289 -0.0021144622
v 0.0041793287 -0.0041355253 -0.0013616065
v 0.0041814507 -0.0041780169 -0.0013902046
v 0.0041922592 -0.0042786715 -0.0017914885
v 0.0041932026 -0.0043056519 -0.0016805079
v 0.0042055557 -0.0042944043 -0.0017366525
v 0.0042208619 -0.0042748977 -0.0017841504
v 0.004240084 -0.004270995 -0.001535756
v 0.0042618462 -0.0042664274 -0.0017680841
v 0.0042796214 0.002609174 0.0020697559
v 0.0042897472 -0.0023243816 -0.00039409898
v 0.0043016104 0.0027348427 0.0021088771
v 0.004303128 -0.0022419645 -0.00036248428
v 0.0043043727 -0.0042611342 -0.0017082758
v 0.0043044868 -0.0041278582 -0.0014072483
v 0.0043057115 -0.0042626178 -0.0016212829
v 0.0043059522 -0.0041854135 -0.001456034
v 0.0043113013 0.0027784801 0.0021106461
v 0.0043214271 -0.0021550739 -0.00035320787
v 0.0043220324 -0.00039637875 0.0025537601
v 0.0043316819 -0.004122219 -0.0014245369
v 0.0043322393 -0.0021110289 -0.00035733014
v 0.0043332698 0.0028639254 0.0020969522
v 0.0043401653 -0.0023340266 -0.00038886216
v 0.0043473463 -0.0041183373 -0.0020642646
v 0.004351161 -0.0039928183 -0.0023953118
v 0.0043568765 -0.00069009245 -0.002716837
v 0.0043574045 0.002942102 0.0020612199
v 0.0043675266 -0.0019914526 -0.00040263552
v 0.004369149 -0.0023379063 -0.00038893762
v 0.0043697762 0.0029767696 0.0020357957
v 0.0043847873 -0.0021360714 -0.00035078643
v 0.0043915482 -0.0041744905 -0.0015675807
v 0.0043928921 -0.0023380525 -0.00038947089
v 0.0043969513 -0.0041845781 -0.001688158
v 0.004403471 -0.0040961411 -0.0014909327
v 0.0044048247 -0.0018979379 -0.00049378816
v 0.0044053104 -0.0023410879 -0.00039211512
v 0.0044055721 0.0030561972 0.0019347182
v 0.0044156974 -0.0018773583 -0.00052913657
v 0.0044193193 -0.0041559516 -0.0016673877
v 0.0044220262 -0.0023419298 -0.00039474806
v 0.0044222618 -0.002181086 -0.00035156097
v 0.0044267597 -0.0022931769 -0.00037302874
v 0.0044327821 -0.0040772054 -0.0015334174
v 0.0044372412 -0.0022371558 -0.00035949892
v 0.0044612084 -0.0040452029 -0.0015999209
v 0.0044649723 -0.0020363724 -0.00039138831
v 0.00447752 -0.0040224041 -0.0022749011
v 0.0044824514 -0.004036488 -0.0019843385
v 0.0045011975 -0.0017292681 -0.00082531711
v 0.0045313407 -0.0019582284 -0.00047803292
v 0.0045341514 -0.0021194664 -0.00039281635
v 0.0045424551 -0.0023263814 -0.00043244558
v 0.0045467084 -0.0038971126 -0.0018961014
v 0.0045471876 -0.0023342634 -0.0004403893
v 0.0045618028 -0.0022229701 -0.00040747042
v 0.0045690788 -0.0023298648 -0.00045404365
v 0.0045746057 -0.0019550656 -0.00052211725
v 0.004580861 -0.0039639641 -0.002143576
v 0.0046215607 -0.0020666015 -0.00047989673
v 0.0046238923 -0.001780845 -0.00081568665
v 0.0046334909 -0.0038331577 -0.0020365261
v 0.0046461686 -0.0023025456 -0.00052407419
v 0.0046543488 -0.0039395434 -0.0025702443
v 0.0046546427 -0.0020443616 -0.00054366054
v 0.0046576266 -0.002201593 -0.0004990077
v 0.0046601058 -0.0018069753 -0.00081829779
v 0.004674762 -0.0016013581 -0.0011061662
v 0.0046800985 -0.0020920499 -0.00056015624
v 0.0046804743 0.0017013686 -0.0014276918
v 0.004685475 0.00053531991 0.0010970805
v 0.0046899049 0.00062915706 0.0011951618
v 0.0046942453 0.00066494499 0.0012173328
v 0.0046955035 0.00048587788 0.00097439659
v 0.004701966 0.0004801066 0.00092968839
v 0.0047039059 -0.0022516057 -0.00063306157
v 0.0047044219 -0.0021810248 -0.00059762225
v 0.0047049113 -0.0039824503 -0.0024061012
v 0.0047185435 0.00048596103 0.00084215688
v 0.0047217472 -0.0018700799 -0.0008320557
v 0.0047392952 0.00051410269 0.00076000852
v 0.0047527622 -0.003933758 -0.002242761
v 0.0047531319 0.00047580409 0.00097145734
v 0.0047642463 -0.0016774107 -0.0010427983
v 0.0047655986 -0.0019439596 -0.00085633679
v 0.0047798683 -0.001983386 -0.00087193056
v 0.0047850828 -0.0038065207 -0.0021239927
v 0.004789406 -0.0021035154 -0.00092924206
v 0.0047918195 0.00051759795 0.0010930084
v 0.0047938637 0.00050578907 0.00077160436
v 0.004798878 0.0005054425 0.00077287859
v 0.004804844 0.00047273235 0.00094411446
v 0.0048247948 0.00066219299 0.00046382801
v 0.004826528 0.00064739573 0.0012166842
v 0.0048286496 0.00060490443 0.0011880861
v 0.0048339469 -0.0017873923 -0.0010136095
v 0.0048394543 0.00050425075 0.0007868018
v 0.0048403982 0.00047727043 0.00089778239
v 0.0048527508 0.00048851792 0.00084163784
v 0.0048680608 0.00050802337 0.00079414039
v 0.0048732576 -0.0019145641 -0.0010230448
v 0.004876188 -0.002039562 -0.0010696675
v 0.0048872791 0.00051192701 0.0010425341
v 0.0049090451 0.00051649369 0.00081020663
v 0.0049369424 0.0024585405 0.0021841913
v 0.00494027 0.00076407101 0.00024585242
v 0.0049503269 0.0025409567 0.0022158066
v 0.0049515679 0.00052178768 0.00087001448
v 0.0049516857 0.00065506314 0.0011710424
v 0.0049518985 -0.0039274627 -0.0022192765
v 0.0049520968 -0.0039539635 -0.0022553168
v 0.0049529104 0.00052030321 0.00095700787
v 0.0049531478 0.00059750845 0.0011222562
v 0.0049573076 -0.0039923396 -0.0023357586
v 0.0049608676 -0.0038243369 -0.002135064
v 0.0049685878 -0.0040091756 -0.0024227081
v 0.0049686227 0.0026278482 0.0022250824
v 0.0049762772 -0.004009096 -0.0024667778
v 0.0049779462 -0.0015480842 -0.0012810999
v 0.0049788808 0.0006607023 0.0011537538
v 0.0049794344 0.0026718932 0.0022209601
v 0.0049873642 0.0024488945 0.0021894285
v 0.0049945451 0.00066458399 0.00051402615
v 0.0050040721 0.0040928298 -0.00013854667
v 0.005005917 -0.003975179 -0.0025923878
v 0.0050094202 -0.0016343291 -0.0011842586
v 0.0050147255 0.0027914685 0.0021756552
v 0.0050163441 0.0024450156 0.0021893526
v 0.005027784 -0.0020129245 -0.0011571327
v 0.0050299396 -0.0017529542 -0.001126695
v 0.0050319829 0.0026468507 0.0022275038
v 0.0050363885 -0.0018858984 -0.001117169
v 0.0050387438 0.00060843152 0.0010107094
v 0.0050400877 0.0024448696 0.0021888195
v 0.0050441464 0.00059834385 0.00089013216
v 0.0050506666 0.00068678096 0.0010873575
v 0.0050520236 0.0028849833 0.0020845027
v 0.005052506 0.0024418342 0.0021861752
v 0.0050628926 0.0029055637 0.0020491537
v 0.0050665182 0.00062696944 0.00091090315
v 0.0050692251 0.0024409913 0.0021835428
v 0.0050694575 0.0026018361 0.0022267292
v 0.0050739553 0.0024897452 0.0022052615
v 0.0050799772 0.00070571655 0.0010448729
v 0.0050811516 0.00074099289 0.00035054467
v 0.0050844401 0.0025457654 0.002218792
v 0.005108404 0.00073771918 0.00097836927
v 0.0051121712 0.0027465485 0.0021869026
v 0.0051296465 0.00074643409 0.00059395167
v 0.0051382352 0.00082750572 7.8483172e-05
v 0.0051483926 0.003053654 0.0017529732
v 0.0051785358 0.0028246937 0.0021002574
v 0.0051813503 0.0026634545 0.0021854744
v 0.0051855873 0.0028539868 0.0020587842
v 0.0051896507 0.0024565407 0.0021458447
v 0.005193904 0.00088580942 0.00068218878
v 0.0051943832 0.0024486587 0.002137901
v 0.0051951203 0.0008041971 0.00047036211
v 0.0052035684 -0.0020307421 -0.0011682051
v 0.0052090017 0.002559951 0.0021708205
v 0.0052162777 0.0024530564 0.0021242471
v 0.0052255536 -0.0019050725 -0.0011290843
v 0.0052296263 0.00078856875 0.00022501766
v 0.0052352482 -0.0018614363 -0.0011273144
v 0.0052516414 0.00093674927 0.00057320145
v 0.005257213 -0.00177599 -0.0011410087
v 0.0052687596 0.0027163196 0.0020983941
v 0.0052710874 0.0030020771 0.0017626036
v 0.0052813478 -0.0016978135 -0.0011767411
v 0.0052834428 0.0027647519 0.0020424151
v 0.0052933674 0.0024803756 0.0020542166
v 0.0052937195 -0.001663146 -0.0012021651
v 0.0053017214 0.0027387431 0.0020346872
v 0.0053048255 0.0025813282 0.0020792831
v 0.0053073638 0.00084016373 0.00037546581
v 0.0053219572 0.0031815639 0.001472124
v 0.0053295186 -0.0015837192 -0.0013032422
v 0.0053415676 0.0026514449 0.0020025407
v 0.0053506256 0.00096846611 0.00048951712
v 0.0053511052 0.0025313154 0.0019452292
v 0.0053516082 0.0026019942 0.0019807138
v 0.0053689429 0.0029128422 0.0017462346
v 0.0053885547 0.00084284105 -1.2798592e-05
v 0.0054114414 0.0031055114 0.001535492
v 0.0054173646 0.00080007018 0.00015655588
v 0.0054270676 0.0027995352 0.0017063603
v 0.0054366048 0.0026794057 0.0016490488
v 0.0054492909 0.00084885827 0.00032370968
v 0.0054757837 0.00097613357 0.00044387529
v 0.0054811458 0.0029955287 0.0015646814
v 0.0055204532 0.002868358 0.0015552455
v 0.0055233869 0.0027433592 0.0015086232
v 0.0055933231 0.0027620618 0.0014563756
v 0.0055992957 0.00082895748 0.00032297405
v 0.0056045065 0.0007905814 0.00024253209
v 0.0056080665 0.00095858431 0.00044322677
v 0.0056157834 0.00077374669 0.00015558221
v 0.0056251455 0.003234837 0.0012971909
v 0.0056531159 0.00080774189 -1.4097078e-05
v 0.0056566154 0.003148593 0.0013940317
v 0.0056749796 0.0027699976 0.0014211575
v 0.0056771385 0.003029967 0.0014515958
v 0.0056835874 0.0028970228 0.0014611217
v 0.0058507635 0.00275218 0.0014100852
v 0.0058727525 0.0028778487 0.0014492066
v 0.0058824434 0.0029214858 0.0014509759
v 0.0059044082 0.0030069321 0.0014372816
v 0.0059285467 0.0030851075 0.0014015497
v 0.0059409151 0.0031197763 0.0013761251
v 0.0059767137 0.0031992029 0.001275048
v 0.0091581577 -0.004808668 0.0037182225
v 0.0094817551 -0.0024172086 0.0050073666
v 0.0095856581 -0.0040682163 0.002237319
v 0.0098371543 -0.0047991029 0.0039190142
v 0.0099092554 -0.0016767568 0.0035264634
v 0.0101174 -0.0027280387 0.0050354465
v 0.010264655 -0.0040586512 0.002438111
v 0.010377571 -0.0044717067 0.0042387173
v 0.010462132 -0.0032358039 -0.00025271918
v 0.010484118 -0.0031101343 -0.00021359843
v 0.010493812 -0.0030664981 -0.00021182856
v 0.010515777 -0.0029810518 -0.00022552288
v 0.010539368 -0.0032759767 0.0048832893
v 0.010539912 -0.0029028754 -0.00026125531
v 0.010544901 -0.001987587 0.0035545432
v 0.010552283 -0.0028682076 -0.00028667934
v 0.010588082 -0.002788781 -0.00038775639
v 0.010634597 -0.003914203 0.0045916662
v 0.010805071 -0.0037312552 0.0027578138
v 0.010857658 -0.00034960231 0.0012744995
v 0.01086307 -0.0004144804 0.0011580179
v 0.010866631 -0.00024647749 0.0013587126
v 0.01088204 -0.00043123669 0.0010269987
v 0.010911681 -0.00039731993 0.00090138876
v 0.010930083 -0.0021964195 -0.0015724793
v 0.010966868 -0.002535525 0.0034023856
v 0.011062097 -0.0031737513 0.0031107627
v 0.011244201 -0.0028584613 -8.2066799e-05
v 0.011244493 -0.0029707877 -1.0028782e-05
v 0.01125368 0.00019504152 -0.00028333417
v 0.011267079 -0.002779216 -0.00018696448
v 0.011267905 -0.0030990934 1.8181887e-05
v 0.011310879 -0.0032238481 -1.7291558e-06
v 0.011529779 -0.00074798253 0.0010556119
v 0.011545258 -0.00074807112 0.0011881529
v 0.011547321 -0.00070815079 0.00092946721
v 0.011591401 -0.00070840202 0.0013069129
v 0.011609079 -0.0021868546 -0.0013716874
v 0.011661184 -0.00063501653 0.001393811
v 0.0117949 -0.0025248327 0.00024372058
v 0.011807492 -0.0024518189 0.00013273783
v 0.011824477 -0.0026194167 0.00033308379
v 0.011889322 -0.00011578933 -0.0002552557
v 0.011891722 -0.0027211702 0.00038722408
v 0.01195978 -0.0013063485 0.00090055948
v 0.011969293 -0.0012560898 0.00077731023
v 0.011986397 -0.0028146016 0.00039789922
v 0.011998125 -0.0013361323 0.001024854
v 0.01205682 -0.0019567213 0.00060338608
v 0.012064521 -0.0018943161 0.00048568728
v 0.012078492 -0.001340904 0.001131273
v 0.012100324 -0.0020210913 0.00071187678
v 0.012149492 -0.0018594575 -0.0010519851
v 0.012188418 -0.0020776272 0.00079464429
v 0.012188644 -0.0013199388 0.0012036144
v 0.012247844 -0.0032859156 0.0030020685
v 0.012249134 -0.0033699807 0.0031578627
v 0.01230768 -0.0021177225 0.00083908526
v 0.012311293 -0.00066372828 -0.00040741268
v 0.012338162 -0.0034515613 0.0032873189
v 0.012406521 -0.0013019546 -0.00069903565
v 0.012491075 -0.0035087981 0.0033557499
v 0.012607486 -0.0057418901 0.0020753548
v 0.012609423 -0.0056792013 0.0019098049
v 0.012687691 -0.0057650702 0.0022314647
v 0.012828549 -0.0057425308 0.0023363039
v 0.012846343 -0.002249283 0.00092880375
v 0.013200231 -0.0012959907 0.0044694156
v 0.013207511 -0.0011932352 0.0043254411
v 0.013207924 -0.0046425685 -0.00016345999
v 0.013265842 -0.0014286366 0.0045665791
v 0.013386764 -0.0015556284 0.0045908978
v 0.013806011 -0.00015660268 0.0022521759
v 0.013980667 -0.0058913305 -0.00056476903
v 0.014179264 -0.0077761668 0.00151195
v 0.014195366 -0.0077318102 0.0013413226
v 0.014220769 -0.0077492595 0.0016819313
v 0.014237906 -0.0075999508 0.00181444
v 0.014308762 -0.0076582991 0.0018057204
v 0.014416512 -0.0041118911 -0.0015237696
v 0.014515226 -0.003549268 -0.001213962
v 0.014548373 -0.0033603422 -0.0011099302
v 0.014793866 -0.0066951779 -0.00073194224
v 0.014870564 0.00068518595 0.0029803803
v 0.014954778 -0.001044022 0.00016554902
v 0.015053492 -0.00048139907 0.0004753567
v 0.015205927 -7.5643366e-05 0.0056585837
v 0.015208701 -0.00042556814 0.0056818756
v 0.015222155 -0.00023833587 0.0057264683
v 0.015231284 3.8110698e-05 0.0055253268
v 0.015275619 -0.00040637312 0.0057107909
v 0.015679825 -0.0050703776 0.0054700109
v 0.015751246 -0.0055490467 0.005251294
v 0.015829785 0.0010747431 0.0034520619
v 0.015872596 -0.0046522496 0.0057347231
v 0.016067723 -0.0059600007 0.0051371758
v 0.016212089 -0.0087142102 0.0037488381
v 0.016217297 -0.0087525863 0.0036683958
v 0.016220858 -0.008584585 0.00386909
v 0.016228577 -0.0087694237 0.0035814454
v 0.016265908 -0.0087354258 0.0034117668
v 0.016277907 -0.0044067008 0.0059745004
v 0.01652661 -0.008872469 0.0017859654
v 0.016531939 -0.008910873 0.0017055438
v 0.01653509 -0.0087427758 0.0019061676
v 0.016543312 -0.008927729 0.0016186106
v 0.016544456 -0.0061931242 0.0051582349
v 0.016551035 -0.0089276563 0.0015745469
v 0.01658072 -0.0088937497 0.0014489449
v 0.016607909 -0.0081430646 0.002227044
v 0.016787156 -0.0043995273 0.0061250948
v 0.016971957 -0.0054526725 0.0036773316
v 0.016984276 -0.0062023485 0.0052805878
v 0.017110754 -0.0020080665 0.0074142399
v 0.017142434 -0.0018387606 0.0074551306
v 0.017164398 -0.0017533159 0.007441435
v 0.017179219 -0.0078571178 -0.00062432
v 0.017188534 -0.0016751381 0.0074057039
v 0.01720294 -0.0045863744 0.0061516976
v 0.017212924 -0.0036586805 0.0046438887
v 0.017218826 -0.0024047513 0.00013875849
v 0.017236704 -0.0015610451 0.0072792014
v 0.017290248 -0.0028834203 -7.9958285e-05
v 0.017323589 -0.0067890361 -0.0001015109
v 0.017328797 -0.0068274117 -0.00018195316
v 0.017332358 -0.0066594109 1.8740913e-05
v 0.017340077 -0.0068442491 -0.00026890336
v 0.017347766 -0.0068441695 -0.00031297322
v 0.017361015 -0.0060321242 0.0054744557
v 0.017377408 -0.0068102516 -0.00043858204
v 0.017411595 -0.0019866233 0.00040347051
v 0.017512336 -0.0049138353 0.0060772826
v 0.017578704 -0.00096868363 0.006094479
v 0.017600063 -0.0057161669 0.0057014409
v 0.017606724 -0.0032943743 -0.00019407652
v 0.017651521 -0.00036897213 0.0064153555
v 0.017654069 -0.0053170533 0.005916588
v 0.017655956 -0.0042679496 0.0013078861
v 0.017682912 -0.00019959995 0.0064561958
v 0.017704757 -0.00011412715 0.0064424798
v 0.017719408 -0.00621789 -0.0016233049
v 0.017728802 -3.5929217e-05 0.0064067319
v 0.017776893 7.8182456e-05 0.0062802164
v 0.017816907 -0.0017410747 0.0006432482
v 0.017896924 -0.0024739578 0.0022744432
v 0.018083457 -0.0035274981 -0.00017301738
v 0.0180881 -0.0085582808 0.0044212686
v 0.018164206 -0.008686712 0.0043261149
v 0.018222254 -8.2891929e-05 0.0035638907
v 0.018242829 -0.0087410482 0.0041770972
v 0.018253934 8.6413922e-05 0.0036047813
v 0.018300034 0.00025003622 0.0035553549
v 0.018302901 -0.0087067317 0.0040141428
v 0.018326156 -0.0017339012 0.00079384225
v 0.018348204 0.00036412943 0.0034288527
v 0.018375393 0.0011148149 0.0042069517
v 0.018523276 -0.0035367222 -5.0664639e-05
v 0.018644901 -0.0081143705 0.0028294201
v 0.018690204 0.00095649087 0.0022441298
v 0.018741939 -0.0019207479 0.00082044519
v 0.018858774 -0.0028628511 0.0074914573
v 0.018900016 -0.003366498 0.000143203
v 0.018945025 -0.0066932328 0.00046736642
v 0.01896991 -0.0027323978 0.007535859
v 0.019009558 -0.0068243979 0.00036750588
v 0.019051338 -0.002248209 0.00074603013
v 0.019074174 -0.0025972181 0.0074890009
v 0.019079709 -0.0068807346 0.00021504214
v 0.019136682 -0.0068471511 5.082662e-05
v 0.019139063 -0.0030505406 0.00037018862
v 0.019143634 -0.0024935342 0.0073634405
v 0.01919307 -0.0026514272 0.00058533566
v 0.019478682 -0.0062547894 -0.0011338963
v 0.019485634 -0.0019011728 0.0061787176
v 0.019574242 -0.00765794 0.0053004506
v 0.019717896 -0.0077454448 0.0052452609
v 0.019746793 -0.00076799636 0.0036614353
v 0.01984597 -0.0077698231 0.005125497
v 0.019847771 -0.00062983192 0.0037067598
v 0.019924145 -0.0077245417 0.0049732504
v 0.019944601 -0.0004890071 0.0036605787
v 0.020011337 -0.00038325615 0.0035352656
v 0.02001919 -0.0043696812 0.0070730257
v 0.02018307 -0.0043077203 0.007098407
v 0.020242529 -0.0056395708 -0.00060578319
v 0.020266145 -0.0071321805 0.0037885278
v 0.020281069 -0.0061248057 0.0062710615
v 0.020325949 -0.0042226827 0.0070376252
v 0.020326413 -0.0060690786 0.0011782158
v 0.020341244 -0.0050769481 -0.00029597551
v 0.020353338 0.0002091053 0.0023505427
v 0.020374391 -0.0048880223 -0.00019194375
v 0.020409543 -0.0041373502 0.006906969
v 0.020453734 -0.0061718719 0.0011106665
v 0.020456852 -0.0061426237 0.0062599895
v 0.020569852 -0.00620744 0.00098185649
v 0.020608447 -0.0061159874 0.0061725229
v 0.02064365 -0.0061662542 0.00082629913
v 0.02069523 -0.0060520321 0.0060320986
v 0.020751543 -0.0035449886 0.0057222461
v 0.020780796 -0.002571702 0.0010835355
v 0.020879509 -0.0020090791 0.0013933432
v 0.020881252 -0.0019686879 0.0033885799
v 0.02098565 -0.0055738925 -0.00035842374
v 0.021033796 -0.0018850986 0.0034215024
v 0.021037228 -0.0054596709 0.0048473757
v 0.021168375 -0.0017842277 0.0033662417
v 0.021202916 -0.0049105664 0.002010497
v 0.021248929 -0.0016931 0.0032376056
v 0.021370079 -0.0049606995 0.0019807788
v 0.021400938 -0.0034471527 0.0027993673
v 0.021417221 -0.0097903814 0.0019165673
v 0.021446876 -0.0097983256 0.0019209913
v 0.021492979 -0.0098161642 0.0019255586
v 0.021505978 -0.009869447 0.0020414225
v 0.021515362 -0.0049577183 0.0018796629
v 0.021535991 -0.0098396232 0.0019269481
v 0.021557054 -0.0098539442 0.0019264355
v 0.021577103 -0.0034307679 0.002805507
v 0.021590929 -0.0011007385 0.0020528825
v 0.021599835 -0.0049024224 0.0017342422
v 0.021606266 -0.0099455342 0.0021578879
v 0.021615732 -0.0099656414 0.0020343894
v 0.02163087 -0.0099250702 0.0019158055
v 0.021636754 -0.0099780727 0.0021563352
v 0.02164633 -0.010009998 0.0020232776
v 0.02165607 -0.010023865 0.0020892776
v 0.021659428 -0.0099672107 0.0019055106
v 0.021672804 -0.010029903 0.0021428871
v 0.021675801 -0.0099874111 0.0022184399
v 0.021700017 -0.010055578 0.0019388736
v 0.021709193 -0.010076459 0.0021357033
v 0.021720203 -0.010009841 0.0022491021
v 0.021728974 -0.0033790916 0.0027306408
v 0.021732422 -0.010025631 0.0022471901
v 0.02174741 -0.01002208 0.0022650927
v 0.021756185 -0.010123779 0.0019977035
v 0.021766623 -0.010080632 0.0018797446
v 0.021815857 -0.0033059728 0.0025948272
v 0.021819647 -0.0090933591 0.00052252284
v 0.021820527 -0.01011219 0.0018795257
v 0.021836264 -0.010140684 0.002178157
v 0.021846522 -0.01005423 0.002300258
v 0.021846972 -0.010169664 0.0020280345
v 0.02185371 -0.010066929 0.002291675
v 0.021854112 -0.010055962 0.0023015952
v 0.021855978 -0.010134172 0.0022049306
v 0.021857983 -0.010146543 0.0021802858
v 0.021863038 -0.010163893 0.0021334088
v 0.021867724 -0.0091075134 0.00052896806
v 0.021876367 -0.010134093 0.0018846932
v 0.021883374 -0.010176293 0.0020082286
v 0.021883881 -0.0090819895 0.00048550733
v 0.021911575 -0.010143048 0.0018903801
v 0.021941835 -0.0043100608 0.00054951932
v 0.02197249 -0.0090670828 0.00043588248
v 0.021980764 -0.0091695134 0.00052545551
v 0.022024041 -0.0090968525 0.00042807555
v 0.022057045 -0.0090552485 0.00039297086
v 0.022066876 -0.0092614898 0.00049406872
v 0.022115529 -0.0091942679 0.00039687511
v 0.022119187 -0.009048813 0.00036563614
v 0.022157857 -0.0027136113 0.0014101042
v 0.022162866 -0.0091700228 0.0003545614
v 0.022170857 -0.0093324883 0.00042343163
v 0.022172321 -0.0092577692 0.00037299714
v 0.022174073 -0.009374911 0.00046830278
v 0.022193657 -0.0091216704 0.00033497391
v 0.022213751 -0.0090436367 0.00033261025
v 0.022269573 -0.0090435725 0.00031866771
v 0.022288628 -0.0090532638 0.00031258495
v 0.022296466 -0.009432002 0.00047508875
v 0.022297427 -0.0091487607 0.00030085226
v 0.022302255 -0.0090446556 0.00031258984
v 0.022308528 -0.0093745245 0.00039655456
v 0.022310566 -0.0092706932 0.00032647053
v 0.022319023 -0.0094373273 0.00047893828
v 0.022352053 -0.0093642799 0.00038340531
v 0.022385912 -0.0092571648 0.00032045209
v 0.02240674 -0.0091716656 0.00030299663
v 0.022415446 -0.0091294069 0.00030278432
v 0.022427242 -0.0090618813 0.00031363199
v 0.022685401 -0.00045141991 0.00604842
v 0.022748828 -0.00050637964 0.0061347787
v 0.02276054 -0.00051585311 0.0061494717
v 0.022821926 -0.00050995377 0.0061711161
v 0.022824906 -0.00056337757 0.0062217917
v 0.022835983 -0.0004497245 0.0060815001
v 0.022854459 -0.00058266846 0.0062502977
v 0.022877736 -0.00011828615 0.0053821523
v 0.022897858 -0.00047977897 0.0061967303
v 0.02290285 -0.00061097753 0.0062908893
v 0.022904061 -0.00042419284 0.0061022383
v 0.022907881 -0.00012376146 0.0053878762
v 0.022945652 -0.00039869684 0.0061171795
v 0.022956356 -0.00012701095 0.0053992164
v 0.022964507 -0.00045259527 0.0062481496
v 0.022969579 -0.0003795572 0.0061267903
v 0.02298107 -0.00051011145 0.0063066706
v 0.022992229 -0.00065381161 0.0063483035
v 0.022993622 -0.00036193599 0.0061425418
v 0.023003131 -0.00012356245 0.0054126792
v 0.023007255 -0.00056722574 0.0063472311
v 0.023009608 -0.00057162944 0.0063497573
v 0.023022173 -0.00040608569 0.0062661041
v 0.02302753 -0.0001190517 0.0054207323
v 0.023027582 -9.2421818e-05 0.0052970201
v 0.023051145 -0.00067616312 0.0063752248
v 0.023087204 -0.0092138546 0.00043245533
v 0.0230875 -0.00068787305 0.0063879704
v 0.023095405 -0.00048795066 0.006368808
v 0.023099763 -0.00034160769 0.0062394175
v 0.023101225 -0.010368292 0.0029359821
v 0.023101615 -0.00031912437 0.0061951219
v 0.023106555 -0.010406695 0.0028555603
v 0.023109708 -0.010238599 0.0030561844
v 0.023116767 -8.3798266e-05 0.0054572052
v 0.023117926 -0.010423551 0.0027686271
v 0.02312565 -0.010423481 0.0027245625
v 0.023133444 -0.0003147051 0.0062065199
v 0.023133855 -0.00069996831 0.006398953
v 0.023149835 -0.00063091365 0.0064111454
v 0.023152169 -0.00062161632 0.0064116362
v 0.023155333 -0.010389575 0.0025989604
v 0.023156799 -5.5282366e-05 0.0054782405
v 0.023157682 -5.0391154e-05 0.0053426879
v 0.023166113 -0.00056915777 0.0064094248
v 0.023176121 -0.010353565 0.0025269508
v 0.02317928 -7.3562027e-05 0.0052244384
v 0.023187093 -0.00049858063 0.0063923285
v 0.023195399 -1.9559635e-05 0.0053945277
v 0.023200087 -2.1069822e-05 0.0053652832
v 0.023206299 -0.00039579486 0.0063306657
v 0.023218676 -5.76247e-05 0.0052348091
v 0.023221442 -0.0004010608 0.0063346657
v 0.023233648 -0.00037166523 0.0063054911
v 0.023256483 -0.00032529572 0.0062367432
v 0.023268117 -2.3835766e-05 0.0052619516
v 0.023268249 5.510289e-07 0.0055383299
v 0.023274615 -6.8508343e-05 0.0051914495
v 0.023288835 5.1504576e-06 0.0055465722
v 0.023289675 1.6993763e-05 0.0055123488
v 0.023291916 1.4398618e-05 0.0053269588
v 0.02333094 -6.8559151e-05 0.0051775975
v 0.023349512 -6.060076e-05 0.0051822234
v 0.023355642 4.0203522e-05 0.0054661678
v 0.023363879 -6.9728776e-05 0.0051716133
v 0.023379531 -7.0673057e-05 0.0051694917
v 0.023408854 1.6419253e-05 0.0052901451
v 0.023426862 -0.0094869267 0.00050782983
v 0.023435567 4.158451e-05 0.0054410063
v 0.023443703 -1.0208678e-06 0.0055881934
v 0.023449896 -0.0094018849 0.00049078278
v 0.023469949 3.1733049e-05 0.0054768096
v 0.023476675 3.383591e-05 0.0054379692
v 0.023487004 2.406455e-05 0.0053570811
v 0.023487436 -8.6905806e-05 0.0051729209
v 0.023491714 -1.2629702e-06 0.0052860687
v 0.023492234 -2.2855731e-05 0.0052474835
v 0.023522822 -0.0095415534 0.00053768663
v 0.02374764 -0.0093636699 0.00054715219
v 0.023753835 -0.009352942 0.00052569556
v 0.024132282 -0.010520127 0.0027284315
v 0.024226137 -0.0018647957 0.0075653712
v 0.024245679 -0.0094591146 0.00063585566
v 0.024247903 -0.0017390765 0.0076044537
v 0.024279373 -0.0016099508 0.007592496
v 0.024315756 -0.0014970785 0.0075313179
v 0.024351509 -0.0014176416 0.0074302331
v 0.02457946 -0.0010228209 0.0066405875
v 0.024746178 -0.0095265321 0.00074161653
v 0.024928674 -0.00041796526 0.0054308698
v 0.024950009 -0.00038100919 0.0053569679
v 0.025254317 -0.0095690433 0.00087278214
v 0.025455806 -0.0012728991 0.006776636
v 0.025595928 -0.0013219946 0.0067941202
v 0.0256538 -0.00051970809 0.0059645199
v 0.02607026 -0.010365441 0.0038474011
v 0.02608332 -0.0095737483 0.0011242207
v 0.026127091 -0.010497931 0.0037446546
v 0.026153719 -0.0007799805 0.0055827755
v 0.026191605 -0.010555239 0.0035900776
v 0.026246514 -0.010522012 0.0034250882
v 0.026434172 -0.011383733 0.0025637965
v 0.026737409 -0.010390985 0.0035040332
v 0.026845014 -0.0094853779 0.0013518244
v 0.027045196 -0.0030529036 0.0077851098
v 0.027114563 -0.002947245 0.0078279031
v 0.027186386 -0.0028351271 0.007819091
v 0.027249731 -0.0027336176 0.0077600139
v 0.027294952 -0.0026581716 0.0076596672
v 0.027295254 -0.0094285468 0.0015811895
v 0.027480969 -0.010907405 0.0012209645
v 0.027893454 -0.0016215391 0.005586402
v 0.027963849 -0.0026186763 0.0069200504
v 0.028222183 -0.001902989 0.0056542228
v 0.028708758 -0.0094111552 0.0050862129
v 0.028794548 -0.0095003573 0.0050363168
v 0.028823799 -0.0095225926 0.0050107962
v 0.028880293 -0.0095534343 0.0049489257
v 0.028930925 -0.0095644891 0.0048762267
v 0.028952941 -0.0095623061 0.0048373444
v 0.02900143 -0.0095256194 0.0047185607
v 0.029048165 -0.0094446745 0.0045566661
v 0.029199006 -0.012334664 0.0032867277
v 0.029281372 -0.0051162508 0.0073989644
v 0.029316776 -0.0092524318 0.004711234
v 0.029388497 -0.0050454326 0.0074352371
v 0.02949233 -0.004962849 0.0074208975
v 0.029519087 -0.012669317 0.0030855648
v 0.02952607 -0.012644385 0.0031587454
v 0.029552029 -0.012574621 0.0032597093
v 0.029560573 -0.0085571557 0.0027816331
v 0.029577062 -0.0048810751 0.0073581277
v 0.029599931 -0.0084889866 0.0026452958
v 0.029621096 -0.012723813 0.0030520232
v 0.029629795 -0.0048125596 0.0072564837
v 0.029740982 -0.0082410723 0.0059692319
v 0.029796692 -0.004523484 0.0066783368
v 0.029865231 -0.0082866801 0.0059522353
v 0.029910829 -0.0086265653 0.005128907
v 0.029950004 -0.006673303 0.0068134558
v 0.029983582 -0.0083027994 0.005892735
v 0.030078014 -0.0082869753 0.0057997904
v 0.03008204 -0.0066604977 0.0068279137
v 0.030134154 -0.0082416171 0.0056875511
v 0.030190021 -0.0038422169 0.0053157983
v 0.030206991 -0.0066270973 0.0067950794
v 0.030220553 -0.005924365 0.0068711177
v 0.030228294 -0.003775927 0.0051832185
v 0.0303005 -0.0078944564 0.0055219331
v 0.030305836 -0.0065781842 0.0067199524
v 0.030363526 -0.0065212082 0.0066139693
v 0.030371519 -0.007409323 0.0061722193
v 0.030422729 -0.0041925297 0.0052186246
v 0.030472351 -0.0061827968 0.0062233754
v 0.030472636 -0.0072340905 0.0058220602
v 0.030593041 -0.012008848 0.0012774118
v 0.030613137 -0.0074336929 0.0037128744
v 0.030631009 -0.011930651 0.0012612119
v 0.030663025 -0.012097885 0.0013019803
v 0.030682625 -0.0072895712 0.0038083042
v 0.030684402 -0.011817257 0.0012776582
v 0.03071437 -0.011751498 0.001311088
v 0.03073691 -0.0071955505 0.0036202318
v 0.030895799 -0.01330084 0.0029065539
v 0.030908849 -0.0055495477 0.0047235275
v 0.030938243 -0.0058351629 0.0045974068
v 0.03095879 -0.0054630591 0.0045505282
v 0.031113349 -0.012475914 0.0014538687
v 0.031876784 -0.0013836535 0.0072757364
v 0.032362692 -0.013138087 0.001475647
v 0.032413132 -0.0015929695 0.0069249589
v 0.033648238 -0.0020606588 0.0085103679
v 0.033650011 -0.0021760322 0.0084929364
v 0.03365697 -0.0019350082 0.0084847426
v 0.033673726 -0.001836151 0.0084232166
v 0.033694625 -0.014776868 0.0033800937
v 0.033699106 -0.0017600921 0.0083236145
v 0.033707477 -0.0014755112 0.0077246302
v 0.033736091 -0.0014436728 0.0076153926
v 0.033766415 -0.0014541041 0.0074936617
v 0.033791624 -0.0015061717 0.0073873941
v 0.0338163 -0.0016589391 0.0072709769
v 0.034982547 -0.015820492 0.0028262313
v 0.035254098 -0.016077867 0.002970536
v 0.035333823 -0.01612925 0.0030276815
v 0.035352718 -0.016114552 0.0030990958
v 0.035445448 -0.016013876 0.0032518189
v 0.036115825 -0.015611311 0.0012658789
v 0.036145199 -0.015533424 0.0011735654
v 0.036199261 -0.015430154 0.0011132016
v 0.036251899 -0.015358851 0.0010978729
v 0.036331043 -0.015259274 0.001116726
v 0.036378458 -0.015204021 0.0011522026
v 0.037193973 -0.017464876 0.0029553347
v 0.037465483 -0.017857956 0.0024095792
v 0.037606224 -0.018013047 0.0024062006
v 0.037898242 -0.017108558 0.00091065414
v 0.037915591 -0.018280454 0.0022790579
v 0.038166288 -0.00140523 0.008913327
v 0.038876239 -0.0015592644 0.0086256238
v 0.03908053 -0.018284945 0.00054435461
v 0.039553706 -0.020045551 0.001745627
v 0.039624315 -0.020119481 0.0017479346
v 0.039653298 -0.020125676 0.0018101034
v 0.039717857 -0.020114755 0.0019002146
v 0.03988722 -0.020221088 0.0018846999
v 0.040226232 -0.019409729 -2.9013398e-05
v 0.040276602 -0.020825662 0.0010988441
v 0.040277343 -0.02088771 0.0012085927
v 0.040310085 -0.020919582 0.0013111293
v 0.040322114 -0.019464215 -7.7495279e-05
v 0.040337682 -0.020926673 0.001362878
v 0.040375479 -0.020925783 0.001415157
v 0.040388588 -0.019407183 -9.593361e-05
v 0.040399831 -0.020920817 0.0014411375
v 0.040460628 -0.020903215 0.001497023
v 0.040492132 -0.019333079 -8.3272658e-05
v 0.040556312 -0.019295357 -5.2374613e-05
v 0.040586762 -0.021196673 0.00084649923
v 0.040658787 -0.021168401 0.0013214977
v 0.041019339 -0.021668835 0.00039297482
v 0.041049238 -0.021759652 0.00044514859
v 0.041069116 -0.020890966 -0.00036241091
v 0.041072201 -0.021797644 0.0005653433
v 0.041107591 -0.021835867 0.0005067825
v 0.041372601 -0.022013029 -6.4356624e-05
v 0.041413575 -0.022111742 -3.9083898e-05
v 0.041480865 -0.022197772 -5.5864643e-06
v 0.041523401 -0.021590276 -0.00066509837
v 0.041544344 -0.02215457 -0.00032337889
v 0.041554861 -0.022257706 -1.0117737e-05
v 0.041564181 -0.022201762 -0.00031964952
v 0.041589636 -0.022251852 -0.00031489297
v 0.04160057 -0.022192953 -0.00041637936
v 0.041604172 -0.021535853 -0.00073372043
v 0.04162164 -0.022296958 -0.0003082584
v 0.041650254 -0.02225453 -0.00046846934
v 0.041659072 -0.022336643 -0.00029997449
v 0.041662663 -0.022278611 -0.00046940945
v 0.041672122 -0.022229349 -0.00054534985
v 0.04167252 -0.021496926 -0.00076018251
v 0.041676365 -0.022301637 -0.00047004272
v 0.04168899 -0.022153897 -0.00063792779
v 0.041693237 -0.022270873 -0.00055122835
v 0.041693591 -0.022234891 -0.00058827712
v 0.041704379 -0.022235448 -0.00061152561
v 0.04170575 -0.022293195 -0.00055448327
v 0.041708376 -0.022343673 -0.00047015914
v 0.041709878 -0.022331789 -1.6825874e-05
v 0.041711453 -0.022234332 -0.00062787195
v 0.041712422 -0.022303959 -0.00055604015
v 0.041714784 -0.022273425 -0.00059720146
v 0.041717723 -0.0222404 -0.00063492981
v 0.041719437 -0.022314398 -0.0005575383
v 0.04172131 -0.022246839 -0.00063688779
v 0.041725595 -0.022271574 -0.00062273908
v 0.041727301 -0.022294085 -0.00060220785
v 0.041731004 -0.022268828 -0.00063699478
v 0.041732132 -0.022267947 -0.00064022839
v 0.041733943 -0.022303989 -0.00060467678
v 0.041736424 -0.022120815 -0.00072619983
v 0.041737381 -0.022308815 -0.00060590112
v 0.041738093 -0.022290818 -0.00062906661
v 0.041738439 -0.022279754 -0.00064155582
v 0.041740902 -0.022313545 -0.00060711632
v 0.041742865 -0.022287531 -0.0006424195
v 0.041743886 -0.022397395 -0.00027947233
v 0.041744713 -0.022299994 -0.00063221785
v 0.041745152 -0.022380389 -0.00046883849
v 0.041747872 -0.022295788 -0.00064334023
v 0.041748133 -0.022304446 -0.000633788
v 0.041749872 -0.022306634 -0.00063457189
v 0.041751549 -0.022255721 -0.0006823485
v 0.041751631 -0.0223088 -0.00063535641
v 0.041751686 -0.022301694 -0.00064401078
v 0.041753236 -0.022303997 -0.00064427685
v 0.041754805 -0.022306275 -0.00064454094
v 0.041764274 -0.022240046 -0.00070643623
v 0.041778941 -0.02144465 -0.00076435274
v 0.041782845 -0.022339864 -0.00064860232
v 0.041786794 -0.0223855 -0.00056695973
v 0.041798245 -0.022331297 -0.00067987072
v 0.041800462 -0.022272194 -0.00072687975
v 0.041814771 -0.022095911 -0.000795211
v 0.04181537 -0.022369051 -0.00065159163
v 0.041826881 -0.022436708 -0.00046148879
v 0.04183865 -0.022237955 -0.00077011005
v 0.041845761 -0.021416474 -0.00074636331
v 0.041847255 -0.022392163 -0.00065269216
v 0.041865557 -0.022435574 -0.00056969468
v 0.04187936 -0.022074958 -0.00082645548
v 0.041884985 -0.022287363 -0.00077396497
v 0.041898992 -0.022231456 -0.00080118043
v 0.041907635 -0.022371838 -0.00072408642
v 0.041913029 -0.022289785 -0.00078373722
v 0.041915648 -0.022426404 -0.00064830505
v 0.041916374 -0.022468291 -0.00045889418
v 0.041927092 -0.022290604 -0.00078771624
v 0.041968081 -0.022443272 -0.00064063782
v 0.041979469 -0.022041969 -0.00084403035
v 0.041981131 -0.022291435 -0.00079766888
v 0.041991651 -0.02240088 -0.00071608729
v 0.041992396 -0.02221553 -0.00082410779
v 0.041999578 -0.02238437 -0.00073521683
v 0.042032827 -0.022301344 -0.0007940029
v 0.04203663 -0.022288632 -0.00079958048
v 0.04204303 -0.022020742 -0.00083796366
v 0.042052269 -0.022202041 -0.00082474307
v 0.044030976 -0.0010347371 0.011258912
v 0.044032607 -0.00093504542 0.011186943
v 0.044044297 -0.0011553806 0.011293449
v 0.044047732 -0.00086802623 0.011090918
v 0.044068106 -0.0012672177 0.01128627
v 0.044182077 -0.00063380756 0.010550511
v 0.044183251 -0.00065437786 0.010428745
v 0.044192772 -0.00065773516 0.010688438
v 0.04422551 -0.00071047334 0.01032595
v 0.044286698 -0.00087031844 0.010224245
v 0.045643535 -0.00059932511 0.010649404
v 0.04733197 -0.00010592944 0.01207124
v 0.050314505 0.00092685316 0.012706864
v 0.051396348 0.0010376623 0.012591884
v 0.053741541 0.0021489679 0.014207194
v 0.053746171 0.002213645 0.014101985
v 0.053756669 0.0020638742 0.014281061
v 0.053792421 0.0019541129 0.014326966
v 0.053819042 0.0022823391 0.013760867
v 0.053838383 0.0018512504 0.014332095
v 0.053931121 0.002321688 0.013778463
v 0.05399118 0.0022697593 0.013683064
v 0.054090727 0.0021211281 0.013597228
v 0.054279134 0.0021848017 0.014487309
v 0.054521028 0.0023027074 0.014567271
v 0.054551195 0.0023175657 0.014577256
v 0.054581344 0.0023324508 0.014587237
v 0.054641601 0.0023623018 0.014607195
v 0.054761928 0.0024223244 0.014647079
v 0.055715375 0.0029179591 0.014964589
v 0.055784963 0.0032376519 0.014775758
v 0.055815365 0.0032535356 0.014788153
v 0.055920705 0.0033100098 0.014826503
v 0.056540009 0.0033249387 0.014575845
v 0.057570856 0.0039922083 0.015589366
v 0.058394484 0.0047514318 0.015756244
v 0.059220966 0.0052836677 0.016071554
v 0.059897561 0.0057348176 0.01632086
v 0.06103579 0.0062314984 0.016567251
v 0.061050009 0.0065032649 0.016745508
v 0.061124649 0.0065530348 0.01677301
v 0.062097292 0.007201591 0.017131405
v 0.062231977 0.0072441474 0.017165121
v 0.062286373 0.0072433343 0.017175764
v 0.069430605 -0.02180632 0.0074601914
v 0.070491821 -0.013610115 0.012054029
v 0.071773998 0.0045333868 0.018608961
v 0.072347619 0.0043497267 0.018692344
v 0.073093496 0.0040899832 0.018797306
v 0.075644903 0.0031561598 0.01914862
v 0.079591803 0.0014751357 0.01953752
v 0.079615049 0.001546532 0.019576205
v 0.079639822 0.0016430508 0.019680548
v 0.081667781 0.00086692895 0.019945519
v 0.087942593 -0.0015440992 0.020756541
v 0.088193499 -0.0018669675 0.020564156
v 0.088216469 -0.0017956423 0.020602917
v 0.088239379 -0.0017087245 0.020692635
v 0.088245206 -0.0016604901 0.020795433
v 0.095090784 -0.0042908452 0.021671982
v 0.098638631 -0.0056498325 0.022124678
v 0.10542888 -0.0084718522 0.022643536
v 0.10545112 -0.0084005883 0.022682421
v 0.1054691 -0.0082519865 0.022995772
v 0.10547305 -0.0083138095 0.022772115
v 0.10547846 -0.0082629211 0.022885835
v 0.10824003 -0.0096248388 0.023430491
v 0.10828137 -0.0095133549 0.023439856
v 0.10832014 -0.0094204564 0.023414856
v 0.10835584 -0.0093442965 0.023364427
v 0.10878772 -0.0095072659 0.02341963
v 0.10922255 -0.0096712215 0.023475224
v 0.11444843 -0.038486645 0.013346962
v 0.11445589 -0.037796028 0.014202571
v 0.1145287 -0.038893439 0.012358885
v 0.11456049 -0.038891371 0.012179819
v 0.11459611 -0.038835213 0.012049258
v 0.11463502 -0.038723685 0.011971867
v 0.11467668 -0.038557697 0.011949622
v 0.11485913 -0.037439305 0.012361221
v 0.11541297 -0.032763999 0.015276073
v 0.11638869 -0.025228225 0.019499738
v 0.11764204 -0.017164482 0.02282287
v 0.1400284 -0.021084346 0.02700139
v 0.1400484 -0.021012807 0.027040334
v 0.14005746 -0.020864973 0.027368706
v 0.14006726 -0.020925738 0.027129805
v 0.14007042 -0.020874672 0.027243042
v 0.141819 -0.021941237 0.027896989
v 0.1418578 -0.021826148 0.027909499
v 0.14189498 -0.021729607 0.027885631
v 0.14193811 -0.021632873 0.027818197
v 0.14195795 -0.021572553 0.027736675
v 0.1419688 -0.021576365 0.027738139
v 0.16139536 -0.04372168 0.023091953
v 0.16228555 -0.036846332 0.026945448
v 0.17482747 -0.033092853 0.031584051
v 0.17482811 -0.032907821 0.03206744
v 0.17484704 -0.033021532 0.031623159
v 0.17485493 -0.032874465 0.03195101
v 0.17486531 -0.032934807 0.03171264
v 0.17486806 -0.032884017 0.031825673
v 0.17559792 -0.033665046 0.03245388
v 0.17563668 -0.033547495 0.032469809
v 0.17567423 -0.033448186 0.032447323
v 0.17571799 -0.033348411 0.032379508
v 0.17574912 -0.033290252 0.032297857
v 0.19218485 -0.039170358 0.033834852
v 0.19218788 -0.038987819 0.034317963
v 0.19220491 -0.03909963 0.033874262
v 0.19221453 -0.038954481 0.034201875
v 0.19222391 -0.039013788 0.033963926
v 0.19222726 -0.038963672 0.034076843
v 0.20658839 -0.058829501 0.030022418
v 0.20660639 -0.059617814 0.028894054
v 0.20665723 -0.059738874 0.028445942
v 0.20668311 -0.057658538 0.031003887
v 0.20668903 -0.059715327 0.028294854
v 0.20670402 -0.059686504 0.028246563
v 0.20671695 -0.059654053 0.028214786
v 0.20674728 -0.059554081 0.028171543
v 0.20677046 -0.059457686 0.028164318
v 0.20680399 -0.05929273 0.028187238
v 0.20692885 -0.055604663 0.03227051
v 0.20703554 -0.057606801 0.029056327
v 0.20717558 -0.056356084 0.029882528
v 0.2072518 -0.053289589 0.033435352
v 0.20738636 -0.052358404 0.033877369
v 0.20816566 -0.048584055 0.034331392
v 0.20847903 -0.045385372 0.036700323
v 0.20851329 -0.045222647 0.036716111
v 0.20853235 -0.045152988 0.036697809
v 0.20855309 -0.045088246 0.036663402
v 0.20859756 -0.044984423 0.036544293
v 0.20864429 -0.044903472 0.036382396
v 0.20867568 -0.044869326 0.036247306
v 0.20868392 -0.045094926 0.035906807
v 0.20869459 -0.044893969 0.036107108
v 0.20869757 -0.044973738 0.035986327
v 0.20869839 -0.044933461 0.036033995
s 1
f 1386// 1394// 1416//
f 1416// 1394// 1428//
f 1455// 1499// 1427//
f 1427// 1499// 1469//
f 1427// 1469// 1402//
f 1402// 1469// 1442//
f 1402// 1442// 1394//
f 1394// 1442// 1428//
f 2091// 2087// 2105//
f 2105// 2087// 2085//
f 2105// 2085// 2082//
f 2115// 2098// 2105//
f 2105// 2098// 2096//
f 2105// 2096// 2091//
f 2109// 2114// 2112//
f 2112// 2114// 2117//
f 2109// 2108// 2114//
f 2114// 2108// 2107//
f 2114// 2107// 2102//
f 2117// 2114// 2121//
f 2121// 2114// 2126//
f 2121// 2126// 2128//
f 2126// 2127// 2130//
f 2131// 2128// 2134//
f 2134// 2128// 2126//
f 2134// 2126// 2136//
f 2136// 2126// 2130//
f 2136// 2130// 2137//
f 2137// 2130// 2133//
f 2137// 2133// 2138//
f 2127// 2126// 2124//
f 2124// 2126// 2114//
f 2124// 2114// 2115//
f 2115// 2114// 2102//
f 2115// 2102// 2098//
f 1977// 1980// 1946//
f 1946// 1980// 1944//
f 1946// 1944// 1931//
f 1931// 1944// 1923//
f 1931// 1923// 1922//
f 1963// 1965// 1989//
f 1989// 1965// 1995//
f 1989// 1995// 1992//
f 1992// 1995// 1998//
f 1998// 1995// 1999//
f 1998// 1999// 1997//
f 1997// 1999// 1985//
f 1985// 1999// 1980//
f 1985// 1980// 1977//
f 1810// 1778// 1774//
f 1810// 1774// 1807//
f 1762// 1790// 1763//
f 1763// 1790// 1800//
f 1774// 1768// 1807//
f 1807// 1768// 1767//
f 1807// 1767// 1800//
f 1800// 1767// 1764//
f 1800// 1764// 1763//
f 1803// 1800// 1790//
f 1809// 1808// 1806//
f 1824// 1821// 1820//
f 1820// 1821// 1819//
f 1819// 1821// 1818//
f 1819// 1818// 1812//
f 1806// 1808// 1803//
f 1803// 1808// 1807//
f 1803// 1807// 1800//
f 1812// 1818// 1809//
f 1809// 1818// 1811//
f 1809// 1811// 1808//
f 1808// 1811// 1810//
f 1808// 1810// 1807//
f 1830// 1829// 1826//
f 1817// 1815// 1825//
f 1811// 1818// 1814//
f 1814// 1818// 1821//
f 1814// 1821// 1823//
f 1823// 1821// 1824//
f 1823// 1824// 1831//
f 1831// 1824// 1832//
f 1817// 1825// 1822//
f 1822// 1825// 1828//
f 1822// 1828// 1827//
f 1815// 1816// 1825//
f 1825// 1816// 1826//
f 1825// 1826// 1828//
f 1828// 1826// 1829//
f 1817// 1810// 1815//
f 1815// 1810// 1811//
f 1815// 1811// 1816//
f 1816// 1811// 1814//
f 1816// 1814// 1826//
f 1826// 1814// 1823//
f 1826// 1823// 1830//
f 1830// 1823// 1831//
f 1822// 1827// 1804//
f 1804// 1801// 1822//
f 1822// 1801// 1791//
f 1822// 1791// 1817//
f 1817// 1791// 1788//
f 1817// 1788// 1810//
f 1810// 1788// 1778//
f 1686// 1914// 1916//
f 1686// 1916// 1689//
f 1689// 1916// 1917//
f 1689// 1917// 1690//
f 1690// 1917// 1918//
f 1690// 1918// 1692//
f 1692// 1918// 1919//
f 1692// 1919// 1693//
f 1359// 1555// 1319//
f 1319// 1555// 1552//
f 1359// 1319// 1312//
f 1312// 1319// 1291//
f 1312// 1291// 1286//
f 1286// 1291// 1268//
f 1286// 1268// 1274//
f 1274// 1268// 1253//
f 1274// 1253// 1280//
f 1280// 1253// 1256//
f 1280// 1256// 1294//
f 1294// 1256// 1278//
f 1294// 1278// 1320//
f 1320// 1278// 1309//
f 1553// 1320// 1551//
f 1551// 1320// 1309//
f 1553// 1551// 1557//
f 1557// 1551// 1554//
f 1557// 1554// 1569//
f 1569// 1554// 1558//
f 1569// 1558// 1577//
f 1577// 1558// 1568//
f 1577// 1568// 1576//
f 1576// 1568// 1563//
f 1576// 1563// 1565//
f 1565// 1563// 1556//
f 1565// 1556// 1555//
f 1555// 1556// 1552//
f 1055// 1039// 1083//
f 1083// 1039// 1063//
f 1083// 1063// 1101//
f 1101// 1063// 1090//
f 1101// 1090// 1111//
f 1111// 1090// 1099//
f 1111// 1099// 1110//
f 1110// 1099// 1096//
f 1110// 1096// 1097//
f 1097// 1096// 1077//
f 1097// 1077// 1066//
f 1066// 1077// 1048//
f 799// 1066// 797//
f 797// 1066// 1048//
f 799// 797// 796//
f 796// 797// 793//
f 796// 793// 792//
f 792// 793// 780//
f 792// 780// 788//
f 788// 780// 774//
f 788// 774// 784//
f 784// 774// 771//
f 784// 771// 790//
f 790// 771// 778//
f 790// 778// 794//
f 794// 778// 789//
f 794// 789// 798//
f 798// 789// 795//
f 1055// 798// 1039//
f 1039// 798// 795//
f 1688// 1696// 1685//
f 1704// 1695// 1694//
f 1670// 1661// 1652//
f 1646// 1657// 1662//
f 1695// 1670// 1694//
f 1694// 1670// 1652//
f 1694// 1652// 1681//
f 1681// 1652// 1645//
f 1681// 1645// 1671//
f 1671// 1645// 1642//
f 1671// 1642// 1673//
f 1673// 1642// 1643//
f 1673// 1643// 1685//
f 1685// 1643// 1646//
f 1685// 1646// 1688//
f 1688// 1646// 1662//
f 1695// 1704// 1710//
f 1707// 1696// 1688//
f 1662// 1657// 1663//
f 1662// 1663// 1688//
f 1695// 1710// 1670//
f 1661// 1670// 1669//
f 1669// 1670// 1710//
f 1669// 1710// 1682//
f 1682// 1710// 1716//
f 1682// 1716// 1687//
f 1687// 1716// 1722//
f 1687// 1722// 1684//
f 1684// 1722// 1720//
f 1684// 1720// 1679//
f 1679// 1720// 1712//
f 1679// 1712// 1663//
f 1663// 1712// 1707//
f 1663// 1707// 1688//
f 1124// 1148// 1132//
f 1132// 1148// 1163//
f 1132// 1163// 1150//
f 1150// 1163// 1181//
f 1150// 1181// 1179//
f 1179// 1181// 1213//
f 1179// 1213// 1201//
f 1201// 1213// 1229//
f 1201// 1229// 1216//
f 1216// 1229// 1235//
f 1216// 1235// 1220//
f 1220// 1235// 1239//
f 1211// 1178// 1221//
f 1221// 1178// 1188//
f 1221// 1188// 1227//
f 1227// 1188// 1199//
f 1227// 1199// 1231//
f 1231// 1199// 1206//
f 1231// 1206// 1232//
f 1232// 1206// 1208//
f 1232// 1208// 1230//
f 1230// 1208// 1203//
f 1230// 1203// 1224//
f 1224// 1203// 1196//
f 1224// 1196// 1217//
f 1217// 1196// 1182//
f 1217// 1182// 1202//
f 1202// 1182// 1172//
f 1202// 1172// 1191//
f 1191// 1172// 1161//
f 1191// 1161// 1184//
f 1184// 1161// 1154//
f 1184// 1154// 1186//
f 1186// 1154// 1156//
f 1186// 1156// 1198//
f 1198// 1156// 1168//
f 1198// 1168// 1211//
f 1211// 1168// 1178//
f 1180// 1146// 1173//
f 1173// 1146// 1139//
f 1173// 1139// 1162//
f 1162// 1139// 1131//
f 1162// 1131// 1153//
f 1153// 1131// 1127//
f 1153// 1127// 1151//
f 1151// 1127// 1125//
f 1151// 1125// 1157//
f 1157// 1125// 1129//
f 1157// 1129// 1167//
f 1167// 1129// 1134//
f 1167// 1134// 1177//
f 1177// 1134// 1143//
f 1177// 1143// 1189//
f 1189// 1143// 1160//
f 1189// 1160// 1200//
f 1200// 1160// 1171//
f 1200// 1171// 1205//
f 1205// 1171// 1176//
f 1205// 1176// 1204//
f 1204// 1176// 1174//
f 1204// 1174// 1195//
f 1195// 1174// 1166//
f 1195// 1166// 1180//
f 1180// 1166// 1146//
f 1410// 1332// 1334//
f 1334// 1332// 1306//
f 1334// 1306// 1310//
f 1310// 1306// 1282//
f 1310// 1282// 1292//
f 1292// 1282// 1267//
f 1292// 1267// 1289//
f 1289// 1267// 1265//
f 1289// 1265// 1299//
f 1299// 1265// 1272//
f 1299// 1272// 1317//
f 1317// 1272// 1290//
f 1317// 1290// 1366//
f 1366// 1290// 1316//
f 1311// 1313// 1284//
f 1313// 1314// 1287//
f 1314// 1316// 1290//
f 1314// 1290// 1287//
f 1287// 1290// 1272//
f 1287// 1272// 1271//
f 1271// 1272// 1265//
f 1271// 1265// 1257//
f 1257// 1265// 1267//
f 1257// 1267// 1264//
f 1264// 1267// 1282//
f 1264// 1282// 1276//
f 1276// 1282// 1306//
f 1276// 1306// 1303//
f 1303// 1306// 1332//
f 1303// 1332// 1328//
f 1313// 1287// 1284//
f 1284// 1287// 1271//
f 1284// 1271// 1262//
f 1262// 1271// 1257//
f 1262// 1257// 1252//
f 1252// 1257// 1264//
f 1252// 1264// 1255//
f 1255// 1264// 1276//
f 1255// 1276// 1273//
f 1273// 1276// 1303//
f 1273// 1303// 1295//
f 1295// 1303// 1328//
f 1295// 1328// 1321//
f 1311// 1284// 1279//
f 1279// 1284// 1262//
f 1279// 1262// 1254//
f 1254// 1262// 1252//
f 1254// 1252// 1248//
f 1248// 1252// 1255//
f 1248// 1255// 1250//
f 1250// 1255// 1273//
f 1250// 1273// 1269//
f 1269// 1273// 1295//
f 1269// 1295// 1293//
f 1293// 1295// 1321//
f 1293// 1321// 1323//
f 1379// 1316// 1376//
f 1376// 1316// 1314//
f 1376// 1314// 1368//
f 1368// 1314// 1361//
f 1361// 1314// 1313//
f 1361// 1313// 1358//
f 1358// 1313// 1352//
f 1352// 1313// 1311//
f 1352// 1311// 1350//
f 1408// 1366// 1390//
f 1390// 1366// 1316//
f 1390// 1316// 1379//
f 1567// 1575// 1517//
f 1517// 1575// 1366//
f 1517// 1366// 1459//
f 1459// 1366// 1408//
f 1575// 1567// 1588//
f 1588// 1567// 1581//
f 1588// 1581// 1603//
f 1603// 1581// 1591//
f 1603// 1591// 1611//
f 1611// 1591// 1600//
f 1611// 1600// 1609//
f 1609// 1600// 1596//
f 1609// 1596// 1593//
f 1593// 1596// 1586//
f 1593// 1586// 1580//
f 1580// 1586// 1574//
f 1580// 1574// 1410//
f 1410// 1574// 1539//
f 1410// 1539// 1523//
f 1523// 1490// 1410//
f 1410// 1490// 1446//
f 1410// 1446// 1332//
f 1332// 1446// 1433//
f 1332// 1433// 1421//
f 1413// 1323// 1412//
f 1412// 1323// 1321//
f 1412// 1321// 1411//
f 1411// 1321// 1414//
f 1414// 1321// 1328//
f 1414// 1328// 1415//
f 1415// 1328// 1419//
f 1419// 1328// 1332//
f 1419// 1332// 1421//
f 821// 807// 808//
f 860// 880// 881//
f 881// 861// 860//
f 860// 861// 852//
f 860// 852// 843//
f 804// 849// 803//
f 803// 849// 831//
f 803// 831// 801//
f 801// 831// 814//
f 801// 814// 800//
f 800// 814// 808//
f 800// 808// 802//
f 802// 808// 807//
f 824// 821// 829//
f 829// 821// 808//
f 829// 808// 843//
f 843// 808// 814//
f 843// 814// 860//
f 860// 814// 831//
f 860// 831// 880//
f 880// 831// 849//
f 852// 844// 843//
f 843// 844// 832//
f 843// 832// 829//
f 829// 832// 830//
f 829// 830// 824//
f 824// 830// 826//
f 596// 566// 565//
f 562// 540// 539//
f 535// 534// 533//
f 543// 557// 555//
f 582// 561// 580//
f 580// 561// 560//
f 580// 560// 578//
f 578// 560// 558//
f 578// 558// 577//
f 577// 558// 555//
f 633// 582// 631//
f 631// 582// 580//
f 631// 580// 632//
f 632// 580// 578//
f 632// 578// 634//
f 634// 578// 577//
f 634// 577// 636//
f 636// 577// 579//
f 555// 557// 577//
f 577// 557// 575//
f 577// 575// 579//
f 561// 541// 560//
f 560// 541// 538//
f 560// 538// 558//
f 558// 538// 536//
f 558// 536// 555//
f 555// 536// 533//
f 555// 533// 543//
f 543// 533// 534//
f 541// 551// 538//
f 538// 551// 546//
f 538// 546// 536//
f 536// 546// 542//
f 536// 542// 533//
f 533// 542// 539//
f 533// 539// 535//
f 535// 539// 540//
f 566// 562// 565//
f 565// 562// 539//
f 565// 539// 567//
f 567// 539// 542//
f 567// 542// 568//
f 568// 542// 546//
f 568// 546// 573//
f 573// 546// 551//
f 607// 596// 605//
f 605// 596// 565//
f 605// 565// 604//
f 604// 565// 567//
f 604// 567// 606//
f 606// 567// 568//
f 606// 568// 609//
f 609// 568// 573//
f 609// 668// 606//
f 606// 668// 669//
f 606// 669// 604//
f 604// 669// 670//
f 604// 670// 605//
f 605// 670// 671//
f 605// 671// 607//
f 607// 671// 673//
f 636// 579// 650//
f 650// 579// 583//
f 547// 544// 534//
f 579// 575// 583//
f 583// 575// 557//
f 583// 557// 559//
f 559// 557// 543//
f 559// 543// 549//
f 549// 543// 534//
f 549// 534// 545//
f 545// 534// 544//
f 534// 535// 547//
f 547// 535// 540//
f 547// 540// 564//
f 540// 562// 564//
f 564// 562// 566//
f 564// 566// 610//
f 673// 685// 607//
f 607// 685// 610//
f 607// 610// 596//
f 596// 610// 566//
f 1270// 1246// 1140//
f 1270// 1140// 1169//
f 1169// 1140// 1059//
f 1169// 1059// 1092//
f 1322// 1302// 1270//
f 1270// 1302// 1246//
f 1302// 1333// 1300//
f 1300// 1333// 1331//
f 1331// 1330// 1300//
f 1300// 1330// 1327//
f 1300// 1327// 1297//
f 1297// 1327// 1296//
f 1327// 1325// 1296//
f 1296// 1325// 1324//
f 1296// 1324// 1298//
f 1298// 1324// 1326//
f 1298// 1326// 1329//
f 1246// 1302// 1244//
f 1244// 1302// 1300//
f 1244// 1300// 1243//
f 1243// 1300// 1297//
f 1296// 1238// 1297//
f 1297// 1238// 1240//
f 1297// 1240// 1243//
f 1298// 1234// 1296//
f 1296// 1234// 1237//
f 1296// 1237// 1238//
f 1234// 1136// 1237//
f 1237// 1136// 1135//
f 1237// 1135// 1238//
f 1238// 1135// 1240//
f 1240// 1135// 1137//
f 1240// 1137// 1243//
f 1243// 1137// 1244//
f 1244// 1137// 1140//
f 1244// 1140// 1246//
f 1136// 1067// 1135//
f 1135// 1067// 1062//
f 1135// 1062// 1137//
f 1137// 1062// 1057//
f 1137// 1057// 1140//
f 1140// 1057// 1059//
f 982// 1059// 973//
f 973// 1059// 1057//
f 973// 1057// 967//
f 967// 1057// 1062//
f 1067// 971// 1062//
f 1062// 971// 964//
f 1062// 964// 967//
f 1092// 1059// 1037//
f 1037// 1059// 982//
f 636// 650// 804//
f 804// 650// 1037//
f 804// 1037// 849//
f 849// 1037// 880//
f 880// 1037// 881//
f 881// 1037// 982//
f 881// 982// 869//
f 857// 854// 971//
f 971// 854// 964//
f 854// 853// 964//
f 964// 853// 855//
f 964// 855// 967//
f 967// 855// 862//
f 967// 862// 973//
f 869// 982// 867//
f 867// 982// 973//
f 867// 973// 864//
f 864// 973// 862//
f 872// 847// 894//
f 894// 847// 848//
f 894// 848// 857//
f 858// 856// 810//
f 810// 805// 858//
f 858// 805// 811//
f 858// 811// 859//
f 859// 811// 827//
f 859// 827// 872//
f 872// 827// 836//
f 872// 836// 847//
f 854// 834// 839//
f 835// 834// 854//
f 837// 840// 818//
f 811// 805// 806//
f 806// 805// 810//
f 836// 827// 819//
f 819// 827// 811//
f 819// 811// 813//
f 854// 848// 847//
f 810// 809// 806//
f 806// 809// 812//
f 806// 812// 818//
f 818// 812// 820//
f 818// 820// 837//
f 842// 862// 855//
f 834// 823// 839//
f 839// 823// 842//
f 839// 842// 846//
f 846// 842// 855//
f 841// 835// 854//
f 854// 847// 841//
f 841// 847// 836//
f 841// 836// 835//
f 835// 836// 819//
f 835// 819// 834//
f 834// 819// 813//
f 834// 813// 823//
f 857// 848// 854//
f 837// 869// 840//
f 840// 869// 867//
f 840// 867// 864//
f 811// 806// 813//
f 813// 806// 818//
f 813// 818// 823//
f 823// 818// 840//
f 823// 840// 842//
f 842// 840// 864//
f 842// 864// 862//
f 846// 854// 839//
f 855// 853// 846//
f 846// 853// 854//
f 881// 869// 861//
f 861// 869// 837//
f 810// 826// 809//
f 809// 826// 830//
f 809// 830// 812//
f 812// 830// 832//
f 812// 832// 820//
f 820// 832// 844//
f 820// 844// 837//
f 837// 844// 852//
f 837// 852// 861//
f 871// 826// 856//
f 856// 826// 810//
f 826// 871// 873//
f 826// 873// 824//
f 824// 873// 870//
f 824// 870// 821//
f 821// 870// 850//
f 821// 850// 807//
f 807// 850// 825//
f 807// 825// 802//
f 886// 911// 1047//
f 1047// 911// 928//
f 1047// 928// 1026//
f 1026// 928// 927//
f 1026// 927// 910//
f 787// 777// 1047//
f 1047// 777// 851//
f 1047// 851// 886//
f 791// 786// 779//
f 779// 786// 769//
f 779// 769// 765//
f 765// 769// 757//
f 765// 757// 759//
f 759// 757// 748//
f 759// 748// 756//
f 756// 748// 745//
f 756// 745// 761//
f 761// 745// 752//
f 761// 752// 770//
f 770// 752// 763//
f 770// 763// 787//
f 787// 763// 777//
f 926// 914// 915//
f 966// 995// 996//
f 996// 968// 966//
f 966// 968// 957//
f 966// 957// 948//
f 904// 953// 900//
f 900// 953// 935//
f 900// 935// 895//
f 895// 935// 922//
f 895// 922// 892//
f 892// 922// 915//
f 892// 915// 896//
f 896// 915// 914//
f 930// 926// 933//
f 933// 926// 915//
f 933// 915// 948//
f 948// 915// 922//
f 948// 922// 966//
f 966// 922// 935//
f 966// 935// 995//
f 995// 935// 953//
f 957// 949// 948//
f 948// 949// 936//
f 948// 936// 933//
f 933// 936// 934//
f 933// 934// 930//
f 930// 934// 932//
f 896// 783// 781//
f 896// 781// 892//
f 892// 781// 782//
f 892// 782// 895//
f 895// 782// 785//
f 895// 785// 900//
f 900// 785// 786//
f 900// 786// 904//
f 772// 773// 758//
f 773// 775// 760//
f 775// 776// 762//
f 776// 777// 763//
f 776// 763// 762//
f 762// 763// 752//
f 762// 752// 750//
f 750// 752// 745//
f 750// 745// 744//
f 744// 745// 748//
f 744// 748// 746//
f 746// 748// 757//
f 746// 757// 755//
f 755// 757// 769//
f 755// 769// 768//
f 768// 769// 786//
f 768// 786// 785//
f 775// 762// 760//
f 760// 762// 750//
f 760// 750// 747//
f 747// 750// 744//
f 747// 744// 741//
f 741// 744// 746//
f 741// 746// 742//
f 742// 746// 755//
f 742// 755// 753//
f 753// 755// 768//
f 753// 768// 767//
f 767// 768// 785//
f 767// 785// 782//
f 773// 760// 758//
f 758// 760// 747//
f 758// 747// 743//
f 743// 747// 741//
f 743// 741// 738//
f 738// 741// 742//
f 738// 742// 739//
f 739// 742// 753//
f 739// 753// 751//
f 751// 753// 767//
f 751// 767// 766//
f 766// 767// 782//
f 766// 782// 781//
f 772// 758// 754//
f 754// 758// 743//
f 754// 743// 740//
f 740// 743// 738//
f 740// 738// 736//
f 736// 738// 739//
f 736// 739// 737//
f 737// 739// 751//
f 737// 751// 749//
f 749// 751// 766//
f 749// 766// 764//
f 764// 766// 781//
f 764// 781// 783//
f 851// 777// 776//
f 851// 776// 845//
f 845// 776// 775//
f 845// 775// 838//
f 838// 775// 773//
f 838// 773// 833//
f 833// 773// 772//
f 833// 772// 825//
f 871// 882// 883//
f 905// 928// 911//
f 905// 911// 891//
f 891// 911// 886//
f 891// 886// 874//
f 927// 928// 903//
f 903// 928// 905//
f 903// 905// 887//
f 887// 905// 882//
f 886// 851// 874//
f 874// 851// 845//
f 874// 845// 838//
f 882// 905// 883//
f 883// 905// 891//
f 883// 891// 878//
f 878// 891// 874//
f 878// 874// 863//
f 863// 874// 838//
f 863// 838// 833//
f 871// 883// 873//
f 873// 883// 878//
f 873// 878// 870//
f 870// 878// 863//
f 870// 863// 850//
f 850// 863// 833//
f 850// 833// 825//
f 910// 927// 907//
f 907// 927// 903//
f 907// 903// 893//
f 893// 903// 890//
f 890// 903// 887//
f 890// 887// 879//
f 879// 887// 882//
f 879// 882// 868//
f 868// 882// 871//
f 868// 871// 856//
f 872// 877// 865//
f 907// 909// 910//
f 876// 879// 868//
f 909// 899// 889//
f 889// 899// 890//
f 888// 909// 889//
f 909// 907// 899//
f 899// 907// 893//
f 899// 893// 890//
f 868// 856// 866//
f 866// 856// 858//
f 866// 858// 865//
f 865// 858// 859//
f 865// 859// 872//
f 884// 902// 906//
f 906// 898// 884//
f 884// 898// 888//
f 884// 888// 875//
f 875// 888// 889//
f 875// 889// 876//
f 876// 889// 890//
f 876// 890// 879//
f 872// 894// 877//
f 877// 894// 897//
f 877// 897// 901//
f 868// 866// 876//
f 876// 866// 865//
f 876// 865// 875//
f 875// 865// 877//
f 875// 877// 884//
f 884// 877// 901//
f 884// 901// 902//
f 898// 909// 888//
f 906// 908// 898//
f 898// 908// 909//
f 894// 1013// 897//
f 897// 1013// 1016//
f 906// 902// 1016//
f 1016// 902// 901//
f 1016// 901// 897//
f 1016// 1020// 906//
f 906// 1020// 1023//
f 906// 1023// 908//
f 1026// 910// 1023//
f 1023// 910// 909//
f 1023// 909// 908//
f 1040// 1036// 1065//
f 1036// 1038// 1061//
f 1038// 1041// 1060//
f 1041// 1042// 1064//
f 1041// 1064// 1060//
f 1060// 1064// 1082//
f 1060// 1082// 1081//
f 1081// 1082// 1088//
f 1081// 1088// 1086//
f 1086// 1088// 1075//
f 1086// 1075// 1074//
f 1074// 1075// 1053//
f 1074// 1053// 1051//
f 1051// 1053// 1026//
f 1051// 1026// 1023//
f 1038// 1060// 1061//
f 1061// 1060// 1081//
f 1061// 1081// 1085//
f 1085// 1081// 1086//
f 1085// 1086// 1091//
f 1091// 1086// 1074//
f 1091// 1074// 1076//
f 1076// 1074// 1051//
f 1076// 1051// 1052//
f 1052// 1051// 1023//
f 1052// 1023// 1020//
f 1036// 1061// 1065//
f 1065// 1061// 1085//
f 1065// 1085// 1089//
f 1089// 1085// 1091//
f 1089// 1091// 1094//
f 1094// 1091// 1076//
f 1094// 1076// 1080//
f 1080// 1076// 1052//
f 1080// 1052// 1054//
f 1054// 1052// 1020//
f 1054// 1020// 1016//
f 1040// 1065// 1068//
f 1068// 1065// 1089//
f 1068// 1089// 1095//
f 1095// 1089// 1094//
f 1095// 1094// 1098//
f 1098// 1094// 1080//
f 1098// 1080// 1084//
f 1084// 1080// 1054//
f 1084// 1054// 1056//
f 1056// 1054// 1016//
f 1056// 1016// 1013//
f 1047// 1026// 1079//
f 1079// 1026// 1053//
f 1079// 1053// 1100//
f 1100// 1053// 1075//
f 1100// 1075// 1109//
f 1109// 1075// 1088//
f 1109// 1088// 1104//
f 1104// 1088// 1082//
f 1104// 1082// 1093//
f 1093// 1082// 1064//
f 1093// 1064// 1058//
f 1058// 1064// 1042//
f 786// 791// 904//
f 904// 791// 1058//
f 904// 1058// 953//
f 953// 1058// 995//
f 995// 1058// 996//
f 996// 1058// 1042//
f 996// 1042// 980//
f 980// 1042// 976//
f 976// 1042// 1041//
f 976// 1041// 972//
f 972// 1041// 969//
f 969// 1041// 1038//
f 969// 1038// 961//
f 961// 1038// 1036//
f 961// 1036// 958//
f 958// 1036// 960//
f 960// 1036// 1040//
f 960// 1040// 963//
f 1124// 1178// 1168//
f 1133// 1122// 971//
f 971// 1122// 1121//
f 1136// 1143// 1134//
f 1136// 1134// 1067//
f 1168// 1095// 1098//
f 1174// 1176// 1234//
f 1234// 1176// 1171//
f 1234// 1171// 1136//
f 1136// 1171// 1160//
f 1136// 1160// 1143//
f 1134// 1129// 1067//
f 1067// 1129// 1125//
f 1067// 1125// 1127//
f 1068// 1154// 1161//
f 1121// 1124// 971//
f 971// 1124// 1168//
f 971// 1168// 1084//
f 1084// 1168// 1098//
f 894// 857// 1013//
f 1013// 857// 971//
f 1013// 971// 1056//
f 1056// 971// 1084//
f 1329// 1350// 1298//
f 1298// 1350// 1311//
f 1298// 1311// 1234//
f 1234// 1311// 1279//
f 1095// 1168// 1068//
f 1068// 1168// 1156//
f 1068// 1156// 1154//
f 1009// 963// 1044//
f 1044// 963// 1040//
f 1044// 1040// 1107//
f 1107// 1040// 1068//
f 1107// 1068// 1190//
f 1190// 1068// 1161//
f 1190// 1161// 1172//
f 1174// 1234// 1183//
f 1183// 1234// 1279//
f 1183// 1279// 1210//
f 1210// 1279// 1254//
f 1210// 1254// 1220//
f 1220// 1254// 1248//
f 1220// 1248// 1216//
f 1216// 1248// 1250//
f 1216// 1250// 1269//
f 1413// 1445// 1323//
f 1323// 1445// 1349//
f 1323// 1349// 1293//
f 1293// 1349// 1275//
f 971// 1067// 1133//
f 1133// 1067// 1127//
f 1133// 1127// 1159//
f 1159// 1127// 1131//
f 1124// 1132// 1178//
f 1178// 1132// 1150//
f 1178// 1150// 1188//
f 1188// 1150// 1179//
f 1275// 1208// 1206//
f 1131// 1139// 1159//
f 1159// 1139// 1146//
f 1159// 1146// 1183//
f 1183// 1146// 1166//
f 1183// 1166// 1174//
f 1172// 1182// 1190//
f 1190// 1182// 1196//
f 1190// 1196// 1275//
f 1275// 1196// 1203//
f 1275// 1203// 1208//
f 1269// 1293// 1216//
f 1216// 1293// 1275//
f 1216// 1275// 1201//
f 1201// 1275// 1206//
f 1201// 1206// 1179//
f 1179// 1206// 1199//
f 1179// 1199// 1188//
f 1025// 1024// 1050//
f 1050// 1024// 1049//
f 1024// 1022// 1049//
f 1049// 1022// 1019//
f 1049// 1019// 1046//
f 1046// 1019// 1015//
f 1046// 1015// 1045//
f 1009// 1044// 1010//
f 1010// 1044// 1045//
f 1010// 1045// 1014//
f 1014// 1045// 1015//
f 984// 998// 999//
f 1003// 1017// 1018//
f 1017// 1030// 1032//
f 1003// 1018// 998//
f 1017// 1032// 1018//
f 1018// 1032// 1027//
f 1018// 1027// 1007//
f 1007// 1027// 1002//
f 1007// 1002// 987//
f 1002// 956// 987//
f 987// 956// 950//
f 987// 950// 943//
f 998// 1018// 999//
f 999// 1018// 1007//
f 999// 1007// 992//
f 992// 1007// 987//
f 992// 987// 970//
f 970// 987// 943//
f 970// 943// 937//
f 984// 999// 985//
f 985// 999// 992//
f 985// 992// 981//
f 981// 992// 970//
f 981// 970// 955//
f 955// 970// 937//
f 955// 937// 931//
f 984// 962// 978//
f 984// 978// 998//
f 998// 978// 994//
f 998// 994// 1003//
f 1003// 994// 1006//
f 1003// 1006// 1017//
f 1025// 1030// 1021//
f 1021// 1030// 1017//
f 1021// 1017// 1008//
f 1008// 1017// 1006//
f 1021// 1024// 1025//
f 990// 994// 978//
f 1024// 1012// 1005//
f 1005// 1012// 1006//
f 1004// 1024// 1005//
f 1024// 1021// 1012//
f 1012// 1021// 1008//
f 1012// 1008// 1006//
f 974// 977// 991//
f 991// 977// 986//
f 991// 986// 993//
f 978// 962// 975//
f 975// 962// 959//
f 975// 959// 974//
f 974// 959// 965//
f 974// 965// 977//
f 1000// 1015// 1019//
f 1019// 1011// 1000//
f 1000// 1011// 1004//
f 1000// 1004// 989//
f 989// 1004// 1005//
f 989// 1005// 990//
f 990// 1005// 1006//
f 990// 1006// 994//
f 1014// 991// 1010//
f 1010// 991// 993//
f 1010// 993// 1009//
f 978// 975// 990//
f 990// 975// 974//
f 990// 974// 989//
f 989// 974// 991//
f 989// 991// 1000//
f 1000// 991// 1014//
f 1000// 1014// 1015//
f 1011// 1024// 1004//
f 1019// 1022// 1011//
f 1011// 1022// 1024//
f 954// 963// 1009//
f 954// 1009// 951//
f 951// 1009// 993//
f 951// 993// 942//
f 942// 993// 940//
f 940// 993// 986//
f 940// 986// 921//
f 921// 986// 977//
f 921// 977// 918//
f 918// 977// 965//
f 918// 965// 912//
f 965// 959// 912//
f 912// 959// 962//
f 912// 962// 917//
f 960// 938// 944//
f 939// 938// 960//
f 941// 945// 924//
f 951// 946// 960//
f 918// 923// 921//
f 918// 912// 913//
f 913// 912// 917//
f 923// 918// 920//
f 942// 940// 939//
f 951// 942// 946//
f 946// 942// 939//
f 946// 939// 960//
f 954// 951// 960//
f 963// 954// 960//
f 917// 916// 913//
f 913// 916// 919//
f 913// 919// 924//
f 924// 919// 925//
f 924// 925// 941//
f 947// 969// 961//
f 961// 952// 947//
f 947// 952// 944//
f 947// 944// 929//
f 929// 944// 938//
f 929// 938// 920//
f 920// 938// 939//
f 920// 939// 923//
f 923// 939// 940//
f 923// 940// 921//
f 941// 980// 945//
f 945// 980// 976//
f 945// 976// 972//
f 918// 913// 920//
f 920// 913// 924//
f 920// 924// 929//
f 929// 924// 945//
f 929// 945// 947//
f 947// 945// 972//
f 947// 972// 969//
f 952// 960// 944//
f 961// 958// 952//
f 952// 958// 960//
f 917// 932// 916//
f 916// 932// 934//
f 916// 934// 919//
f 919// 934// 936//
f 919// 936// 925//
f 925// 936// 949//
f 925// 949// 941//
f 996// 980// 968//
f 968// 980// 941//
f 968// 941// 957//
f 957// 941// 949//
f 984// 932// 962//
f 962// 932// 917//
f 932// 984// 985//
f 932// 985// 930//
f 930// 985// 981//
f 930// 981// 926//
f 926// 981// 955//
f 926// 955// 914//
f 914// 955// 931//
f 914// 931// 896//
f 202// 205// 203//
f 203// 205// 206//
f 203// 206// 211//
f 185// 194// 203//
f 203// 194// 196//
f 203// 196// 202//
f 181// 171// 170//
f 170// 171// 164//
f 181// 184// 171//
f 171// 184// 186//
f 171// 186// 190//
f 164// 171// 158//
f 158// 171// 155//
f 158// 155// 150//
f 155// 163// 160//
f 143// 150// 144//
f 144// 150// 155//
f 144// 155// 145//
f 145// 155// 160//
f 145// 160// 146//
f 146// 160// 153//
f 146// 153// 147//
f 163// 155// 166//
f 166// 155// 171//
f 166// 171// 185//
f 185// 171// 190//
f 185// 190// 194//
f 321// 323// 339//
f 339// 323// 340//
f 339// 340// 352//
f 352// 340// 364//
f 352// 364// 363//
f 331// 332// 310//
f 310// 332// 309//
f 310// 309// 306//
f 306// 309// 292//
f 292// 309// 296//
f 292// 296// 293//
f 293// 296// 311//
f 311// 296// 323//
f 311// 323// 321//
f 517// 482// 485//
f 517// 485// 520//
f 502// 531// 498//
f 498// 531// 528//
f 485// 489// 520//
f 520// 489// 490//
f 520// 490// 528//
f 528// 490// 493//
f 528// 493// 498//
f 529// 528// 531//
f 522// 523// 526//
f 509// 510// 512//
f 512// 510// 514//
f 514// 510// 515//
f 514// 515// 519//
f 526// 523// 529//
f 529// 523// 520//
f 529// 520// 528//
f 519// 515// 522//
f 522// 515// 518//
f 522// 518// 523//
f 523// 518// 517//
f 523// 517// 520//
f 499// 496// 504//
f 507// 511// 501//
f 518// 515// 516//
f 516// 515// 510//
f 516// 510// 508//
f 508// 510// 509//
f 508// 509// 500//
f 500// 509// 497//
f 507// 501// 494//
f 494// 501// 495//
f 494// 495// 492//
f 511// 513// 501//
f 501// 513// 504//
f 501// 504// 495//
f 495// 504// 496//
f 507// 517// 511//
f 511// 517// 518//
f 511// 518// 513//
f 513// 518// 516//
f 513// 516// 504//
f 504// 516// 508//
f 504// 508// 499//
f 499// 508// 500//
f 494// 492// 461//
f 461// 465// 494//
f 494// 465// 468//
f 494// 468// 507//
f 507// 468// 473//
f 507// 473// 517//
f 517// 473// 482//
f 599// 357// 355//
f 599// 355// 597//
f 597// 355// 356//
f 597// 356// 598//
f 598// 356// 358//
f 598// 358// 600//
f 600// 358// 359//
f 600// 359// 601//
f 1228// 1218// 1117//
f 1228// 1117// 1123//
f 1123// 1117// 1031//
f 1123// 1031// 1043//
f 828// 885// 1031//
f 1031// 885// 1043//
f 885// 828// 692//
f 692// 828// 593//
f 692// 593// 608//
f 1308// 1318// 1251//
f 1251// 1318// 1266//
f 1087// 1072// 1158//
f 1087// 1158// 1175//
f 1175// 1158// 1251//
f 1175// 1251// 1266//
f 1072// 1087// 1001//
f 1001// 1087// 1034//
f 1001// 1034// 628//
f 628// 1034// 701//
f 628// 701// 642//
f 458// 505// 456//
f 456// 505// 487//
f 456// 487// 484//
f 484// 487// 530//
f 484// 530// 506//
f 506// 530// 563//
f 506// 563// 553//
f 553// 563// 608//
f 553// 608// 593//
f 458// 478// 505//
f 505// 478// 524//
f 505// 524// 548//
f 524// 537// 548//
f 548// 537// 571//
f 548// 571// 584//
f 584// 571// 628//
f 584// 628// 642//
f 357// 599// 608//
f 608// 599// 675//
f 608// 675// 692//
f 701// 697// 642//
f 642// 697// 651//
f 642// 651// 584//
f 584// 651// 367//
f 584// 367// 548//
f 608// 563// 357//
f 357// 563// 530//
f 357// 530// 338//
f 338// 530// 487//
f 305// 288// 290//
f 548// 367// 505//
f 505// 367// 345//
f 505// 345// 329//
f 329// 305// 505//
f 505// 305// 290//
f 505// 290// 487//
f 487// 290// 308//
f 487// 308// 338//
f 659// 657// 700//
f 657// 655// 699//
f 655// 653// 698//
f 653// 651// 697//
f 653// 697// 698//
f 698// 697// 701//
f 698// 701// 713//
f 701// 711// 713//
f 713// 711// 724//
f 713// 724// 727//
f 727// 724// 716//
f 727// 716// 721//
f 721// 716// 703//
f 721// 703// 704//
f 704// 703// 692//
f 704// 692// 677//
f 692// 675// 677//
f 677// 675// 599//
f 677// 599// 597//
f 655// 698// 699//
f 699// 698// 713//
f 699// 713// 714//
f 714// 713// 727//
f 714// 727// 729//
f 729// 727// 721//
f 729// 721// 723//
f 723// 721// 704//
f 723// 704// 705//
f 705// 704// 677//
f 705// 677// 680//
f 680// 677// 597//
f 680// 597// 598//
f 657// 699// 700//
f 700// 699// 714//
f 700// 714// 717//
f 717// 714// 729//
f 717// 729// 731//
f 731// 729// 723//
f 731// 723// 725//
f 725// 723// 705//
f 725// 705// 706//
f 706// 705// 680//
f 706// 680// 682//
f 682// 680// 598//
f 682// 598// 600//
f 659// 700// 702//
f 702// 700// 717//
f 702// 717// 719//
f 719// 717// 731//
f 719// 731// 733//
f 733// 731// 725//
f 733// 725// 726//
f 726// 725// 706//
f 726// 706// 707//
f 707// 706// 682//
f 707// 682// 684//
f 684// 682// 600//
f 684// 600// 601//
f 659// 371// 370//
f 659// 370// 657//
f 657// 370// 369//
f 657// 369// 655//
f 655// 369// 368//
f 655// 368// 653//
f 653// 368// 367//
f 653// 367// 651//
f 343// 345// 367//
f 329// 345// 327//
f 327// 345// 343//
f 327// 343// 325//
f 325// 343// 344//
f 325// 344// 326//
f 326// 344// 346//
f 367// 368// 343//
f 343// 368// 369//
f 343// 369// 344//
f 344// 369// 370//
f 344// 370// 346//
f 346// 370// 371//
f 304// 308// 290//
f 302// 303// 287//
f 287// 303// 304//
f 299// 300// 284//
f 284// 300// 302//
f 285// 301// 299//
f 304// 290// 287//
f 287// 290// 288//
f 287// 288// 282//
f 282// 288// 305//
f 282// 305// 297//
f 297// 305// 329//
f 297// 329// 327//
f 302// 287// 284//
f 284// 287// 282//
f 284// 282// 281//
f 281// 282// 297//
f 281// 297// 294//
f 294// 297// 327//
f 294// 327// 325//
f 299// 284// 285//
f 285// 284// 281//
f 285// 281// 280//
f 280// 281// 294//
f 280// 294// 295//
f 295// 294// 325//
f 295// 325// 326//
f 337// 338// 308//
f 308// 304// 337//
f 337// 304// 303//
f 337// 303// 335//
f 357// 338// 355//
f 355// 338// 337//
f 355// 337// 356//
f 356// 337// 335//
f 356// 335// 358//
f 358// 335// 334//
f 358// 334// 359//
f 359// 334// 336//
f 303// 302// 335//
f 335// 302// 300//
f 335// 300// 334//
f 334// 300// 299//
f 334// 299// 336//
f 336// 299// 301//
f 353// 394// 382//
f 353// 382// 278//
f 278// 382// 270//
f 278// 270// 272//
f 272// 270// 250//
f 250// 270// 135//
f 250// 135// 136//
f 136// 135// 129//
f 136// 129// 128//
f 128// 129// 124//
f 128// 124// 111//
f 382// 394// 389//
f 389// 394// 411//
f 389// 411// 391//
f 391// 411// 415//
f 391// 415// 400//
f 400// 415// 428//
f 400// 428// 403//
f 383// 386// 384//
f 384// 386// 387//
f 387// 386// 397//
f 397// 386// 388//
f 397// 388// 405//
f 410// 405// 406//
f 417// 419// 422//
f 422// 419// 425//
f 425// 419// 437//
f 422// 410// 417//
f 417// 410// 406//
f 417// 406// 419//
f 419// 406// 412//
f 396// 403// 407//
f 388// 392// 405//
f 405// 392// 396//
f 405// 396// 406//
f 406// 396// 407//
f 406// 407// 412//
f 386// 383// 376//
f 385// 388// 386//
f 400// 403// 396//
f 389// 391// 390//
f 390// 391// 400//
f 390// 400// 393//
f 393// 400// 396//
f 393// 396// 392//
f 376// 375// 386//
f 386// 375// 374//
f 386// 374// 385//
f 385// 374// 377//
f 385// 377// 381//
f 381// 377// 379//
f 381// 379// 380//
f 382// 389// 380//
f 380// 389// 390//
f 380// 390// 381//
f 381// 390// 393//
f 381// 393// 385//
f 385// 393// 392//
f 385// 392// 388//
f 120// 122// 134//
f 374// 375// 267//
f 115// 116// 118//
f 99// 112// 113//
f 267// 266// 131//
f 376// 378// 360//
f 376// 360// 375//
f 375// 360// 267//
f 267// 360// 351//
f 267// 351// 266//
f 382// 380// 269//
f 134// 135// 270//
f 135// 134// 129//
f 129// 134// 122//
f 129// 122// 124//
f 110// 111// 124//
f 104// 105// 108//
f 100// 101// 106//
f 106// 101// 103//
f 120// 119// 117//
f 99// 109// 112//
f 112// 109// 120//
f 112// 120// 113//
f 113// 120// 114//
f 113// 114// 99//
f 99// 114// 118//
f 110// 124// 108//
f 108// 124// 122//
f 108// 122// 104//
f 104// 122// 120//
f 104// 120// 103//
f 103// 120// 109//
f 103// 109// 106//
f 106// 109// 99//
f 106// 99// 100//
f 374// 267// 377//
f 377// 267// 268//
f 377// 268// 379//
f 380// 379// 269//
f 269// 379// 268//
f 269// 268// 133//
f 133// 268// 267//
f 133// 267// 132//
f 132// 267// 131//
f 132// 131// 118//
f 118// 114// 115//
f 115// 114// 120//
f 115// 120// 116//
f 116// 120// 117//
f 116// 117// 118//
f 118// 117// 119//
f 118// 119// 132//
f 132// 119// 120//
f 132// 120// 133//
f 133// 120// 134//
f 133// 134// 269//
f 269// 134// 270//
f 269// 270// 382//
f 333// 350// 359//
f 359// 350// 351//
f 359// 351// 360//
f 359// 336// 333//
f 333// 336// 301//
f 333// 301// 307//
f 286// 307// 301//
f 289// 283// 280//
f 280// 283// 286//
f 280// 286// 285//
f 285// 286// 301//
f 289// 280// 298//
f 298// 280// 295//
f 298// 295// 320//
f 320// 295// 326//
f 320// 326// 328//
f 328// 326// 341//
f 341// 326// 346//
f 341// 346// 361//
f 361// 346// 371//
f 361// 371// 365//
f 365// 371// 372//
f 254// 241// 252//
f 365// 372// 316//
f 229// 237// 230//
f 230// 237// 241//
f 230// 241// 232//
f 249// 236// 247//
f 247// 236// 235//
f 249// 247// 251//
f 251// 247// 259//
f 251// 259// 264//
f 264// 259// 279//
f 279// 259// 317//
f 279// 317// 347//
f 451// 452// 322//
f 322// 452// 453//
f 322// 453// 455//
f 365// 316// 361//
f 254// 265// 316//
f 316// 265// 324//
f 316// 324// 361//
f 448// 449// 427//
f 427// 449// 451//
f 427// 451// 372//
f 372// 451// 319//
f 372// 319// 316//
f 316// 319// 255//
f 316// 255// 254//
f 254// 255// 245//
f 254// 245// 241//
f 241// 245// 233//
f 241// 233// 232//
f 451// 322// 319//
f 319// 322// 256//
f 319// 256// 255//
f 255// 256// 246//
f 255// 246// 245//
f 461// 347// 455//
f 455// 347// 317//
f 455// 317// 322//
f 322// 317// 259//
f 322// 259// 256//
f 256// 259// 247//
f 256// 247// 246//
f 246// 247// 235//
f 246// 235// 245//
f 245// 235// 234//
f 245// 234// 233//
f 449// 448// 450//
f 450// 448// 460//
f 493// 488// 498//
f 498// 488// 502//
f 488// 480// 477//
f 477// 480// 474//
f 477// 474// 469//
f 493// 490// 488//
f 488// 490// 489//
f 488// 489// 480//
f 480// 489// 485//
f 480// 485// 482//
f 482// 479// 480//
f 480// 479// 475//
f 480// 475// 474//
f 474// 475// 472//
f 474// 472// 469//
f 469// 472// 466//
f 469// 466// 464//
f 464// 466// 462//
f 464// 462// 460//
f 512// 514// 678//
f 488// 477// 659//
f 659// 477// 469//
f 659// 448// 371//
f 371// 448// 427//
f 371// 427// 372//
f 416// 447// 418//
f 418// 447// 497//
f 418// 497// 678//
f 678// 497// 509//
f 678// 509// 512//
f 469// 464// 659//
f 659// 464// 460//
f 659// 460// 448//
f 514// 519// 678//
f 678// 519// 522//
f 678// 522// 526//
f 526// 529// 678//
f 678// 529// 531//
f 678// 531// 659//
f 659// 531// 502//
f 659// 502// 488//
f 354// 362// 349//
f 349// 362// 366//
f 349// 366// 418//
f 418// 366// 373//
f 418// 373// 416//
f 354// 349// 348//
f 348// 349// 332//
f 348// 332// 331//
f 163// 166// 168//
f 185// 203// 204//
f 366// 312// 313//
f 313// 312// 257//
f 313// 257// 258//
f 258// 257// 238//
f 258// 238// 239//
f 239// 238// 218//
f 239// 218// 221//
f 221// 218// 154//
f 221// 154// 165//
f 165// 154// 151//
f 165// 151// 156//
f 442// 416// 373//
f 442// 373// 314//
f 416// 442// 447//
f 447// 442// 500//
f 447// 500// 497//
f 441// 496// 499//
f 291// 330// 318//
f 318// 330// 342//
f 318// 342// 436//
f 436// 342// 492//
f 436// 492// 495//
f 291// 318// 271//
f 271// 318// 263//
f 271// 263// 261//
f 261// 263// 253//
f 253// 263// 243//
f 253// 243// 244//
f 244// 243// 228//
f 244// 228// 223//
f 203// 211// 204//
f 204// 211// 223//
f 204// 223// 216//
f 216// 223// 228//
f 176// 166// 185//
f 163// 168// 160//
f 151// 147// 156//
f 156// 147// 153//
f 156// 153// 160//
f 160// 168// 156//
f 156// 168// 195//
f 156// 195// 165//
f 165// 195// 224//
f 165// 224// 221//
f 221// 224// 240//
f 221// 240// 239//
f 239// 240// 260//
f 239// 260// 258//
f 258// 260// 314//
f 258// 314// 313//
f 313// 314// 373//
f 313// 373// 366//
f 166// 176// 168//
f 168// 176// 213//
f 168// 213// 195//
f 195// 213// 227//
f 195// 227// 224//
f 224// 227// 242//
f 224// 242// 240//
f 240// 242// 262//
f 240// 262// 260//
f 260// 262// 315//
f 260// 315// 314//
f 314// 315// 441//
f 314// 441// 442//
f 442// 441// 499//
f 442// 499// 500//
f 185// 204// 176//
f 176// 204// 216//
f 176// 216// 213//
f 213// 216// 228//
f 213// 228// 227//
f 227// 228// 243//
f 227// 243// 242//
f 242// 243// 263//
f 242// 263// 262//
f 262// 263// 318//
f 262// 318// 315//
f 315// 318// 436//
f 315// 436// 441//
f 441// 436// 495//
f 441// 495// 496//
f 223// 211// 210//
f 210// 207// 223//
f 223// 207// 209//
f 223// 209// 212//
f 212// 215// 223//
f 223// 215// 217//
f 223// 217// 244//
f 244// 217// 226//
f 244// 226// 231//
f 264// 279// 291//
f 231// 236// 244//
f 244// 236// 249//
f 244// 249// 253//
f 253// 249// 251//
f 253// 251// 261//
f 261// 251// 264//
f 261// 264// 271//
f 271// 264// 291//
f 461// 492// 347//
f 347// 492// 342//
f 347// 342// 279//
f 279// 342// 330//
f 279// 330// 291//
f 169// 162// 172//
f 162// 169// 159//
f 178// 173// 174//
f 183// 177// 182//
f 196// 194// 193//
f 179// 181// 170//
f 211// 201// 199//
f 211// 199// 210//
f 210// 199// 198//
f 210// 198// 207//
f 207// 198// 197//
f 207// 197// 209//
f 209// 197// 200//
f 209// 200// 212//
f 212// 200// 208//
f 212// 208// 215//
f 231// 226// 222//
f 222// 226// 217//
f 222// 217// 214//
f 219// 234// 235//
f 230// 232// 220//
f 220// 232// 233//
f 229// 230// 225//
f 225// 230// 220//
f 225// 220// 142//
f 220// 157// 142//
f 142// 157// 148//
f 142// 148// 141//
f 150// 143// 152//
f 152// 143// 141//
f 152// 141// 149//
f 149// 141// 148//
f 167// 170// 161//
f 161// 170// 164//
f 161// 164// 158//
f 187// 190// 186//
f 233// 234// 220//
f 220// 234// 219//
f 220// 219// 157//
f 157// 219// 172//
f 157// 172// 148//
f 148// 172// 162//
f 148// 162// 149//
f 149// 162// 159//
f 149// 159// 152//
f 194// 190// 193//
f 193// 190// 187//
f 193// 187// 189//
f 188// 189// 182//
f 182// 189// 187//
f 182// 187// 183//
f 183// 187// 186//
f 183// 186// 184//
f 184// 180// 183//
f 183// 180// 175//
f 183// 175// 177//
f 177// 175// 173//
f 177// 173// 182//
f 182// 173// 178//
f 182// 178// 188//
f 188// 178// 174//
f 188// 174// 191//
f 217// 215// 214//
f 214// 215// 208//
f 214// 208// 192//
f 192// 208// 200//
f 184// 181// 180//
f 180// 181// 179//
f 180// 179// 175//
f 175// 179// 170//
f 175// 170// 173//
f 173// 170// 167//
f 173// 167// 174//
f 174// 167// 192//
f 174// 192// 191//
f 191// 192// 200//
f 191// 200// 188//
f 188// 200// 197//
f 188// 197// 189//
f 189// 197// 198//
f 189// 198// 193//
f 193// 198// 199//
f 193// 199// 196//
f 196// 199// 201//
f 196// 201// 202//
f 202// 201// 211//
f 202// 211// 205//
f 205// 211// 206//
f 236// 231// 235//
f 235// 231// 222//
f 235// 222// 219//
f 219// 222// 214//
f 219// 214// 172//
f 172// 214// 192//
f 172// 192// 169//
f 169// 192// 167//
f 169// 167// 159//
f 159// 167// 161//
f 159// 161// 152//
f 152// 161// 158//
f 152// 158// 150//
f 91// 92// 118//
f 92// 93// 118//
f 118// 93// 94//
f 118// 94// 99//
f 99// 94// 97//
f 99// 97// 98//
f 131// 50// 118//
f 118// 50// 74//
f 118// 74// 91//
f 61// 17// 16//
f 254// 252// 15//
f 15// 252// 241//
f 15// 241// 16//
f 16// 241// 237//
f 16// 237// 61//
f 61// 237// 229//
f 254// 15// 265//
f 265// 15// 14//
f 265// 14// 324//
f 333// 266// 350//
f 350// 266// 351//
f 333// 307// 266//
f 266// 307// 3//
f 266// 3// 131//
f 131// 3// 37//
f 131// 37// 50//
f 361// 324// 341//
f 341// 324// 14//
f 341// 14// 328//
f 328// 14// 320//
f 307// 286// 3//
f 3// 286// 283//
f 3// 283// 13//
f 13// 283// 289//
f 13// 289// 14//
f 14// 289// 298//
f 14// 298// 320//
f 75// 76// 80//
f 80// 76// 81//
f 83// 87// 86//
f 89// 92// 91//
f 94// 93// 90//
f 90// 93// 92//
f 92// 89// 90//
f 90// 89// 84//
f 90// 84// 85//
f 85// 84// 78//
f 85// 78// 79//
f 79// 78// 56//
f 79// 56// 57//
f 57// 56// 43//
f 57// 43// 44//
f 44// 43// 32//
f 44// 32// 33//
f 33// 32// 10//
f 33// 10// 11//
f 6// 7// 28//
f 28// 7// 29//
f 28// 29// 40//
f 70// 69// 53//
f 53// 69// 52//
f 53// 52// 40//
f 40// 52// 39//
f 40// 39// 28//
f 7// 8// 29//
f 29// 8// 30//
f 29// 30// 40//
f 40// 30// 41//
f 40// 41// 53//
f 53// 41// 54//
f 53// 54// 70//
f 70// 54// 76//
f 70// 76// 73//
f 73// 76// 75//
f 8// 9// 30//
f 30// 9// 31//
f 30// 31// 41//
f 41// 31// 42//
f 41// 42// 54//
f 54// 42// 55//
f 54// 55// 76//
f 76// 55// 77//
f 76// 77// 81//
f 81// 77// 83//
f 81// 83// 82//
f 82// 83// 86//
f 9// 10// 31//
f 31// 10// 32//
f 31// 32// 42//
f 42// 32// 43//
f 42// 43// 55//
f 55// 43// 56//
f 55// 56// 77//
f 77// 56// 78//
f 77// 78// 83//
f 83// 78// 84//
f 83// 84// 87//
f 87// 84// 89//
f 87// 89// 88//
f 88// 89// 91//
f 52// 51// 39//
f 39// 51// 38//
f 39// 38// 28//
f 28// 38// 5//
f 28// 5// 6//
f 88// 91// 74//
f 69// 49// 52//
f 52// 49// 51//
f 36// 4// 38//
f 38// 4// 5//
f 2// 4// 34//
f 34// 4// 36//
f 34// 36// 47//
f 37// 3// 1//
f 1// 35// 37//
f 37// 35// 48//
f 37// 48// 50//
f 50// 48// 72//
f 50// 72// 74//
f 80// 81// 72//
f 81// 82// 72//
f 72// 82// 86//
f 72// 86// 74//
f 74// 86// 87//
f 74// 87// 88//
f 71// 73// 75//
f 38// 51// 36//
f 36// 51// 49//
f 36// 49// 47//
f 47// 49// 69//
f 47// 69// 71//
f 71// 69// 70//
f 71// 70// 73//
f 1// 2// 35//
f 35// 2// 34//
f 35// 34// 48//
f 48// 34// 47//
f 48// 47// 72//
f 72// 47// 71//
f 72// 71// 80//
f 80// 71// 75//
f 2// 1// 3//
f 8// 7// 9//
f 9// 7// 6//
f 5// 11// 6//
f 6// 11// 10//
f 6// 10// 9//
f 21// 22// 20//
f 20// 22// 23//
f 14// 15// 18//
f 18// 15// 16//
f 18// 16// 19//
f 19// 16// 17//
f 19// 17// 25//
f 25// 17// 20//
f 25// 20// 27//
f 14// 18// 13//
f 13// 18// 12//
f 13// 12// 3//
f 3// 12// 11//
f 3// 11// 2//
f 2// 11// 5//
f 2// 5// 4//
f 23// 24// 20//
f 20// 24// 26//
f 20// 26// 27//
f 57// 44// 58//
f 127// 121// 58//
f 58// 121// 107//
f 58// 107// 102//
f 102// 97// 94//
f 94// 90// 102//
f 102// 90// 85//
f 102// 85// 58//
f 58// 85// 79//
f 58// 79// 57//
f 321// 339// 95//
f 95// 339// 58//
f 276// 248// 58//
f 276// 58// 277//
f 277// 58// 339//
f 277// 339// 352//
f 248// 138// 58//
f 58// 138// 130//
f 58// 130// 127//
f 354// 312// 362//
f 362// 312// 366//
f 331// 310// 96//
f 96// 310// 95//
f 95// 310// 306//
f 95// 306// 292//
f 292// 293// 95//
f 95// 293// 311//
f 95// 311// 321//
f 354// 348// 312//
f 312// 348// 331//
f 312// 331// 257//
f 257// 331// 96//
f 257// 96// 238//
f 154// 218// 63//
f 151// 68// 147//
f 147// 68// 67//
f 147// 67// 146//
f 146// 67// 145//
f 145// 67// 66//
f 145// 66// 144//
f 144// 66// 65//
f 144// 65// 143//
f 143// 65// 64//
f 143// 64// 141//
f 141// 64// 62//
f 141// 62// 142//
f 61// 229// 62//
f 62// 229// 225//
f 62// 225// 142//
f 19// 25// 68//
f 68// 25// 27//
f 68// 27// 67//
f 67// 27// 26//
f 67// 26// 66//
f 63// 60// 46//
f 46// 60// 59//
f 46// 59// 45//
f 151// 154// 68//
f 68// 154// 63//
f 68// 63// 19//
f 19// 63// 46//
f 19// 46// 18//
f 18// 46// 45//
f 18// 45// 12//
f 12// 45// 33//
f 12// 33// 11//
f 218// 238// 63//
f 63// 238// 96//
f 63// 96// 60//
f 60// 96// 95//
f 60// 95// 59//
f 59// 95// 58//
f 59// 58// 45//
f 45// 58// 44//
f 45// 44// 33//
f 17// 61// 20//
f 20// 61// 62//
f 20// 62// 21//
f 21// 62// 64//
f 21// 64// 22//
f 22// 64// 65//
f 22// 65// 23//
f 23// 65// 66//
f 23// 66// 24//
f 24// 66// 26//
f 363// 408// 404//
f 277// 352// 363//
f 97// 102// 98//
f 98// 102// 99//
f 102// 107// 99//
f 99// 107// 121//
f 99// 121// 100//
f 100// 121// 123//
f 100// 123// 101//
f 126// 105// 125//
f 125// 105// 104//
f 125// 104// 103//
f 126// 128// 111//
f 111// 110// 126//
f 126// 110// 108//
f 126// 108// 105//
f 250// 136// 137//
f 272// 273// 278//
f 278// 273// 353//
f 394// 353// 395//
f 395// 353// 273//
f 395// 273// 398//
f 398// 273// 274//
f 404// 402// 274//
f 274// 402// 399//
f 274// 399// 398//
f 404// 275// 363//
f 363// 275// 276//
f 363// 276// 277//
f 136// 128// 137//
f 137// 128// 126//
f 137// 126// 140//
f 140// 126// 125//
f 140// 125// 123//
f 123// 125// 103//
f 123// 103// 101//
f 404// 274// 275//
f 275// 274// 139//
f 275// 139// 276//
f 276// 139// 138//
f 276// 138// 248//
f 272// 250// 273//
f 273// 250// 137//
f 273// 137// 274//
f 274// 137// 140//
f 274// 140// 139//
f 139// 140// 123//
f 139// 123// 138//
f 138// 123// 121//
f 138// 121// 130//
f 130// 121// 127//
f 423// 429// 424//
f 413// 420// 421//
f 408// 420// 404//
f 404// 420// 413//
f 404// 413// 402//
f 394// 395// 401//
f 401// 395// 398//
f 401// 398// 413//
f 413// 398// 399//
f 413// 399// 402//
f 431// 428// 430//
f 430// 428// 415//
f 430// 415// 414//
f 414// 409// 430//
f 430// 409// 424//
f 430// 424// 431//
f 431// 424// 429//
f 415// 411// 414//
f 414// 411// 394//
f 414// 394// 409//
f 409// 394// 401//
f 409// 401// 424//
f 424// 401// 413//
f 424// 413// 423//
f 423// 413// 421//
f 439// 433// 435//
f 429// 434// 435//
f 446// 445// 443//
f 443// 445// 444//
f 443// 444// 440//
f 429// 435// 431//
f 431// 435// 433//
f 431// 433// 428//
f 440// 439// 443//
f 443// 439// 435//
f 443// 435// 438//
f 438// 435// 434//
f 438// 434// 432//
f 432// 434// 429//
f 432// 429// 426//
f 426// 429// 423//
f 426// 423// 421//
f 419// 439// 440//
f 419// 440// 444//
f 419// 444// 437//
f 437// 444// 445//
f 437// 445// 446//
f 419// 412// 439//
f 439// 412// 407//
f 439// 407// 433//
f 433// 407// 403//
f 433// 403// 428//
f 601// 387// 397//
f 363// 364// 408//
f 408// 364// 619//
f 360// 378// 359//
f 359// 378// 383//
f 359// 383// 601//
f 601// 383// 384//
f 601// 384// 387//
f 397// 405// 601//
f 601// 405// 410//
f 601// 410// 422//
f 422// 425// 601//
f 601// 425// 437//
f 601// 437// 619//
f 619// 437// 446//
f 619// 446// 443//
f 443// 438// 619//
f 619// 438// 432//
f 619// 432// 426//
f 426// 421// 619//
f 619// 421// 420//
f 619// 420// 408//
f 659// 702// 678//
f 678// 702// 708//
f 708// 702// 722//
f 722// 702// 719//
f 722// 719// 732//
f 732// 719// 733//
f 732// 733// 735//
f 735// 733// 726//
f 735// 726// 734//
f 734// 726// 707//
f 734// 707// 712//
f 712// 707// 709//
f 709// 707// 684//
f 709// 684// 696//
f 696// 684// 601//
f 696// 601// 619//
f 709// 802// 825//
f 825// 772// 709//
f 709// 772// 754//
f 709// 754// 712//
f 712// 754// 740//
f 712// 740// 734//
f 734// 740// 736//
f 734// 736// 735//
f 735// 736// 737//
f 735// 737// 732//
f 896// 931// 783//
f 783// 931// 722//
f 783// 722// 764//
f 764// 722// 732//
f 764// 732// 749//
f 749// 732// 737//
f 709// 633// 631//
f 800// 802// 709//
f 709// 631// 800//
f 800// 631// 632//
f 800// 632// 801//
f 801// 632// 634//
f 801// 634// 803//
f 803// 634// 636//
f 803// 636// 804//
f 708// 722// 678//
f 678// 722// 668//
f 678// 668// 418//
f 296// 551// 323//
f 323// 551// 541//
f 323// 541// 340//
f 340// 541// 364//
f 668// 609// 418//
f 418// 609// 573//
f 418// 573// 349//
f 349// 573// 551//
f 349// 551// 332//
f 332// 551// 296//
f 332// 296// 309//
f 709// 696// 633//
f 633// 696// 619//
f 633// 619// 582//
f 582// 619// 364//
f 582// 364// 561//
f 561// 364// 541//
f 722// 931// 937//
f 669// 668// 722//
f 722// 937// 669//
f 669// 937// 943//
f 669// 943// 670//
f 670// 943// 950//
f 670// 950// 671//
f 671// 950// 956//
f 671// 956// 673//
f 685// 673// 1078//
f 1078// 673// 956//
f 1078// 956// 1002//
f 1002// 1027// 1078//
f 1078// 1027// 1032//
f 1078// 1032// 1050//
f 1050// 1032// 1030//
f 1050// 1030// 1025//
f 1078// 1050// 1120//
f 1120// 1050// 1106//
f 1120// 1106// 1185//
f 1185// 1106// 1197//
f 1185// 1197// 1223//
f 1223// 1197// 1288//
f 1223// 1288// 1315//
f 1315// 1288// 1464//
f 1464// 1288// 1378//
f 1195// 1180// 1222//
f 1723// 1735// 1754//
f 1037// 710// 715//
f 685// 730// 610//
f 1224// 1217// 1223//
f 1636// 1709// 1741//
f 1636// 1741// 1752//
f 1223// 1217// 1185//
f 1170// 1184// 1186//
f 1186// 1198// 1170//
f 1170// 1198// 1211//
f 1170// 1211// 1242//
f 1217// 1202// 1185//
f 1185// 1202// 1191//
f 1185// 1191// 1184//
f 1211// 1221// 1242//
f 1242// 1221// 1227//
f 1242// 1227// 1231//
f 1224// 1223// 1230//
f 1230// 1223// 1315//
f 1230// 1315// 1232//
f 1709// 1636// 1464//
f 1464// 1636// 1242//
f 1464// 1242// 1315//
f 1315// 1242// 1231//
f 1315// 1231// 1232//
f 1184// 1170// 1185//
f 1185// 1170// 1130//
f 1185// 1130// 1120//
f 730// 685// 1130//
f 1130// 685// 1078//
f 1130// 1078// 1120//
f 728// 564// 610//
f 694// 695// 728//
f 728// 695// 693//
f 564// 638// 547//
f 547// 638// 627//
f 547// 627// 544//
f 544// 627// 630//
f 544// 630// 644//
f 693// 688// 728//
f 728// 688// 672//
f 728// 672// 564//
f 564// 672// 654//
f 564// 654// 638//
f 666// 715// 549//
f 666// 549// 644//
f 644// 549// 545//
f 644// 545// 544//
f 1037// 650// 710//
f 710// 650// 583//
f 710// 583// 715//
f 715// 583// 559//
f 715// 559// 549//
f 715// 1114// 1037//
f 1037// 1114// 1108//
f 1037// 1108// 1092//
f 1092// 1108// 1169//
f 1631// 1630// 1222//
f 1222// 1630// 1691//
f 1741// 1770// 1752//
f 1752// 1770// 1813//
f 1752// 1813// 1751//
f 1751// 1813// 1805//
f 1751// 1805// 1742//
f 1742// 1805// 1754//
f 1742// 1754// 1740//
f 1740// 1754// 1735//
f 1635// 1671// 1632//
f 1632// 1671// 1673//
f 1632// 1673// 1685//
f 1742// 1696// 1707//
f 1707// 1712// 1742//
f 1742// 1712// 1720//
f 1742// 1720// 1751//
f 1751// 1720// 1722//
f 1722// 1716// 1751//
f 1751// 1716// 1710//
f 1751// 1710// 1752//
f 1752// 1710// 1704//
f 1752// 1704// 1636//
f 1636// 1704// 1694//
f 1636// 1694// 1635//
f 1635// 1694// 1681//
f 1635// 1681// 1671//
f 720// 718// 691//
f 691// 718// 679//
f 1575// 1588// 1632//
f 1632// 1588// 1603//
f 1632// 1603// 1635//
f 1635// 1603// 1611//
f 1233// 1239// 1289//
f 1299// 1317// 1226//
f 1226// 1317// 1366//
f 1226// 1366// 1225//
f 1289// 1239// 1292//
f 1292// 1239// 1235//
f 1292// 1235// 1310//
f 1310// 1235// 1236//
f 1310// 1236// 1334//
f 1410// 1242// 1580//
f 1580// 1242// 1636//
f 1580// 1636// 1593//
f 1593// 1636// 1635//
f 1593// 1635// 1609//
f 1609// 1635// 1611//
f 1109// 1104// 1128//
f 779// 765// 728//
f 765// 759// 728//
f 728// 759// 720//
f 728// 720// 694//
f 694// 720// 691//
f 1104// 1093// 1128//
f 1128// 1093// 1058//
f 1128// 1058// 728//
f 728// 1058// 791//
f 728// 791// 779//
f 759// 756// 720//
f 720// 756// 761//
f 720// 761// 718//
f 718// 761// 715//
f 718// 715// 679//
f 679// 715// 666//
f 1100// 1119// 1079//
f 1079// 1119// 1118//
f 1079// 1118// 1047//
f 1047// 1118// 1114//
f 1047// 1114// 787//
f 787// 1114// 715//
f 787// 715// 770//
f 770// 715// 761//
f 1235// 1229// 1236//
f 1236// 1229// 1213//
f 1236// 1213// 1165//
f 1144// 1145// 1164//
f 1289// 1299// 1233//
f 1233// 1299// 1226//
f 1233// 1226// 1219//
f 1219// 1226// 1187//
f 1100// 1109// 1119//
f 1119// 1109// 1128//
f 1119// 1128// 1141//
f 1213// 1181// 1165//
f 1165// 1181// 1163//
f 1165// 1163// 1128//
f 1128// 1163// 1148//
f 1128// 1148// 1141//
f 1723// 1691// 1735//
f 1735// 1691// 1630//
f 1735// 1630// 1740//
f 1740// 1630// 1631//
f 1740// 1631// 1742//
f 1742// 1631// 1632//
f 1742// 1632// 1696//
f 1696// 1632// 1685//
f 1164// 1187// 1144//
f 1144// 1187// 1226//
f 1144// 1226// 1142//
f 1142// 1226// 1225//
f 1142// 1225// 1138//
f 1177// 1189// 1209//
f 1177// 1209// 1167//
f 1167// 1209// 1126//
f 1167// 1126// 1157//
f 1189// 1200// 1209//
f 1209// 1200// 1205//
f 1209// 1205// 1222//
f 1222// 1205// 1204//
f 1222// 1204// 1195//
f 1575// 1632// 1366//
f 1366// 1632// 1631//
f 1366// 1631// 1225//
f 1225// 1631// 1222//
f 1225// 1222// 1138//
f 1138// 1222// 1180//
f 1138// 1180// 1173//
f 1173// 1162// 1138//
f 1138// 1162// 1153//
f 1138// 1153// 1126//
f 1126// 1153// 1151//
f 1126// 1151// 1157//
f 1691// 1322// 1222//
f 1222// 1322// 1270//
f 1222// 1270// 1209//
f 1209// 1270// 1169//
f 1209// 1169// 1126//
f 1126// 1169// 1108//
f 1126// 1108// 1138//
f 1138// 1108// 1114//
f 1138// 1114// 1142//
f 1142// 1114// 1118//
f 1142// 1118// 1144//
f 1144// 1118// 1119//
f 1144// 1119// 1145//
f 1145// 1119// 1141//
f 610// 730// 728//
f 728// 730// 1130//
f 728// 1130// 1128//
f 1128// 1130// 1170//
f 1128// 1170// 1165//
f 1165// 1170// 1242//
f 1165// 1242// 1236//
f 1236// 1242// 1410//
f 1236// 1410// 1334//
f 622// 645// 666//
f 615// 616// 645//
f 645// 616// 648//
f 645// 648// 666//
f 626// 612// 611//
f 611// 612// 594//
f 611// 594// 595//
f 595// 594// 585//
f 595// 585// 587//
f 587// 585// 576//
f 587// 576// 588//
f 588// 576// 581//
f 588// 581// 602//
f 602// 581// 586//
f 602// 586// 615//
f 615// 586// 603//
f 615// 603// 616//
f 666// 644// 622//
f 622// 644// 630//
f 622// 630// 614//
f 614// 630// 627//
f 614// 627// 613//
f 613// 627// 638//
f 613// 638// 618//
f 618// 638// 654//
f 618// 654// 637//
f 637// 654// 672//
f 637// 672// 658//
f 603// 617// 616//
f 616// 617// 639//
f 639// 617// 640//
f 640// 617// 635//
f 640// 635// 652//
f 652// 635// 656//
f 656// 635// 643//
f 656// 643// 663//
f 663// 643// 664//
f 664// 643// 647//
f 664// 647// 665//
f 665// 647// 662//
f 662// 647// 641//
f 662// 641// 661//
f 661// 641// 649//
f 649// 641// 625//
f 649// 625// 646//
f 674// 660// 672//
f 672// 660// 658//
f 658// 660// 629//
f 658// 629// 626//
f 646// 625// 629//
f 629// 625// 612//
f 629// 612// 626//
f 672// 688// 674//
f 674// 688// 693//
f 674// 693// 683//
f 683// 693// 686//
f 686// 693// 695//
f 686// 695// 690//
f 690// 695// 689//
f 689// 695// 694//
f 689// 694// 687//
f 687// 694// 681//
f 681// 694// 691//
f 681// 691// 676//
f 676// 691// 679//
f 676// 679// 667//
f 667// 679// 666//
f 667// 666// 648//
f 1301// 1241// 1291//
f 1558// 1554// 1649//
f 1649// 1554// 1551//
f 1649// 1551// 1260//
f 591// 603// 556//
f 556// 603// 586//
f 556// 586// 503//
f 503// 586// 581//
f 503// 581// 481//
f 481// 581// 576//
f 481// 576// 532//
f 532// 576// 585//
f 532// 585// 574//
f 574// 585// 594//
f 574// 594// 620//
f 1291// 1241// 1268//
f 1260// 1090// 1207//
f 1207// 1090// 1063//
f 1207// 1063// 1115//
f 1291// 1319// 1301//
f 1301// 1319// 1552//
f 1301// 1552// 1664//
f 1664// 1552// 1556//
f 1664// 1556// 1563//
f 1649// 1646// 1558//
f 1558// 1646// 1643//
f 1558// 1643// 1568//
f 1568// 1643// 1642//
f 1568// 1642// 1563//
f 1563// 1642// 1645//
f 1563// 1645// 1664//
f 594// 612// 620//
f 620// 612// 625//
f 620// 625// 979//
f 979// 625// 641//
f 979// 641// 647//
f 1551// 1309// 1260//
f 1260// 1309// 1278//
f 1260// 1278// 1090//
f 1090// 1278// 1256//
f 1090// 1256// 1099//
f 1099// 1256// 1253//
f 1099// 1253// 1096//
f 789// 643// 817//
f 817// 643// 635//
f 817// 635// 591//
f 591// 635// 617//
f 591// 617// 603//
f 1115// 1063// 1035//
f 1035// 1063// 1039//
f 1035// 1039// 817//
f 817// 1039// 795//
f 817// 795// 789//
f 1645// 1652// 1664//
f 1664// 1652// 1661//
f 1664// 1661// 1711//
f 1711// 1661// 1669//
f 1711// 1669// 1733//
f 1733// 1669// 1682//
f 1733// 1682// 1737//
f 1682// 1687// 1737//
f 1737// 1687// 1684//
f 1737// 1684// 1725//
f 1725// 1684// 1679//
f 1725// 1679// 1697//
f 1697// 1679// 1663//
f 1697// 1663// 1649//
f 1649// 1663// 1657//
f 1649// 1657// 1646//
f 789// 778// 643//
f 643// 778// 771//
f 643// 771// 647//
f 647// 771// 774//
f 774// 780// 647//
f 647// 780// 793//
f 647// 793// 979//
f 979// 793// 797//
f 979// 797// 1048//
f 1253// 1268// 1096//
f 1096// 1268// 1241//
f 1096// 1241// 1077//
f 1077// 1241// 1147//
f 1077// 1147// 1048//
f 1048// 1147// 1073//
f 1048// 1073// 979//
f 1649// 1260// 1258//
f 1649// 1258// 1647//
f 1647// 1258// 1259//
f 1647// 1259// 1648//
f 1648// 1259// 1261//
f 1648// 1261// 1650//
f 1650// 1261// 1263//
f 1650// 1263// 1651//
f 1666// 1665// 1714//
f 1665// 1664// 1711//
f 1665// 1711// 1714//
f 1714// 1711// 1733//
f 1714// 1733// 1734//
f 1734// 1733// 1737//
f 1734// 1737// 1745//
f 1745// 1737// 1725//
f 1745// 1725// 1726//
f 1726// 1725// 1697//
f 1726// 1697// 1698//
f 1672// 1668// 1717//
f 1717// 1668// 1666//
f 1697// 1649// 1698//
f 1698// 1649// 1647//
f 1698// 1647// 1648//
f 1666// 1714// 1717//
f 1717// 1714// 1734//
f 1717// 1734// 1738//
f 1738// 1734// 1745//
f 1738// 1745// 1747//
f 1747// 1745// 1726//
f 1747// 1726// 1728//
f 1728// 1726// 1698//
f 1728// 1698// 1700//
f 1700// 1698// 1648//
f 1700// 1648// 1650//
f 1672// 1717// 1721//
f 1721// 1717// 1738//
f 1721// 1738// 1743//
f 1743// 1738// 1747//
f 1743// 1747// 1749//
f 1749// 1747// 1728//
f 1749// 1728// 1730//
f 1730// 1728// 1700//
f 1730// 1700// 1703//
f 1703// 1700// 1650//
f 1703// 1650// 1651//
f 1301// 1664// 1665//
f 1301// 1665// 1304//
f 1304// 1665// 1666//
f 1304// 1666// 1305//
f 1305// 1666// 1668//
f 1305// 1668// 1307//
f 1307// 1668// 1672//
f 1307// 1672// 1308//
f 1308// 1251// 1307//
f 1307// 1251// 1249//
f 1307// 1249// 1305//
f 1305// 1249// 1247//
f 1305// 1247// 1304//
f 1304// 1247// 1245//
f 1304// 1245// 1301//
f 1301// 1245// 1241//
f 1073// 1147// 1071//
f 1071// 1147// 1149//
f 1071// 1149// 1069//
f 1069// 1149// 1152//
f 1069// 1152// 1070//
f 1070// 1152// 1155//
f 1070// 1155// 1072//
f 1072// 1155// 1158//
f 1147// 1241// 1149//
f 1149// 1241// 1245//
f 1149// 1245// 1152//
f 1152// 1245// 1247//
f 1152// 1247// 1155//
f 1155// 1247// 1249//
f 1155// 1249// 1158//
f 1158// 1249// 1251//
f 1072// 1001// 1070//
f 1070// 1001// 997//
f 1070// 997// 1069//
f 1069// 997// 988//
f 1069// 988// 1071//
f 1071// 988// 983//
f 1071// 983// 1073//
f 1073// 983// 979//
f 620// 979// 983//
f 620// 983// 621//
f 621// 983// 988//
f 621// 988// 623//
f 623// 988// 997//
f 623// 997// 624//
f 624// 997// 1001//
f 624// 1001// 628//
f 537// 524// 521//
f 478// 458// 457//
f 456// 484// 483//
f 506// 553// 550//
f 591// 556// 589//
f 589// 556// 554//
f 589// 554// 590//
f 590// 554// 552//
f 590// 552// 592//
f 592// 552// 550//
f 592// 550// 593//
f 593// 550// 553//
f 484// 506// 483//
f 483// 506// 550//
f 483// 550// 486//
f 486// 550// 552//
f 486// 552// 491//
f 491// 552// 554//
f 491// 554// 503//
f 503// 554// 556//
f 458// 456// 457//
f 457// 456// 483//
f 457// 483// 463//
f 463// 483// 486//
f 463// 486// 471//
f 471// 486// 491//
f 471// 491// 481//
f 481// 491// 503//
f 481// 532// 471//
f 471// 532// 527//
f 471// 527// 463//
f 463// 527// 525//
f 463// 525// 457//
f 457// 525// 521//
f 457// 521// 478//
f 478// 521// 524//
f 532// 574// 527//
f 527// 574// 572//
f 527// 572// 525//
f 525// 572// 570//
f 525// 570// 521//
f 521// 570// 569//
f 521// 569// 537//
f 537// 569// 571//
f 574// 620// 572//
f 572// 620// 621//
f 572// 621// 570//
f 570// 621// 623//
f 570// 623// 569//
f 569// 623// 624//
f 569// 624// 571//
f 571// 624// 628//
f 817// 591// 589//
f 817// 589// 815//
f 815// 589// 590//
f 815// 590// 816//
f 816// 590// 592//
f 816// 592// 822//
f 822// 592// 593//
f 822// 593// 828//
f 828// 1031// 822//
f 822// 1031// 1028//
f 822// 1028// 816//
f 816// 1028// 1029//
f 816// 1029// 815//
f 815// 1029// 1033//
f 815// 1033// 817//
f 817// 1033// 1035//
f 1207// 1115// 1212//
f 1212// 1115// 1112//
f 1212// 1112// 1214//
f 1214// 1112// 1113//
f 1214// 1113// 1215//
f 1215// 1113// 1116//
f 1215// 1116// 1218//
f 1218// 1116// 1117//
f 1115// 1035// 1112//
f 1112// 1035// 1033//
f 1112// 1033// 1113//
f 1113// 1033// 1029//
f 1113// 1029// 1116//
f 1116// 1029// 1028//
f 1116// 1028// 1117//
f 1117// 1028// 1031//
f 1218// 1263// 1215//
f 1215// 1263// 1261//
f 1215// 1261// 1214//
f 1214// 1261// 1259//
f 1214// 1259// 1212//
f 1212// 1259// 1258//
f 1212// 1258// 1207//
f 1207// 1258// 1260//
f 1218// 1228// 1263//
f 1263// 1228// 1277//
f 1263// 1277// 1651//
f 1651// 1277// 1628//
f 1651// 1628// 1660//
f 1683// 1672// 1721//
f 1683// 1721// 1724//
f 1724// 1721// 1743//
f 1724// 1743// 1750//
f 1750// 1743// 1749//
f 1750// 1749// 1756//
f 1756// 1749// 1730//
f 1756// 1730// 1736//
f 1736// 1730// 1703//
f 1736// 1703// 1708//
f 1708// 1703// 1651//
f 1708// 1651// 1660//
f 1866// 1708// 1655//
f 1655// 1708// 1660//
f 1655// 1660// 1629//
f 1629// 1660// 1628//
f 1914// 1686// 1683//
f 1683// 1686// 1641//
f 1683// 1641// 1638//
f 1756// 1968// 1972//
f 1947// 1968// 1928//
f 1928// 1968// 1756//
f 1928// 1756// 1866//
f 1866// 1756// 1736//
f 1866// 1736// 1708//
f 1683// 1724// 1914//
f 1914// 1724// 1750//
f 1914// 1750// 1937//
f 1937// 1750// 1756//
f 1937// 1756// 1956//
f 1956// 1756// 1972//
f 1318// 1308// 1638//
f 1638// 1308// 1672//
f 1638// 1672// 1683//
f 1622// 1565// 1638//
f 1638// 1565// 1555//
f 1638// 1555// 1318//
f 1318// 1555// 1359//
f 1318// 1359// 1266//
f 790// 794// 716//
f 1280// 1277// 1101//
f 1101// 1277// 1228//
f 1101// 1228// 1083//
f 1083// 1228// 1123//
f 1083// 1123// 1055//
f 1280// 1101// 1274//
f 1274// 1101// 1111//
f 1274// 1111// 1286//
f 1286// 1111// 1110//
f 1286// 1110// 1312//
f 1123// 1043// 1055//
f 1055// 1043// 885//
f 1055// 885// 798//
f 798// 885// 692//
f 798// 692// 794//
f 794// 692// 703//
f 794// 703// 716//
f 1280// 1294// 1277//
f 1277// 1294// 1320//
f 1277// 1320// 1628//
f 701// 1066// 711//
f 711// 1066// 799//
f 711// 799// 724//
f 724// 799// 796//
f 1359// 1312// 1266//
f 1266// 1312// 1110//
f 1266// 1110// 1175//
f 1175// 1110// 1097//
f 1175// 1097// 1087//
f 1087// 1097// 1066//
f 1087// 1066// 1034//
f 1034// 1066// 701//
f 1320// 1553// 1628//
f 1628// 1553// 1557//
f 1628// 1557// 1616//
f 1616// 1557// 1569//
f 1616// 1569// 1612//
f 1612// 1569// 1577//
f 1612// 1577// 1622//
f 1622// 1577// 1576//
f 1622// 1576// 1565//
f 796// 792// 724//
f 724// 792// 788//
f 724// 788// 716//
f 716// 788// 784//
f 716// 784// 790//
f 1654// 1653// 1627//
f 1653// 1655// 1629//
f 1653// 1629// 1627//
f 1627// 1629// 1628//
f 1627// 1628// 1615//
f 1628// 1616// 1615//
f 1615// 1616// 1612//
f 1615// 1612// 1610//
f 1610// 1612// 1622//
f 1610// 1622// 1621//
f 1621// 1622// 1639//
f 1639// 1622// 1638//
f 1639// 1638// 1641//
f 1658// 1656// 1625//
f 1625// 1656// 1654//
f 1641// 1686// 1639//
f 1639// 1686// 1689//
f 1639// 1689// 1690//
f 1654// 1627// 1625//
f 1625// 1627// 1615//
f 1625// 1615// 1613//
f 1613// 1615// 1610//
f 1613// 1610// 1607//
f 1607// 1610// 1621//
f 1607// 1621// 1618//
f 1618// 1621// 1639//
f 1618// 1639// 1637//
f 1637// 1639// 1690//
f 1637// 1690// 1692//
f 1626// 1659// 1658//
f 1658// 1625// 1626//
f 1626// 1625// 1613//
f 1626// 1613// 1614//
f 1614// 1613// 1607//
f 1614// 1607// 1606//
f 1606// 1607// 1618//
f 1606// 1618// 1619//
f 1619// 1618// 1637//
f 1619// 1637// 1640//
f 1640// 1637// 1692//
f 1640// 1692// 1693//
f 1874// 1869// 1659//
f 1659// 1869// 1658//
f 1658// 1869// 1656//
f 1656// 1869// 1868//
f 1656// 1868// 1654//
f 1868// 1865// 1654//
f 1654// 1865// 1863//
f 1654// 1863// 1653//
f 1653// 1863// 1866//
f 1653// 1866// 1655//
f 1869// 1874// 1933//
f 1865// 1868// 1932//
f 1952// 1951// 1932//
f 1948// 1947// 1928//
f 1950// 1949// 1930//
f 1930// 1949// 1948//
f 1948// 1928// 1930//
f 1930// 1928// 1866//
f 1930// 1866// 1863//
f 1863// 1865// 1930//
f 1930// 1865// 1932//
f 1930// 1932// 1950//
f 1950// 1932// 1951//
f 1868// 1869// 1932//
f 1932// 1869// 1933//
f 1932// 1933// 1952//
f 1952// 1933// 1953//
f 1984// 1983// 1982//
f 1979// 1967// 1964//
f 1970// 1968// 1947//
f 1947// 1948// 1970//
f 1970// 1948// 1949//
f 1970// 1949// 1973//
f 1983// 1979// 1982//
f 1982// 1979// 1964//
f 1982// 1964// 1978//
f 1978// 1964// 1959//
f 1978// 1959// 1975//
f 1975// 1959// 1958//
f 1975// 1958// 1972//
f 1972// 1958// 1956//
f 1972// 1968// 1975//
f 1975// 1968// 1970//
f 1975// 1970// 1978//
f 1978// 1970// 1973//
f 1978// 1973// 1982//
f 1982// 1973// 1974//
f 1982// 1974// 1984//
f 1984// 1974// 1976//
f 1949// 1950// 1973//
f 1973// 1950// 1951//
f 1973// 1951// 1974//
f 1974// 1951// 1952//
f 1974// 1952// 1976//
f 1976// 1952// 1953//
f 1914// 1937// 1916//
f 1916// 1937// 1938//
f 1916// 1938// 1917//
f 1917// 1938// 1939//
f 1917// 1939// 1918//
f 1918// 1939// 1940//
f 1918// 1940// 1919//
f 1919// 1940// 1941//
f 1937// 1956// 1938//
f 1938// 1956// 1958//
f 1938// 1958// 1939//
f 1939// 1958// 1959//
f 1939// 1959// 1940//
f 1940// 1959// 1964//
f 1940// 1964// 1941//
f 1941// 1964// 1967//
f 1927// 1902// 1887//
f 1927// 1887// 2001//
f 2001// 1887// 2009//
f 2001// 2009// 2010//
f 2010// 2009// 2031//
f 2031// 2009// 2144//
f 2031// 2144// 2148//
f 2148// 2144// 2152//
f 2148// 2152// 2153//
f 2153// 2152// 2156//
f 2153// 2156// 2171//
f 1887// 1902// 1870//
f 1870// 1902// 1891//
f 1870// 1891// 1864//
f 1864// 1891// 1889//
f 1864// 1889// 1851//
f 1851// 1889// 1875//
f 1851// 1875// 1848//
f 1860// 1854// 1858//
f 1858// 1854// 1850//
f 1850// 1854// 1842//
f 1842// 1854// 1853//
f 1842// 1853// 1839//
f 1837// 1839// 1841//
f 1836// 1838// 1835//
f 1835// 1838// 1834//
f 1834// 1838// 1833//
f 1835// 1837// 1836//
f 1836// 1837// 1841//
f 1836// 1841// 1838//
f 1838// 1841// 1843//
f 1847// 1848// 1845//
f 1853// 1849// 1839//
f 1839// 1849// 1847//
f 1839// 1847// 1841//
f 1841// 1847// 1845//
f 1841// 1845// 1843//
f 1854// 1860// 1872//
f 1861// 1853// 1854//
f 1851// 1848// 1847//
f 1870// 1864// 1862//
f 1862// 1864// 1851//
f 1862// 1851// 1855//
f 1855// 1851// 1847//
f 1855// 1847// 1849//
f 1872// 1873// 1854//
f 1854// 1873// 1877//
f 1854// 1877// 1861//
f 1861// 1877// 1880//
f 1861// 1880// 1883//
f 1883// 1880// 1885//
f 1883// 1885// 1886//
f 1887// 1870// 1886//
f 1886// 1870// 1862//
f 1886// 1862// 1883//
f 1883// 1862// 1855//
f 1883// 1855// 1861//
f 1861// 1855// 1849//
f 1861// 1849// 1853//
f 2157// 2155// 2142//
f 1877// 1873// 2004//
f 2166// 2165// 2160//
f 2182// 2169// 2168//
f 2004// 2005// 2145//
f 1872// 1871// 1920//
f 1872// 1920// 1873//
f 1873// 1920// 2004//
f 2004// 1920// 1925//
f 2004// 1925// 2005//
f 1887// 1886// 2007//
f 2142// 2144// 2009//
f 2144// 2142// 2152//
f 2152// 2142// 2155//
f 2152// 2155// 2156//
f 2172// 2171// 2156//
f 2177// 2176// 2173//
f 2181// 2180// 2175//
f 2175// 2180// 2178//
f 2157// 2158// 2164//
f 2182// 2170// 2169//
f 2169// 2170// 2157//
f 2169// 2157// 2168//
f 2168// 2157// 2167//
f 2168// 2167// 2182//
f 2182// 2167// 2160//
f 2172// 2156// 2173//
f 2173// 2156// 2155//
f 2173// 2155// 2177//
f 2177// 2155// 2157//
f 2177// 2157// 2178//
f 2178// 2157// 2170//
f 2178// 2170// 2175//
f 2175// 2170// 2182//
f 2175// 2182// 2181//
f 1877// 2004// 1880//
f 1880// 2004// 2006//
f 1880// 2006// 1885//
f 1886// 1885// 2007//
f 2007// 1885// 2006//
f 2007// 2006// 2141//
f 2141// 2006// 2004//
f 2141// 2004// 2143//
f 2143// 2004// 2145//
f 2143// 2145// 2160//
f 2160// 2167// 2166//
f 2166// 2167// 2157//
f 2166// 2157// 2165//
f 2165// 2157// 2164//
f 2165// 2164// 2160//
f 2160// 2164// 2158//
f 2160// 2158// 2143//
f 2143// 2158// 2157//
f 2143// 2157// 2141//
f 2141// 2157// 2142//
f 2141// 2142// 2007//
f 2007// 2142// 2009//
f 2007// 2009// 1887//
f 1945// 1926// 1919//
f 1919// 1926// 1925//
f 1919// 1925// 1920//
f 1919// 1941// 1945//
f 1945// 1941// 1967//
f 1945// 1967// 1969//
f 1986// 1969// 1967//
f 1967// 1979// 1986//
f 1986// 1979// 1983//
f 1986// 1983// 1987//
f 1987// 1983// 1984//
f 1987// 1984// 1981//
f 1981// 1984// 1976//
f 1981// 1976// 1971//
f 1971// 1976// 1957//
f 1957// 1976// 1953//
f 1957// 1953// 1954//
f 1954// 1953// 1935//
f 1935// 1953// 1933//
f 1935// 1933// 1913//
f 1913// 1933// 1874//
f 1913// 1874// 1878//
f 1913// 1878// 1962//
f 2042// 2044// 2036//
f 2045// 2047// 2037//
f 2037// 2047// 2048//
f 2030// 2040// 2034//
f 2034// 2040// 2041//
f 2030// 2028// 2027//
f 2027// 2028// 2016//
f 2027// 2016// 2015//
f 2015// 2016// 1996//
f 1996// 2016// 1966//
f 1996// 1966// 1934//
f 1934// 1966// 1802//
f 1934// 1802// 1804//
f 1878// 1796// 1795//
f 2019// 2008// 1962//
f 1962// 2008// 1955//
f 1962// 1955// 1913//
f 2048// 2038// 2037//
f 2037// 2038// 2026//
f 2037// 2026// 2019//
f 2017// 2034// 2035//
f 2035// 2034// 2041//
f 2035// 2041// 2042//
f 1795// 1797// 1878//
f 1878// 1797// 1961//
f 1878// 1961// 1962//
f 1962// 1961// 2018//
f 1962// 2018// 2019//
f 2019// 2018// 2036//
f 2019// 2036// 2037//
f 2037// 2036// 2044//
f 2037// 2044// 2045//
f 1798// 1799// 1960//
f 2042// 2036// 2035//
f 2035// 2036// 2018//
f 2035// 2018// 2017//
f 2017// 2018// 1961//
f 2017// 1961// 1960//
f 1960// 1961// 1797//
f 1960// 1797// 1798//
f 2030// 2034// 2028//
f 2028// 2034// 2017//
f 2028// 2017// 2016//
f 2016// 2017// 1960//
f 2016// 1960// 1966//
f 1966// 1960// 1799//
f 1966// 1799// 1802//
f 1792// 1797// 1793//
f 1793// 1797// 1795//
f 1793// 1795// 1796//
f 1802// 1799// 1792//
f 1792// 1799// 1798//
f 1792// 1798// 1797//
f 1801// 1804// 1802//
f 1778// 1788// 1781//
f 1781// 1788// 1791//
f 1781// 1791// 1787//
f 1787// 1791// 1801//
f 1787// 1801// 1794//
f 1794// 1801// 1802//
f 1793// 1786// 1792//
f 1792// 1786// 1785//
f 1792// 1785// 1782//
f 1782// 1785// 1779//
f 1782// 1779// 1777//
f 1802// 1792// 1794//
f 1794// 1792// 1782//
f 1794// 1782// 1787//
f 1787// 1782// 1777//
f 1787// 1777// 1781//
f 1781// 1777// 1776//
f 1781// 1776// 1778//
f 1768// 1774// 1773//
f 1762// 1763// 1765//
f 1765// 1763// 1764//
f 1765// 1764// 1767//
f 1767// 1768// 1765//
f 1765// 1768// 1773//
f 1765// 1773// 1772//
f 1772// 1773// 1775//
f 1772// 1775// 1780//
f 1780// 1775// 1779//
f 1780// 1779// 1783//
f 1783// 1779// 1785//
f 1783// 1785// 1786//
f 1774// 1778// 1773//
f 1773// 1778// 1776//
f 1773// 1776// 1775//
f 1775// 1776// 1777//
f 1775// 1777// 1779//
f 1820// 1819// 1667//
f 1765// 1772// 1659//
f 1659// 1772// 1780//
f 1659// 1793// 1874//
f 1874// 1793// 1796//
f 1874// 1796// 1878//
f 1911// 1859// 1912//
f 1912// 1859// 1832//
f 1912// 1832// 1667//
f 1667// 1832// 1824//
f 1667// 1824// 1820//
f 1780// 1783// 1659//
f 1659// 1783// 1786//
f 1659// 1786// 1793//
f 1819// 1812// 1667//
f 1667// 1812// 1809//
f 1667// 1809// 1806//
f 1806// 1803// 1667//
f 1667// 1803// 1790//
f 1667// 1790// 1659//
f 1659// 1790// 1762//
f 1659// 1762// 1765//
f 1929// 1924// 1936//
f 1936// 1924// 1921//
f 1936// 1921// 1912//
f 1912// 1921// 1915//
f 1912// 1915// 1911//
f 1929// 1936// 1942//
f 1942// 1936// 1965//
f 1942// 1965// 1963//
f 2127// 2124// 2125//
f 2115// 2105// 2110//
f 1921// 1994// 1993//
f 1993// 1994// 2025//
f 1993// 2025// 2024//
f 2024// 2025// 2050//
f 2024// 2050// 2049//
f 2049// 2050// 2120//
f 2049// 2120// 2111//
f 2111// 2120// 2139//
f 2111// 2139// 2132//
f 2132// 2139// 2140//
f 2132// 2140// 2135//
f 1903// 1911// 1915//
f 1903// 1915// 1990//
f 1911// 1903// 1859//
f 1859// 1903// 1831//
f 1859// 1831// 1832//
f 1900// 1829// 1830//
f 1827// 1828// 1910//
f 1827// 1910// 1943//
f 1943// 1910// 1991//
f 1943// 1991// 2000//
f 2000// 1991// 2002//
f 2002// 1991// 2021//
f 2002// 2021// 2020//
f 2020// 2021// 2029//
f 2029// 2021// 2039//
f 2029// 2039// 2033//
f 2033// 2039// 2055//
f 2055// 2039// 2061//
f 2055// 2061// 2075//
f 2105// 2082// 2110//
f 2110// 2082// 2075//
f 2110// 2075// 2093//
f 2093// 2075// 2061//
f 2119// 2124// 2115//
f 2127// 2125// 2130//
f 2140// 2138// 2135//
f 2135// 2138// 2133//
f 2135// 2133// 2130//
f 2130// 2125// 2135//
f 2135// 2125// 2123//
f 2135// 2123// 2132//
f 2132// 2123// 2073//
f 2132// 2073// 2111//
f 2111// 2073// 2046//
f 2111// 2046// 2049//
f 2049// 2046// 2023//
f 2049// 2023// 2024//
f 2024// 2023// 1990//
f 2024// 1990// 1993//
f 1993// 1990// 1915//
f 1993// 1915// 1921//
f 2124// 2119// 2125//
f 2125// 2119// 2116//
f 2125// 2116// 2123//
f 2123// 2116// 2067//
f 2123// 2067// 2073//
f 2073// 2067// 2043//
f 2073// 2043// 2046//
f 2046// 2043// 2022//
f 2046// 2022// 2023//
f 2023// 2022// 1988//
f 2023// 1988// 1990//
f 1990// 1988// 1900//
f 1990// 1900// 1903//
f 1903// 1900// 1830//
f 1903// 1830// 1831//
f 2115// 2110// 2119//
f 2119// 2110// 2093//
f 2119// 2093// 2116//
f 2116// 2093// 2061//
f 2116// 2061// 2067//
f 2067// 2061// 2039//
f 2067// 2039// 2043//
f 2043// 2039// 2021//
f 2043// 2021// 2022//
f 2022// 2021// 1991//
f 2022// 1991// 1988//
f 1988// 1991// 1910//
f 1988// 1910// 1900//
f 1900// 1910// 1828//
f 1900// 1828// 1829//
f 2075// 2082// 2078//
f 2072// 2066// 2055//
f 2075// 2078// 2055//
f 2055// 2078// 2077//
f 2055// 2077// 2072//
f 2066// 2062// 2055//
f 2055// 2062// 2058//
f 2055// 2058// 2053//
f 2053// 2051// 2055//
f 2055// 2051// 2040//
f 2055// 2040// 2033//
f 2033// 2040// 2030//
f 2033// 2030// 2029//
f 2029// 2030// 2027//
f 2029// 2027// 2020//
f 2020// 2027// 2015//
f 2020// 2015// 2002//
f 2002// 2015// 1996//
f 1804// 1827// 1934//
f 1934// 1827// 1943//
f 1934// 1943// 1996//
f 1996// 1943// 2000//
f 1996// 2000// 2002//
f 2068// 2070// 2060//
f 2070// 2068// 2101//
f 2083// 2086// 2074//
f 2103// 2094// 2092//
f 2096// 2098// 2095//
f 2106// 2109// 2112//
f 2082// 2090// 2088//
f 2082// 2088// 2078//
f 2078// 2088// 2084//
f 2078// 2084// 2077//
f 2077// 2084// 2076//
f 2077// 2076// 2072//
f 2072// 2076// 2069//
f 2072// 2069// 2066//
f 2066// 2069// 2064//
f 2066// 2064// 2062//
f 2051// 2053// 2054//
f 2054// 2053// 2058//
f 2054// 2058// 2059//
f 2057// 2042// 2041//
f 2047// 2045// 2056//
f 2056// 2045// 2044//
f 2048// 2047// 2052//
f 2052// 2047// 2056//
f 2052// 2056// 2081//
f 2056// 2063// 2081//
f 2081// 2063// 2099//
f 2081// 2099// 2129//
f 2128// 2131// 2122//
f 2122// 2131// 2129//
f 2122// 2129// 2118//
f 2118// 2129// 2099//
f 2080// 2112// 2113//
f 2113// 2112// 2117//
f 2113// 2117// 2121//
f 2100// 2102// 2107//
f 2044// 2042// 2056//
f 2056// 2042// 2057//
f 2056// 2057// 2063//
f 2063// 2057// 2060//
f 2063// 2060// 2099//
f 2099// 2060// 2070//
f 2099// 2070// 2118//
f 2118// 2070// 2101//
f 2118// 2101// 2122//
f 2098// 2102// 2095//
f 2095// 2102// 2100//
f 2095// 2100// 2089//
f 2079// 2089// 2092//
f 2092// 2089// 2100//
f 2092// 2100// 2103//
f 2103// 2100// 2107//
f 2103// 2107// 2108//
f 2108// 2104// 2103//
f 2103// 2104// 2097//
f 2103// 2097// 2094//
f 2094// 2097// 2086//
f 2094// 2086// 2092//
f 2092// 2086// 2083//
f 2092// 2083// 2079//
f 2079// 2083// 2074//
f 2079// 2074// 2071//
f 2058// 2062// 2059//
f 2059// 2062// 2064//
f 2059// 2064// 2065//
f 2065// 2064// 2069//
f 2108// 2109// 2104//
f 2104// 2109// 2106//
f 2104// 2106// 2097//
f 2097// 2106// 2112//
f 2097// 2112// 2086//
f 2086// 2112// 2080//
f 2086// 2080// 2074//
f 2074// 2080// 2065//
f 2074// 2065// 2071//
f 2071// 2065// 2069//
f 2071// 2069// 2079//
f 2079// 2069// 2076//
f 2079// 2076// 2089//
f 2089// 2076// 2084//
f 2089// 2084// 2095//
f 2095// 2084// 2088//
f 2095// 2088// 2096//
f 2096// 2088// 2090//
f 2096// 2090// 2091//
f 2091// 2090// 2082//
f 2091// 2082// 2087//
f 2087// 2082// 2085//
f 2040// 2051// 2041//
f 2041// 2051// 2054//
f 2041// 2054// 2057//
f 2057// 2054// 2059//
f 2057// 2059// 2060//
f 2060// 2059// 2065//
f 2060// 2065// 2068//
f 2068// 2065// 2080//
f 2068// 2080// 2101//
f 2101// 2080// 2113//
f 2101// 2113// 2122//
f 2122// 2113// 2121//
f 2122// 2121// 2128//
f 2190// 2189// 2160//
f 2189// 2188// 2160//
f 2160// 2188// 2187//
f 2160// 2187// 2182//
f 2182// 2187// 2184//
f 2182// 2184// 2183//
f 2145// 2229// 2160//
f 2160// 2229// 2207//
f 2160// 2207// 2190//
f 2019// 2026// 2264//
f 2264// 2026// 2038//
f 2214// 2254// 2257//
f 2048// 2214// 2038//
f 2038// 2214// 2257//
f 2038// 2257// 2264//
f 2019// 2264// 2008//
f 2008// 2264// 2267//
f 2008// 2267// 1955//
f 1945// 2005// 1926//
f 1926// 2005// 1925//
f 1945// 1969// 2005//
f 2005// 1969// 2270//
f 2005// 2270// 2145//
f 2145// 2270// 2243//
f 2145// 2243// 2229//
f 1913// 1955// 1935//
f 1935// 1955// 2267//
f 1935// 2267// 1954//
f 1954// 2267// 1957//
f 1969// 1986// 2270//
f 2270// 1986// 1987//
f 2270// 1987// 2268//
f 2268// 1987// 1981//
f 2268// 1981// 2267//
f 2267// 1981// 1971//
f 2267// 1971// 1957//
f 2204// 2206// 2201//
f 2201// 2206// 2200//
f 2198// 2194// 2195//
f 2192// 2189// 2190//
f 2187// 2188// 2191//
f 2191// 2188// 2189//
f 2189// 2192// 2191//
f 2191// 2192// 2197//
f 2191// 2197// 2196//
f 2196// 2197// 2203//
f 2196// 2203// 2202//
f 2202// 2203// 2225//
f 2202// 2225// 2224//
f 2224// 2225// 2239//
f 2224// 2239// 2237//
f 2237// 2239// 2250//
f 2237// 2250// 2248//
f 2248// 2250// 2279//
f 2248// 2279// 2277//
f 2275// 2276// 2249//
f 2249// 2276// 2251//
f 2249// 2251// 2240//
f 2211// 2212// 2226//
f 2226// 2212// 2233//
f 2226// 2233// 2240//
f 2240// 2233// 2238//
f 2240// 2238// 2249//
f 2276// 2278// 2251//
f 2251// 2278// 2253//
f 2251// 2253// 2240//
f 2240// 2253// 2242//
f 2240// 2242// 2226//
f 2226// 2242// 2228//
f 2226// 2228// 2211//
f 2211// 2228// 2206//
f 2211// 2206// 2210//
f 2210// 2206// 2204//
f 2278// 2280// 2253//
f 2253// 2280// 2252//
f 2253// 2252// 2242//
f 2242// 2252// 2241//
f 2242// 2241// 2228//
f 2228// 2241// 2227//
f 2228// 2227// 2206//
f 2206// 2227// 2205//
f 2206// 2205// 2200//
f 2200// 2205// 2198//
f 2200// 2198// 2199//
f 2199// 2198// 2195//
f 2280// 2279// 2252//
f 2252// 2279// 2250//
f 2252// 2250// 2241//
f 2241// 2250// 2239//
f 2241// 2239// 2227//
f 2227// 2239// 2225//
f 2227// 2225// 2205//
f 2205// 2225// 2203//
f 2205// 2203// 2198//
f 2198// 2203// 2197//
f 2198// 2197// 2194//
f 2194// 2197// 2192//
f 2194// 2192// 2193//
f 2193// 2192// 2190//
f 2233// 2234// 2238//
f 2238// 2234// 2247//
f 2238// 2247// 2249//
f 2249// 2247// 2274//
f 2249// 2274// 2275//
f 2193// 2190// 2207//
f 2212// 2232// 2233//
f 2233// 2232// 2234//
f 2246// 2273// 2247//
f 2247// 2273// 2274//
f 2272// 2273// 2245//
f 2245// 2273// 2246//
f 2245// 2246// 2231//
f 2243// 2270// 2271//
f 2271// 2244// 2243//
f 2243// 2244// 2230//
f 2243// 2230// 2229//
f 2229// 2230// 2208//
f 2229// 2208// 2207//
f 2201// 2200// 2208//
f 2200// 2199// 2208//
f 2208// 2199// 2195//
f 2208// 2195// 2207//
f 2207// 2195// 2194//
f 2207// 2194// 2193//
f 2209// 2210// 2204//
f 2247// 2234// 2246//
f 2246// 2234// 2232//
f 2246// 2232// 2231//
f 2231// 2232// 2212//
f 2231// 2212// 2209//
f 2209// 2212// 2211//
f 2209// 2211// 2210//
f 2271// 2272// 2244//
f 2244// 2272// 2245//
f 2244// 2245// 2230//
f 2230// 2245// 2231//
f 2230// 2231// 2208//
f 2208// 2231// 2209//
f 2208// 2209// 2201//
f 2201// 2209// 2204//
f 2272// 2271// 2270//
f 2278// 2276// 2280//
f 2280// 2276// 2275//
f 2274// 2277// 2275//
f 2275// 2277// 2279//
f 2275// 2279// 2280//
f 2256// 2258// 2255//
f 2255// 2258// 2259//
f 2267// 2264// 2266//
f 2266// 2264// 2257//
f 2266// 2257// 2265//
f 2265// 2257// 2254//
f 2265// 2254// 2263//
f 2263// 2254// 2255//
f 2263// 2255// 2262//
f 2267// 2266// 2268//
f 2268// 2266// 2269//
f 2268// 2269// 2270//
f 2270// 2269// 2277//
f 2270// 2277// 2272//
f 2272// 2277// 2274//
f 2272// 2274// 2273//
f 2259// 2260// 2255//
f 2255// 2260// 2261//
f 2255// 2261// 2262//
f 2224// 2237// 2223//
f 2154// 2163// 2223//
f 2223// 2163// 2174//
f 2223// 2174// 2179//
f 2179// 2184// 2187//
f 2187// 2191// 2179//
f 2179// 2191// 2196//
f 2179// 2196// 2223//
f 2223// 2196// 2202//
f 2223// 2202// 2224//
f 1977// 1946// 2186//
f 2186// 1946// 2223//
f 2014// 2032// 2223//
f 2014// 2223// 2003//
f 2003// 2223// 1946//
f 2003// 1946// 1931//
f 2032// 2150// 2223//
f 2223// 2150// 2151//
f 2223// 2151// 2154//
f 1929// 1994// 1924//
f 1924// 1994// 1921//
f 1963// 1989// 2185//
f 2185// 1989// 2186//
f 2186// 1989// 1992//
f 2186// 1992// 1998//
f 1998// 1997// 2186//
f 2186// 1997// 1985//
f 2186// 1985// 1977//
f 1929// 1942// 1994//
f 1994// 1942// 1963//
f 1994// 1963// 2025//
f 2025// 1963// 2185//
f 2025// 2185// 2050//
f 2139// 2120// 2220//
f 2140// 2219// 2138//
f 2138// 2219// 2218//
f 2138// 2218// 2137//
f 2137// 2218// 2136//
f 2136// 2218// 2217//
f 2136// 2217// 2134//
f 2134// 2217// 2216//
f 2134// 2216// 2131//
f 2131// 2216// 2215//
f 2131// 2215// 2129//
f 2129// 2215// 2213//
f 2129// 2213// 2081//
f 2214// 2048// 2213//
f 2213// 2048// 2052//
f 2213// 2052// 2081//
f 2265// 2263// 2219//
f 2219// 2263// 2262//
f 2219// 2262// 2218//
f 2218// 2262// 2261//
f 2218// 2261// 2217//
f 2220// 2221// 2235//
f 2235// 2221// 2222//
f 2235// 2222// 2236//
f 2140// 2139// 2219//
f 2219// 2139// 2220//
f 2219// 2220// 2265//
f 2265// 2220// 2235//
f 2265// 2235// 2266//
f 2266// 2235// 2236//
f 2266// 2236// 2269//
f 2269// 2236// 2248//
f 2269// 2248// 2277//
f 2120// 2050// 2220//
f 2220// 2050// 2185//
f 2220// 2185// 2221//
f 2221// 2185// 2186//
f 2221// 2186// 2222//
f 2222// 2186// 2223//
f 2222// 2223// 2236//
f 2236// 2223// 2237//
f 2236// 2237// 2248//
f 2254// 2214// 2255//
f 2255// 2214// 2213//
f 2255// 2213// 2256//
f 2256// 2213// 2215//
f 2256// 2215// 2258//
f 2258// 2215// 2216//
f 2258// 2216// 2259//
f 2259// 2216// 2217//
f 2259// 2217// 2260//
f 2260// 2217// 2261//
f 1922// 1907// 1909//
f 2003// 1931// 1922//
f 2184// 2179// 2183//
f 2183// 2179// 2182//
f 2179// 2174// 2182//
f 2182// 2174// 2163//
f 2182// 2163// 2181//
f 2181// 2163// 2162//
f 2181// 2162// 2180//
f 2159// 2176// 2161//
f 2161// 2176// 2177//
f 2161// 2177// 2178//
f 2159// 2153// 2171//
f 2171// 2172// 2159//
f 2159// 2172// 2173//
f 2159// 2173// 2176//
f 2031// 2148// 2146//
f 2010// 2011// 2001//
f 2001// 2011// 1927//
f 1902// 1927// 1904//
f 1904// 1927// 2011//
f 1904// 2011// 1905//
f 1905// 2011// 2012//
f 1909// 1908// 2012//
f 2012// 1908// 1906//
f 2012// 1906// 1905//
f 1909// 2013// 1922//
f 1922// 2013// 2014//
f 1922// 2014// 2003//
f 2148// 2153// 2146//
f 2146// 2153// 2159//
f 2146// 2159// 2147//
f 2147// 2159// 2161//
f 2147// 2161// 2162//
f 2162// 2161// 2178//
f 2162// 2178// 2180//
f 1909// 2012// 2013//
f 2013// 2012// 2149//
f 2013// 2149// 2014//
f 2014// 2149// 2150//
f 2014// 2150// 2032//
f 2010// 2031// 2011//
f 2011// 2031// 2146//
f 2011// 2146// 2012//
f 2012// 2146// 2147//
f 2012// 2147// 2149//
f 2149// 2147// 2162//
f 2149// 2162// 2150//
f 2150// 2162// 2163//
f 2150// 2163// 2151//
f 2151// 2163// 2154//
f 1895// 1888// 1893//
f 1899// 1898// 1897//
f 1907// 1898// 1909//
f 1909// 1898// 1899//
f 1909// 1899// 1908//
f 1902// 1904// 1901//
f 1901// 1904// 1905//
f 1901// 1905// 1899//
f 1899// 1905// 1906//
f 1899// 1906// 1908//
f 1882// 1875// 1881//
f 1881// 1875// 1889//
f 1881// 1889// 1892//
f 1892// 1896// 1881//
f 1881// 1896// 1893//
f 1881// 1893// 1882//
f 1882// 1893// 1888//
f 1889// 1891// 1892//
f 1892// 1891// 1902//
f 1892// 1902// 1896//
f 1896// 1902// 1901//
f 1896// 1901// 1893//
f 1893// 1901// 1899//
f 1893// 1899// 1895//
f 1895// 1899// 1897//
f 1856// 1867// 1876//
f 1888// 1884// 1876//
f 1840// 1844// 1857//
f 1857// 1844// 1846//
f 1857// 1846// 1852//
f 1888// 1876// 1882//
f 1882// 1876// 1867//
f 1882// 1867// 1875//
f 1852// 1856// 1857//
f 1857// 1856// 1876//
f 1857// 1876// 1879//
f 1879// 1876// 1884//
f 1879// 1884// 1890//
f 1890// 1884// 1888//
f 1890// 1888// 1894//
f 1894// 1888// 1895//
f 1894// 1895// 1897//
f 1838// 1856// 1852//
f 1838// 1852// 1846//
f 1838// 1846// 1833//
f 1833// 1846// 1844//
f 1833// 1844// 1840//
f 1838// 1843// 1856//
f 1856// 1843// 1845//
f 1856// 1845// 1867//
f 1867// 1845// 1848//
f 1867// 1848// 1875//
f 1693// 1850// 1842//
f 1922// 1923// 1907//
f 1907// 1923// 1706//
f 1920// 1871// 1919//
f 1919// 1871// 1860//
f 1919// 1860// 1693//
f 1693// 1860// 1858//
f 1693// 1858// 1850//
f 1842// 1839// 1693//
f 1693// 1839// 1837//
f 1693// 1837// 1835//
f 1835// 1834// 1693//
f 1693// 1834// 1833//
f 1693// 1833// 1706//
f 1706// 1833// 1840//
f 1706// 1840// 1857//
f 1857// 1879// 1706//
f 1706// 1879// 1890//
f 1706// 1890// 1894//
f 1894// 1897// 1706//
f 1706// 1897// 1898//
f 1706// 1898// 1907//
f 1659// 1626// 1667//
f 1667// 1626// 1633//
f 1633// 1626// 1624//
f 1624// 1626// 1614//
f 1624// 1614// 1620//
f 1620// 1614// 1606//
f 1620// 1606// 1617//
f 1617// 1606// 1619//
f 1617// 1619// 1623//
f 1623// 1619// 1634//
f 1634// 1619// 1640//
f 1634// 1640// 1644//
f 1644// 1640// 1693//
f 1644// 1693// 1706//
f 1634// 1544// 1536//
f 1499// 1455// 1559//
f 1559// 1455// 1624//
f 1559// 1624// 1583//
f 1583// 1624// 1620//
f 1536// 1572// 1634//
f 1634// 1572// 1589//
f 1634// 1589// 1623//
f 1623// 1589// 1605//
f 1623// 1605// 1617//
f 1617// 1605// 1608//
f 1617// 1608// 1620//
f 1620// 1608// 1597//
f 1620// 1597// 1583//
f 1536// 1544// 1541//
f 1536// 1541// 1529//
f 1529// 1541// 1533//
f 1529// 1533// 1519//
f 1519// 1533// 1532//
f 1519// 1532// 1505//
f 1505// 1532// 1527//
f 1505// 1527// 1496//
f 1487// 1496// 1520//
f 1520// 1496// 1527//
f 1447// 1486// 1482//
f 1483// 1486// 1447//
f 1468// 1474// 1447//
f 1501// 1495// 1497//
f 1501// 1511// 1514//
f 1494// 1492// 1510//
f 1510// 1492// 1507//
f 1510// 1507// 1513//
f 1513// 1507// 1518//
f 1518// 1507// 1514//
f 1518// 1514// 1521//
f 1521// 1514// 1511//
f 1521// 1511// 1520//
f 1495// 1501// 1500//
f 1478// 1481// 1483//
f 1468// 1478// 1474//
f 1474// 1478// 1483//
f 1474// 1483// 1447//
f 1462// 1468// 1447//
f 1445// 1462// 1447//
f 1461// 1471// 1488//
f 1488// 1471// 1482//
f 1488// 1482// 1493//
f 1493// 1482// 1486//
f 1493// 1486// 1500//
f 1500// 1486// 1483//
f 1500// 1483// 1495//
f 1495// 1483// 1481//
f 1495// 1481// 1497//
f 1494// 1479// 1492//
f 1492// 1479// 1477//
f 1492// 1477// 1467//
f 1501// 1514// 1500//
f 1500// 1514// 1507//
f 1500// 1507// 1493//
f 1493// 1507// 1492//
f 1493// 1492// 1488//
f 1488// 1492// 1467//
f 1488// 1467// 1461//
f 1471// 1447// 1482//
f 1461// 1457// 1471//
f 1471// 1457// 1447//
f 1487// 1520// 1484//
f 1484// 1520// 1511//
f 1484// 1511// 1476//
f 1476// 1511// 1460//
f 1460// 1511// 1501//
f 1460// 1501// 1449//
f 1501// 1497// 1449//
f 1449// 1497// 1481//
f 1449// 1481// 1434//
f 1434// 1481// 1478//
f 1445// 1413// 1462//
f 1462// 1413// 1434//
f 1462// 1434// 1468//
f 1468// 1434// 1478//
f 1419// 1438// 1432//
f 1439// 1438// 1419//
f 1475// 1480// 1473//
f 1434// 1435// 1449//
f 1449// 1435// 1453//
f 1449// 1453// 1460//
f 1460// 1453// 1476//
f 1476// 1453// 1473//
f 1476// 1473// 1484//
f 1484// 1473// 1480//
f 1484// 1480// 1487//
f 1440// 1444// 1448//
f 1448// 1444// 1475//
f 1448// 1475// 1452//
f 1419// 1430// 1431//
f 1438// 1443// 1432//
f 1432// 1443// 1429//
f 1432// 1429// 1423//
f 1423// 1429// 1414//
f 1437// 1439// 1419//
f 1419// 1431// 1437//
f 1437// 1431// 1440//
f 1437// 1440// 1439//
f 1439// 1440// 1448//
f 1439// 1448// 1438//
f 1438// 1448// 1452//
f 1438// 1452// 1443//
f 1421// 1430// 1419//
f 1434// 1413// 1435//
f 1435// 1413// 1412//
f 1435// 1412// 1411//
f 1475// 1473// 1452//
f 1452// 1473// 1453//
f 1452// 1453// 1443//
f 1443// 1453// 1435//
f 1443// 1435// 1429//
f 1429// 1435// 1411//
f 1429// 1411// 1414//
f 1423// 1419// 1432//
f 1414// 1415// 1423//
f 1423// 1415// 1419//
f 1421// 1433// 1430//
f 1430// 1433// 1431//
f 1431// 1433// 1440//
f 1440// 1433// 1463//
f 1440// 1463// 1444//
f 1444// 1463// 1489//
f 1444// 1489// 1475//
f 1475// 1489// 1480//
f 1480// 1489// 1496//
f 1480// 1496// 1487//
f 1496// 1489// 1498//
f 1489// 1463// 1485//
f 1463// 1433// 1446//
f 1463// 1446// 1485//
f 1485// 1446// 1490//
f 1485// 1490// 1503//
f 1503// 1490// 1523//
f 1503// 1523// 1525//
f 1523// 1539// 1525//
f 1525// 1539// 1537//
f 1525// 1537// 1535//
f 1489// 1485// 1498//
f 1498// 1485// 1503//
f 1498// 1503// 1515//
f 1515// 1503// 1525//
f 1515// 1525// 1528//
f 1528// 1525// 1535//
f 1528// 1535// 1534//
f 1496// 1498// 1505//
f 1505// 1498// 1515//
f 1505// 1515// 1519//
f 1519// 1515// 1528//
f 1519// 1528// 1529//
f 1529// 1528// 1534//
f 1529// 1534// 1536//
f 1539// 1574// 1573//
f 1539// 1573// 1537//
f 1537// 1573// 1571//
f 1537// 1571// 1535//
f 1535// 1571// 1570//
f 1535// 1570// 1534//
f 1534// 1570// 1572//
f 1534// 1572// 1536//
f 1572// 1570// 1587//
f 1561// 1560// 1582//
f 1570// 1571// 1585//
f 1564// 1562// 1579//
f 1571// 1573// 1584//
f 1573// 1574// 1586//
f 1573// 1586// 1584//
f 1584// 1586// 1596//
f 1584// 1596// 1595//
f 1595// 1596// 1600//
f 1595// 1600// 1599//
f 1599// 1600// 1591//
f 1599// 1591// 1590//
f 1590// 1591// 1581//
f 1590// 1581// 1578//
f 1578// 1581// 1567//
f 1578// 1567// 1566//
f 1571// 1584// 1585//
f 1585// 1584// 1595//
f 1585// 1595// 1598//
f 1598// 1595// 1599//
f 1598// 1599// 1602//
f 1602// 1599// 1590//
f 1602// 1590// 1592//
f 1592// 1590// 1578//
f 1592// 1578// 1579//
f 1579// 1578// 1566//
f 1579// 1566// 1564//
f 1570// 1585// 1587//
f 1587// 1585// 1598//
f 1587// 1598// 1601//
f 1601// 1598// 1602//
f 1601// 1602// 1604//
f 1604// 1602// 1592//
f 1604// 1592// 1594//
f 1594// 1592// 1579//
f 1594// 1579// 1582//
f 1582// 1579// 1562//
f 1582// 1562// 1561//
f 1572// 1587// 1589//
f 1589// 1587// 1601//
f 1589// 1601// 1605//
f 1605// 1601// 1604//
f 1605// 1604// 1608//
f 1608// 1604// 1594//
f 1608// 1594// 1597//
f 1597// 1594// 1582//
f 1597// 1582// 1583//
f 1583// 1582// 1560//
f 1583// 1560// 1559//
f 1499// 1559// 1502//
f 1502// 1559// 1560//
f 1502// 1560// 1504//
f 1504// 1560// 1561//
f 1504// 1561// 1506//
f 1506// 1561// 1562//
f 1506// 1562// 1509//
f 1509// 1562// 1564//
f 1509// 1564// 1512//
f 1512// 1564// 1566//
f 1512// 1566// 1517//
f 1517// 1566// 1567//
f 1424// 1408// 1390//
f 1466// 1470// 1506//
f 1517// 1459// 1512//
f 1512// 1459// 1466//
f 1512// 1466// 1509//
f 1509// 1466// 1506//
f 1390// 1401// 1424//
f 1424// 1401// 1407//
f 1424// 1407// 1436//
f 1469// 1499// 1472//
f 1472// 1499// 1502//
f 1472// 1502// 1470//
f 1470// 1502// 1504//
f 1470// 1504// 1506//
f 1459// 1408// 1466//
f 1466// 1408// 1424//
f 1466// 1424// 1470//
f 1470// 1424// 1436//
f 1470// 1436// 1472//
f 1472// 1436// 1441//
f 1472// 1441// 1469//
f 1469// 1441// 1442//
f 1407// 1420// 1436//
f 1436// 1420// 1425//
f 1436// 1425// 1441//
f 1441// 1425// 1426//
f 1441// 1426// 1442//
f 1442// 1426// 1428//
f 1416// 1428// 1417//
f 1417// 1428// 1426//
f 1417// 1426// 1409//
f 1409// 1426// 1425//
f 1409// 1425// 1405//
f 1405// 1425// 1420//
f 1405// 1420// 1398//
f 1390// 1379// 1401//
f 1401// 1379// 1398//
f 1401// 1398// 1407//
f 1407// 1398// 1420//
f 1352// 1385// 1382//
f 1383// 1385// 1352//
f 1369// 1373// 1352//
f 1397// 1393// 1395//
f 1397// 1403// 1406//
f 1391// 1400// 1398//
f 1398// 1400// 1405//
f 1405// 1400// 1409//
f 1409// 1400// 1406//
f 1409// 1406// 1417//
f 1417// 1406// 1403//
f 1417// 1403// 1416//
f 1393// 1397// 1396//
f 1377// 1381// 1383//
f 1369// 1377// 1373//
f 1373// 1377// 1383//
f 1373// 1383// 1352//
f 1363// 1369// 1352//
f 1350// 1363// 1352//
f 1361// 1371// 1387//
f 1387// 1371// 1382//
f 1387// 1382// 1392//
f 1392// 1382// 1385//
f 1392// 1385// 1396//
f 1396// 1385// 1383//
f 1396// 1383// 1393//
f 1393// 1383// 1381//
f 1393// 1381// 1395//
f 1398// 1379// 1391//
f 1391// 1379// 1376//
f 1391// 1376// 1368//
f 1397// 1406// 1396//
f 1396// 1406// 1400//
f 1396// 1400// 1392//
f 1392// 1400// 1391//
f 1392// 1391// 1387//
f 1387// 1391// 1368//
f 1387// 1368// 1361//
f 1371// 1352// 1382//
f 1361// 1358// 1371//
f 1371// 1358// 1352//
f 1386// 1416// 1384//
f 1384// 1416// 1403//
f 1384// 1403// 1375//
f 1375// 1403// 1360//
f 1360// 1403// 1397//
f 1360// 1397// 1354//
f 1397// 1395// 1354//
f 1354// 1395// 1381//
f 1354// 1381// 1341//
f 1341// 1381// 1377//
f 1350// 1329// 1363//
f 1363// 1329// 1341//
f 1363// 1341// 1369//
f 1369// 1341// 1377//
f 1331// 1344// 1339//
f 1345// 1344// 1331//
f 1374// 1380// 1372//
f 1341// 1342// 1354//
f 1354// 1342// 1356//
f 1354// 1356// 1360//
f 1360// 1356// 1375//
f 1375// 1356// 1372//
f 1375// 1372// 1384//
f 1384// 1372// 1380//
f 1384// 1380// 1386//
f 1346// 1348// 1353//
f 1353// 1348// 1374//
f 1353// 1374// 1355//
f 1331// 1337// 1338//
f 1336// 1325// 1327//
f 1344// 1347// 1339//
f 1339// 1347// 1336//
f 1339// 1336// 1335//
f 1335// 1336// 1327//
f 1343// 1345// 1331//
f 1331// 1338// 1343//
f 1343// 1338// 1346//
f 1343// 1346// 1345//
f 1345// 1346// 1353//
f 1345// 1353// 1344//
f 1344// 1353// 1355//
f 1344// 1355// 1347//
f 1333// 1337// 1331//
f 1341// 1329// 1342//
f 1342// 1329// 1326//
f 1342// 1326// 1324//
f 1374// 1372// 1355//
f 1355// 1372// 1356//
f 1355// 1356// 1347//
f 1347// 1356// 1342//
f 1347// 1342// 1336//
f 1336// 1342// 1324//
f 1336// 1324// 1325//
f 1335// 1331// 1339//
f 1327// 1330// 1335//
f 1335// 1330// 1331//
f 1337// 1333// 1340//
f 1386// 1380// 1394//
f 1394// 1380// 1389//
f 1380// 1374// 1389//
f 1389// 1374// 1348//
f 1389// 1348// 1364//
f 1364// 1348// 1346//
f 1364// 1346// 1340//
f 1340// 1346// 1338//
f 1340// 1338// 1337//
f 1404// 1465// 1458//
f 1404// 1458// 1418//
f 1340// 1365// 1364//
f 1364// 1365// 1388//
f 1364// 1388// 1389//
f 1389// 1388// 1399//
f 1389// 1399// 1394//
f 1365// 1404// 1388//
f 1388// 1404// 1418//
f 1388// 1418// 1399//
f 1399// 1418// 1422//
f 1458// 1456// 1418//
f 1418// 1456// 1454//
f 1418// 1454// 1422//
f 1422// 1454// 1451//
f 1422// 1451// 1450//
f 1394// 1399// 1402//
f 1402// 1399// 1422//
f 1402// 1422// 1427//
f 1427// 1422// 1450//
f 1427// 1450// 1455//
f 1624// 1455// 1450//
f 1676// 1624// 1674//
f 1674// 1624// 1450//
f 1674// 1450// 1675//
f 1450// 1451// 1675//
f 1675// 1451// 1454//
f 1675// 1454// 1677//
f 1677// 1454// 1456//
f 1677// 1456// 1678//
f 1456// 1458// 1678//
f 1678// 1458// 1465//
f 1678// 1465// 1680//
f 1691// 1680// 1322//
f 1322// 1680// 1465//
f 1465// 1404// 1322//
f 1322// 1404// 1365//
f 1322// 1365// 1302//
f 1302// 1365// 1340//
f 1302// 1340// 1333//
f 1709// 1705// 1732//
f 1709// 1732// 1741//
f 1741// 1732// 1759//
f 1741// 1759// 1770//
f 1770// 1759// 1789//
f 1770// 1789// 1813//
f 1813// 1789// 1771//
f 1813// 1771// 1805//
f 1805// 1771// 1748//
f 1805// 1748// 1754//
f 1754// 1748// 1719//
f 1754// 1719// 1723//
f 1723// 1719// 1680//
f 1723// 1680// 1691//
f 1705// 1702// 1731//
f 1702// 1701// 1729//
f 1676// 1715// 1713//
f 1713// 1715// 1744//
f 1713// 1744// 1739//
f 1739// 1744// 1760//
f 1739// 1760// 1758//
f 1758// 1760// 1769//
f 1758// 1769// 1761//
f 1761// 1769// 1755//
f 1761// 1755// 1753//
f 1753// 1755// 1729//
f 1753// 1729// 1727//
f 1727// 1729// 1701//
f 1727// 1701// 1699//
f 1702// 1729// 1731//
f 1731// 1729// 1755//
f 1731// 1755// 1757//
f 1757// 1755// 1769//
f 1757// 1769// 1784//
f 1784// 1769// 1760//
f 1784// 1760// 1766//
f 1766// 1760// 1744//
f 1766// 1744// 1746//
f 1746// 1744// 1715//
f 1746// 1715// 1718//
f 1676// 1674// 1715//
f 1715// 1674// 1675//
f 1715// 1675// 1718//
f 1718// 1675// 1677//
f 1718// 1677// 1678//
f 1705// 1731// 1732//
f 1732// 1731// 1757//
f 1732// 1757// 1759//
f 1759// 1757// 1784//
f 1759// 1784// 1789//
f 1789// 1784// 1766//
f 1789// 1766// 1771//
f 1771// 1766// 1746//
f 1771// 1746// 1748//
f 1748// 1746// 1718//
f 1748// 1718// 1719//
f 1719// 1718// 1678//
f 1719// 1678// 1680//
f 1633// 1624// 1667//
f 1667// 1624// 1676//
f 1667// 1676// 1912//
f 1634// 1644// 1699//
f 1699// 1644// 1706//
f 1699// 1706// 1727//
f 1727// 1706// 1923//
f 1727// 1923// 1753//
f 1753// 1923// 1761//
f 1676// 1713// 1912//
f 1912// 1713// 1739//
f 1912// 1739// 1936//
f 1936// 1739// 1758//
f 1936// 1758// 1965//
f 1995// 1965// 1999//
f 1999// 1965// 1758//
f 1999// 1758// 1980//
f 1980// 1758// 1761//
f 1980// 1761// 1944//
f 1944// 1761// 1923//
f 1634// 1699// 1701//
f 1545// 1544// 1634//
f 1545// 1634// 1546//
f 1546// 1634// 1701//
f 1546// 1701// 1547//
f 1547// 1701// 1702//
f 1547// 1702// 1548//
f 1548// 1702// 1549//
f 1549// 1702// 1705//
f 1549// 1705// 1550//
f 1533// 1541// 1543//
f 1540// 1542// 1547//
f 1550// 1538// 1549//
f 1549// 1538// 1540//
f 1549// 1540// 1548//
f 1548// 1540// 1547//
f 1541// 1544// 1543//
f 1543// 1544// 1545//
f 1543// 1545// 1542//
f 1542// 1545// 1546//
f 1542// 1546// 1547//
f 1532// 1533// 1531//
f 1531// 1533// 1543//
f 1531// 1543// 1530//
f 1530// 1543// 1542//
f 1530// 1542// 1524//
f 1524// 1542// 1540//
f 1524// 1540// 1516//
f 1516// 1540// 1538//
f 1516// 1491// 1524//
f 1524// 1491// 1508//
f 1524// 1508// 1530//
f 1530// 1508// 1522//
f 1530// 1522// 1531//
f 1531// 1522// 1526//
f 1531// 1526// 1532//
f 1532// 1526// 1527//
f 1491// 1479// 1494//
f 1491// 1494// 1508//
f 1508// 1494// 1510//
f 1508// 1510// 1522//
f 1522// 1510// 1513//
f 1522// 1513// 1526//
f 1520// 1527// 1521//
f 1521// 1527// 1526//
f 1521// 1526// 1518//
f 1518// 1526// 1513//
f 1705// 1709// 1550//
f 1550// 1709// 1464//
f 1550// 1464// 1538//
f 1538// 1464// 1516//
f 1516// 1464// 1491//
f 1491// 1464// 1378//
f 1491// 1378// 1479//
f 1457// 1351// 1447//
f 1447// 1351// 1349//
f 1447// 1349// 1445//
f 1479// 1378// 1477//
f 1477// 1378// 1370//
f 1477// 1370// 1467//
f 1467// 1370// 1367//
f 1467// 1367// 1461//
f 1461// 1367// 1362//
f 1461// 1362// 1457//
f 1457// 1362// 1357//
f 1457// 1357// 1351//
f 1378// 1288// 1370//
f 1370// 1288// 1285//
f 1370// 1285// 1367//
f 1367// 1285// 1283//
f 1281// 1357// 1283//
f 1283// 1357// 1362//
f 1283// 1362// 1367//
f 1275// 1349// 1281//
f 1281// 1349// 1351//
f 1281// 1351// 1357//
f 1107// 1190// 1105//
f 1105// 1190// 1192//
f 1105// 1192// 1102//
f 1102// 1192// 1193//
f 1102// 1193// 1103//
f 1103// 1193// 1194//
f 1103// 1194// 1106//
f 1106// 1194// 1197//
f 1190// 1275// 1192//
f 1192// 1275// 1281//
f 1192// 1281// 1193//
f 1193// 1281// 1283//
f 1193// 1283// 1194//
f 1194// 1283// 1285//
f 1194// 1285// 1197//
f 1197// 1285// 1288//
f 1106// 1050// 1103//
f 1103// 1050// 1049//
f 1103// 1049// 1102//
f 1102// 1049// 1046//
f 1102// 1046// 1105//
f 1105// 1046// 1045//
f 1105// 1045// 1107//
f 1107// 1045// 1044//
f 1871// 1872// 1860//
f 658// 626// 611//
f 658// 611// 637//
f 637// 611// 595//
f 637// 595// 618//
f 618// 595// 587//
f 618// 587// 613//
f 613// 587// 588//
f 613// 588// 614//
f 614// 588// 602//
f 614// 602// 622//
f 622// 602// 615//
f 622// 615// 645//
f 648// 616// 639//
f 648// 639// 667//
f 667// 639// 640//
f 667// 640// 676//
f 676// 640// 652//
f 676// 652// 681//
f 681// 652// 656//
f 681// 656// 687//
f 687// 656// 663//
f 687// 663// 689//
f 689// 663// 664//
f 689// 664// 690//
f 690// 664// 665//
f 690// 665// 686//
f 686// 665// 662//
f 686// 662// 683//
f 683// 662// 661//
f 683// 661// 674//
f 629// 660// 646//
f 646// 660// 674//
f 646// 674// 649//
f 649// 674// 661//
f 482// 473// 476//
f 476// 473// 468//
f 476// 468// 470//
f 470// 468// 465//
f 470// 465// 459//
f 459// 465// 461//
f 459// 461// 455//
f 475// 467// 472//
f 472// 467// 466//
f 466// 467// 462//
f 462// 467// 454//
f 462// 454// 460//
f 460// 454// 450//
f 450// 454// 451//
f 450// 451// 449//
f 455// 453// 454//
f 454// 453// 452//
f 454// 452// 451//
f 455// 454// 459//
f 459// 454// 467//
f 459// 467// 470//
f 470// 467// 475//
f 470// 475// 476//
f 476// 475// 479//
f 476// 479// 482//
f 378// 376// 383//
f 1121// 1141// 1124//
f 1124// 1141// 1148//
f 1220// 1239// 1210//
f 1210// 1239// 1233//
f 1210// 1233// 1183//
f 1183// 1233// 1219//
f 1183// 1219// 1159//
f 1159// 1219// 1187//
f 1159// 1187// 1133//
f 1133// 1187// 1164//
f 1133// 1164// 1122//
f 1122// 1164// 1145//
f 1122// 1145// 1121//
f 1121// 1145// 1141//
