v -0.077469096 0.17050752 -0.10861369
v -0.07746534 0.17042159 -0.10875352
v -0.077446155 0.17055303 -0.10855709
v -0.077418603 0.17034063 -0.10891543
v -0.077409603 0.17059819 -0.10851052
v -0.07735651 0.17029299 -0.10903491
v -0.077287011 0.17069194 -0.10844652
v -0.077250503 0.17027931 -0.10913081
v -0.077176787 0.17028803 -0.10916835
v -0.077118687 0.17030239 -0.10918605
v -0.076984406 0.17035849 -0.10919032
v -0.073571295 0.17211778 -0.10876592
v -0.073351756 0.15539457 -0.10054009
v -0.073300697 0.15535051 -0.10064378
v -0.07321234 0.15532641 -0.10073034
v -0.073101617 0.15532632 -0.10078523
v -0.072979629 0.15535015 -0.10080317
v -0.072901599 0.1553777 -0.10079269
v -0.070672445 0.1742737 -0.10734894
v -0.069747858 0.17473885 -0.1072522
v -0.069200695 0.14068177 -0.091989107
v -0.06919048 0.14063281 -0.09208139
v -0.069171242 0.14074934 -0.091884054
v -0.069112666 0.14080635 -0.09181267
v -0.069015659 0.14086416 -0.091759533
v -0.068913512 0.13972326 -0.091702424
v -0.068862282 0.13967916 -0.091806434
v -0.06877365 0.1396555 -0.091893367
v -0.068662658 0.13965625 -0.091948546
v -0.068540536 0.13968119 -0.091966607
v -0.068462551 0.13970959 -0.091956094
v -0.06740737 0.17588198 -0.10706219
v -0.065372363 0.17584656 -0.10854053
v -0.065182976 0.17684899 -0.10707232
v -0.063982986 0.17642432 -0.10858874
v -0.063750245 0.17734785 -0.1072768
v -0.062488977 0.17758912 -0.10777275
v -0.062265344 0.17725258 -0.10846632
v -0.062136695 0.17734618 -0.10840674
v -0.062120903 0.17757061 -0.10805949
v -0.062074605 0.17740506 -0.10835613
v -0.062041316 0.17752601 -0.10818625
v -0.062032893 0.17747334 -0.10827626
v -0.06203061 0.17749909 -0.10823673
v -0.060366988 0.11021588 -0.07487376
v -0.060356721 0.11016836 -0.074964203
v -0.060353916 0.11015854 -0.074958727
v -0.06033935 0.11028147 -0.074770324
v -0.060283553 0.11033711 -0.074699163
v -0.060190428 0.11039415 -0.074644566
v -0.059808288 0.10837466 -0.074082412
v -0.059719272 0.10835088 -0.074169382
v -0.059607815 0.10835151 -0.074224316
v -0.059485272 0.10837636 -0.074241854
v -0.059407108 0.10840471 -0.074230865
v -0.058209818 0.13343322 -0.084999524
v -0.052236669 0.080281682 -0.058439266
v -0.052133117 0.079880834 -0.058220997
v -0.052030351 0.079482622 -0.058004241
v -0.052006062 0.079532385 -0.057923295
v -0.051952668 0.079584733 -0.057851415
v -0.051862963 0.079638548 -0.057794116
v -0.051345471 0.076818764 -0.056556087
v -0.051265363 0.076798566 -0.056630034
v -0.051152833 0.076797567 -0.05668376
v -0.051029157 0.076820277 -0.056699391
v -0.051008921 0.13674842 -0.084737249
v -0.050950348 0.076847076 -0.056686871
v -0.050414089 0.090677641 -0.062447332
v -0.04973644 0.070503153 -0.053134177
v -0.048905 0.067217246 -0.051359221
v -0.047303535 0.060870115 -0.047938932
v -0.047232714 0.060589414 -0.047787867
v -0.047200106 0.060870279 -0.047986154
v -0.047075953 0.060892485 -0.048001062
v -0.046996925 0.060918927 -0.047987938
v -0.045759469 0.054769166 -0.04465761
v -0.045279462 0.052889518 -0.043646827
v -0.045138545 0.052913137 -0.043666888
v -0.04505942 0.052939486 -0.043653499
v -0.044317324 0.04919526 -0.041657202
v -0.04368693 0.046898004 -0.040406972
v -0.043485828 0.046208557 -0.040024333
v -0.043314207 0.045673423 -0.039717548
v -0.042727694 0.094807819 -0.061223
v -0.040374819 0.037495483 -0.034829378
v -0.040347304 0.037458614 -0.034798339
v -0.040247157 0.037397858 -0.034712616
v -0.0392447 0.037175696 -0.034067176
v -0.039167792 0.037158646 -0.034017656
v -0.038863886 0.037292235 -0.034033164
v -0.037980091 0.036895428 -0.033252943
v -0.037315004 0.036748037 -0.032824721
v -0.036392961 0.036524724 -0.032242429
v -0.035519969 0.03653476 -0.031548277
v -0.034835082 0.098441452 -0.060935531
v -0.034012586 0.036085993 -0.031269901
v -0.033959884 0.035803787 -0.030679489
v -0.033844825 0.035764728 -0.030603647
v -0.033815056 0.035754137 -0.030585434
v -0.033729538 0.036005355 -0.030318106
v -0.032846212 0.035692945 -0.029701091
v -0.032736398 0.035651717 -0.029623881
v -0.032681543 0.035630926 -0.029585272
v -0.032654129 0.035620485 -0.029565966
v -0.032626718 0.035610013 -0.029546656
v -0.03240779 0.035525169 -0.029392153
v -0.03199251 0.035233509 -0.029121287
v -0.031986624 0.035139166 -0.029184461
v -0.031971637 0.035349812 -0.029082948
v -0.03195386 0.035062112 -0.029275361
v -0.031930234 0.035454687 -0.029080139
v -0.031862438 0.034995221 -0.029646458
v -0.031786796 0.035040293 -0.02973393
v -0.03178402 0.034950752 -0.029567149
v -0.031674147 0.035183161 -0.029813103
v -0.030673211 0.1012211 -0.059405126
v -0.029751567 0.10063627 -0.060982775
v -0.029652594 0.10145935 -0.059737768
v -0.029297477 0.034035321 -0.028238911
v -0.028902944 0.033496518 -0.02737293
v -0.028744247 0.10150178 -0.060304623
v -0.028716793 0.10121907 -0.060775194
v -0.028632056 0.10146434 -0.060442794
v -0.028616093 0.10132242 -0.060680538
v -0.028588057 0.1014045 -0.060569093
v -0.027245566 0.056182414 -0.037446473
v -0.026707292 0.032250848 -0.025374513
v -0.024775099 0.031150946 -0.024954449
v -0.024341395 0.030587202 -0.023377009
v -0.024330787 0.030681504 -0.023298811
v -0.024320442 0.030517614 -0.023470066
v -0.024286903 0.030788699 -0.023248727
v -0.024223085 0.030882932 -0.023235556
v -0.024220638 0.030327234 -0.023895562
v -0.024134474 0.030260684 -0.023984224
v -0.024037154 0.030238949 -0.024057074
v -0.023947092 0.030274009 -0.024135554
v -0.023802066 0.030396964 -0.024194611
v -0.020251885 0.02667674 -0.020586303
v -0.020224229 0.027130697 -0.021220895
v -0.018661244 0.060134497 -0.037133824
v -0.017953455 0.024119554 -0.017621968
v -0.017939342 0.024048453 -0.017727302
v -0.017930336 0.024200866 -0.017540159
v -0.01786886 0.024295624 -0.01747882
v -0.01778741 0.02437594 -0.017455721
v -0.017695352 0.0236602 -0.018206432
v -0.017648915 0.023620518 -0.018306604
v -0.017568758 0.023609025 -0.018402986
v -0.017472276 0.023629731 -0.018472999
v -0.017307462 0.023720842 -0.018518133
v -0.016746281 0.022345226 -0.01724132
v -0.016575661 0.022715179 -0.017777983
v -0.014522825 0.020680903 -0.013272326
v -0.0145153 0.020622043 -0.013391849
v -0.014478815 0.020735176 -0.013158642
v -0.014389971 0.020776598 -0.0130681
v -0.014273356 0.020770406 -0.014348646
v -0.014269819 0.020798868 -0.01301449
v -0.014077968 0.018345846 -0.013170674
v -0.014042632 0.018219549 -0.013098907
v -0.014005567 0.01792579 -0.011745451
v -0.0140048 0.017536851 -0.013992504
v -0.013996371 0.017858036 -0.011860044
v -0.013966311 0.018005379 -0.011645796
v -0.013917721 0.020011917 -0.015564983
v -0.0139168 0.01958541 -0.015465114
v -0.013884583 0.018084697 -0.011576257
v -0.013817676 0.023542134 -0.014499384
v -0.013810288 0.02355415 -0.01445693
v -0.013807875 0.023492506 -0.014622864
v -0.013780148 0.023570113 -0.014374422
v -0.01377282 0.018151663 -0.011547416
v -0.013768419 0.017463215 -0.012649689
v -0.013768181 0.01791296 -0.014508174
v -0.013731377 0.023574471 -0.014299764
v -0.013701004 0.023572184 -0.014267006
v -0.01364098 0.023203431 -0.015201013
v -0.013592289 0.023548029 -0.014193485
v -0.01342078 0.016066931 -0.012123364
v -0.013419201 0.016858358 -0.013859404
v -0.013418801 0.01609008 -0.012086971
v -0.01341348 0.016075812 -0.012080563
v -0.013409329 0.016025567 -0.012197901
v -0.013397872 0.016821403 -0.013933309
v -0.013387152 0.016158562 -0.011995737
v -0.013348454 0.01620288 -0.011948284
v -0.01334818 0.015933931 -0.01213443
v -0.013342543 0.016087957 -0.011949925
v -0.013342224 0.015943391 -0.012081371
v -0.013325518 0.015914375 -0.01211811
v -0.013312957 0.016233584 -0.011920923
v -0.0133061 0.016238837 -0.011916738
v -0.013292593 0.015951894 -0.011989971
v -0.013249693 0.016276039 -0.011892108
v -0.013247648 0.022522163 -0.01656355
v -0.013246156 0.016086038 -0.011877633
v -0.013246147 0.016091475 -0.0118763
v -0.013242478 0.016015781 -0.011903002
v -0.013231849 0.016235696 -0.011870435
v -0.013230092 0.015945533 -0.0119468
v -0.013222109 0.015701292 -0.01284645
v -0.013222025 0.015864134 -0.012063114
v -0.013216266 0.016201062 -0.01185675
v -0.013209376 0.022455873 -0.016696129
v -0.013191249 0.015857635 -0.012050981
v -0.013188659 0.016140506 -0.011839675
v -0.013173828 0.015658846 -0.012946627
v -0.013163896 0.01585421 -0.012034506
v -0.01315247 0.01590923 -0.011924828
v -0.01315043 0.015649403 -0.012976985
v -0.013141751 0.015619747 -0.012948622
v -0.013140534 0.016036903 -0.011827263
v -0.013138298 0.015590101 -0.01276666
v -0.013128404 0.015580087 -0.012876014
v -0.013122299 0.015843103 -0.012007132
v -0.013121974 0.015578457 -0.012756126
v -0.013121815 0.015571372 -0.012792925
v -0.013111313 0.015974959 -0.011828233
v -0.013098003 0.024596181 -0.014772326
v -0.013091839 0.015934013 -0.011831835
v -0.013091745 0.015637901 -0.013033276
v -0.013087614 0.015877459 -0.011878828
v -0.01308702 0.024547068 -0.014942054
v -0.013067889 0.015815061 -0.011965963
v -0.013055054 0.022890149 -0.016681138
v -0.013045744 0.015837949 -0.011847932
v -0.013042501 0.024582254 -0.014604794
v -0.013036751 0.015819326 -0.011852119
v -0.01302843 0.015637439 -0.013074477
v -0.013010755 0.015575521 -0.013019261
v -0.013004029 0.01553336 -0.01269953
v -0.012991224 0.015517493 -0.012913027
v -0.012988516 0.015641702 -0.013093024
v -0.012985654 0.01571399 -0.011880212
v -0.012981586 0.015504741 -0.012791459
v -0.012961954 0.015499676 -0.012813102
v -0.012956918 0.015523529 -0.012676235
v -0.012935393 0.024509028 -0.014484354
v -0.012913548 0.015511078 -0.012926416
v -0.012912372 0.015488527 -0.012788908
v -0.012895666 0.01566278 -0.013117913
v -0.012876361 0.015484077 -0.012626341
v -0.012866114 0.015562787 -0.013023421
v -0.012862412 0.015584437 -0.013049538
v -0.012858788 0.015470115 -0.012613041
v -0.012858569 0.015574915 -0.0130375
v -0.012855418 0.015497534 -0.012898839
v -0.012850945 0.015555678 -0.013010543
v -0.012839289 0.015525371 -0.012961381
v -0.012829629 0.015440151 -0.012587878
v -0.012823194 0.015480857 -0.012869943
v -0.012805874 0.015426494 -0.012714393
v -0.012805374 0.015404901 -0.012562223
v -0.012793319 0.015380856 -0.01254648
v -0.012571644 0.024689527 -0.015455721
v -0.01206931 0.024027308 -0.016922079
v -0.01201936 0.023940815 -0.017095072
v -0.011818974 0.024215724 -0.01693582
v -0.011781428 0.02554982 -0.014869083
v -0.011769197 0.025504554 -0.014698372
v -0.011754608 0.025512179 -0.015039975
v -0.011721193 0.025388511 -0.014573586
v -0.011653633 0.025337011 -0.015390205
v -0.011627282 0.012490612 -0.0083413096
v -0.011618086 0.012422858 -0.0084559033
v -0.011588024 0.0125702 -0.0082416544
v -0.011506296 0.012649519 -0.0081721162
v -0.011394534 0.012716484 -0.008143275
v -0.011358038 0.015421194 -0.0077543389
v -0.011350315 0.015364639 -0.0078749564
v -0.011314592 0.015468907 -0.0076375366
v -0.011226594 0.015500514 -0.0075423317
v -0.011107439 0.015511202 -0.0074832183
v -0.011088025 0.013580863 -0.0067562275
v -0.011078578 0.013512559 -0.0068704733
v -0.011049489 0.013662033 -0.0066575711
v -0.011035585 0.014495779 -0.008929302
v -0.011019587 0.011386225 -0.010529168
v -0.010978363 0.025624508 -0.015259273
v -0.010968837 0.013743713 -0.0065895231
v -0.010890726 0.016714858 -0.0084173949
v -0.010858347 0.013813464 -0.0065624425
v -0.010736578 0.012920198 -0.0080551961
v -0.010578891 0.017256647 -0.0084471451
v -0.010566195 0.01721181 -0.0085721854
v -0.010549613 0.017270995 -0.0083177499
v -0.010548727 0.016122498 -0.0096021174
v -0.010482811 0.017252661 -0.0082036937
v -0.010400525 0.010945996 -0.0072148684
v -0.010388663 0.017204445 -0.0081223464
v -0.010385076 0.010870371 -0.00732372
v -0.010379089 0.011048025 -0.0071315775
v -0.010324028 0.011160921 -0.0070865257
v -0.010288589 0.024884259 -0.016816409
v -0.010283712 0.025757721 -0.014343226
v -0.010273637 0.013221279 -0.01147514
v -0.010266085 0.013162965 -0.011594928
v -0.01026174 0.025891736 -0.014456798
v -0.010243725 0.011267494 -0.0070865699
v -0.010238815 0.013439464 -0.011725306
v -0.010234287 0.024790231 -0.017004475
v -0.0102297 0.013273988 -0.011360695
v -0.010222743 0.02595016 -0.014619299
v -0.010177173 0.025917338 -0.014787187
v -0.010140965 0.013313068 -0.011269013
v -0.01011252 0.025804183 -0.015013647
v -0.010108198 0.024918439 -0.016784735
v -0.010020938 0.013332574 -0.011214057
v -0.0099765249 0.011655689 -0.010606577
v -0.0099670785 0.011587385 -0.010720822
v -0.0099379895 0.011736859 -0.01050792
v -0.0098968148 0.012847103 -0.012910029
v -0.009857337 0.011818538 -0.010439873
v -0.0098192552 0.010989548 -0.0068250624
v -0.0097898673 0.014837679 -0.012143688
v -0.009786576 0.0098337382 -0.0093969852
v -0.009779226 0.014789684 -0.012267743
v -0.0097547248 0.014861002 -0.012017088
v -0.0097468467 0.011888289 -0.010412792
v -0.0097144302 0.018070525 -0.0087556597
v -0.0096791517 0.014856105 -0.011907218
v -0.0096250782 0.010995024 -0.011905545
v -0.0095746489 0.014823731 -0.011830803
v -0.0094546946 0.015286635 -0.012422535
v -0.0093724299 0.017478162 -0.009940383
v -0.009216723 0.025774501 -0.014673464
v -0.0091539528 0.02563807 -0.013957268
v -0.0091126943 0.014694273 -0.013607258
v -0.0090769809 0.025766259 -0.014052049
v -0.0089977225 0.025820419 -0.014200795
v -0.0089595225 0.018585427 -0.0085159466
v -0.0089593586 0.01859542 -0.008649013
v -0.0089374175 0.025786038 -0.014363651
v -0.0089367861 0.018530669 -0.0083963983
v -0.0089363223 0.018559128 -0.0087753413
v -0.0088946139 0.018439487 -0.0083085727
v -0.0088906819 0.025705092 -0.014525545
v -0.0086210305 0.016184742 -0.012479805
v -0.0086148186 0.015250036 -0.013741414
v -0.008607137 0.016183577 -0.012347096
v -0.0086029302 0.01614535 -0.012606009
v -0.008563363 0.016142026 -0.012228078
v -0.0085093528 0.010251266 -0.0061934511
v -0.0085032312 0.010137495 -0.0062629157
v -0.0084963767 0.016066423 -0.012140878
v -0.0084955366 0.010381737 -0.0061690933
v -0.0084804334 0.015498998 -0.006718765
v -0.0084781041 0.010057744 -0.0063669113
v -0.0084638838 0.010509043 -0.0061935484
v -0.0084495554 0.0091579361 -0.0086731194
v -0.0084125008 0.01503598 -0.006467646
v -0.0083782747 0.024817575 -0.016300578
v -0.008338918 0.024749406 -0.016436916
v -0.008284403 0.015960788 -0.0068930713
v -0.008156823 0.0084411651 -0.010204767
v -0.0081560854 0.014732882 -0.0062420759
v -0.008091012 0.015678367 -0.01380437
v -0.0080816736 0.018886631 -0.0086923782
v -0.008052933 0.014758546 -0.0081996685
v -0.0079949638 0.014317367 -0.0079623451
v -0.0079850005 0.014295529 -0.0079485495
v -0.0079001049 0.015805917 -0.013813036
v -0.0078796046 0.0090211118 -0.008440176
v -0.0078769354 0.016297618 -0.0069438606
v -0.0078569036 0.015220337 -0.0083739748
v -0.0078248223 0.016633954 -0.012625691
v -0.0077687972 0.01458062 -0.0060541444
v -0.0077396734 0.018294271 -0.0098771006
v -0.007728585 0.013992431 -0.0077229794
v -0.0076748473 0.013957453 -0.007689978
v -0.0074828225 0.016041592 -0.013810413
v -0.0074494355 0.015557166 -0.0084247636
v -0.0073672123 0.016419236 -0.0068575251
v -0.0073658051 0.013594617 -0.010578608
v -0.0073412973 0.013840168 -0.0075350478
v -0.007327341 0.014609347 -0.0059410706
v -0.0073109637 0.013132644 -0.01033179
v -0.0073010009 0.013110806 -0.010317995
v -0.0072047575 0.013829234 -0.0074901651
v -0.0071619204 0.01404991 -0.010747398
v -0.0070256228 0.018885402 -0.0079920003
v -0.007014602 0.016916152 -0.012168053
v -0.0070142318 0.016979758 -0.012285354
v -0.0070027737 0.018992098 -0.0080688121
v -0.0069996826 0.016814519 -0.012082868
v -0.0069986298 0.01699567 -0.012416922
v -0.0069908472 0.012772731 -0.010059424
v -0.006970387 0.019060006 -0.008179022
v -0.0069701732 0.016961457 -0.012542726
v -0.0069414331 0.012833372 -0.012050018
v -0.006939712 0.015678784 -0.0083384281
v -0.0069333925 0.019078784 -0.0083058486
v -0.0069191507 0.014813373 -0.0059252493
v -0.0068998411 0.013868895 -0.0074219741
v -0.0068974234 0.019045582 -0.0084299892
v -0.0068918094 0.016293043 -0.0066571911
v -0.006873501 0.012370354 -0.011798899
v -0.0067530265 0.014378558 -0.010793684
v -0.0067454036 0.013295162 -0.012224324
v -0.0067130704 0.024357386 -0.012612304
v -0.006708629 0.024674525 -0.013292776
v -0.0066985874 0.013944658 -0.0074017583
v -0.0066572973 0.012655445 -0.0099044936
v -0.0066250754 0.015152288 -0.0060098148
v -0.0066170851 0.012067256 -0.011573329
v -0.0065876534 0.032068256 -0.016894091
v -0.0065822494 0.024457319 -0.012677412
v -0.0065781148 0.015952863 -0.006396546
v -0.0065207575 0.012644511 -0.0098596113
v -0.0065033613 0.015558969 -0.0061780191
v -0.0064916504 0.014072921 -0.0074061528
v -0.0064643095 0.015552591 -0.008138095
v -0.0064635705 0.024490796 -0.012804437
v -0.0064225164 0.033898812 -0.017775198
v -0.0064075338 0.01059135 -0.0056410846
v -0.0063888365 0.024448842 -0.012959342
v -0.0063829776 0.010466296 -0.0056015295
v -0.0063491422 0.010337733 -0.0056130853
v -0.0063379356 0.013631992 -0.012275113
v -0.0063158455 0.019001536 -0.0082400786
v -0.0063111819 0.010225235 -0.0056739957
v -0.0063068555 0.027524436 -0.014557818
v -0.0062896931 0.014273309 -0.0074480465
v -0.0062748706 0.010145929 -0.0057749851
v -0.0062586181 0.027789872 -0.014685974
v -0.0062468536 0.014493979 -0.010705275
v -0.0062297969 0.011914994 -0.011385397
v -0.0062192897 0.033870425 -0.017777607
v -0.006215841 0.012684173 -0.0097914198
v -0.0061975755 0.014411837 -0.0074907178
v -0.0061552124 0.023714041 -0.015217876
v -0.006152885 0.033847969 -0.017805988
v -0.0061506149 0.015212412 -0.0078774495
v -0.0061406516 0.015190573 -0.0078636538
v -0.0061358889 0.027794661 -0.014711443
v -0.0061039939 0.033744313 -0.017812941
v -0.0060949493 0.029144086 -0.01569338
v -0.0060858093 0.014728598 -0.0076168347
v -0.0060797725 0.0094014788 -0.010085331
v -0.0060758614 0.014818517 -0.0076589226
v -0.0060666972 0.027786365 -0.014746182
v -0.006052949 0.033443462 -0.01783118
v -0.0060501397 0.027878631 -0.01482217
v -0.0060145874 0.012759934 -0.0097712036
v -0.0059808926 0.036029231 -0.018790353
v -0.0059738453 0.018409174 -0.0094248019
v -0.0058477176 0.02740613 -0.017070794
v -0.005828212 0.01375361 -0.012188777
v -0.0058076507 0.012888199 -0.0097755985
v -0.0057907309 0.0024318674 0.00034746734
v -0.0057903389 0.023412216 -0.01503261
v -0.0057883412 0.011943721 -0.011272323
v -0.0057859235 0.017120408 -0.012280338
v -0.0057812841 0.0023635637 0.00023322167
v -0.0057802 0.033321194 -0.020076539
v -0.0057767653 0.014365762 -0.010505464
v -0.005773156 0.027425895 -0.01705105
v -0.0057521951 0.0025130371 0.00044612403
v -0.0057335761 0.031477593 -0.018700806
v -0.0057039908 0.033322051 -0.020049131
v -0.0056763706 0.0091092968 -0.0078482497
v -0.0056727934 0.027471635 -0.016989285
v -0.0056715426 0.0025947168 0.00051417173
v -0.005659238 0.02822317 -0.017035088
v -0.0056224465 0.027510975 -0.016928162
v -0.005605693 0.013088586 -0.0098174922
v -0.0056054611 0.0012031359 0.0010153159
v -0.0056006089 0.033341315 -0.019975137
v -0.0055977609 0.0011464142 0.00089477503
v -0.0055900738 0.027449301 -0.016835928
v -0.0055619534 0.0012513261 0.0011318977
v -0.0055610528 0.002664468 0.00054125232
v -0.005548296 0.033366442 -0.019906424
v -0.0055212653 0.027075704 -0.016411442
v -0.005518028 0.033471785 -0.019681986
v -0.0055135754 0.013227114 -0.0098601636
v -0.0055093458 0.033417128 -0.019789966
v -0.0054907431 0.0096738143 -0.010051461
v -0.0054738568 0.0012836435 0.0012267753
v -0.0054666148 0.014027689 -0.010246895
v -0.0054627829 0.036313765 -0.019210648
v -0.0054566516 0.014005851 -0.0102331
v -0.0054439236 0.016528046 -0.013465061
v -0.0054392843 0.0017712022 -0.00095150113
v -0.0054018092 0.013543875 -0.0099862805
v -0.0053810077 0.016919849 -0.011668263
v -0.0053801504 0.012147747 -0.011256502
v -0.0053545889 0.0012951749 0.0012854999
v -0.0053528096 0.013627416 -0.011988443
v -0.0053396123 0.017025139 -0.011739018
v -0.0053341375 0.02492906 -0.013379589
v -0.0052929497 0.0097652627 -0.010040088
v -0.0052915025 0.017091861 -0.011844096
v -0.005290152 0.022945343 -0.014618318
v -0.0052850731 0.036856119 -0.019479733
v -0.0052839513 0.0076673366 -0.0070139882
v -0.0052824831 0.018422706 -0.0072574504
v -0.0052630985 -0.0010674394 0.0022494351
v -0.0052557606 0.00055405282 -0.00028994778
v -0.0052536516 -0.0011357432 0.0021351895
v -0.0052440022 0.017109845 -0.011967492
v -0.0052245627 -0.00098626968 0.0023480919
v -0.005214998 0.0015622842 -0.0030935863
v -0.0052113896 0.007817884 -0.0019345166
v -0.0052043451 0.01707636 -0.012090428
v -0.00520335 0.0015724676 -0.003153471
v -0.0052028536 0.0016072916 -0.0029677087
v -0.0051989914 0.018513305 -0.007308708
v -0.0051901517 0.0014864303 -0.0029555177
v -0.0051889233 0.0014375898 -0.0030330906
v -0.0051880707 0.0015776266 -0.0041852375
v -0.0051857731 0.0016964051 -0.0031259318
v -0.0051828618 0.0015116821 -0.002921324
v -0.0051807035 0.0014181273 -0.0030697633
v -0.005180446 0.0017101247 -0.002992508
v -0.0051786243 0.0015093227 -0.0042994833
v -0.0051675444 0.0016804322 -0.0031971172
v -0.0051593645 0.007010845 -0.0066497773
v -0.0051557049 0.035129264 -0.020497058
v -0.0051516141 0.0015676008 -0.0028568609
v -0.0051509081 0.0076642968 -0.0070041227
v -0.0051495349 0.0016587962 -0.0040865811
v -0.005143912 -0.00090459082 0.0024161395
v -0.0051402003 0.0016466979 -0.0028557268
v -0.0051380056 0.0017263995 -0.0032115737
v -0.0051280619 0.001702405 -0.0028691615
v -0.0051206131 0.001384127 -0.0034303239
v -0.005120079 0.0017998205 -0.0029908142
v -0.0051193661 0.022226635 -0.011086865
v -0.0051178499 0.0014243773 -0.0034496514
v -0.0051151942 0.01856757 -0.0073972554
v -0.0051117199 0.0072926874 -0.0016431462
v -0.0051070391 0.0018133868 -0.0031237209
v -0.0051047751 0.022951683 -0.011927358
v -0.0051037278 0.0013932104 -0.0039831134
v -0.0051004356 0.02489678 -0.015179953
v -0.0050956076 0.001504111 -0.0034830975
v -0.0050953571 0.0017509946 -0.0028682423
v -0.0050952034 0.001270037 -0.0033659439
v -0.0050860755 0.012486662 -0.011341067
v -0.0050821113 0.0015113737 -0.0039250022
v -0.0050810925 0.0083451364 -0.0072943284
v -0.005079037 0.0013223842 -0.0037067963
v -0.0050743236 0.0012812682 -0.0040495321
v -0.0050709634 0.0016492797 -0.0027888131
v -0.0050689229 0.0017964796 -0.0032266711
v -0.0050688828 0.0017404758 -0.0040185335
v -0.0050678323 0.038443971 -0.020008473
v -0.005062372 0.0014547529 -0.0037041109
v -0.0050564022 0.0018382178 -0.0029456147
v -0.0050525055 0.0015783092 -0.0035077541
v -0.005049102 0.0083601214 -0.0021587871
v -0.005048567 0.0017828421 -0.0028531526
v -0.0050438475 0.018577229 -0.0075096069
v -0.0050437897 0.0011936855 -0.0037078341
v -0.0050391145 0.013287237 -0.011727799
v -0.0050366889 0.0016744352 -0.0027748926
v -0.0050358581 0.0070580505 -0.0066677877
v -0.0050334204 -0.00083483889 0.0024432202
v -0.0050278907 0.0018768513 -0.0030575581
v -0.0050254697 0.0018752477 -0.0030993058
v -0.0050251042 0.0076391767 -0.0070408513
v -0.0050239977 0.0016117236 -0.0035162319
v -0.0050127637 0.0016177703 -0.0038840454
v -0.0050126235 0.0018330564 -0.0028867074
v -0.0050026239 0.0018101647 -0.0028494869
v -0.0050021838 0.0018386756 -0.0032285033
v -0.0049969573 0.001791639 -0.0028268802
v -0.0049963333 0.0015706433 -0.00370019
v -0.0049958159 0.01854082 -0.0076286616
v -0.004981895 0.0017646347 -0.0027971179
v -0.0049802186 0.0017610225 -0.0027937992
v -0.0049643614 0.012893343 -0.011509271
v -0.004964151 0.022712236 -0.011768234
v -0.0049635759 0.0082902191 -0.0072630057
v -0.0049604736 0.001719031 -0.0027617326
v -0.0049583926 0.0018102269 -0.003991453
v -0.004953383 0.022279557 -0.011118318
v -0.0049280748 0.00097718043 -0.0025789083
v -0.0049262843 0.00088266016 -0.0027285854
v -0.0049256911 0.0075957947 -0.007118579
v -0.0049181366 0.0070755235 -0.0067281458
v -0.0049166838 0.0016905853 -0.0035246839
v -0.0049116518 -0.0017281045 0.00095046667
v -0.0049062432 0.0016962014 -0.0038664779
v -0.0048971949 0.0010321336 -0.002515683
v -0.0048962599 0.038362816 -0.02000617
v -0.0048934841 0.0016642857 -0.0037840786
v -0.0048909769 0.0016524096 -0.0036956291
v -0.0048757894 0.022286164 -0.01116198
v -0.0048678019 0.0075407624 -0.0072254767
v -0.0048509352 0.0082211187 -0.0072815442
v -0.004850782 0.038219761 -0.020005835
v -0.0048474646 0.0010873167 -0.0024661603
v -0.0048421165 0.038324535 -0.02002899
v -0.0048241257 0.0070606084 -0.0068216668
v -0.0048089703 0.022278627 -0.011220711
v -0.0048042829 0.022362083 -0.014200909
v -0.0047838897 0.0070774322 -0.00341542
v -0.0047681332 0.0070155687 -0.0069341077
v -0.0047603166 0.0081483535 -0.0073471195
v -0.0047427607 -0.00033448925 -0.002067032
v -0.0047414759 -0.00026035417 -0.0019062746
v -0.0047248118 0.022224074 -0.011366595
v -0.0047060531 0.0011835645 -0.0024205544
v -0.0047055157 0.0080829989 -0.0074497471
v -0.0047040177 0.022188058 -0.011438628
v -0.0046842201 0.0065522357 -0.0031240496
v -0.004657004 0.0088120103 -0.0022715423
v -0.0046524685 -0.00020590518 -0.0017632589
v -0.0046216021 0.0076196701 -0.0036396906
v -0.0045909695 0.0089099957 -0.0074352711
v -0.0045765531 0.039352264 -0.020516414
v -0.0045465603 0.021982588 -0.013942497
v -0.0045258016 0.0069484008 -0.0084101995
v -0.0045109652 0.0088118482 -0.0073931632
v -0.0044995891 -0.00018572839 -0.0016763068
v -0.0044819582 0.011498117 -0.0055386024
v -0.0044599781 0.021630188 -0.01108792
v -0.0044301241 0.0087060956 -0.0074025551
v -0.0044261334 0.006423207 -0.0081188306
v -0.0044246889 0.017800121 -0.0086730719
v -0.0044047674 0.011397847 -0.0054962449
v -0.004400441 -0.0025221293 -0.00067693862
v -0.0043986514 -0.0026166467 -0.00082661747
v -0.0043635159 0.0074906377 -0.0086344704
v -0.0043607559 0.0086088423 -0.0074620205
v -0.0043277843 -0.00015397229 -0.0048018503
v -0.0043263114 0.011290298 -0.0055054268
v -0.0043246057 0.021597287 -0.013680761
v -0.0043198317 -0.0024119902 -0.00056419254
v -0.0043134163 0.0085348878 -0.0075625023
v -0.0042585349 0.011191838 -0.0055647492
v -0.0042295041 0.0080715586 -0.0037524458
v -0.0042280075 0.021099318 -0.010749342
v -0.0042142598 0.021104056 -0.010752063
v -0.0042117545 0.011117465 -0.0056651831
v -0.0042117243 0.021096407 -0.010747271
v -0.0041827336 0.020998562 -0.010708536
v -0.0041784202 -0.0023157422 -0.00051858649
v -0.0041684471 0.020967653 -0.010703474
v -0.0041623903 0.020986564 -0.010708465
v -0.0041442607 -0.0013711217 -0.004140297
v -0.0041433545 0.020913865 -0.010699036
v -0.004132506 0.02119817 -0.013418403
v -0.0041322662 0.017175375 -0.0063017458
v -0.0041263117 0.021187443 -0.013439859
v -0.0041195313 0.020959701 -0.010713671
v -0.0041137631 0.021127991 -0.010788686
v -0.0041127503 0.009084044 -0.0022504469
v -0.0041077295 0.040080674 -0.020957483
v -0.0040991041 0.020820301 -0.010702634
v -0.004091491 0.020865718 -0.010714592
v -0.0040796958 0.021131428 -0.010808377
v -0.0040733013 0.02111255 -0.010795778
v -0.0040642591 0.020921428 -0.010732526
v -0.0040481198 0.021132043 -0.010830622
v -0.0040351436 0.020977423 -0.010754515
v -0.0040351083 0.040039588 -0.020945458
v -0.0040327138 0.038481914 -0.022517394
v -0.0040275981 0.020671591 -0.010730384
v -0.0040121702 0.02088045 -0.010766789
v -0.0040087579 0.017222581 -0.0063197557
v -0.0040056761 0.020806279 -0.010782193
v -0.004004606 0.040020403 -0.02094358
v -0.0039825514 0.020853924 -0.010797106
v -0.003976705 0.020632427 -0.010834334
v -0.0039756051 0.020655535 -0.010845004
v -0.0039737229 0.020588733 -0.010812329
v -0.0039714165 0.0079425266 -0.0087472247
v -0.0039640134 0.038461164 -0.022480698
v -0.0039639496 0.020546306 -0.010788472
v -0.0039612218 0.021092642 -0.010889671
v -0.0039609484 0.016361549 -0.010979176
v -0.003960615 0.021114871 -0.01092161
v -0.0039575943 0.021028416 -0.013234342
v -0.0039544855 0.020521149 -0.010772997
v -0.0039531919 0.039982043 -0.020950479
v -0.0039528995 0.020749146 -0.01088163
v -0.0039340835 0.020996539 -0.010860326
v -0.0039334069 0.021189423 -0.013212355
v -0.003930924 0.020794185 -0.010895276
v -0.0039134296 0.02089634 -0.010879489
v -0.0039108321 0.039944168 -0.020966643
v -0.0039106533 0.0092500383 -0.007408902
v -0.0039093215 0.021082081 -0.013181023
v -0.0039088586 0.021071261 -0.011027443
v -0.0038988134 0.040341128 -0.021127537
v -0.0038970241 0.021041604 -0.011009199
v -0.0038939116 0.020652778 -0.013075782
v -0.0038910403 0.017240059 -0.006380118
v -0.0038856205 0.020990115 -0.010980162
v -0.0038845723 0.020934379 -0.010951991
v -0.0038843157 0.016615646 -0.01147901
v -0.0038827183 0.009125866 -0.0073688128
v -0.0038712001 0.038448874 -0.022393478
v -0.0038701498 0.016447419 -0.011025961
v -0.0038460197 0.0089980504 -0.0073799156
v -0.0038459739 0.039869349 -0.02101953
v -0.0038361326 0.03846832 -0.022054838
v -0.0038280708 -0.0017079759 -0.0038805935
v -0.0038244927 0.038456101 -0.022317465
v -0.0038070746 0.038456313 -0.022187322
v -0.0038064136 0.039789569 -0.02110878
v -0.0038061466 0.0088860532 -0.0074405237
v -0.0038001516 -0.003653279 -0.0028998824
v -0.0037970282 0.017225141 -0.0064736367
v -0.003780158 0.016497672 -0.011110714
v -0.0037691651 0.0088069253 -0.0075414088
v -0.0037410348 0.017180098 -0.0065860762
v -0.003730468 -0.0027430824 0.0035296888
v -0.0037141955 -0.0026375717 0.0036097483
v -0.0037132052 -0.0028199304 0.0034219718
v -0.0037046736 0.016504653 -0.011220532
v -0.0036852502 0.0083435923 -0.0037313504
v -0.0036668605 -0.0025194676 0.0036499659
v -0.0036551889 0.016467307 -0.011338698
v -0.0036539119 0.020104812 -0.012736814
v -0.0036164913 0.020016126 -0.012655243
v -0.0036132548 0.010080833 -0.0077384477
v -0.0036089809 0.019997142 -0.012628387
v -0.0036061325 0.020014178 -0.012643046
v -0.003600948 0.02014384 -0.012714718
v -0.0035975154 0.019967275 -0.012579513
v -0.0035956709 -0.0024067473 0.0036442168
v -0.0035816669 0.019923341 -0.012488593
v -0.0035738875 0.019899994 -0.012428198
v -0.0035722107 0.020169629 -0.012695462
v -0.0035687236 0.019978505 -0.012254543
v -0.0035661247 0.019865623 -0.012192206
v -0.0035649368 0.01987081 -0.01233815
v -0.0035608532 0.019921424 -0.012369933
v -0.0035572345 0.019843282 -0.012239299
v -0.0035520596 0.019824127 -0.012167041
v -0.0035445562 0.020013705 -0.012541025
v -0.0035433681 0.020085931 -0.012627328
v -0.0035423157 0.016023284 -0.012663733
v -0.0035247793 0.020225089 -0.012643282
v -0.0035241421 0.0091223475 -0.0020996819
v -0.003523476 0.020088464 -0.012306717
v -0.0035202836 -0.0024296101 -0.003430926
v -0.00351737 0.020036547 -0.012491946
v -0.0035144698 0.020038687 -0.012424078
v -0.0035014106 0.02036554 -0.012438885
v -0.0034934322 0.020346778 -0.012427201
v -0.003493377 0.040206175 -0.021401767
v -0.0034923856 0.020191211 -0.012582459
v -0.0034912063 0.020302532 -0.012546027
v -0.0034806824 0.020112311 -0.012459658
v -0.0034777981 0.020287724 -0.012503917
v -0.003477124 0.020228656 -0.012363433
v -0.0034701827 0.020181764 -0.012403136
v -0.0034271651 0.0082145631 -0.0087261321
v -0.0033990347 0.016587736 -0.0077707991
v -0.0033712052 -0.0034122919 0.0022372489
v -0.0032143123 0.0090391561 -0.0072181104
v -0.0032063352 0.0089250831 -0.0072868881
v -0.0032032696 0.0091700787 -0.0071947793
v -0.003202826 -0.0015765412 -0.00060655718
v -0.0031936446 0.0027936175 -0.0029813356
v -0.0031935046 0.0027937344 -0.0029864581
v -0.0031805544 0.0088452259 -0.0073906416
v -0.0031782368 0.0027499432 -0.0028156091
v -0.0031748919 0.0092979176 -0.0072204457
v -0.0031677978 0.0027555586 -0.0031574031
v -0.0031592215 -0.0018063126 -0.00047908389
v -0.0031437534 0.040820044 -0.021709904
v -0.0031318248 -0.001339311 -0.00070467597
v -0.0031265295 0.002764845 -0.0028056013
v -0.0031260874 0.0026359176 -0.002690634
v -0.003124008 0.002727113 -0.0039203544
v -0.003114827 0.0028205477 -0.0029594416
v -0.0030966422 0.0083818957 -0.0035805854
v -0.0030929167 0.040851474 -0.021760607
v -0.0030876703 0.0026536558 -0.0026914373
v -0.0030822977 0.0026074683 -0.0034535837
v -0.0030818339 0.0026359276 -0.0038325267
v -0.0030810637 0.040640283 -0.021823781
v -0.0030739193 0.04074122 -0.021782892
v -0.0030685433 0.013049745 -0.0059063984
v -0.0030592612 0.002571177 -0.0035799127
v -0.0030590992 0.0025811717 -0.0037129803
v -0.0030556978 0.0028058356 -0.0031117357
v -0.0030411149 0.0027936574 -0.0031398823
v -0.003020766 0.0152502 -0.010152095
v -0.0030077556 0.0089193285 -0.0018491047
v -0.0030025807 0.0026831233 -0.0027086444
v -0.0029930114 0.0027774577 -0.0028112759
v -0.0029840393 0.0028201672 -0.0029292316
v -0.0029762308 -0.0020047505 -0.00032704003
v -0.0029632181 0.0026922072 -0.0027237437
v -0.0029602824 -0.0011416107 -0.00075400615
v -0.0029596866 0.0027836799 -0.0039541102
v -0.0029527151 0.012991886 -0.0058740927
v -0.0029491526 0.0027412241 0.0012568649
v -0.0029387036 0.0028088887 -0.0030460027
v -0.0029143537 0.0027851996 -0.0030990606
v -0.0029123882 0.0026480062 -0.003424804
v -0.0029118645 0.0026802772 -0.0038545157
v -0.0029010796 -0.0036498632 0.0042225029
v -0.0028972579 0.015297406 -0.010170105
v -0.002891633 -0.0037181671 0.0041082576
v -0.0028862662 0.0026068534 -0.0035680586
v -0.0028860816 0.0026181852 -0.0037189526
v -0.0028848602 0.0027005991 -0.0027690046
v -0.002882781 0.0027917945 -0.0039987247
v -0.002875468 -0.0042239861 0.00056788209
v -0.0028737539 -0.0041912734 0.00059835002
v -0.0028716682 0.0021004505 -0.0023494561
v -0.0028679124 0.010886468 -0.0099006416
v -0.0028668244 0.0027454542 -0.0028439935
v -0.0028630823 -0.0039704763 -0.002470775
v -0.0028625438 -0.0035686935 0.0043211598
v -0.0028619636 0.0027685908 -0.0029078929
v -0.0028591955 -0.0041184751 0.00064794131
v -0.002858205 -0.0043008341 0.0004601648
v -0.0028415076 0.012920293 -0.0058917985
v -0.0028385543 0.0082528638 -0.0085753649
v -0.0028374037 0.0027624804 -0.0029711504
v -0.0028307324 -0.0040400391 0.0006796979
v -0.0028288539 0.0026371093 -0.0033952412
v -0.0028169558 0.0027392481 -0.0030479685
v -0.0028164864 0.0027854068 -0.0040581813
v -0.0028118605 -0.0040003709 0.00068815914
v -0.0028068097 0.0027314641 -0.0030411477
v -0.0027997247 0.0027287584 -0.0030168153
v -0.002790848 0.002685681 -0.0028625235
v -0.0027818915 -0.0034870137 0.0043892073
v -0.0027795404 0.015314884 -0.010230467
v -0.0027674029 0.0026737617 -0.002898711
v -0.0027628348 0.0026864493 -0.0030059458
v -0.0027539213 0.0026059449 -0.0033580279
v -0.0027532266 0.0026486299 -0.0039264406
v -0.0027518459 0.012845862 -0.0059568174
v -0.0027481618 0.0021476562 -0.0023674662
v -0.0027475653 0.040604923 -0.023213571
v -0.0027410784 0.01679145 -0.0076827202
v -0.0027406709 -0.0038876506 0.00068241026
v -0.002734856 0.0026406413 -0.0029749649
v -0.0027327768 0.0027318366 -0.0042046849
v -0.0027221716 -0.0010225947 -0.00074477738
v -0.0027193669 0.0025515042 -0.0035475194
v -0.0027191231 0.0025664945 -0.0037471203
v -0.0026989123 -0.0020783634 -0.00021017868
v -0.0026973796 0.012779922 -0.0060592489
v -0.0026926922 0.040579554 -0.023169657
v -0.0026855282 0.015299967 -0.010323985
v -0.002685121 0.040966138 -0.022259623
v -0.0026801226 0.008718201 -0.0070315422
v -0.0026714017 -0.0034172628 0.0044162883
v -0.0026658725 0.0085152015 -0.0015483478
v -0.0026641695 0.008642206 -0.0071400646
v -0.0026601157 0.0088212732 -0.0069491863
v -0.0026587597 0.041070946 -0.022241274
v -0.0026554719 0.041185137 -0.022240331
v -0.0026527485 0.041418731 -0.022366684
v -0.0026493559 0.002492551 -0.0032711455
v -0.0026484304 0.0025494655 -0.0040290295
v -0.0026438823 0.041272536 -0.02227661
v -0.0026304412 0.002165132 -0.0024278266
v -0.0026295348 0.015254924 -0.010436425
v -0.0026238149 0.040554695 -0.023076318
v -0.0026163014 0.016835876 -0.0076989741
v -0.0026071919 0.008935729 -0.0069055315
v -0.0026032845 0.0024199674 -0.0035238033
v -0.0026029593 0.0024399539 -0.0037899369
v -0.0025929892 0.040549986 -0.022999408
v -0.0025802557 0.0081788767 -0.0033300081
v -0.0025776261 0.040562108 -0.022881886
v -0.0025496329 -0.0043105283 0.0029235347
v -0.0025364291 0.0021502138 -0.0025213456
v -0.0025308926 0.0022876512 0.0016043927
v -0.0025294099 0.0090441443 -0.0069072247
v -0.0025216527 0.0020007724 -0.00022403851
v -0.0025188259 -0.0027612641 -0.0029760031
v -0.0025141875 0.040730741 -0.022794249
v -0.0024975028 0.016850986 -0.0077578393
v -0.0024824878 0.041094624 -0.022502914
v -0.002481712 0.014657086 -0.0065406654
v -0.0024804368 0.0021051741 -0.002633787
v -0.0024752214 -0.0029910356 -0.0028485297
v -0.0024646553 -0.001005838 -0.00067881722
v -0.0024644753 0.041141748 -0.022499623
v -0.0024478247 -0.0025240339 -0.0030741217
v -0.0024472289 0.014938913 -0.0066716247
v -0.0024470522 0.041195374 -0.02249895
v -0.0024418409 0.041406494 -0.022539342
v -0.0024364362 0.041249894 -0.022503197
v -0.0024323072 0.041304231 -0.022511853
v -0.0024171111 0.041127991 -0.022587264
v -0.0024027722 0.016834492 -0.0078503629
v -0.0024015743 -0.002007422 -0.00015981526
v -0.0023916464 0.041139383 -0.023224471
v -0.0023607092 0.041186735 -0.022639442
v -0.002350562 0.041114565 -0.023177305
v -0.0023501387 0.041211624 -0.022641318
v -0.002348843 0.0015334835 -0.0019150459
v -0.0023465268 0.016788896 -0.0079624541
v -0.002340907 0.041236613 -0.022644224
v -0.0023382402 0.041507706 -0.022753809
v -0.0023317314 0.0083063832 -0.0067250617
v -0.0023297889 0.04115922 -0.02271164
v -0.0023274298 0.041286811 -0.02265377
v -0.0023222847 0.008238079 -0.0068393075
v -0.0023221695 0.0080498448 -0.008324788
v -0.0023218149 0.041429516 -0.022702524
v -0.0023199741 0.041336425 -0.022667363
v -0.0023144197 0.014932698 -0.0066602388
v -0.0023090418 0.041199252 -0.022717781
v -0.0023051391 0.041083522 -0.023085704
v -0.0023047805 0.041162238 -0.022752829
v -0.0022979572 0.041222207 -0.022721766
v -0.0022945339 0.041282013 -0.023166548
v -0.0022936868 0.041061446 -0.022906912
v -0.002293197 0.0083875563 -0.0066264072
v -0.0022928608 0.041233666 -0.022724124
v -0.0022924063 0.041161571 -0.022775302
v -0.0022922307 -0.0031894734 -0.002696486
v -0.0022899732 0.041069377 -0.023013888
v -0.0022881289 0.041245107 -0.022726784
v -0.0022875348 0.014662562 -0.011621148
v -0.0022843638 0.041159868 -0.022791138
v -0.0022834188 0.041200012 -0.022761682
v -0.0022788825 0.011158803 -0.0098667713
v -0.0022781193 0.041165926 -0.022798199
v -0.0022762823 -0.0023263334 -0.003123452
v -0.0022741915 0.041172232 -0.022799995
v -0.0022721132 0.041221209 -0.022767305
v -0.0022707279 0.041197333 -0.022786265
v -0.0022668876 0.041231737 -0.022770496
v -0.0022653514 0.0016240826 -0.0019663039
v -0.0022644436 0.041194201 -0.022800073
v -0.0022644028 0.041236978 -0.022772204
v -0.0022642326 0.041255828 -0.023120044
v -0.0022638454 0.041335158 -0.022758113
v -0.0022631392 0.041193247 -0.022803219
v -0.0022620112 0.041242205 -0.022773994
v -0.0022612901 0.041418768 -0.022799617
v -0.002259705 -0.0053374665 -0.0016131001
v -0.0022593439 0.04121707 -0.022793159
v -0.0022574309 0.041205317 -0.022804851
v -0.0022540761 0.041226842 -0.022796998
v -0.0022537983 0.041343801 -0.023112712
v -0.0022537841 0.041213434 -0.022806112
v -0.002251568 0.041231692 -0.022799032
v -0.0022503475 0.04123411 -0.022800079
v -0.0022500779 0.041222103 -0.022807639
v -0.0022491508 0.04123652 -0.02280115
v -0.002248564 0.041352537 -0.023102535
v -0.0022483733 0.041183054 -0.022847679
v -0.0022474113 0.041228678 -0.02280895
v -0.0022464169 0.041231222 -0.022809498
v -0.0022457824 0.041171849 -0.022876946
v -0.0022455857 0.041464668 -0.022914721
v -0.0022454418 0.041233763 -0.022810064
v -0.0022387356 -0.0010946586 -0.00056918949
v -0.0022383726 0.0077747493 -0.0030292512
v -0.0022354207 0.041217975 -0.023034949
v -0.0022328168 0.04127413 -0.02282197
v -0.0022325092 0.041312817 -0.023071738
v -0.0022306626 0.041418158 -0.02288813
v -0.0022304938 0.041195754 -0.022970676
v -0.0022273031 0.041424572 -0.022992911
v -0.0022269017 0.041411404 -0.023015819
v -0.0022256328 0.041211057 -0.022905549
v -0.0022252996 0.041314323 -0.022837682
v -0.0022225517 0.041350119 -0.022853542
v -0.0022219142 0.041267548 -0.02285552
v -0.0022196108 0.041282538 -0.02302774
v -0.0022175873 0.041274637 -0.023015572
v -0.0022153275 0.041258872 -0.022990372
v -0.0022125433 0.0084692324 -0.0065583577
v -0.0022076229 0.041349933 -0.02294811
v -0.0021888139 0.014904881 -0.0066956761
v -0.002181554 0.0016783468 -0.0020548515
v -0.0021638852 -0.0018109366 -0.00018944303
v -0.0021102075 0.001688007 -0.0021672028
v -0.0021033927 0.0015471993 0.00012348924
v -0.0021020533 0.0085389838 -0.0065312772
v -0.0020988795 0.011743289 -0.0081325136
v -0.0020895314 0.014859701 -0.0067725433
v -0.002089161 -0.0012714633 -0.00043760869
v -0.0020621768 0.0016516011 -0.0022862591
v -0.0020495332 -0.0015415588 -0.0002911214
v -0.0020460796 -0.0051307669 0.0012606963
v -0.0020381715 -0.0022073176 -0.0031142232
v -0.002036633 -0.0051990706 0.0011464505
v -0.002031689 0.014804034 -0.0068791369
v -0.0020149122 -0.0032630863 -0.0025796245
v -0.0020075438 -0.005049597 0.0013593528
v -0.0019802847 0.0076457178 -0.0080240304
v -0.0019268915 -0.0049679172 0.0014274007
v -0.0018970231 0.0021193961 0.0018715025
v -0.0018819368 0.0010685417 -0.0047070519
v -0.0018164017 -0.0048981658 0.0014544815
v -0.0017939248 -0.0056910007 0.0015646891
v -0.0017916618 -0.0056662308 0.0016018725
v -0.0017822138 -0.0057345377 0.0014876286
v -0.0017806552 -0.002190561 -0.003048263
v -0.0017571477 -0.005776464 0.0015158277
v -0.0017544529 -0.0057800622 0.0015184047
v -0.001753126 -0.0055850614 0.001700529
v -0.0017510204 -0.00074766128 -0.0037611581
v -0.0017494316 -0.005663977 0.0016884154
v -0.0017480268 0.015752263 -0.010035719
v -0.0017320272 -0.0057193283 0.0016803801
v -0.0017303674 -0.0058069578 0.0015416112
v -0.0017234746 0.012519847 -0.0084124226
v -0.0017220393 -0.0057674027 0.001648436
v -0.0017214478 -0.0057986784 0.0015989103
v -0.0017175742 -0.0031921451 -0.0025292612
v -0.0017103247 -0.0058253086 0.0015537667
v -0.0017023446 -0.0055289054 0.0017507956
v -0.0016967139 -0.0058826278 0.0011914481
v -0.0016776498 -0.0058479286 0.0015745091
v -0.0016724725 -0.0055033844 0.0017685788
v -0.0016628905 -0.0056242812 0.0017830358
v -0.0016350542 -0.0058531039 0.0016342786
v -0.0016307629 -0.0057264585 0.0017682032
v -0.0016123275 -0.0058151986 0.0017092348
v -0.0015990902 -0.0054536392 0.0017919266
v -0.0015921498 -0.0059960191 0.0012783286
v -0.0015771287 -0.0061024544 0.00094097463
v -0.0015619838 -0.0054336302 0.0017956577
v -0.0015565064 0.0013231674 -0.0015811599
v -0.0015547354 -0.0022793815 -0.0029386354
v -0.0015476326 -0.005578028 0.0018339738
v -0.0015336574 0.0014298622 -0.001657972
v -0.0015191816 -0.0058899927 0.001641287
v -0.0015067932 -0.005547361 0.0018383946
v -0.001505731 -0.0057112905 0.0018146295
v -0.0015024591 -0.0061608907 0.0010904749
v -0.0015012709 0.0014977709 -0.0017681826
v -0.0014816878 -0.0058270316 0.0017377231
v -0.001479885 -0.0029956596 -0.0025588889
v -0.0014787567 -0.0058878707 0.0016518956
v -0.0014695231 0.0013789445 0.00039059907
v -0.001464276 0.0015165519 -0.0018950108
v -0.0014636768 0.00061496859 -0.0043595242
v -0.0014469903 -0.0056663211 0.0018295328
v -0.0014432331 -0.0014692955 -0.0033114904
v -0.001438133 -0.0062357029 -0.00092681439
v -0.0014336817 -0.0060380832 0.0013451065
v -0.0014331891 0.013767403 -0.0089524016
v -0.0014327543 -0.0056940285 0.0018195374
v -0.0014283073 0.0014833462 -0.0020191493
v -0.0014214128 -0.0064068595 0.00084903598
v -0.0014051609 -0.0024561863 -0.0028070544
v -0.001391676 -0.0057724034 0.0017704248
v -0.0013856741 -0.006389196 0.0010215214
v -0.0013723139 -0.0058082808 0.001733539
v -0.0013658768 -0.006162724 0.0012030927
v -0.001365533 -0.0027262818 -0.0026605672
v -0.0013492736 -0.0058494559 0.0016700667
v -0.0012807411 -0.0066459682 0.0010545086
v -0.0012775894 -0.0063353158 0.0011509634
v -0.0012730835 -0.0066197547 0.0010899417
v -0.0012712943 -0.0067142718 0.00094026286
v -0.0012637737 -0.005997546 0.0013738861
v -0.0012422053 -0.0065647988 0.0011531652
v -0.0012173905 0.0022815485 0.0019866193
v -0.0012039804 -0.0061074607 0.0012486504
v -0.0011924746 -0.0065096156 0.0012026877
v -0.0011619906 -0.00047532612 -0.0037272873
v -0.0011615532 -0.0064831227 0.0012212145
v -0.0011261241 -0.0062596621 0.0012026803
v -0.0010747358 -0.00017087779 -0.0006950621
v -0.001051063 -0.0064133676 0.0012482934
v -0.00099360093 -0.00072386704 -0.00039514591
v -0.00096419756 -0.00038387743 -0.0037159137
v -0.00085420336 -0.0011969603 -0.0032776198
v -0.00084061519 0.0003806469 -0.00090323971
v -0.00082980719 0.00044671373 -0.0040924144
v -0.00078989053 0.0015410968 0.0005057159
v -0.00078603183 -0.0030101619 -0.0023513394
v -0.00077187322 0.0016717953 -0.0016446359
v -0.00077171117 0.00168179 -0.0017777035
v -0.00074913685 0.0016170399 -0.0015250893
v -0.00074867468 0.0016454986 -0.0019040324
v -0.00070696452 0.001525854 -0.0014372616
v -0.00067410083 0.0027306543 0.0019189008
v -0.00065641035 -0.0011055117 -0.0032662461
v -0.0006189518 -0.0011301464 -8.3854342e-05
v -0.00050330523 0.0039637377 0.0013516633
v -0.00041272695 0.0033463766 0.0016864917
v -0.00039073563 -0.0013556007 -0.0030645079
v -0.00035397208 0.00078292622 -0.00096389762
v -0.00033038895 -0.0023436584 0.004555278
v -0.00032330197 0.0040073092 -0.0029039879
v -0.0003116538 0.0040174923 -0.0029638724
v -0.0003111577 0.0040523163 -0.0027781101
v -0.00030960084 -0.00190859 -0.0027645917
v -0.00029845687 0.0039314581 -0.0027659209
v -0.00029722723 0.0038826144 -0.002843492
v -0.00029637601 0.0040226541 -0.0039956411
v -0.00029407698 0.0041414299 -0.0029363332
v -0.00029116575 0.0039567067 -0.0027317253
v -0.00028901018 0.0038631542 -0.0028801668
v -0.00028875098 0.0041551525 -0.0028029112
v -0.00028692803 0.0039543477 -0.0041098846
v -0.00027584835 0.0041254568 -0.0030075186
v -0.00025992107 0.004012628 -0.0026672643
v -0.00025784021 0.004103824 -0.0038969843
v -0.0002485041 0.0040917229 -0.0026661281
v -0.00024660086 0.0019902026 0.00043799731
v -0.00024630938 0.0041714245 -0.003021975
v -0.00023981066 -0.0029610198 0.0048901066
v -0.00023636727 0.0041474327 -0.0026795648
v -0.00022891685 0.0038291519 -0.0032407253
v -0.00022838281 0.0042448454 -0.0028012155
v -0.00022615385 0.0038694022 -0.0032600528
v -0.00021808107 0.0021394421 -0.0018467103
v -0.00021534297 0.0042584115 -0.0029341222
v -0.00021203162 0.0038382353 -0.0037935148
v -0.0002053833 0.002094605 -0.001971751
v -0.00020391296 0.0039491388 -0.0032935007
v -0.00020366393 0.0041960217 -0.0026786458
v -0.00020351022 0.0037150641 -0.0031763471
v -0.00019700202 -0.0027378267 -0.0023174689
v -0.00019041548 0.0039563985 -0.0037354038
v -0.00018880024 0.0021537875 -0.0017173133
v -0.00018734117 0.0037674091 -0.0035171977
v -0.00018262872 0.0037262961 -0.0038599356
v -0.00017926753 0.0040943045 -0.0025992144
v -0.00017722818 0.0042415075 -0.0030370746
v -0.00017718655 0.0041855006 -0.0038289349
v -0.00017067693 0.0038997806 -0.0035145141
v -0.00016080942 0.004023334 -0.0033181554
v -0.00015687224 0.0042278697 -0.0026635558
v -0.0001566151 -0.00080407603 -0.0032726855
v -0.00015209366 0.0036387104 -0.0035182354
v -0.00015017464 0.0006088661 -0.0039772973
v -0.00014499298 0.00411946 -0.002585294
v -0.00014200978 0.0043036346 -0.0027733608
v -0.00013550054 0.0043156082 -0.0028050104
v -0.00013368764 0.0043100002 -0.0027795099
v -0.0001335243 0.0043199919 -0.0029125758
v -0.00013230304 0.0040567513 -0.0033266351
v -0.00012200207 0.0021354558 -0.001603259
v -0.00012106747 0.0040627951 -0.0036944468
v -0.00011095001 0.0042552417 -0.0026599616
v -0.0001104878 0.0042837001 -0.0030389046
v -0.00010660358 -0.0033247885 0.0011613689
v -0.00010659296 0.0042455052 -0.002646798
v -0.00010526139 0.0042366637 -0.0026372818
v -0.00010463741 0.0040156683 -0.0035105913
v -9.6208772e-05 0.0042226776 -0.0026203608
v -8.6943852e-05 0.0042026518 -0.0026011711
v -7.5805241e-05 0.0032232862 -0.00012924011
v -6.9016314e-05 -0.0017279331 0.0043228674
v -6.8778951e-05 0.0041640587 -0.0025721358
v -6.6697969e-05 0.0042552548 -0.0038018562
v -5.1173887e-05 -0.0012808563 0.00015540399
v -4.4036082e-05 0.0033959916 -0.0024247428
v -3.4589379e-05 0.003327688 -0.0025389886
v -2.7851616e-05 0.0020872364 -0.0015219098
v -2.4987847e-05 0.0041356101 -0.0033350852
v -1.4547156e-05 0.0041412264 -0.0036768792
v -5.5002724e-06 0.0034771615 -0.0023260862
v -1.7892672e-06 0.0041093132 -0.0035944819
v 7.1895516e-07 0.0040974342 -0.0035060304
v 7.9099766e-07 -0.002646378 -0.0023060953
v 1.4773049e-05 0.0026059248 0.00020558825
v 1.7983108e-05 -0.0039812801 0.0015255797
v 4.8266556e-05 0.0027668816 -0.0020835423
v 5.59906e-05 0.0027103273 -0.00220416
v 6.5048291e-05 -0.0023148693 -0.0024533002
v 7.0175527e-05 -0.0033338694 0.0011640331
v 7.5153264e-05 0.0035588383 -0.0022580363
v 9.1710273e-05 0.002814597 -0.0019667416
v 9.6255048e-05 -0.002646988 0.00088102894
v 9.7111049e-05 -0.0030841101 0.0030743747
v 0.00017970936 0.0028462042 -0.0018715366
v 0.00018230283 -0.0039247139 0.0014918237
v 0.00018564185 0.0036285925 -0.0022309576
v 0.00018768934 -0.0037014715 0.0034092031
v 0.00022249662 -0.0033801992 0.0010866233
v 0.00022699262 0.00092799024 -0.00086871954
v 0.00025274695 -0.0027238512 0.00091172778
v 0.00027240222 -0.0045167473 0.0018667579
v 0.00029251358 -0.0045587118 0.0018890506
v 0.00029886546 0.0028568937 -0.0018124233
v 0.0003045958 -0.0045836135 0.0018984867
v 0.00030954444 -0.0034513636 0.00094988017
v 0.00031681691 -0.0046030884 0.0019044379
v 0.00032018725 -0.0046154605 0.0019068855
v 0.00032550358 -0.0039229835 0.001387751
v 0.00032759161 -0.0046304748 0.0019094929
v 0.00033002801 -0.00040179669 -0.0033333434
v 0.00035444475 -0.00448224 0.0018597314
v 0.0003584837 -0.0024683848 0.0028419639
v 0.00037525609 -0.0046061208 0.0019070518
v 0.00038739582 -0.0047494383 0.001900633
v 0.00039021883 -0.0028197991 0.0008548405
v 0.0003931167 0.0010579725 -0.0040450157
v 0.00039339482 -0.0047390456 0.0019025373
v 0.00039881162 -0.0047716754 0.0018928739
v 0.00040921447 -0.0039765565 0.0012412489
v 0.00042962658 -0.004587403 0.0018958818
v 0.00043672364 -0.0044601802 0.0018330019
v 0.00044270878 -0.0048555178 0.0018415231
v 0.00046915977 -0.0045506442 0.0018731417
v 0.00047183075 -0.002909123 0.0007256078
v 0.00047427334 -0.0012788273 0.0042551486
v 0.00047688276 -0.00445425 0.0018123639
v 0.00048511289 -0.0049325689 0.0017411651
v 0.00048602582 -0.0045031221 0.0018433348
v 0.00049375929 -0.0047044936 0.0018819183
v 0.00051256112 0.00089930731 -0.00077194156
v 0.00053696416 -0.0048154746 0.0018199934
v 0.00055185327 -0.0048903758 0.0017393349
v 0.00055759703 -0.001135614 0.00025851984
v 0.00056391064 0.0022910554 -0.0046122535
v 0.00056673645 -0.0046366365 0.0018399411
v 0.00057061284 -0.0050806594 0.0014449846
v 0.00057992269 -0.0044584507 0.0017289291
v 0.00058637827 -0.0020821292 0.0007400859
v 0.00059786782 -0.0045489119 0.0017849171
v 0.00062093447 -0.0048202928 0.0017242354
v 0.00063040445 -0.0051905746 0.0013197487
v 0.00063214113 -0.0047269734 0.0017652444
v 0.00063282618 -0.0024655792 -0.0022140418
v 0.00065047469 -0.0047743288 0.0017097808
v 0.00065073132 -0.0044949003 0.0016189177
v 0.00065449061 0.0016736949 -0.0042774249
v 0.00066363357 -0.0045120236 0.001582427
v 0.00067274628 -0.0046125641 0.0016934831
v 0.00067792804 -0.0050018006 0.0014365345
v 0.00068627723 -0.004666362 0.0016661326
v 0.0006938593 -0.0022154751 0.00078487792
v 0.00070643442 -0.0049683833 0.0014280549
v 0.00070826372 -0.0053427783 0.0012737806
v 0.00074227207 -0.0051200832 0.0013017661
v 0.00074913353 -0.0046601142 0.0012862465
v 0.00074953795 -0.0048941877 0.0014034001
v 0.00077177718 -0.004814452 0.0013699521
v 0.00077454309 -0.004774204 0.0013506265
v 0.00078332308 -0.0054964847 0.0013193936
v 0.00079544913 -0.0023527739 0.00073830789
v 0.00082605548 -0.0052838693 0.0012522963
v 0.00082684431 -0.0050362949 0.0012414833
v 0.00086393021 -0.0024572341 0.00061285269
v 0.00086872006 -0.0048799436 0.0010357748
v 0.00087124645 -0.0049519711 0.0011480805
v 0.00090177334 -0.0020192792 0.0027742451
v 0.00090682833 -0.005449276 0.0013013815
v 0.00090804446 -0.004487996 -0.0011233847
v 0.00091099273 -0.00025673263 -0.0032381653
v 0.0009275038 -0.0052330755 0.0011820487
v 0.00094764272 -0.0054399185 0.001285638
v 0.00097915146 0.00066278392 -0.00051898684
v 0.00099716685 -0.005198129 0.0010737327
v 0.0010077145 -0.0050131888 -0.000832016
v 0.0010109816 -0.00077553344 0.00020936043
v 0.0010244328 -0.0051843463 0.00094383425
v 0.0010245501 -0.0054318034 0.0012410234
v 0.0010703307 -0.0039457553 -0.0013476571
v 0.0010908435 -0.0054381881 0.0011815652
v 0.0011185622 -0.0054467213 0.0011475044
v 0.0011539072 -0.001116678 0.0043702675
v 0.001165028 0.0060263788 0.0008019493
v 0.0011745543 -0.005491761 0.0010350631
v 0.0011965613 -0.00028541559 -0.0031413874
v 0.0012415971 -0.0023203369 -0.002110926
v 0.0012484584 0.00023757255 -0.00022863894
v 0.0012599287 -0.0002807134 3.3815239e-05
v 0.001266693 -0.0017420839 0.00076645322
v 0.0012885332 0.0060735876 0.00078393728
v 0.0013061442 -0.0019094385 0.00080861105
v 0.0013579308 -0.0020716288 0.00076010969
v 0.0014062549 0.0060910601 0.00072357903
v 0.0014081826 -0.0021852003 0.00063394802
v 0.0014608399 0.00073732738 -0.0035764682
v 0.0014624302 -0.0034938664 -0.0014604122
v 0.0015002671 0.0060761422 0.00063005986
v 0.0015562592 0.0060311025 0.00051761867
v 0.0015751796 -0.013759081 0.008443634
v 0.0015764339 -0.013685169 0.0086044939
v 0.0015814072 -0.0018571296 0.0028893638
v 0.0016631515 -0.00052193896 -0.0028884327
v 0.0016653592 -0.013631323 0.0087477881
v 0.0016949817 -0.0019602564 -0.0021600854
v 0.0016980561 0.0052386471 -0.0027918897
v 0.0017007001 0.0052268836 -0.0027084097
v 0.0017008622 0.0052368785 -0.0028414773
v 0.0017144431 0.0051926682 -0.0026217676
v 0.0017234348 0.0051721279 -0.0025888633
v 0.0017238971 0.0052005863 -0.0029678063
v 0.0017651652 0.005209873 -0.0026160046
v 0.0017656088 0.0050809425 -0.0025010353
v 0.0017676881 0.0051721376 -0.003730756
v 0.0017686272 1.5693151e-05 -0.0031268005
v 0.0017768691 0.0052655726 -0.002769843
v 0.0017877768 -0.0012849328 0.0046373773
v 0.0018040246 0.0050986838 -0.0025018405
v 0.001809397 0.0050524962 -0.0032639869
v 0.0018098621 0.0050809523 -0.0036429281
v 0.0018181294 -0.013611975 0.008835122
v 0.0018303378 -0.013528872 0.0087970952
v 0.0018324335 0.0050162044 -0.0033903159
v 0.0018325968 0.0050261966 -0.0035233817
v 0.001835997 0.0052508633 -0.0029221389
v 0.0018505799 0.0052386853 -0.0029502856
v 0.0018891153 0.005128148 -0.0025190457
v 0.0018982593 0.0054387408 -0.00066710409
v 0.0018986835 0.0052224854 -0.0026216791
v 0.0019076569 0.0052651921 -0.002739633
v 0.0019098622 -0.016004767 0.0098142168
v 0.0019175059 -0.015978526 0.0098496322
v 0.0019193264 -0.016073108 0.0096999938
v 0.0019227567 -0.0075124828 0.0077901175
v 0.001928478 0.0051372321 -0.002534145
v 0.0019320095 0.0052287048 -0.0037645116
v 0.0019324585 -0.00094715034 -0.0025980847
v 0.0019439288 -0.0014654363 -0.0023356306
v 0.0019483485 -0.015923496 0.0099128084
v 0.0019529924 0.0052539133 -0.0028564041
v 0.0019662557 -0.0020320436 0.00091592543
v 0.0019683288 -0.0018663493 0.0009782227
v 0.0019773424 0.0052302242 -0.002909462
v 0.0019793068 0.0050930339 -0.0032352072
v 0.0019798304 0.0051253051 -0.0036649189
v 0.0019967922 -0.0021468967 0.00078471319
v 0.0019980331 -0.015868215 0.0099622682
v 0.002002456 -0.0016942077 0.00095491146
v 0.0020054297 0.0050518783 -0.00337846
v 0.0020056143 0.0050632101 -0.003529354
v 0.0020066826 -0.0032218327 -0.0014393169
v 0.0020068341 0.0051456229 -0.0025794061
v 0.0020089149 0.0052368194 -0.0038091261
v 0.002020028 0.0045454754 -0.0021598574
v 0.0020248718 0.0051904791 -0.0026543948
v 0.0020297326 0.005213616 -0.0027182945
v 0.0020498696 0.0010096625 -0.0035425974
v 0.0020542925 0.0052075051 -0.0027815518
v 0.0020628422 0.0050821342 -0.0032056426
v 0.0020747404 0.0051842728 -0.0028583698
v 0.0020752086 0.0052304347 -0.0038685843
v 0.002084885 0.005176492 -0.0028515509
v 0.002089296 0.0050158664 0.0015740186
v 0.0020919701 0.0051737861 -0.0028272185
v 0.0021008479 0.0051307059 -0.0026729251
v 0.0021242918 0.0051187892 -0.0027091142
v 0.00212886 0.005131477 -0.002816349
v 0.0021377732 0.0050509688 -0.0031684292
v 0.0021384682 0.0050936579 -0.0037368441
v 0.0021393327 -0.015771732 0.010007724
v 0.0021435332 0.0045926841 -0.0021778694
v 0.0021568385 0.0050856653 -0.0027853665
v 0.0021589193 0.0051768613 -0.0040150862
v 0.0021723278 0.0049965316 -0.0033579227
v 0.0021725716 0.0050115222 -0.0035575235
v 0.002173502 0.0051060412 0.001523179
v 0.0021736796 -0.014795713 0.0063703693
v 0.0022060368 -0.0017385058 0.004984905
v 0.0022152767 -0.0020253845 0.0031564736
v 0.0022423384 0.0049375747 -0.0030815469
v 0.0022432643 0.0049944934 -0.0038394327
v 0.002253158 0.0011888711 -0.00041425638
v 0.0022579052 0.0051599415 0.0014349887
v 0.0022612549 0.0046101566 -0.002238228
v 0.0022884114 0.0048649921 -0.0033342049
v 0.0022887369 0.0048849788 -0.0036003382
v 0.002292786 0.00091877568 -0.00026776906
v 0.0023296555 0.0051693614 0.0013228741
v 0.0023410167 -0.0079660555 0.0081376452
v 0.0023502565 -0.0082529346 0.006309214
v 0.0023552671 0.0045952387 -0.002331747
v 0.0023576568 0.00028802833 -0.00309293
v 0.00236751 0.0014582489 -0.00051593472
v 0.0023778302 0.0051328689 0.0012039025
v 0.0024038695 -0.014772645 0.01136163
v 0.0024056612 -0.014867162 0.011211952
v 0.0024112593 0.004550199 -0.0024441883
v 0.0024258285 -0.0015251732 -0.0021666496
v 0.0024347496 -0.014717688 0.011424853
v 0.0024401003 -0.013761078 0.0059299609
v 0.0024423618 0.00074196787 -0.0001361864
v 0.0024844806 -0.014662506 0.011474377
v 0.0024999361 -0.0022418618 0.0011748949
v 0.002513177 -0.0023499161 0.0010352903
v 0.0025178264 -0.017109741 0.0076267291
v 0.0025436885 -0.01139573 0.0077389972
v 0.0025492609 -0.0020947424 0.00126012
v 0.0025511512 -0.011449011 0.007570338
v 0.0025952922 -0.003183529 -0.0012885517
v 0.0026051975 0.0016547337 -0.00054556259
v 0.0026087996 -0.011398255 0.007903602
v 0.0026258908 -0.014566259 0.011519983
v 0.0026335367 -0.0024789576 0.0035040015
v 0.0026479377 -0.0019479805 0.0012681325
v 0.0026682802 0.00065315032 -2.656055e-05
v 0.0027198303 0.0045405072 1.9179732e-05
v 0.0027290366 -0.01145591 0.0080200462
v 0.0027476612 -0.015459524 0.01002723
v 0.0027685165 -0.0087065073 0.0066567417
v 0.0028186797 -0.009780217 0.0040488164
v 0.0028532727 -0.0026595255 0.0014857261
v 0.0028550618 -0.0027540426 0.0013360473
v 0.0029025385 0.0017256727 -0.00049519719
v 0.0029257964 0.00066990708 3.9399634e-05
v 0.0029338815 -0.0025493861 0.0015984721
v 0.0029371581 4.1481526e-06 -0.0027837022
v 0.0029421849 -0.0097330082 0.0040308041
v 0.0029442958 0.0035349629 -0.001387788
v 0.0029748862 -0.0081343111 0.008404755
v 0.0029767861 -0.00026594725 -0.002637215
v 0.0029829994 -0.0097236503 0.0040150606
v 0.0030097594 0.0035135665 -0.0045174533
v 0.0030148583 -0.0012528381 -0.002132779
v 0.003028502 0.0036251377 -0.0014386278
v 0.0030515101 0.00027352601 -0.0028853805
v 0.0030599067 -0.0097155347 0.0039704461
v 0.003075293 -0.0024531384 0.0016440783
v 0.00309777 -0.003245973 0.0017542859
v 0.0031076919 -0.0031949927 0.0018269041
v 0.003109481 -0.0032895098 0.0016772253
v 0.003111677 -0.0033865485 -0.0010379746
v 0.0031129054 0.003679038 -0.0015268183
v 0.0031208904 -0.0031672835 0.0018605477
v 0.0031262001 -0.0097219199 0.0039109881
v 0.0031263619 -0.000442755 -0.0025056321
v 0.003134547 -0.0033314363 0.0017054245
v 0.0031372432 -0.0033350373 0.0017080033
v 0.0031422633 -0.0032189493 0.0018780122
v 0.0031496512 -0.012485643 0.0054970728
v 0.0031539188 -0.0097304536 0.0038769273
v 0.0031596676 -0.0032743004 0.0018699769
v 0.0031613274 -0.0033619299 0.0017312078
v 0.0031639058 0.00078892213 4.8628299e-05
v 0.0031696556 -0.0033223748 0.0018380326
v 0.003170247 -0.0033536504 0.0017885071
v 0.0031798556 0.0016520629 -0.00037833772
v 0.0031813714 -0.0033802837 0.0017433652
v 0.0031846554 0.0036884579 -0.0016389327
v 0.0031883023 -0.0030848526 0.0019396503
v 0.003194981 -0.0034376001 0.0013810449
v 0.0032099111 -0.0097754933 0.0037644859
v 0.0032140464 -0.0034029039 0.0017641077
v 0.0032288043 -0.0031792535 0.0019726327
v 0.0032328302 0.0036519654 -0.0017579044
v 0.0032566406 -0.0034080762 0.0018238754
v 0.0032609319 -0.0032814306 0.0019578
v 0.0032793686 -0.003370174 0.0018988334
v 0.0032797875 -0.0035917035 0.0011803287
v 0.0032891976 0.00047001074 -0.0029150085
v 0.003292606 -0.0030086145 0.0019815252
v 0.0032995462 -0.0035509942 0.0014679272
v 0.0033297122 -0.0029886055 0.0019852563
v 0.0033354498 0.00098662334 -7.0179544e-07
v 0.0033415051 -0.010347184 0.0044832267
v 0.0033440634 -0.0031330031 0.0020235723
v 0.0033522802 -0.00053157256 -0.0023960064
v 0.0033628447 0.0014536241 -0.00022629398
v 0.0033631516 -0.0036665716 0.0013173901
v 0.0033725132 -0.0034449652 0.0018308838
v 0.0033849028 -0.0031023361 0.0020279931
v 0.0033859638 -0.0032662628 0.0020042264
v 0.0033904146 -0.0038038658 0.0010621109
v 0.0034023861 -0.0088747628 0.0069238516
v 0.0034064492 0.0012238526 -9.8820652e-05
v 0.0034100071 -0.0033820039 0.0019273199
v 0.0034129394 -0.0034428458 0.0018414942
v 0.0034249953 -0.010256582 0.0044319667
v 0.0034447059 -0.0032212962 0.0020191313
v 0.0034461224 -0.0038256939 0.0012287271
v 0.0034535618 -0.0037906752 -0.0007372176
v 0.0034580131 -0.0035930553 0.0015347033
v 0.0034589418 -0.0032490038 0.0020091359
v 0.0035000187 -0.003327376 0.0019600217
v 0.0035060975 -0.0036804313 0.0014209002
v 0.0035077122 -0.016724033 0.0074758483
v 0.003508792 -0.010202321 0.0043434212
v 0.0035100235 -0.0040417882 0.0010443897
v 0.0035153695 -0.016697818 0.0075112814
v 0.0035171611 -0.016792336 0.0073616034
v 0.0035193809 -0.0033632531 0.0019231358
v 0.0035270455 0.0034439578 0.0027750153
v 0.0035358281 -0.0040041353 0.0012154356
v 0.0035424212 -0.003404428 0.0018596635
v 0.0035462496 -0.016642863 0.0075745047
v 0.0035519111 -0.010367854 0.0025797631
v 0.0035688216 -0.0038007244 0.0013538721
v 0.0035801374 -0.010192658 0.0042310683
v 0.0035865386 0.00054094987 -0.002864643
v 0.0035959808 -0.01658768 0.0076240283
v 0.0036097965 -0.00051481585 -0.0023300461
v 0.0036186113 -0.004174727 0.0012795385
v 0.0036204017 -0.0042692474 0.0011298615
v 0.0036279212 -0.0035525183 0.0015634829
v 0.003628171 -0.010229066 0.0041120136
v 0.003636637 -0.003935623 0.0013438239
v 0.0036446429 -0.016118173 0.012392575
v 0.0036494909 -0.0041197739 0.0013427639
v 0.0036505526 0.003491164 0.0027570054
v 0.0036545189 -0.0079721585 0.0085198721
v 0.0036604416 -0.016227882 0.012254536
v 0.0036703253 -0.0036295697 0.0014631249
v 0.0036869785 -0.015966529 0.012473521
v 0.0036992214 -0.0040645907 0.0013922864
v 0.0037256395 -0.0037356522 0.001404017
v 0.0037340785 -0.042414397 0.020848116
v 0.0037343083 -0.04249806 0.020889578
v 0.0037373907 -0.016491434 0.0076696342
v 0.0037375949 -0.042504702 0.020794429
v 0.0037397947 -0.042469773 0.020776348
v 0.0037419433 -0.042418059 0.020971721
v 0.0037425074 -0.04233424 0.020918058
v 0.0037470602 -0.042570807 0.020831978
v 0.0037470711 -0.042431183 0.020756939
v 0.0037524805 -0.042291351 0.02089043
v 0.0037537373 -0.042454619 0.020730585
v 0.0037573546 -0.042368565 0.020769032
v 0.0037586142 -0.04232901 0.020805821
v 0.0037592885 -0.042388286 0.020745743
v 0.0037596475 -0.042363394 0.020766975
v 0.003760322 -0.042385694 0.020744955
v 0.0037605455 -0.042394079 0.020737637
v 0.0037613842 -0.042383112 0.020744162
v 0.0037616296 -0.042391833 0.020736407
v 0.0037620652 -0.042358249 0.020764906
v 0.0037627465 -0.042389598 0.020735173
v 0.0037630463 -0.042616006 0.020860158
v 0.003763601 -0.042377964 0.02074256
v 0.0037637593 -0.042318746 0.020800477
v 0.0037641702 -0.042501021 0.02101217
v 0.0037656906 -0.042383995 0.02073204
v 0.0037666943 -0.042578295 0.020740638
v 0.0037672324 -0.042348042 0.020760728
v 0.0037682722 0.0035086393 0.0026966452
v 0.0037683747 -0.042367741 0.0207393
v 0.0037693619 -0.042308606 0.020795126
v 0.0037696348 -0.042249657 0.020862876
v 0.0037699747 -0.042376433 0.020727731
v 0.0037741582 -0.042369545 0.020723751
v 0.0037761074 -0.015813585 0.012475685
v 0.0037776667 -0.042171527 0.021018691
v 0.0037786548 -0.042253524 0.021086369
v 0.0037786765 -0.042327899 0.020752251
v 0.0037790381 -0.042347543 0.020732593
v 0.0037802926 -0.042357363 0.020720674
v 0.0037807354 -0.042359415 0.020717828
v 0.0037812006 -0.04222966 0.020849289
v 0.0037816812 -0.042288639 0.020784404
v 0.0037854426 -0.0038546124 0.0013951552
v 0.0037878337 -0.042130161 0.020983621
v 0.0037895383 -0.042653423 0.020783065
v 0.0037895739 -0.04238965 0.020681659
v 0.0037900952 -0.042455588 0.020664362
v 0.0037929413 -0.020465793 0.012106948
v 0.0037929872 -0.042341229 0.020708183
v 0.0037943779 -0.042210165 0.020835828
v 0.0037968257 -0.042335026 0.020705963
v 0.0038000578 -0.042311747 0.020720037
v 0.0038003142 -0.042324472 0.020707527
v 0.0038010422 -0.042292256 0.020736659
v 0.0038017924 -0.020511646 0.011989883
v 0.0038019335 -0.042662323 0.020761421
v 0.0038024932 -0.042404994 0.020657463
v 0.003802798 -0.020421561 0.012010961
v 0.0038045794 -0.02056713 0.01201843
v 0.0038056704 -0.04209039 0.020948937
v 0.0038056902 -0.042253323 0.020764889
v 0.0038097042 -0.042550955 0.020653808
v 0.0038117005 -0.020542564 0.012177815
v 0.0038176205 -0.020618109 0.012047684
v 0.0038198817 -0.042578958 0.02065409
v 0.0038201956 -0.02058346 0.012173714
v 0.0038255511 -0.042592432 0.020654835
v 0.0038262836 -0.042493228 0.020622257
v 0.0038304147 -0.020647325 0.012065985
v 0.0038313302 0.0026153328 -0.0038311693
v 0.0038314788 -0.042053185 0.020915331
v 0.003831903 -0.042123239 0.020838842
v 0.0038339216 -0.020322718 0.012047636
v 0.0038406332 -0.0039683431 0.0014378921
v 0.0038432959 -0.020347342 0.012190164
v 0.0038439317 -0.020370765 0.011931607
v 0.0038454593 -0.02030579 0.012112625
v 0.0038479059 -0.00039580077 -0.0023208174
v 0.0038482139 0.001313944 0.0039327359
v 0.0038505078 -0.013880936 0.0044225017
v 0.0038506323 -0.042640921 0.020661181
v 0.0038507902 -0.0422807 0.020656424
v 0.003852935 -0.020505475 0.012269024
v 0.0038549616 -0.042553652 0.020609006
v 0.0038566305 -0.020276299 0.012028748
v 0.0038581728 -0.042021137 0.020885414
v 0.0038591612 -0.017384699 0.0061768806
v 0.0038622846 0.0034937211 0.002603126
v 0.003862387 -0.020103712 0.01179597
v 0.0038636893 -0.020297203 0.012165392
v 0.0038638557 0.00046733997 -0.0027477834
v 0.0038640159 -0.041925959 0.021201305
v 0.0038657044 -0.020327196 0.011913577
v 0.0038695519 -0.020454796 0.012289354
v 0.0038707822 -0.04268473 0.020682599
v 0.0038727403 -0.020128636 0.011811256
v 0.0038747364 -0.04184163 0.021158161
v 0.0038768046 -0.02047357 0.012299623
v 0.0038785099 -0.020148333 0.011961701
v 0.0038788826 -0.042346716 0.020579036
v 0.0038815616 -0.042685565 0.020673096
v 0.0038837858 -0.020170495 0.011835553
v 0.003883878 -0.042082034 0.021270661
v 0.0038871877 -0.020236036 0.011870575
v 0.0038878189 -0.020213414 0.011858878
v 0.0038901919 -0.020242512 0.012143637
v 0.0038923225 -0.020456104 0.012314407
v 0.0038999105 -0.041770201 0.021072626
v 0.0039008623 -0.020204965 0.012122028
v 0.003910806 -0.042633537 0.020607218
v 0.0039182766 0.0034486814 0.0024906849
v 0.0039197532 -0.020249328 0.01221108
v 0.0039217626 -0.042432018 0.020529985
v 0.0039263219 -0.020296343 0.012267997
v 0.003933162 -0.020279676 0.012259183
v 0.0039418475 -0.020298976 0.012285599
v 0.0039513572 -0.041711535 0.020995343
v 0.0039530043 -0.042677119 0.020616528
v 0.0039643003 -0.042490523 0.02051115
v 0.0039685979 -0.020389594 0.012356949
v 0.0039701709 -0.010821427 0.0029272907
v 0.0039773677 -0.020375118 0.012356551
v 0.0039803153 -0.02038129 0.012360501
v 0.0039804997 0.001302927 0.0039463714
v 0.0040024417 -0.016820244 0.011069814
v 0.0040194499 -0.00019809956 -0.0023701475
v 0.0040388801 -0.042566989 0.020507943
v 0.0040468448 0.00026890123 -0.0025957397
v 0.0040546781 -5.5348984e-05 0.0046769832
v 0.004082019 -0.0087126102 0.0070389686
v 0.0040904493 3.9129765e-05 -0.0024682665
v 0.0040910584 -0.042607598 0.020520415
v 0.0041056615 0.0012710429 0.0039128391
v 0.0041075996 -0.041171346 0.021329412
v 0.0041220319 -0.041123614 0.021226816
v 0.0041338415 -0.0105575 0.0048171123
v 0.0041355016 -0.041101791 0.021352354
v 0.0041566892 -0.010450802 0.0047402987
v 0.0041657435 -0.041089084 0.021133218
v 0.0041781846 -8.1432145e-06 0.0046589728
v 0.0041890754 -0.010382893 0.0046300883
v 0.0041978084 -0.0075230529 0.0084521538
v 0.0042046476 0.0012231459 0.0038372453
v 0.0042092404 -0.021217367 0.010578441
v 0.0042117364 -0.041947685 0.020332932
v 0.0042260704 -0.010364112 0.0045032604
v 0.0042292778 -0.021334575 0.01064283
v 0.004229838 -0.021219237 0.010520169
v 0.0042378628 -0.021353045 0.010654543
v 0.00425138 -0.021076486 0.010520165
v 0.0042602769 0.00285632 0.001305962
v 0.0042610825 -0.021358438 0.010553187
v 0.0042620394 -0.010397318 0.0043791216
v 0.0042623859 0.001166524 0.0037310992
v 0.0042648129 -0.020800734 0.010401925
v 0.0042774975 -0.021215292 0.010443737
v 0.0042798365 -0.042023685 0.020271441
v 0.0042803735 -0.020841951 0.010426669
v 0.004288727 -0.021395724 0.010548973
v 0.004288781 -0.020958129 0.010482041
v 0.0042959061 9.3295548e-06 0.0045986148
v 0.0042978819 -0.020865174 0.010382448
v 0.0043053073 -0.021134725 0.010420003
v 0.0043273107 -0.021352956 0.010446977
v 0.0043384796 -0.02118309 0.01038566
v 0.0043401448 -0.042076305 0.020249503
v 0.0043432568 -0.020953706 0.010357155
v 0.0043442259 -0.021010069 0.010377814
v 0.0043686023 -0.0062899697 0.0078849159
v 0.0043762396 -0.021411469 0.010455825
v 0.0043820455 0.0019630545 -0.00018679127
v 0.0043858094 -0.021037064 0.010337882
v 0.0043884921 -0.02119871 0.010355256
v 0.0043899184 -5.5886403e-06 0.0045050955
v 0.0044120527 -0.021308208 0.010366274
v 0.0044163777 -0.021097267 0.010328315
v 0.0044371965 -0.04214453 0.020250605
v 0.0044395374 -0.013608602 0.004456372
v 0.0044407793 -0.040356252 0.021188514
v 0.0044459091 -5.0625335e-05 0.0043926528
v 0.0044515883 -0.021404129 0.010407688
v 0.0044591823 -0.0069073304 0.0082197441
v 0.0044614538 -0.021186717 0.010323141
v 0.0044647926 -0.021354055 0.013226406
v 0.0044724382 -0.021327814 0.013261821
v 0.0044742567 -0.021422395 0.013112183
v 0.0044871285 -0.021238118 0.010326163
v 0.0044876933 -0.021259913 0.010330486
v 0.0044902414 -0.021395389 0.010390622
v 0.0044950475 -0.021458399 0.013040171
v 0.0044998848 -0.042179745 0.020270919
v 0.0045018112 -0.021267686 0.010330215
v 0.0045032809 -0.021272784 0.013324997
v 0.0045055528 0.0020102607 -0.00020480144
v 0.004529573 -0.017896663 0.0084034791
v 0.0045428141 -0.018004717 0.0082638739
v 0.004552966 -0.021217505 0.013374458
v 0.0045538787 -0.021374634 0.010372294
v 0.0045600976 -0.0097236652 0.0074850521
v 0.0045755603 -0.0097673591 0.0076559088
v 0.0045788982 -0.017749546 0.0084887045
v 0.0045857327 -0.0097618783 0.0073141046
v 0.0046040392 -0.010989679 0.0031943987
v 0.0046043857 0.00057416264 0.0025463765
v 0.0046185669 -0.041180599 0.020151006
v 0.0046232725 0.0020277358 -0.00026516183
v 0.0046243318 -0.03982573 0.021273175
v 0.0046253083 -0.0082635041 0.0069712498
v 0.0046279794 -0.0098812534 0.0077808951
v 0.0046282685 -0.040187895 0.021598533
v 0.0046373308 -0.013517153 0.0044677458
v 0.0046431711 -0.039817538 0.021383537
v 0.0046447646 -0.039851725 0.021151513
v 0.004665764 -0.039818965 0.021438101
v 0.0046775742 -0.017602781 0.0084967148
v 0.0046942653 -0.021121021 0.013419914
v 0.0047003082 -0.039825398 0.021492213
v 0.0047032139 -0.00016695933 0.00097092905
v 0.0047172843 0.0020128177 -0.00035868087
v 0.0047240551 -0.039831392 0.021518532
v 0.0047732769 0.001967778 -0.00047112216
v 0.0047851489 -0.039848488 0.021574251
v 0.0047878833 -0.022253355 0.010997361
v 0.0047879093 -0.00064298674 0.0032079299
v 0.0047961022 -0.0070304214 0.0064040124
v 0.0048021744 -0.0223378 0.011073179
v 0.0048097754 -0.021910742 0.010718514
v 0.0048354999 -0.00017797638 0.00098456454
v 0.0048641311 -0.022247778 0.010950366
v 0.0048848139 -0.018597079 0.0070791515
v 0.0048866821 -0.0076477821 0.0067388406
v 0.0049096779 -0.0015362523 0.0017151765
v 0.0049169315 -0.022201657 0.013542329
v 0.0049184733 -0.010208869 0.0047536353
v 0.0049186368 -0.010198877 0.0046205693
v 0.0049412111 -0.010263627 0.0048731831
v 0.004941673 -0.010235169 0.0044942405
v 0.0049606613 -0.00020986066 0.00095103227
v 0.0049833823 -0.01035481 0.0049610091
v 0.0050022285 0.0015512548 -0.002961121
v 0.0050038048 -0.012880725 0.011363661
v 0.0050331843 -0.0014890466 0.0016971664
v 0.0050455271 -0.03876467 0.021207973
v 0.0050596474 -0.00025775758 0.00087543845
v 0.0050665629 -0.022448299 0.011060375
v 0.0050675068 -0.03868093 0.02115356
v 0.0050717383 -0.013343746 0.011614782
v 0.0050723529 -0.038762145 0.021271355
v 0.0050727567 -0.022459028 0.011038918
v 0.0050739977 -0.0014796862 0.0016814205
v 0.0051173856 -0.0003143794 0.0007692923
v 0.0051381681 -0.038953003 0.021440558
v 0.005139166 -0.03876923 0.0213602
v 0.0051509063 -0.001471574 0.0016368078
v 0.0051640971 -0.0020717194 0.0020563547
v 0.0051842099 -0.0021136869 0.0020786491
v 0.0051842327 -0.01079851 0.0052408394
v 0.0051962906 -0.0021385856 0.0020880837
v 0.0051998352 -0.012418932 0.011189354
v 0.0052085118 -0.0021580607 0.0020940348
v 0.0052118823 -0.0021704326 0.0020964823
v 0.0052171997 -0.0014779586 0.0015773496
v 0.0052192877 -0.0021854502 0.0020990914
v 0.0052449182 -0.0014864921 0.0015432888
v 0.005246141 -0.0020372153 0.0020493302
v 0.0052669509 -0.0021610931 0.0020966486
v 0.0052749594 -0.022846088 0.011312081
v 0.0052790907 -0.0023044103 0.0020902297
v 0.0052836733 -0.01082753 0.0033095174
v 0.0052850898 -0.0022940177 0.002092134
v 0.0052905078 -0.0023266505 0.0020824724
v 0.0053009093 -0.0015315288 0.0014308457
v 0.0053213225 -0.0021423784 0.0020854806
v 0.0053281523 -0.013646841 0.01184035
v 0.0053284182 -0.0020151527 0.0020225986
v 0.0053344048 -0.0024104929 0.0020311216
v 0.0053608548 -0.0021056163 0.0020627384
v 0.0053685778 -0.0020092223 0.0020019605
v 0.0053717769 0.00093114557 -0.002544387
v 0.0053768088 -0.0024875442 0.0019307637
v 0.0053777206 -0.0020580944 0.0020329317
v 0.0053854552 -0.0022594687 0.0020715168
v 0.0053854971 -0.024460014 0.014409441
v 0.0054286602 -0.0023704499 0.002009592
v 0.005443634 -0.0024452836 0.0019289241
v 0.0054543456 -0.039912038 0.019545173
v 0.0054584327 -0.0021916116 0.0020295398
v 0.0054608928 -0.039792098 0.019536011
v 0.0054623089 -0.0026356345 0.0016345832
v 0.0054716188 -0.0020134258 0.0019185276
v 0.0054722666 -0.0097412253 0.0045515625
v 0.0054841242 -0.0024086854 0.0019223136
v 0.0054849628 -0.0097860629 0.0044265217
v 0.005489564 -0.002103887 0.0019745156
v 0.0054992381 -0.014084198 0.010133878
v 0.005501546 -0.0097268801 0.0046809595
v 0.0055093532 -0.016450256 0.013241459
v 0.0055118389 -0.023227587 0.0115662
v 0.0055192471 -0.016276283 0.013210234
v 0.0055221007 -0.0027455499 0.0015093473
v 0.0055238372 -0.0022819485 0.0019548431
v 0.0055250195 -0.016617296 0.013184954
v 0.0055304333 -0.039952699 0.019521324
v 0.0055422708 -0.0023291118 0.0018993121
v 0.0055424273 -0.0020498757 0.0018085162
v 0.0055553284 -0.0020669959 0.0017720237
v 0.0055557326 -0.0023010699 0.0018891774
v 0.0055600242 -0.0028187661 0.0014751153
v 0.0055620484 -0.016732644 0.013055863
v 0.005564441 -0.0021675364 0.0018830799
v 0.005568346 -0.0097452113 0.0047950135
v 0.0055696242 -0.0025567757 0.001626133
v 0.0055807382 -0.002181086 0.0018364039
v 0.0055999584 -0.0028977506 0.0014633773
v 0.0056073018 -0.012082104 0.011138564
v 0.005633967 -0.0026750555 0.0014913629
v 0.0056408285 -0.0022150862 0.0014758431
v 0.0056412327 -0.0024491602 0.0015929969
v 0.0056463117 -0.0084846755 0.0039735301
v 0.0056481003 -0.040002756 0.019526038
v 0.0056557585 -0.0085529787 0.0038592843
v 0.0056624953 -0.0097934278 0.0048763608
v 0.0056662378 -0.0023291761 0.0015402233
v 0.0056750178 -0.003051457 0.0015089904
v 0.0056848475 -0.0084035061 0.0040721865
v 0.0057154405 -0.013799103 0.012028281
v 0.0057158857 -0.0013510118 -0.0013039726
v 0.0057177516 -0.0028388444 0.0014418949
v 0.0057185404 -0.00259127 0.0014310819
v 0.0057205539 -0.040026385 0.019552279
v 0.0057386132 -0.0091137821 0.004314729
v 0.0057463353 -0.0091703376 0.0041941106
v 0.005760415 -0.0024349156 0.0012253716
v 0.0057629412 -0.0025069434 0.0013376771
v 0.0057654982 -0.0083218273 0.0041402341
v 0.0057744686 -0.036452599 0.020367242
v 0.0057796342 -0.023594357 0.011832626
v 0.005782058 -0.0090660704 0.0044315313
v 0.0057985242 -0.0030042513 0.0014909802
v 0.0058192001 -0.0027880508 0.0013716473
v 0.0058269626 -0.010378424 0.0032417988
v 0.0058393376 -0.0029948908 0.0014752347
v 0.0058617685 -0.036044527 0.02027115
v 0.0058700573 -0.0090344632 0.0045267357
v 0.0058759898 -0.0082520749 0.0041673151
v 0.0058888616 -0.0027531013 0.0012633295
v 0.0058994093 -0.0025681613 -0.00064241921
v 0.0059040487 -0.017325005 0.01187114
v 0.0059139547 -0.035871081 0.020165956
v 0.0059161289 -0.0027393214 0.0011334328
v 0.0059162448 -0.0029867755 0.0014306202
v 0.0059201769 -0.038183756 0.019206135
v 0.0059242477 -0.018743003 0.0074521718
v 0.0059620687 -0.025737088 0.013331239
v 0.0059825396 -0.0029931632 0.0013711639
v 0.0059892116 -0.0090237744 0.0045858491
v 0.0059977584 -0.0091453409 0.0026745615
v 0.0060102572 -0.0030016936 0.0013371012
v 0.0060614333 -0.018498916 0.0091468152
v 0.0060635055 -0.018333221 0.0092091113
v 0.0060662492 -0.0030467333 0.0012246598
v 0.0060883355 -0.0097626988 0.003009388
v 0.0060919705 -0.018613772 0.0090156039
v 0.0060976334 -0.018161081 0.0091858013
v 0.0061080707 -0.027197257 0.016260674
v 0.006108724 -0.027315358 0.016284171
v 0.0061170268 -0.01196049 0.011224902
v 0.0061514145 -0.027160272 0.016313391
v 0.0061568972 -0.013770377 0.012141356
v 0.0061832382 -0.01526892 0.0077644326
v 0.006201121 -0.023486517 0.014840201
v 0.0062127826 -0.02359339 0.014699549
v 0.0062344037 -0.035256114 0.020378573
v 0.0062483614 -0.027109152 0.016374405
v 0.0062547578 -0.023342626 0.014928285
v 0.0062638121 -0.026721634 0.016194057
v 0.0062739081 -0.028627731 0.016763112
v 0.0062787426 -0.024151428 0.01226972
v 0.0063390159 -0.033161573 0.01924319
v 0.0063466351 -0.036620613 0.018667076
v 0.0063546761 -0.033219285 0.019336389
v 0.0063593234 -0.023200274 0.014940201
v 0.0063656303 -0.032911196 0.018931083
v 0.0063955435 -0.033196565 0.019395439
v 0.0064339703 -0.019206133 0.0078308815
v 0.0065132775 -0.018470667 0.0074860426
v 0.0065428047 -0.015546352 0.0060324082
v 0.0065650879 -0.013566351 0.012157178
v 0.0065663736 -0.03316424 0.019504208
v 0.0065924302 -0.012086679 0.011425234
v 0.0065977434 -0.023904813 0.014838112
v 0.0066107381 -0.016009372 0.0062835291
v 0.0066668047 -0.029154059 0.015211746
v 0.0066793906 -0.03122732 0.018583562
v 0.0066948729 -0.028717434 0.01479063
v 0.0067110709 -0.018379219 0.0074974159
v 0.0067138211 -0.0344573 0.017812558
v 0.006723443 -0.028638646 0.014710599
v 0.0067388355 -0.015084559 0.005858101
v 0.0067675337 -0.034493748 0.017706549
v 0.0067945253 -0.030401891 0.015864743
v 0.0068022381 -0.028647317 0.014671423
v 0.0068112845 -0.024630021 0.012626285
v 0.0068591624 -0.013227435 0.012072611
v 0.0068632523 -0.03452608 0.017622743
v 0.0068671526 -0.016312467 0.0065090973
v 0.0069061252 -0.01242686 0.011685881
v 0.0069262865 -0.028640393 0.014648106
v 0.0069444231 -0.034548793 0.017591355
v 0.0069808769 -0.012820755 0.011904407
v 0.007004078 -0.028624713 0.014654621
v 0.0070061353 -0.0093099317 0.0081817489
v 0.007038651 -0.0091756349 0.0080710799
v 0.0070623681 -0.012395948 0.0046071913
v 0.007071489 -0.03456676 0.017583238
v 0.0070853648 -0.0091170045 0.0079107033
v 0.0071337568 -0.0091497488 0.007743591
v 0.0071463017 -0.01474773 0.0058073117
v 0.0071505145 -0.034568187 0.017600926
v 0.0071550962 -0.02486809 0.012915544
v 0.0072544403 -0.016464729 0.0066970284
v 0.0073329532 -0.013165901 0.010204079
v 0.0073882393 -0.015830368 0.013526809
v 0.0074632983 -0.015984075 0.013572423
v 0.0075411554 -0.016136277 0.013526454
v 0.0076009487 -0.016246192 0.013401218
v 0.007651398 -0.012123613 0.0046410621
v 0.0076560266 -0.014626116 0.00589365
v 0.007695897 -0.016436003 0.0068101035
v 0.0077163088 -0.018055752 0.0096004074
v 0.0077322568 -0.010186382 0.0056703263
v 0.0077557568 -0.018223105 0.0096425638
v 0.0078075458 -0.018385295 0.0095940642
v 0.0078577977 -0.018498866 0.0094679026
v 0.0079429485 -0.016838554 0.012216494
v 0.0080169532 -0.014350625 0.0078346329
v 0.0081040878 -0.016231978 0.0068259249
v 0.0081314296 -0.014752306 0.0060939821
v 0.0081997979 -0.019091228 0.0082831793
v 0.0083981622 -0.015893061 0.0067413584
v 0.0084451251 -0.015092487 0.0063546281
v 0.0085198767 -0.015486382 0.0065731546
v 0.0087846927 -0.02474249 0.016214
v 0.008786411 -0.024664396 0.016257238
v 0.0087876506 -0.024777127 0.016185842
v 0.0087981401 -0.024579061 0.016280714
v 0.0088075353 -0.024535486 0.016284484
v 0.008811065 -0.024856513 0.016081171
v 0.0088478057 -0.024410021 0.016263438
v 0.0088577988 -0.024937462 0.015919277
v 0.0088822879 -0.014595327 0.013340583
v 0.0090252589 -0.014692894 0.013377732
v 0.0091361078 -0.017258015 0.0076368619
v 0.0091528296 -0.014804002 0.013325565
v 0.0091661811 -0.010399167 0.0061906576
v 0.0091678808 -0.0098613324 0.0090814913
v 0.0091955382 -0.025011983 0.01603494
v 0.0092130033 -0.017307656 0.0096584186
v 0.0092262812 -0.0098950323 0.0091152005
v 0.0092308214 -0.014898874 0.013198062
v 0.0093204835 -0.017441005 0.0097032124
v 0.0093380874 -0.0097816316 0.0090378681
v 0.0093519725 -0.011204346 0.011780679
v 0.0093702078 -0.025824977 0.014144244
v 0.0094095655 -0.025893146 0.014007905
v 0.009422075 -0.017578304 0.0096566426
v 0.0094428454 -0.0097382972 0.008901896
v 0.0094905542 -0.017682763 0.009531186
v 0.009512485 -0.0097766425 0.0087437173
v 0.0095162923 -0.01114778 0.011746923
v 0.0095728207 -0.015491235 0.012013339
v 0.0095931981 -0.011139666 0.011702308
v 0.0096010631 -0.012902086 0.012701455
v 0.0096594933 -0.011146051 0.011642852
v 0.0097251376 -0.016985679 0.0076707322
v 0.0097432025 -0.011199623 0.011496348
v 0.0097767068 -0.012922689 0.012709553
v 0.0098325536 -0.018275125 0.0083464636
v 0.0099281957 -0.012977451 0.012636119
v 0.01001494 -0.013051701 0.012500831
v 0.010085202 -0.011791985 0.010311626
v 0.010110985 -0.010813275 0.0066704527
v 0.010124835 -0.025066964 0.016263947
v 0.010291276 -0.016064964 0.0093483422
v 0.01035694 -0.013644062 0.011316109
v 0.010447768 -0.016141826 0.0093790414
v 0.010463472 -0.013129521 0.00793033
v 0.01057123 -0.024403062 0.016757468
v 0.010585239 -0.016237775 0.0093221543
v 0.010595171 -0.024528269 0.016796922
v 0.010627792 -0.013072954 0.0078965742
v 0.010628482 -0.024656961 0.016785279
v 0.010666095 -0.024769543 0.016724311
v 0.010666853 -0.016327098 0.0091929222
v 0.010693531 -0.011479776 0.010331131
v 0.010702283 -0.024848878 0.0166233
v 0.010737563 -0.014573804 0.0087315952
v 0.010770993 -0.013071225 0.0077925026
v 0.010854702 -0.013124797 0.0076459995
v 0.010857739 -0.011422975 0.010297226
v 0.010914342 -0.014582887 0.0087342607
v 0.010934599 -0.011414763 0.010252548
v 0.011000858 -0.011421072 0.010193042
v 0.011008853 -0.016919458 0.0080081988
v 0.011025925 -0.024928177 0.01636916
v 0.011066662 -0.014629217 0.008656851
v 0.01107954 -0.02583003 0.014705872
v 0.011084537 -0.011474582 0.0100465
v 0.011153711 -0.014700379 0.0085201068
v 0.011196703 -0.01371716 0.0064612767
v 0.011257952 -0.025788667 0.014740003
v 0.011312228 -0.025882704 0.014551936
v 0.011495711 -0.01529274 0.0073353834
v 0.011628693 -0.024507798 0.016720193
v 0.011683038 -0.012511214 0.0079732351
v 0.011729917 -0.024682848 0.016369972
v 0.012172773 -0.023599507 0.016818017
v 0.012256385 -0.023694776 0.016859727
v 0.012340283 -0.023798086 0.016849997
v 0.012411698 -0.02389371 0.016790306
v 0.012459754 -0.023967089 0.016689744
v 0.012686038 -0.02410548 0.016233047
v 0.012777713 -0.025090368 0.014817679
v 0.012935317 -0.023510629 0.016598796
v 0.013026622 -0.024902061 0.014787178
v 0.013076554 -0.024988564 0.014614183
v 0.013175207 -0.015743474 0.01140051
v 0.013187208 -0.015776083 0.011515808
v 0.013189636 -0.015782421 0.011535726
v 0.01320439 -0.015819378 0.011635967
v 0.013211953 -0.015837535 0.011676848
v 0.013225362 -0.0158688 0.011737127
v 0.013232447 -0.015819948 0.011567824
v 0.013235234 -0.022208685 0.016429313
v 0.013248462 -0.016829064 0.01374332
v 0.013253075 -0.015930977 0.011829246
v 0.013264564 -0.015849426 0.011468044
v 0.013273178 -0.015974719 0.01187801
v 0.013286233 -0.016002685 0.011903867
v 0.013303574 -0.015858309 0.011596143
v 0.013303763 -0.016039675 0.011931072
v 0.01332651 -0.015885402 0.011492235
v 0.013328978 -0.015913496 0.011797763
v 0.013330624 -0.015911091 0.011792987
v 0.013352164 -0.015886933 0.011725567
v 0.013358431 -0.022252135 0.016456539
v 0.013367542 -0.016076606 0.010734241
v 0.013371195 -0.016021114 0.011914309
v 0.013371882 -0.016781678 0.013725194
v 0.013372955 -0.015902629 0.011504443
v 0.013374293 -0.015878564 0.011645272
v 0.013380062 -0.016019285 0.011911122
v 0.013380494 -0.016100409 0.010749642
v 0.013403558 -0.015910402 0.011510298
v 0.013406378 -0.016135627 0.010773694
v 0.013429173 -0.016011856 0.01188912
v 0.013434635 -0.015916046 0.011522091
v 0.013437346 -0.016165994 0.010796053
v 0.013444479 -0.016226625 0.010690141
v 0.013446754 -0.015942719 0.011798817
v 0.013446966 -0.015899517 0.011654781
v 0.013455966 -0.016180348 0.01080736
v 0.01347589 -0.022311514 0.016434532
v 0.01348953 -0.01676405 0.013664737
v 0.013492646 -0.016010078 0.011848111
v 0.013520082 -0.016375065 0.010660382
v 0.01353271 -0.01595011 0.011623506
v 0.013540019 -0.015963297 0.011576138
v 0.013541086 -0.016222609 0.010846148
v 0.013556433 -0.016396189 0.010672467
v 0.01355901 -0.01629517 0.010744571
v 0.013563363 -0.015982166 0.011592312
v 0.013565474 -0.016465168 0.0106555
v 0.013569304 -0.016015027 0.011754116
v 0.013569728 -0.022377783 0.016366638
v 0.013574078 -0.016027417 0.011763951
v 0.013583494 -0.016778868 0.013571154
v 0.013590778 -0.016234675 0.010861748
v 0.013591345 -0.016516978 0.010658788
v 0.013596451 -0.016039502 0.011729055
v 0.013606118 -0.016546743 0.010663026
v 0.013608771 -0.016526889 0.010664059
v 0.013611015 -0.01630814 0.010761762
v 0.013613017 -0.016560705 0.010665831
v 0.01361696 -0.016411098 0.01069337
v 0.013617577 -0.016290495 0.010784675
v 0.013625656 -0.022440854 0.016263194
v 0.013627556 -0.016071785 0.011655652
v 0.013639469 -0.016823871 0.01345869
v 0.013657545 -0.016652396 0.010704927
v 0.013677707 -0.016386418 0.010737585
v 0.013710503 -0.016276419 0.01091718
v 0.013727239 -0.016287573 0.010927589
v 0.013728112 -0.016299361 0.010893348
v 0.013730984 -0.016496846 0.010736598
v 0.013731705 -0.016598331 0.010740455
v 0.013759172 -0.016572265 0.010763289
v 0.013769208 -0.016364921 0.010861162
v 0.013792555 -0.022729928 0.015685046
v 0.013796109 -0.016526671 0.010810864
v 0.013805622 -0.016440397 0.010860487
v 0.013814776 -0.016396061 0.011007102
v 0.013820163 -0.01647789 0.010872402
v 0.013825297 -0.016455593 0.010904568
v 0.013829392 -0.019452265 0.015222619
v 0.013867418 -0.017218694 0.012669045
v 0.013962622 -0.019449171 0.015229472
v 0.013999321 -0.023774857 0.014461289
v 0.014088585 -0.019469094 0.015190192
v 0.014162421 -0.017958585 0.013132258
v 0.014185884 -0.023411198 0.014322509
v 0.014188105 -0.019508999 0.015110755
v 0.014201093 -0.01808225 0.013206836
v 0.014216631 -0.017823553 0.011459328
v 0.014224157 -0.023477487 0.01418993
v 0.014237969 -0.017860504 0.011385425
v 0.014246031 -0.019562813 0.01500326
v 0.014432129 -0.020424463 0.014535349
v 0.014608757 -0.018879913 0.012079978
v 0.014658086 -0.018204873 0.012152621
v 0.01480811 -0.020939808 0.013203313
v 0.014844531 -0.020599445 0.012929995
v 0.017581578 -0.022959622 0.015320704
v 0.017600825 -0.02363088 0.015260939
v 0.018198626 -0.024136098 0.017188571
v 0.018295538 -0.024083426 0.017150467
v 0.018377524 -0.024631722 0.015959516
v 0.018394776 -0.02405495 0.017073907
v 0.018467011 -0.024059335 0.016981158
v 0.018515199 -0.024096556 0.016868722
v 0.018519022 -0.024501516 0.015982417
v 0.018576192 -0.024413299 0.016042324
v 0.018589571 -0.024268743 0.016232593
v 0.01860117 -0.024329554 0.016132932
v 0.02087645 -0.060876451 0.0347852
v 0.021307558 -0.027303472 0.018400982
v 0.021479551 -0.028065521 0.018416027
v 0.025154926 -0.030939998 0.021930113
v 0.02523466 -0.030875513 0.021879023
v 0.025306927 -0.031450294 0.020905564
v 0.025315885 -0.030835155 0.021791277
v 0.025378054 -0.030831758 0.021685239
v 0.025414502 -0.03086246 0.021577211
v 0.025431022 -0.031294629 0.020902999
v 0.025481556 -0.031192705 0.020953571
v 0.025530055 -0.031128682 0.021047382
v 0.025553169 -0.031083608 0.02117832
v 0.026352566 -0.032251224 0.021505857
v 0.028018206 -0.032783441 0.022940522
v 0.029280769 -0.056568101 0.035246532
v 0.030589934 -0.034515787 0.023807338
v 0.03121745 -0.035400268 0.023948042
v 0.032060362 -0.10159794 0.058608741
v 0.032089591 -0.10166498 0.058481771
v 0.032089777 -0.10149164 0.05875336
v 0.032179471 -0.10168971 0.058375698
v 0.032329503 -0.10167114 0.058292463
v 0.032639902 -0.10082493 0.059386663
v 0.033430036 -0.10018273 0.059801802
v 0.033438627 -0.10121151 0.058182556
v 0.03362285 -0.036276236 0.025708867
v 0.033680405 -0.036202826 0.025645483
v 0.033738013 -0.036153607 0.025547037
v 0.033777326 -0.036712777 0.025029078
v 0.033779074 -0.036143012 0.025441548
v 0.033805665 -0.036170293 0.025323981
v 0.033808403 -0.03635842 0.025022332
v 0.033867963 -0.036537547 0.025007885
v 0.0339038 -0.036426175 0.025049316
v 0.034165394 -0.03643645 0.025806798
v 0.034409132 -0.036551215 0.025885722
v 0.034439657 -0.036565464 0.025895504
v 0.034470193 -0.036579691 0.025905268
v 0.034531306 -0.036608085 0.025924744
v 0.03465369 -0.036664609 0.025963472
v 0.035639983 -0.037104305 0.026262496
v 0.03588438 -0.037126314 0.025975287
v 0.0359165 -0.037139274 0.025986714
v 0.03602773 -0.037185721 0.026021751
v 0.036298435 -0.037794277 0.025967276
v 0.037649836 -0.037915669 0.026800394
v 0.038284168 -0.098578498 0.058682151
v 0.038740586 -0.038220014 0.026816944
v 0.039689116 -0.038544416 0.027063569
v 0.040475737 -0.038808201 0.027250955
v 0.041541032 -0.039429083 0.027538391
v 0.041815598 -0.039257504 0.02757013
v 0.041902378 -0.039286602 0.027590802
v 0.043033194 -0.039665803 0.027860181
v 0.04314737 -0.039743286 0.02790544
v 0.043178149 -0.039782692 0.027929373
v 0.046011284 -0.094617315 0.059106302
v 0.046359319 -0.047811996 0.032911681
v 0.046534773 -0.048306368 0.03321914
v 0.046745084 -0.048958637 0.033625502
v 0.047425825 -0.051210366 0.035029579
v 0.048246659 -0.054852717 0.037177745
v 0.048326876 -0.054827102 0.037184373
v 0.048445709 -0.054763444 0.037235782
v 0.048955616 -0.056572415 0.038355071
v 0.050342984 -0.062588595 0.041865434
v 0.050423019 -0.062562749 0.041872084
v 0.050523233 -0.062177263 0.04181518
v 0.050529219 -0.062507838 0.041914929
v 0.050598677 -0.062447708 0.041981913
v 0.052306674 -0.068566136 0.045749765
v 0.053194877 -0.071736254 0.047699239
v 0.054070421 -0.091091499 0.058599316
v 0.0546235 -0.078044541 0.051235482
v 0.054703131 -0.078018077 0.051242068
v 0.054808691 -0.077962428 0.051284693
v 0.054882992 -0.077896006 0.051359642
v 0.054916251 -0.07783436 0.051445596
v 0.055380043 -0.080390327 0.053178709
v 0.055494323 -0.080377609 0.053147029
v 0.055583064 -0.080385402 0.053093903
v 0.055649888 -0.080408573 0.053025961
v 0.055691883 -0.13628055 0.082579106
v 0.055760022 -0.0807935 0.053262234
v 0.05587101 -0.081181005 0.053500075
v 0.062741801 -0.13266653 0.082966067
v 0.063787766 -0.10874567 0.069907628
v 0.063866459 -0.10871727 0.069913544
v 0.063970588 -0.10865915 0.069955029
v 0.064043723 -0.10859105 0.070028886
v 0.064078286 -0.10851982 0.0701278
v 0.064276002 -0.11010659 0.071536168
v 0.064392693 -0.11008903 0.071504839
v 0.064483844 -0.11009367 0.071450599
v 0.064566649 -0.11012284 0.071360834
v 0.064604037 -0.11015327 0.071269438
v 0.064607054 -0.1101628 0.071275309
v 0.067972437 -0.17650488 0.10636093
v 0.067977034 -0.17641936 0.10649154
v 0.067990705 -0.17652813 0.10631079
v 0.06801524 -0.17654084 0.10627249
v 0.068100378 -0.17654744 0.10619839
v 0.068167709 -0.17612915 0.10680373
v 0.068188503 -0.17653327 0.10615463
v 0.068345487 -0.176488 0.10610807
v 0.06909617 -0.17530571 0.10739945
v 0.070060946 -0.17564696 0.10614205
v 0.070353761 -0.17449644 0.10772648
v 0.071365327 -0.17491493 0.10631299
v 0.072479993 -0.17334802 0.10793482
v 0.0736048 -0.13927902 0.088549525
v 0.073683135 -0.13925028 0.08855556
v 0.073779829 -0.13972077 0.08975444
v 0.073786676 -0.13919179 0.088597052
v 0.073859319 -0.13912357 0.088670753
v 0.07388363 -0.13899034 0.088876367
v 0.073893584 -0.13905241 0.088769414
v 0.073899411 -0.13970071 0.089724891
v 0.073993355 -0.13970397 0.089670666
v 0.07407885 -0.13973269 0.089579366
v 0.074120395 -0.1397731 0.089491852
v 0.074830621 -0.17221017 0.10795853
v 0.075771481 -0.17176831 0.10794678
v 0.078421175 -0.15455759 0.097858079
v 0.078499362 -0.1545293 0.097864769
v 0.078602627 -0.15447168 0.097907022
v 0.078675002 -0.15440424 0.097981088
v 0.078699164 -0.15427189 0.098186448
v 0.078709118 -0.15433367 0.098079763
v 0.079350941 -0.17077428 0.10682495
v 0.082731657 -0.1687496 0.10746767
v 0.082862139 -0.16916674 0.10671602
v 0.08288531 -0.16870899 0.10741626
v 0.082946703 -0.16870655 0.10737412
v 0.082988426 -0.16909613 0.10673215
v 0.08300072 -0.16871464 0.107321
v 0.083034113 -0.16905999 0.10675457
v 0.083076157 -0.16876571 0.10718445
v 0.083083533 -0.16900887 0.10679773
v 0.083122894 -0.16884667 0.10702256
v 0.083130918 -0.16892061 0.10690062
s 1
f 1056// 1061// 1208//
f 1208// 1061// 1217//
f 1070// 1240// 1068//
f 1068// 1240// 1234//
f 1068// 1234// 1064//
f 1064// 1234// 1222//
f 1064// 1222// 1061//
f 1061// 1222// 1217//
f 1544// 1553// 1550//
f 1550// 1553// 1555//
f 1550// 1555// 1557//
f 1551// 1536// 1550//
f 1550// 1536// 1537//
f 1550// 1537// 1544//
f 1520// 1514// 1512//
f 1512// 1514// 1508//
f 1520// 1522// 1514//
f 1514// 1522// 1524//
f 1514// 1524// 1529//
f 1508// 1514// 1507//
f 1507// 1514// 1530//
f 1507// 1530// 1511//
f 1530// 1569// 1571//
f 1525// 1511// 1549//
f 1549// 1511// 1530//
f 1549// 1530// 1560//
f 1560// 1530// 1571//
f 1560// 1571// 1599//
f 1599// 1571// 1585//
f 1599// 1585// 1605//
f 1569// 1530// 1566//
f 1566// 1530// 1514//
f 1566// 1514// 1551//
f 1551// 1514// 1529//
f 1551// 1529// 1536//
f 2115// 2119// 2125//
f 2125// 2119// 2126//
f 2125// 2126// 2123//
f 2123// 2126// 2120//
f 2123// 2120// 2118//
f 1968// 1969// 2011//
f 2011// 1969// 2016//
f 2011// 2016// 2015//
f 2015// 2016// 2027//
f 2027// 2016// 2030//
f 2027// 2030// 2029//
f 2029// 2030// 2112//
f 2112// 2030// 2119//
f 2112// 2119// 2115//
f 1654// 1580// 1597//
f 1654// 1597// 1664//
f 1593// 1659// 1600//
f 1600// 1659// 1662//
f 1597// 1608// 1664//
f 1664// 1608// 1609//
f 1664// 1609// 1662//
f 1662// 1609// 1606//
f 1662// 1606// 1600//
f 1666// 1662// 1659//
f 1676// 1672// 1671//
f 1696// 1692// 1691//
f 1691// 1692// 1687//
f 1687// 1692// 1677//
f 1687// 1677// 1680//
f 1671// 1672// 1666//
f 1666// 1672// 1664//
f 1666// 1664// 1662//
f 1680// 1677// 1676//
f 1676// 1677// 1667//
f 1676// 1667// 1672//
f 1672// 1667// 1654//
f 1672// 1654// 1664//
f 1685// 1674// 1668//
f 1648// 1652// 1656//
f 1667// 1677// 1669//
f 1669// 1677// 1692//
f 1669// 1692// 1679//
f 1679// 1692// 1696//
f 1679// 1696// 1693//
f 1693// 1696// 1702//
f 1648// 1656// 1651//
f 1651// 1656// 1663//
f 1651// 1663// 1653//
f 1652// 1660// 1656//
f 1656// 1660// 1668//
f 1656// 1668// 1663//
f 1663// 1668// 1674//
f 1648// 1654// 1652//
f 1652// 1654// 1667//
f 1652// 1667// 1660//
f 1660// 1667// 1669//
f 1660// 1669// 1668//
f 1668// 1669// 1679//
f 1668// 1679// 1685//
f 1685// 1679// 1693//
f 1651// 1653// 1573//
f 1573// 1568// 1651//
f 1651// 1568// 1563//
f 1651// 1563// 1648//
f 1648// 1563// 1559//
f 1648// 1559// 1654//
f 1654// 1559// 1580//
f 1999// 2039// 2053//
f 1999// 2053// 2004//
f 2004// 2053// 2068//
f 2004// 2068// 2006//
f 2006// 2068// 2081//
f 2006// 2081// 2007//
f 2007// 2081// 2093//
f 2007// 2093// 2012//
f 1392// 1729// 1357//
f 1357// 1729// 1673//
f 1392// 1357// 1358//
f 1358// 1357// 1296//
f 1358// 1296// 1281//
f 1281// 1296// 1262//
f 1281// 1262// 1247//
f 1247// 1262// 1206//
f 1247// 1206// 1193//
f 1193// 1206// 1152//
f 1193// 1152// 1174//
f 1174// 1152// 1090//
f 1174// 1090// 1178//
f 1178// 1090// 1109//
f 1369// 1178// 1313//
f 1313// 1178// 1109//
f 1369// 1313// 1398//
f 1398// 1313// 1368//
f 1398// 1368// 1462//
f 1462// 1368// 1408//
f 1462// 1408// 1634//
f 1634// 1408// 1498//
f 1634// 1498// 1712//
f 1712// 1498// 1646//
f 1712// 1646// 1735//
f 1735// 1646// 1686//
f 1735// 1686// 1729//
f 1729// 1686// 1673//
f 876// 797// 980//
f 980// 797// 874//
f 980// 874// 1039//
f 1039// 874// 995//
f 1039// 995// 1076//
f 1076// 995// 1063//
f 1076// 1063// 1107//
f 1107// 1063// 1083//
f 1107// 1083// 1165//
f 1165// 1083// 1087//
f 1165// 1087// 1151//
f 1151// 1087// 1086//
f 959// 1151// 853//
f 853// 1151// 1086//
f 959// 853// 870//
f 870// 853// 788//
f 870// 788// 775//
f 775// 788// 741//
f 775// 741// 717//
f 717// 741// 652//
f 717// 652// 636//
f 636// 652// 611//
f 636// 611// 613//
f 613// 611// 554//
f 613// 554// 601//
f 601// 554// 506//
f 601// 506// 610//
f 610// 506// 534//
f 876// 610// 797//
f 797// 610// 534//
f 1874// 1896// 1891//
f 1945// 1940// 1942//
f 1926// 1911// 1894//
f 1745// 1751// 1799//
f 1940// 1926// 1942//
f 1942// 1926// 1894//
f 1942// 1894// 1932//
f 1932// 1894// 1871//
f 1932// 1871// 1922//
f 1922// 1871// 1819//
f 1922// 1819// 1903//
f 1903// 1819// 1763//
f 1903// 1763// 1891//
f 1891// 1763// 1745//
f 1891// 1745// 1874//
f 1874// 1745// 1799//
f 1940// 1945// 1946//
f 1910// 1896// 1874//
f 1799// 1751// 1778//
f 1799// 1778// 1874//
f 1940// 1946// 1926//
f 1911// 1926// 1914//
f 1914// 1926// 1946//
f 1914// 1946// 1908//
f 1908// 1946// 1944//
f 1908// 1944// 1892//
f 1892// 1944// 1941//
f 1892// 1941// 1873//
f 1873// 1941// 1933//
f 1873// 1933// 1830//
f 1830// 1933// 1925//
f 1830// 1925// 1778//
f 1778// 1925// 1910//
f 1778// 1910// 1874//
f 1180// 1250// 1211//
f 1211// 1250// 1265//
f 1211// 1265// 1253//
f 1253// 1265// 1282//
f 1253// 1282// 1267//
f 1267// 1282// 1316//
f 1267// 1316// 1268//
f 1268// 1316// 1317//
f 1268// 1317// 1256//
f 1256// 1317// 1284//
f 1256// 1284// 1214//
f 1214// 1284// 1266//
f 1409// 1366// 1424//
f 1424// 1366// 1380//
f 1424// 1380// 1455//
f 1455// 1380// 1394//
f 1455// 1394// 1489//
f 1489// 1394// 1403//
f 1489// 1403// 1582//
f 1582// 1403// 1432//
f 1582// 1432// 1630//
f 1630// 1432// 1452//
f 1630// 1452// 1635//
f 1635// 1452// 1463//
f 1635// 1463// 1632//
f 1632// 1463// 1456//
f 1632// 1456// 1595//
f 1595// 1456// 1435//
f 1595// 1435// 1487//
f 1487// 1435// 1402//
f 1487// 1402// 1448//
f 1448// 1402// 1389//
f 1448// 1389// 1414//
f 1414// 1389// 1372//
f 1414// 1372// 1405//
f 1405// 1372// 1361//
f 1405// 1361// 1409//
f 1409// 1361// 1366//
f 1050// 984// 1028//
f 1028// 984// 958//
f 1028// 958// 1001//
f 1001// 958// 884//
f 1001// 884// 988//
f 988// 884// 843//
f 988// 843// 928//
f 928// 843// 794//
f 928// 794// 886//
f 886// 794// 770//
f 886// 770// 877//
f 877// 770// 761//
f 877// 761// 883//
f 883// 761// 768//
f 883// 768// 920//
f 920// 768// 792//
f 920// 792// 991//
f 991// 792// 846//
f 991// 846// 1013//
f 1013// 846// 894//
f 1013// 894// 1037//
f 1037// 894// 978//
f 1037// 978// 1055//
f 1055// 978// 986//
f 1055// 986// 1050//
f 1050// 986// 984//
f 1469// 1401// 1420//
f 1420// 1401// 1383//
f 1420// 1383// 1388//
f 1388// 1383// 1325//
f 1388// 1325// 1330//
f 1330// 1325// 1274//
f 1330// 1274// 1276//
f 1276// 1274// 1244//
f 1276// 1244// 1259//
f 1259// 1244// 1205//
f 1259// 1205// 1249//
f 1249// 1205// 1186//
f 1249// 1186// 1255//
f 1255// 1186// 1200//
f 1166// 1176// 1170//
f 1176// 1189// 1179//
f 1189// 1200// 1186//
f 1189// 1186// 1179//
f 1179// 1186// 1205//
f 1179// 1205// 1196//
f 1196// 1205// 1244//
f 1196// 1244// 1241//
f 1241// 1244// 1274//
f 1241// 1274// 1272//
f 1272// 1274// 1325//
f 1272// 1325// 1320//
f 1320// 1325// 1383//
f 1320// 1383// 1382//
f 1382// 1383// 1401//
f 1382// 1401// 1400//
f 1176// 1179// 1170//
f 1170// 1179// 1196//
f 1170// 1196// 1181//
f 1181// 1196// 1241//
f 1181// 1241// 1232//
f 1232// 1241// 1272//
f 1232// 1272// 1271//
f 1271// 1272// 1320//
f 1271// 1320// 1321//
f 1321// 1320// 1382//
f 1321// 1382// 1386//
f 1386// 1382// 1400//
f 1386// 1400// 1404//
f 1166// 1170// 1145//
f 1145// 1170// 1181//
f 1145// 1181// 1173//
f 1173// 1181// 1232//
f 1173// 1232// 1219//
f 1219// 1232// 1271//
f 1219// 1271// 1269//
f 1269// 1271// 1321//
f 1269// 1321// 1327//
f 1327// 1321// 1386//
f 1327// 1386// 1393//
f 1393// 1386// 1404//
f 1393// 1404// 1416//
f 1228// 1200// 1226//
f 1226// 1200// 1189//
f 1226// 1189// 1218//
f 1218// 1189// 1207//
f 1207// 1189// 1176//
f 1207// 1176// 1202//
f 1202// 1176// 1192//
f 1192// 1176// 1166//
f 1192// 1166// 1182//
f 1245// 1255// 1236//
f 1236// 1255// 1200//
f 1236// 1200// 1228//
f 1440// 1484// 1264//
f 1264// 1484// 1255//
f 1264// 1255// 1257//
f 1257// 1255// 1245//
f 1484// 1440// 1625//
f 1625// 1440// 1493//
f 1625// 1493// 1707//
f 1707// 1493// 1657//
f 1707// 1657// 1773//
f 1773// 1657// 1741//
f 1773// 1741// 1845//
f 1845// 1741// 1797//
f 1845// 1797// 1866//
f 1866// 1797// 1836//
f 1866// 1836// 1861//
f 1861// 1836// 1825//
f 1861// 1825// 1469//
f 1469// 1825// 1491//
f 1469// 1491// 1476//
f 1476// 1461// 1469//
f 1469// 1461// 1447//
f 1469// 1447// 1401//
f 1401// 1447// 1439//
f 1401// 1439// 1419//
f 1451// 1416// 1449//
f 1449// 1416// 1404//
f 1449// 1404// 1438//
f 1438// 1404// 1422//
f 1422// 1404// 1400//
f 1422// 1400// 1418//
f 1418// 1400// 1417//
f 1417// 1400// 1401//
f 1417// 1401// 1419//
f 590// 587// 566//
f 545// 557// 541//
f 541// 529// 545//
f 545// 529// 532//
f 545// 532// 551//
f 518// 546// 513//
f 513// 546// 537//
f 513// 537// 524//
f 524// 537// 543//
f 524// 543// 549//
f 549// 543// 566//
f 549// 566// 579//
f 579// 566// 587//
f 591// 590// 571//
f 571// 590// 566//
f 571// 566// 551//
f 551// 566// 543//
f 551// 543// 545//
f 545// 543// 537//
f 545// 537// 557//
f 557// 537// 546//
f 532// 539// 551//
f 551// 539// 553//
f 551// 553// 571//
f 571// 553// 565//
f 571// 565// 591//
f 591// 565// 585//
f 696// 507// 503//
f 455// 391// 388//
f 368// 343// 340//
f 326// 319// 317//
f 310// 325// 307//
f 307// 325// 323//
f 307// 323// 304//
f 304// 323// 320//
f 304// 320// 298//
f 298// 320// 317//
f 321// 310// 315//
f 315// 310// 307//
f 315// 307// 313//
f 313// 307// 304//
f 313// 304// 311//
f 311// 304// 298//
f 311// 298// 312//
f 312// 298// 299//
f 317// 319// 298//
f 298// 319// 302//
f 298// 302// 299//
f 325// 347// 323//
f 323// 347// 344//
f 323// 344// 320//
f 320// 344// 342//
f 320// 342// 317//
f 317// 342// 340//
f 317// 340// 326//
f 326// 340// 343//
f 347// 387// 344//
f 344// 387// 384//
f 344// 384// 342//
f 342// 384// 385//
f 342// 385// 340//
f 340// 385// 388//
f 340// 388// 368//
f 368// 388// 391//
f 507// 455// 503//
f 503// 455// 388//
f 503// 388// 495//
f 495// 388// 385//
f 495// 385// 492//
f 492// 385// 384//
f 492// 384// 488//
f 488// 384// 387//
f 719// 696// 716//
f 716// 696// 503//
f 716// 503// 710//
f 710// 503// 495//
f 710// 495// 699//
f 699// 495// 492//
f 699// 492// 676//
f 676// 492// 488//
f 676// 787// 699//
f 699// 787// 803//
f 699// 803// 710//
f 710// 803// 831//
f 710// 831// 716//
f 716// 831// 849//
f 716// 849// 719//
f 719// 849// 863//
f 312// 299// 324//
f 324// 299// 314//
f 373// 364// 343//
f 299// 302// 314//
f 314// 302// 319//
f 314// 319// 330//
f 330// 319// 326//
f 330// 326// 341//
f 341// 326// 343//
f 341// 343// 359//
f 359// 343// 364//
f 343// 368// 373//
f 373// 368// 391//
f 373// 391// 485//
f 391// 455// 485//
f 485// 455// 507//
f 485// 507// 739//
f 863// 923// 719//
f 719// 923// 739//
f 719// 739// 696//
f 696// 739// 507//
f 941// 818// 627//
f 941// 627// 708//
f 708// 627// 604//
f 708// 604// 645//
f 1044// 989// 941//
f 941// 989// 818//
f 989// 1000// 987//
f 987// 1000// 998//
f 998// 999// 987//
f 987// 999// 1004//
f 987// 1004// 992//
f 992// 1004// 994//
f 1004// 1015// 994//
f 994// 1015// 1018//
f 994// 1018// 997//
f 997// 1018// 1023//
f 997// 1023// 1026//
f 818// 989// 809//
f 809// 989// 987//
f 809// 987// 810//
f 810// 987// 992//
f 994// 822// 992//
f 992// 822// 817//
f 992// 817// 810//
f 997// 840// 994//
f 994// 840// 826//
f 994// 826// 822//
f 840// 642// 826//
f 826// 642// 633//
f 826// 633// 822//
f 822// 633// 817//
f 817// 633// 626//
f 817// 626// 810//
f 810// 626// 809//
f 809// 626// 627//
f 809// 627// 818//
f 642// 619// 633//
f 633// 619// 612//
f 633// 612// 626//
f 626// 612// 605//
f 626// 605// 627//
f 627// 605// 604//
f 582// 604// 581//
f 581// 604// 605//
f 581// 605// 588//
f 588// 605// 612//
f 619// 607// 612//
f 612// 607// 596//
f 612// 596// 588//
f 645// 604// 630//
f 630// 604// 582//
f 312// 324// 518//
f 518// 324// 630//
f 518// 630// 546//
f 546// 630// 557//
f 557// 630// 541//
f 541// 630// 582//
f 541// 582// 516//
f 578// 559// 607//
f 607// 559// 596//
f 559// 547// 596//
f 596// 547// 522//
f 596// 522// 588//
f 588// 522// 515//
f 588// 515// 581//
f 516// 582// 512//
f 512// 582// 581//
f 512// 581// 511//
f 511// 581// 515//
f 765// 573// 772//
f 772// 573// 574//
f 772// 574// 578//
f 763// 767// 569//
f 569// 563// 763//
f 763// 563// 562//
f 763// 562// 762//
f 762// 562// 567//
f 762// 567// 765//
f 765// 567// 568//
f 765// 568// 573//
f 559// 540// 528//
f 555// 540// 559//
f 508// 505// 514//
f 562// 563// 535//
f 535// 563// 569//
f 568// 567// 552//
f 552// 567// 562//
f 552// 562// 530//
f 559// 574// 573//
f 569// 548// 535//
f 535// 548// 527//
f 535// 527// 514//
f 514// 527// 519//
f 514// 519// 508//
f 509// 515// 522//
f 540// 517// 528//
f 528// 517// 509//
f 528// 509// 526//
f 526// 509// 522//
f 570// 555// 559//
f 559// 573// 570//
f 570// 573// 568//
f 570// 568// 555//
f 555// 568// 552//
f 555// 552// 540//
f 540// 552// 530//
f 540// 530// 517//
f 578// 574// 559//
f 508// 516// 505//
f 505// 516// 512//
f 505// 512// 511//
f 562// 535// 530//
f 530// 535// 514//
f 530// 514// 517//
f 517// 514// 505//
f 517// 505// 509//
f 509// 505// 511//
f 509// 511// 515//
f 526// 559// 528//
f 522// 547// 526//
f 526// 547// 559//
f 541// 516// 529//
f 529// 516// 508//
f 569// 585// 548//
f 548// 585// 565//
f 548// 565// 527//
f 527// 565// 553//
f 527// 553// 519//
f 519// 553// 539//
f 519// 539// 508//
f 508// 539// 532//
f 508// 532// 529//
f 778// 585// 767//
f 767// 585// 569//
f 585// 778// 783//
f 585// 783// 591//
f 591// 783// 784//
f 591// 784// 590//
f 590// 784// 779//
f 590// 779// 587//
f 587// 779// 773//
f 587// 773// 579//
f 860// 868// 996//
f 996// 868// 867//
f 996// 867// 882//
f 882// 867// 859//
f 882// 859// 841//
f 623// 602// 996//
f 996// 602// 842//
f 996// 842// 860//
f 993// 906// 907//
f 907// 906// 854//
f 907// 854// 820//
f 820// 854// 764//
f 820// 764// 755//
f 755// 764// 711//
f 755// 711// 672//
f 672// 711// 634//
f 672// 634// 628//
f 628// 634// 608//
f 628// 608// 617//
f 617// 608// 593//
f 617// 593// 623//
f 623// 593// 602//
f 1162// 1160// 1142//
f 1124// 1133// 1120//
f 1120// 1111// 1124//
f 1124// 1111// 1113//
f 1124// 1113// 1129//
f 1102// 1125// 1097//
f 1097// 1125// 1116//
f 1097// 1116// 1105//
f 1105// 1116// 1122//
f 1105// 1122// 1128//
f 1128// 1122// 1142//
f 1128// 1142// 1154//
f 1154// 1142// 1160//
f 1163// 1162// 1148//
f 1148// 1162// 1142//
f 1148// 1142// 1129//
f 1129// 1142// 1122//
f 1129// 1122// 1124//
f 1124// 1122// 1116//
f 1124// 1116// 1133//
f 1133// 1116// 1125//
f 1113// 1118// 1129//
f 1129// 1118// 1130//
f 1129// 1130// 1148//
f 1148// 1130// 1140//
f 1148// 1140// 1163//
f 1163// 1140// 1159//
f 1154// 981// 974//
f 1154// 974// 1128//
f 1128// 974// 917//
f 1128// 917// 1105//
f 1105// 917// 903//
f 1105// 903// 1097//
f 1097// 903// 906//
f 1097// 906// 1102//
f 520// 560// 523//
f 560// 584// 564//
f 584// 598// 583//
f 598// 602// 593//
f 598// 593// 583//
f 583// 593// 608//
f 583// 608// 603//
f 603// 608// 634//
f 603// 634// 629//
f 629// 634// 711//
f 629// 711// 707//
f 707// 711// 764//
f 707// 764// 759//
f 759// 764// 854//
f 759// 854// 851//
f 851// 854// 906//
f 851// 906// 903//
f 584// 583// 564//
f 564// 583// 603//
f 564// 603// 594//
f 594// 603// 629//
f 594// 629// 622//
f 622// 629// 707//
f 622// 707// 700//
f 700// 707// 759//
f 700// 759// 758//
f 758// 759// 851//
f 758// 851// 855//
f 855// 851// 903//
f 855// 903// 917//
f 560// 564// 523//
f 523// 564// 594//
f 523// 594// 577//
f 577// 594// 622//
f 577// 622// 618//
f 618// 622// 700//
f 618// 700// 697//
f 697// 700// 758//
f 697// 758// 760//
f 760// 758// 855//
f 760// 855// 866//
f 866// 855// 917//
f 866// 917// 974//
f 520// 523// 498//
f 498// 523// 577//
f 498// 577// 544//
f 544// 577// 618//
f 544// 618// 614//
f 614// 618// 697//
f 614// 697// 687//
f 687// 697// 760//
f 687// 760// 766//
f 766// 760// 866//
f 766// 866// 875//
f 875// 866// 974//
f 875// 974// 981//
f 842// 602// 598//
f 842// 598// 825//
f 825// 598// 584//
f 825// 584// 808//
f 808// 584// 560//
f 808// 560// 795//
f 795// 560// 520//
f 795// 520// 773//
f 778// 800// 805//
f 844// 867// 868//
f 844// 868// 845//
f 845// 868// 860//
f 845// 860// 835//
f 859// 867// 834//
f 834// 867// 844//
f 834// 844// 823//
f 823// 844// 800//
f 860// 842// 835//
f 835// 842// 825//
f 835// 825// 808//
f 800// 844// 805//
f 805// 844// 845//
f 805// 845// 806//
f 806// 845// 835//
f 806// 835// 801//
f 801// 835// 808//
f 801// 808// 795//
f 778// 805// 783//
f 783// 805// 806//
f 783// 806// 784//
f 784// 806// 801//
f 784// 801// 779//
f 779// 801// 795//
f 779// 795// 773//
f 841// 859// 833//
f 833// 859// 834//
f 833// 834// 827//
f 827// 834// 824//
f 824// 834// 823//
f 824// 823// 799//
f 799// 823// 800//
f 799// 800// 786//
f 786// 800// 778//
f 786// 778// 767//
f 765// 771// 774//
f 833// 832// 841//
f 798// 799// 786//
f 832// 828// 821//
f 821// 828// 824//
f 816// 832// 821//
f 832// 833// 828//
f 828// 833// 827//
f 828// 827// 824//
f 786// 767// 785//
f 785// 767// 763//
f 785// 763// 774//
f 774// 763// 762//
f 774// 762// 765//
f 790// 793// 807//
f 807// 813// 790//
f 790// 813// 816//
f 790// 816// 791//
f 791// 816// 821//
f 791// 821// 798//
f 798// 821// 824//
f 798// 824// 799//
f 765// 772// 771//
f 771// 772// 777//
f 771// 777// 789//
f 786// 785// 798//
f 798// 785// 774//
f 798// 774// 791//
f 791// 774// 771//
f 791// 771// 790//
f 790// 771// 789//
f 790// 789// 793//
f 813// 832// 816//
f 807// 829// 813//
f 813// 829// 832//
f 772// 811// 777//
f 777// 811// 837//
f 807// 793// 837//
f 837// 793// 789//
f 837// 789// 777//
f 837// 862// 807//
f 807// 862// 873//
f 807// 873// 829//
f 882// 841// 873//
f 873// 841// 832//
f 873// 832// 829//
f 1177// 1171// 1175//
f 1171// 1161// 1172//
f 1161// 1156// 1167//
f 1156// 1157// 1168//
f 1156// 1168// 1167//
f 1167// 1168// 1117//
f 1167// 1117// 1114//
f 1114// 1117// 1081//
f 1114// 1081// 1079//
f 1079// 1081// 1048//
f 1079// 1048// 1040//
f 1040// 1048// 985//
f 1040// 985// 979//
f 979// 985// 882//
f 979// 882// 873//
f 1161// 1167// 1172//
f 1172// 1167// 1114//
f 1172// 1114// 1123//
f 1123// 1114// 1079//
f 1123// 1079// 1078//
f 1078// 1079// 1040//
f 1078// 1040// 1035//
f 1035// 1040// 979//
f 1035// 979// 977//
f 977// 979// 873//
f 977// 873// 862//
f 1171// 1172// 1175//
f 1175// 1172// 1123//
f 1175// 1123// 1141//
f 1141// 1123// 1078//
f 1141// 1078// 1080//
f 1080// 1078// 1035//
f 1080// 1035// 1030//
f 1030// 1035// 977//
f 1030// 977// 933//
f 933// 977// 862//
f 933// 862// 837//
f 1177// 1175// 1184//
f 1184// 1175// 1141//
f 1184// 1141// 1158//
f 1158// 1141// 1080//
f 1158// 1080// 1082//
f 1082// 1080// 1030//
f 1082// 1030// 1027//
f 1027// 1030// 933//
f 1027// 933// 899//
f 899// 933// 837//
f 899// 837// 811//
f 996// 882// 1041//
f 1041// 882// 985//
f 1041// 985// 1075//
f 1075// 985// 1048//
f 1075// 1048// 1134//
f 1134// 1048// 1081//
f 1134// 1081// 1197//
f 1197// 1081// 1117//
f 1197// 1117// 1227//
f 1227// 1117// 1168//
f 1227// 1168// 1215//
f 1215// 1168// 1157//
f 906// 993// 1102//
f 1102// 993// 1215//
f 1102// 1215// 1125//
f 1125// 1215// 1133//
f 1133// 1215// 1120//
f 1120// 1215// 1157//
f 1120// 1157// 1100//
f 1100// 1157// 1096//
f 1096// 1157// 1156//
f 1096// 1156// 1095//
f 1095// 1156// 1099//
f 1099// 1156// 1161//
f 1099// 1161// 1104//
f 1104// 1161// 1171//
f 1104// 1171// 1126//
f 1126// 1171// 1135//
f 1135// 1171// 1177//
f 1135// 1177// 1153//
f 1180// 1366// 1361//
f 1069// 1074// 607//
f 607// 1074// 1089//
f 642// 768// 761//
f 642// 761// 619//
f 1361// 1158// 1082//
f 978// 894// 840//
f 840// 894// 846//
f 840// 846// 642//
f 642// 846// 792//
f 642// 792// 768//
f 761// 770// 619//
f 619// 770// 794//
f 619// 794// 843//
f 1184// 1389// 1402//
f 1089// 1180// 607//
f 607// 1180// 1361//
f 607// 1361// 1027//
f 1027// 1361// 1082//
f 772// 578// 811//
f 811// 578// 607//
f 811// 607// 899//
f 899// 607// 1027//
f 1026// 1182// 997//
f 997// 1182// 1166//
f 997// 1166// 840//
f 840// 1166// 1145//
f 1158// 1361// 1184//
f 1184// 1361// 1372//
f 1184// 1372// 1389//
f 1292// 1153// 1333//
f 1333// 1153// 1177//
f 1333// 1177// 1407//
f 1407// 1177// 1184//
f 1407// 1184// 1675//
f 1675// 1184// 1402//
f 1675// 1402// 1435//
f 978// 840// 1085//
f 1085// 840// 1145//
f 1085// 1145// 1155//
f 1155// 1145// 1173//
f 1155// 1173// 1214//
f 1214// 1173// 1219//
f 1214// 1219// 1256//
f 1256// 1219// 1269//
f 1256// 1269// 1327//
f 1451// 1759// 1416//
f 1416// 1759// 1736//
f 1416// 1736// 1393//
f 1393// 1736// 1722//
f 607// 619// 1069//
f 1069// 619// 843//
f 1069// 843// 1071//
f 1071// 843// 884//
f 1180// 1211// 1366//
f 1366// 1211// 1253//
f 1366// 1253// 1380//
f 1380// 1253// 1267//
f 1722// 1432// 1403//
f 884// 958// 1071//
f 1071// 958// 984//
f 1071// 984// 1085//
f 1085// 984// 986//
f 1085// 986// 978//
f 1435// 1456// 1675//
f 1675// 1456// 1463//
f 1675// 1463// 1722//
f 1722// 1463// 1452//
f 1722// 1452// 1432//
f 1327// 1393// 1256//
f 1256// 1393// 1722//
f 1256// 1722// 1268//
f 1268// 1722// 1403//
f 1268// 1403// 1267//
f 1267// 1403// 1394//
f 1267// 1394// 1380//
f 1351// 1345// 1376//
f 1376// 1345// 1370//
f 1345// 1344// 1370//
f 1370// 1344// 1331//
f 1370// 1331// 1363//
f 1363// 1331// 1314//
f 1363// 1314// 1350//
f 1292// 1333// 1297//
f 1297// 1333// 1350//
f 1297// 1350// 1306//
f 1306// 1350// 1314//
f 1298// 1323// 1328//
f 1338// 1347// 1353//
f 1347// 1359// 1364//
f 1338// 1353// 1323//
f 1347// 1364// 1353//
f 1353// 1364// 1365//
f 1353// 1365// 1354//
f 1354// 1365// 1360//
f 1354// 1360// 1348//
f 1360// 1352// 1348//
f 1348// 1352// 1340//
f 1348// 1340// 1332//
f 1323// 1353// 1328//
f 1328// 1353// 1354//
f 1328// 1354// 1329//
f 1329// 1354// 1348//
f 1329// 1348// 1324//
f 1324// 1348// 1332//
f 1324// 1332// 1315//
f 1298// 1328// 1302//
f 1302// 1328// 1329//
f 1302// 1329// 1303//
f 1303// 1329// 1324//
f 1303// 1324// 1299//
f 1299// 1324// 1315//
f 1299// 1315// 1293//
f 1298// 1290// 1305//
f 1298// 1305// 1323//
f 1323// 1305// 1322//
f 1323// 1322// 1338//
f 1338// 1322// 1339//
f 1338// 1339// 1347//
f 1351// 1359// 1346//
f 1346// 1359// 1347//
f 1346// 1347// 1341//
f 1341// 1347// 1339//
f 1346// 1345// 1351//
f 1319// 1322// 1305//
f 1345// 1343// 1337//
f 1337// 1343// 1339//
f 1335// 1345// 1337//
f 1345// 1346// 1343//
f 1343// 1346// 1341//
f 1343// 1341// 1339//
f 1295// 1286// 1291//
f 1291// 1286// 1288//
f 1291// 1288// 1289//
f 1305// 1290// 1304//
f 1304// 1290// 1287//
f 1304// 1287// 1295//
f 1295// 1287// 1285//
f 1295// 1285// 1286//
f 1308// 1314// 1331//
f 1331// 1334// 1308//
f 1308// 1334// 1335//
f 1308// 1335// 1309//
f 1309// 1335// 1337//
f 1309// 1337// 1319//
f 1319// 1337// 1339//
f 1319// 1339// 1322//
f 1306// 1291// 1297//
f 1297// 1291// 1289//
f 1297// 1289// 1292//
f 1305// 1304// 1319//
f 1319// 1304// 1295//
f 1319// 1295// 1309//
f 1309// 1295// 1291//
f 1309// 1291// 1308//
f 1308// 1291// 1306//
f 1308// 1306// 1314//
f 1334// 1345// 1335//
f 1331// 1344// 1334//
f 1334// 1344// 1345//
f 1150// 1153// 1292//
f 1150// 1292// 1149//
f 1149// 1292// 1289//
f 1149// 1289// 1146//
f 1146// 1289// 1143//
f 1143// 1289// 1288//
f 1143// 1288// 1138//
f 1138// 1288// 1286//
f 1138// 1286// 1137//
f 1137// 1286// 1285//
f 1137// 1285// 1139//
f 1285// 1287// 1139//
f 1139// 1287// 1290//
f 1139// 1290// 1144//
f 1135// 1119// 1110//
f 1131// 1119// 1135//
f 1092// 1091// 1098//
f 1149// 1147// 1135//
f 1137// 1136// 1138//
f 1137// 1139// 1115//
f 1115// 1139// 1144//
f 1136// 1137// 1112//
f 1146// 1143// 1131//
f 1149// 1146// 1147//
f 1147// 1146// 1131//
f 1147// 1131// 1135//
f 1150// 1149// 1135//
f 1153// 1150// 1135//
f 1144// 1127// 1115//
f 1115// 1127// 1108//
f 1115// 1108// 1098//
f 1098// 1108// 1103//
f 1098// 1103// 1092//
f 1093// 1099// 1104//
f 1104// 1106// 1093//
f 1093// 1106// 1110//
f 1093// 1110// 1101//
f 1101// 1110// 1119//
f 1101// 1119// 1112//
f 1112// 1119// 1131//
f 1112// 1131// 1136//
f 1136// 1131// 1143//
f 1136// 1143// 1138//
f 1092// 1100// 1091//
f 1091// 1100// 1096//
f 1091// 1096// 1095//
f 1137// 1115// 1112//
f 1112// 1115// 1098//
f 1112// 1098// 1101//
f 1101// 1098// 1091//
f 1101// 1091// 1093//
f 1093// 1091// 1095//
f 1093// 1095// 1099//
f 1106// 1135// 1110//
f 1104// 1126// 1106//
f 1106// 1126// 1135//
f 1144// 1159// 1127//
f 1127// 1159// 1140//
f 1127// 1140// 1108//
f 1108// 1140// 1130//
f 1108// 1130// 1103//
f 1103// 1130// 1118//
f 1103// 1118// 1092//
f 1120// 1100// 1111//
f 1111// 1100// 1092//
f 1111// 1092// 1113//
f 1113// 1092// 1118//
f 1298// 1159// 1290//
f 1290// 1159// 1144//
f 1159// 1298// 1302//
f 1159// 1302// 1163//
f 1163// 1302// 1303//
f 1163// 1303// 1162//
f 1162// 1303// 1299//
f 1162// 1299// 1160//
f 1160// 1299// 1293//
f 1160// 1293// 1154//
f 938// 929// 952//
f 952// 929// 927//
f 952// 927// 924//
f 967// 946// 952//
f 952// 946// 943//
f 952// 943// 938//
f 957// 970// 961//
f 961// 970// 968//
f 957// 954// 970//
f 970// 954// 953//
f 970// 953// 949//
f 968// 970// 969//
f 969// 970// 975//
f 969// 975// 963//
f 975// 972// 971//
f 956// 963// 965//
f 965// 963// 975//
f 965// 975// 966//
f 966// 975// 971//
f 966// 971// 951//
f 951// 971// 962//
f 951// 962// 945//
f 972// 975// 973//
f 973// 975// 970//
f 973// 970// 967//
f 967// 970// 949//
f 967// 949// 946//
f 197// 206// 167//
f 167// 206// 168//
f 167// 168// 176//
f 176// 168// 186//
f 176// 186// 182//
f 354// 355// 309//
f 309// 355// 303//
f 309// 303// 296//
f 296// 303// 260//
f 260// 303// 259//
f 260// 259// 258//
f 258// 259// 227//
f 227// 259// 206//
f 227// 206// 197//
f 742// 684// 681//
f 742// 681// 731//
f 679// 736// 674//
f 674// 736// 732//
f 681// 670// 731//
f 731// 670// 669//
f 731// 669// 732//
f 732// 669// 671//
f 732// 671// 674//
f 735// 732// 736//
f 729// 734// 733//
f 721// 724// 723//
f 723// 724// 726//
f 726// 724// 737//
f 726// 737// 728//
f 733// 734// 735//
f 735// 734// 731//
f 735// 731// 732//
f 728// 737// 729//
f 729// 737// 745//
f 729// 745// 734//
f 734// 745// 742//
f 734// 742// 731//
f 730// 740// 749//
f 753// 754// 752//
f 745// 737// 744//
f 744// 737// 724//
f 744// 724// 738//
f 738// 724// 721//
f 738// 721// 725//
f 725// 721// 720//
f 753// 752// 747//
f 747// 752// 750//
f 747// 750// 746//
f 754// 751// 752//
f 752// 751// 749//
f 752// 749// 750//
f 750// 749// 740//
f 753// 742// 754//
f 754// 742// 745//
f 754// 745// 751//
f 751// 745// 744//
f 751// 744// 749//
f 749// 744// 738//
f 749// 738// 730//
f 730// 738// 725//
f 747// 746// 689//
f 689// 691// 747//
f 747// 691// 694//
f 747// 694// 753//
f 753// 694// 695//
f 753// 695// 742//
f 742// 695// 684//
f 270// 174// 169//
f 270// 169// 269//
f 269// 169// 166//
f 269// 166// 268//
f 268// 166// 163//
f 268// 163// 266//
f 266// 163// 165//
f 266// 165// 267//
f 757// 715// 502//
f 757// 502// 586//
f 586// 502// 471//
f 586// 471// 501//
f 456// 486// 471//
f 471// 486// 501//
f 486// 456// 316//
f 316// 456// 277//
f 316// 277// 285//
f 1684// 1728// 1658//
f 1658// 1728// 1708//
f 1395// 1373// 1615//
f 1395// 1615// 1655//
f 1655// 1615// 1658//
f 1655// 1658// 1708//
f 1373// 1395// 1278//
f 1278// 1395// 1307//
f 1278// 1307// 712//
f 712// 1307// 881//
f 712// 881// 756//
f 337// 370// 322//
f 322// 370// 327//
f 322// 327// 287//
f 287// 327// 289//
f 287// 289// 283//
f 283// 289// 279//
f 283// 279// 272//
f 272// 279// 285//
f 272// 285// 277//
f 337// 360// 370//
f 370// 360// 397//
f 370// 397// 448//
f 397// 422// 448//
f 448// 422// 572//
f 448// 572// 624//
f 624// 572// 712//
f 624// 712// 756//
f 174// 270// 285//
f 285// 270// 301//
f 285// 301// 316//
f 881// 887// 756//
f 756// 887// 839//
f 756// 839// 624//
f 624// 839// 531//
f 624// 531// 448//
f 285// 279// 174//
f 174// 279// 289//
f 174// 289// 160//
f 160// 289// 327//
f 297// 264// 240//
f 448// 531// 370//
f 370// 531// 402//
f 370// 402// 329//
f 329// 297// 370//
f 370// 297// 240//
f 370// 240// 327//
f 327// 240// 180//
f 327// 180// 160//
f 900// 893// 983//
f 893// 879// 976//
f 879// 865// 910//
f 865// 839// 887//
f 865// 887// 910//
f 910// 887// 881//
f 910// 881// 796//
f 881// 782// 796//
f 796// 782// 620//
f 796// 620// 625//
f 625// 620// 417//
f 625// 417// 419//
f 419// 417// 351//
f 419// 351// 348//
f 348// 351// 316//
f 348// 316// 295//
f 316// 301// 295//
f 295// 301// 270//
f 295// 270// 269//
f 879// 910// 976//
f 976// 910// 796//
f 976// 796// 819//
f 819// 796// 625//
f 819// 625// 631//
f 631// 625// 419//
f 631// 419// 420//
f 420// 419// 348//
f 420// 348// 345//
f 345// 348// 295//
f 345// 295// 294//
f 294// 295// 269//
f 294// 269// 268//
f 893// 976// 983//
f 983// 976// 819//
f 983// 819// 836//
f 836// 819// 631//
f 836// 631// 635//
f 635// 631// 420//
f 635// 420// 423//
f 423// 420// 345//
f 423// 345// 346//
f 346// 345// 294//
f 346// 294// 291//
f 291// 294// 268//
f 291// 268// 266//
f 900// 983// 990//
f 990// 983// 836//
f 990// 836// 847//
f 847// 836// 635//
f 847// 635// 639//
f 639// 635// 423//
f 639// 423// 426//
f 426// 423// 346//
f 426// 346// 350//
f 350// 346// 291//
f 350// 291// 293//
f 293// 291// 266//
f 293// 266// 267//
f 900// 606// 599//
f 900// 599// 893//
f 893// 599// 592//
f 893// 592// 879//
f 879// 592// 580//
f 879// 580// 865//
f 865// 580// 531//
f 865// 531// 839//
f 409// 402// 531//
f 329// 402// 331//
f 331// 402// 409//
f 331// 409// 332//
f 332// 409// 415//
f 332// 415// 335//
f 335// 415// 418//
f 531// 580// 409//
f 409// 580// 592//
f 409// 592// 415//
f 415// 592// 599//
f 415// 599// 418//
f 418// 599// 606//
f 178// 180// 240//
f 173// 177// 229//
f 229// 177// 178//
f 170// 171// 221//
f 221// 171// 173//
f 225// 172// 170//
f 178// 240// 229//
f 229// 240// 264//
f 229// 264// 262//
f 262// 264// 297//
f 262// 297// 300//
f 300// 297// 329//
f 300// 329// 331//
f 173// 229// 221//
f 221// 229// 262//
f 221// 262// 261//
f 261// 262// 300//
f 261// 300// 305//
f 305// 300// 331//
f 305// 331// 332//
f 170// 221// 225//
f 225// 221// 261//
f 225// 261// 263//
f 263// 261// 305//
f 263// 305// 306//
f 306// 305// 332//
f 306// 332// 335//
f 158// 160// 180//
f 180// 178// 158//
f 158// 178// 177//
f 158// 177// 157//
f 174// 160// 169//
f 169// 160// 158//
f 169// 158// 166//
f 166// 158// 157//
f 166// 157// 163//
f 163// 157// 155//
f 163// 155// 165//
f 165// 155// 156//
f 177// 173// 157//
f 157// 173// 171//
f 157// 171// 155//
f 155// 171// 170//
f 155// 170// 156//
f 156// 170// 172//
f 164// 203// 185//
f 164// 185// 153//
f 153// 185// 144//
f 153// 144// 148//
f 148// 144// 140//
f 140// 144// 132//
f 140// 132// 135//
f 135// 132// 128//
f 135// 128// 121//
f 121// 128// 111//
f 121// 111// 100//
f 185// 203// 189//
f 189// 203// 215//
f 189// 215// 192//
f 192// 215// 218//
f 192// 218// 204//
f 204// 218// 233//
f 204// 233// 207//
f 201// 199// 205//
f 205// 199// 208//
f 208// 199// 214//
f 214// 199// 198//
f 214// 198// 220//
f 222// 220// 211//
f 224// 226// 228//
f 228// 226// 230//
f 230// 226// 236//
f 228// 222// 224//
f 224// 222// 211//
f 224// 211// 226//
f 226// 211// 217//
f 202// 207// 210//
f 198// 200// 220//
f 220// 200// 202//
f 220// 202// 211//
f 211// 202// 210//
f 211// 210// 217//
f 199// 201// 194//
f 190// 198// 199//
f 204// 207// 202//
f 189// 192// 191//
f 191// 192// 204//
f 191// 204// 195//
f 195// 204// 202//
f 195// 202// 200//
f 194// 193// 199//
f 199// 193// 188//
f 199// 188// 190//
f 190// 188// 187//
f 190// 187// 184//
f 184// 187// 183//
f 184// 183// 181//
f 185// 189// 181//
f 181// 189// 191//
f 181// 191// 184//
f 184// 191// 195//
f 184// 195// 190//
f 190// 195// 200//
f 190// 200// 198//
f 108// 109// 130//
f 188// 193// 146//
f 105// 106// 112//
f 88// 102// 103//
f 146// 147// 134//
f 194// 196// 175//
f 194// 175// 193//
f 193// 175// 146//
f 146// 175// 162//
f 146// 162// 147//
f 185// 181// 143//
f 130// 132// 144//
f 132// 130// 128//
f 128// 130// 109//
f 128// 109// 111//
f 99// 100// 111//
f 93// 94// 98//
f 89// 90// 95//
f 95// 90// 92//
f 108// 110// 107//
f 88// 101// 102//
f 102// 101// 108//
f 102// 108// 103//
f 103// 108// 104//
f 103// 104// 88//
f 88// 104// 112//
f 99// 111// 98//
f 98// 111// 109//
f 98// 109// 93//
f 93// 109// 108//
f 93// 108// 92//
f 92// 108// 101//
f 92// 101// 95//
f 95// 101// 88//
f 95// 88// 89//
f 188// 146// 187//
f 187// 146// 145//
f 187// 145// 183//
f 181// 183// 143//
f 143// 183// 145//
f 143// 145// 131//
f 131// 145// 146//
f 131// 146// 133//
f 133// 146// 134//
f 133// 134// 112//
f 112// 104// 105//
f 105// 104// 108//
f 105// 108// 106//
f 106// 108// 107//
f 106// 107// 112//
f 112// 107// 110//
f 112// 110// 133//
f 133// 110// 108//
f 133// 108// 131//
f 131// 108// 130//
f 131// 130// 143//
f 143// 130// 144//
f 143// 144// 185//
f 159// 161// 165//
f 165// 161// 162//
f 165// 162// 175//
f 165// 156// 159//
f 159// 156// 172//
f 159// 172// 179//
f 257// 179// 172//
f 281// 265// 263//
f 263// 265// 257//
f 263// 257// 225//
f 225// 257// 172//
f 281// 263// 308//
f 308// 263// 306//
f 308// 306// 328//
f 328// 306// 335//
f 328// 335// 339//
f 339// 335// 403//
f 403// 335// 418//
f 403// 418// 536//
f 536// 418// 606//
f 536// 606// 576//
f 576// 606// 609//
f 416// 550// 447//
f 576// 609// 427//
f 653// 615// 661//
f 661// 615// 550//
f 661// 550// 667//
f 497// 706// 595//
f 595// 706// 701//
f 497// 595// 483//
f 483// 595// 438//
f 483// 438// 444//
f 444// 438// 439//
f 439// 438// 445//
f 439// 445// 493//
f 651// 656// 443//
f 443// 656// 659//
f 443// 659// 677//
f 576// 427// 536//
f 416// 408// 427//
f 427// 408// 424//
f 427// 424// 536//
f 637// 638// 621//
f 621// 638// 651//
f 621// 651// 609//
f 609// 651// 437//
f 609// 437// 427//
f 427// 437// 430//
f 427// 430// 416//
f 416// 430// 589//
f 416// 589// 550//
f 550// 589// 680//
f 550// 680// 667//
f 651// 443// 437//
f 437// 443// 434//
f 437// 434// 430//
f 430// 434// 597//
f 430// 597// 589//
f 689// 493// 677//
f 677// 493// 445//
f 677// 445// 443//
f 443// 445// 438//
f 443// 438// 434//
f 434// 438// 595//
f 434// 595// 597//
f 597// 595// 701//
f 597// 701// 589//
f 589// 701// 686//
f 589// 686// 680//
f 638// 637// 640//
f 640// 637// 641//
f 671// 663// 674//
f 674// 663// 679//
f 663// 666// 654//
f 654// 666// 655//
f 654// 655// 646//
f 671// 669// 663//
f 663// 669// 670//
f 663// 670// 666//
f 666// 670// 681//
f 666// 681// 684//
f 684// 668// 666//
f 666// 668// 664//
f 666// 664// 655//
f 655// 664// 658//
f 655// 658// 646//
f 646// 658// 650//
f 646// 650// 643//
f 643// 650// 644//
f 643// 644// 641//
f 723// 726// 1007//
f 663// 654// 900//
f 900// 654// 646//
f 900// 637// 606//
f 606// 637// 621//
f 606// 621// 609//
f 647// 692// 649//
f 649// 692// 720//
f 649// 720// 1007//
f 1007// 720// 721//
f 1007// 721// 723//
f 646// 643// 900//
f 900// 643// 641//
f 900// 641// 637//
f 726// 728// 1007//
f 1007// 728// 729//
f 1007// 729// 733//
f 733// 735// 1007//
f 1007// 735// 736//
f 1007// 736// 900//
f 900// 736// 679//
f 900// 679// 663//
f 496// 600// 453//
f 453// 600// 616//
f 453// 616// 649//
f 649// 616// 632//
f 649// 632// 647//
f 496// 453// 433//
f 433// 453// 355//
f 433// 355// 354//
f 972// 973// 960//
f 967// 952// 955//
f 616// 449// 459//
f 459// 449// 457//
f 459// 457// 462//
f 462// 457// 662//
f 462// 662// 673//
f 673// 662// 838//
f 673// 838// 848//
f 848// 838// 895//
f 848// 895// 897//
f 897// 895// 915//
f 897// 915// 936//
f 678// 647// 632//
f 678// 632// 464//
f 647// 678// 692//
f 692// 678// 725//
f 692// 725// 720//
f 688// 740// 730//
f 466// 476// 472//
f 472// 476// 538//
f 472// 538// 683//
f 683// 538// 746//
f 683// 746// 750//
f 466// 472// 461//
f 461// 472// 479//
f 461// 479// 477//
f 477// 479// 521//
f 521// 479// 705//
f 521// 705// 702//
f 702// 705// 871//
f 702// 871// 878//
f 952// 924// 955//
f 955// 924// 878//
f 955// 878// 916//
f 916// 878// 871//
f 964// 973// 967//
f 972// 960// 971//
f 915// 945// 936//
f 936// 945// 962//
f 936// 962// 971//
f 971// 960// 936//
f 936// 960// 912//
f 936// 912// 897//
f 897// 912// 864//
f 897// 864// 848//
f 848// 864// 698//
f 848// 698// 673//
f 673// 698// 470//
f 673// 470// 462//
f 462// 470// 464//
f 462// 464// 459//
f 459// 464// 632//
f 459// 632// 616//
f 973// 964// 960//
f 960// 964// 921//
f 960// 921// 912//
f 912// 921// 869//
f 912// 869// 864//
f 864// 869// 704//
f 864// 704// 698//
f 698// 704// 475//
f 698// 475// 470//
f 470// 475// 467//
f 470// 467// 464//
f 464// 467// 688//
f 464// 688// 678//
f 678// 688// 730//
f 678// 730// 725//
f 967// 955// 964//
f 964// 955// 916//
f 964// 916// 921//
f 921// 916// 871//
f 921// 871// 869//
f 869// 871// 705//
f 869// 705// 704//
f 704// 705// 479//
f 704// 479// 475//
f 475// 479// 472//
f 475// 472// 467//
f 467// 472// 683//
f 467// 683// 688//
f 688// 683// 750//
f 688// 750// 740//
f 878// 924// 919//
f 919// 913// 878//
f 878// 913// 904//
f 878// 904// 892//
f 892// 880// 878//
f 878// 880// 850//
f 878// 850// 702//
f 702// 850// 780//
f 702// 780// 748//
f 444// 439// 466//
f 748// 706// 702//
f 702// 706// 497//
f 702// 497// 521//
f 521// 497// 483//
f 521// 483// 477//
f 477// 483// 444//
f 477// 444// 461//
f 461// 444// 466//
f 689// 746// 493//
f 493// 746// 538//
f 493// 538// 439//
f 439// 538// 476//
f 439// 476// 466//
f 890// 891// 857//
f 891// 890// 909//
f 918// 922// 901//
f 947// 935// 932//
f 943// 946// 942//
f 950// 957// 961//
f 924// 934// 931//
f 924// 931// 919//
f 919// 931// 925//
f 919// 925// 913//
f 913// 925// 911//
f 913// 911// 904//
f 904// 911// 896//
f 904// 896// 892//
f 892// 896// 885//
f 892// 885// 880//
f 748// 780// 781//
f 781// 780// 850//
f 781// 850// 856//
f 776// 686// 701//
f 661// 667// 769//
f 769// 667// 680//
f 653// 661// 690//
f 690// 661// 769//
f 690// 769// 858//
f 769// 861// 858//
f 858// 861// 889//
f 858// 889// 902//
f 963// 956// 940//
f 940// 956// 902//
f 940// 902// 908//
f 908// 902// 889//
f 905// 961// 937//
f 937// 961// 968//
f 937// 968// 969//
f 944// 949// 953//
f 680// 686// 769//
f 769// 686// 776//
f 769// 776// 861//
f 861// 776// 857//
f 861// 857// 889//
f 889// 857// 891//
f 889// 891// 908//
f 908// 891// 909//
f 908// 909// 940//
f 946// 949// 942//
f 942// 949// 944//
f 942// 944// 930//
f 914// 930// 932//
f 932// 930// 944//
f 932// 944// 947//
f 947// 944// 953//
f 947// 953// 954//
f 954// 948// 947//
f 947// 948// 939//
f 947// 939// 935//
f 935// 939// 922//
f 935// 922// 932//
f 932// 922// 918//
f 932// 918// 914//
f 914// 918// 901//
f 914// 901// 898//
f 850// 880// 856//
f 856// 880// 885//
f 856// 885// 888//
f 888// 885// 896//
f 954// 957// 948//
f 948// 957// 950//
f 948// 950// 939//
f 939// 950// 961//
f 939// 961// 922//
f 922// 961// 905//
f 922// 905// 901//
f 901// 905// 888//
f 901// 888// 898//
f 898// 888// 896//
f 898// 896// 914//
f 914// 896// 911//
f 914// 911// 930//
f 930// 911// 925//
f 930// 925// 942//
f 942// 925// 931//
f 942// 931// 943//
f 943// 931// 934//
f 943// 934// 938//
f 938// 934// 924//
f 938// 924// 929//
f 929// 924// 927//
f 706// 748// 701//
f 701// 748// 781//
f 701// 781// 776//
f 776// 781// 856//
f 776// 856// 857//
f 857// 856// 888//
f 857// 888// 890//
f 890// 888// 905//
f 890// 905// 909//
f 909// 905// 937//
f 909// 937// 940//
f 940// 937// 969//
f 940// 969// 963//
f 81// 82// 112//
f 82// 83// 112//
f 112// 83// 84//
f 112// 84// 88//
f 88// 84// 86//
f 88// 86// 87//
f 134// 50// 112//
f 112// 50// 62//
f 112// 62// 81//
f 117// 36// 34//
f 416// 447// 32//
f 32// 447// 550//
f 32// 550// 34//
f 34// 550// 615//
f 34// 615// 117//
f 117// 615// 653//
f 416// 32// 408//
f 408// 32// 20//
f 408// 20// 424//
f 159// 147// 161//
f 161// 147// 162//
f 159// 179// 147//
f 147// 179// 7//
f 147// 7// 134//
f 134// 7// 25//
f 134// 25// 50//
f 536// 424// 403//
f 403// 424// 20//
f 403// 20// 339//
f 339// 20// 328//
f 179// 257// 7//
f 7// 257// 265//
f 7// 265// 19//
f 19// 265// 281//
f 19// 281// 20//
f 20// 281// 308//
f 20// 308// 328//
f 63// 64// 70//
f 70// 64// 71//
f 74// 77// 73//
f 79// 82// 81//
f 84// 83// 80//
f 80// 83// 82//
f 82// 79// 80//
f 80// 79// 75//
f 80// 75// 76//
f 76// 75// 66//
f 76// 66// 68//
f 68// 66// 54//
f 68// 54// 55//
f 55// 54// 30//
f 55// 30// 31//
f 31// 30// 17//
f 31// 17// 18//
f 18// 17// 10//
f 18// 10// 11//
f 4// 6// 13//
f 13// 6// 14//
f 13// 14// 27//
f 58// 57// 51//
f 51// 57// 47//
f 51// 47// 27//
f 27// 47// 26//
f 27// 26// 13//
f 6// 8// 14//
f 14// 8// 15//
f 14// 15// 27//
f 27// 15// 28//
f 27// 28// 51//
f 51// 28// 52//
f 51// 52// 58//
f 58// 52// 64//
f 58// 64// 59//
f 59// 64// 63//
f 8// 9// 15//
f 15// 9// 16//
f 15// 16// 28//
f 28// 16// 29//
f 28// 29// 52//
f 52// 29// 53//
f 52// 53// 64//
f 64// 53// 65//
f 64// 65// 71//
f 71// 65// 74//
f 71// 74// 72//
f 72// 74// 73//
f 9// 10// 16//
f 16// 10// 17//
f 16// 17// 29//
f 29// 17// 30//
f 29// 30// 53//
f 53// 30// 54//
f 53// 54// 65//
f 65// 54// 66//
f 65// 66// 74//
f 74// 66// 75//
f 74// 75// 77//
f 77// 75// 79//
f 77// 79// 78//
f 78// 79// 81//
f 47// 46// 26//
f 26// 46// 22//
f 26// 22// 13//
f 13// 22// 2//
f 13// 2// 4//
f 78// 81// 62//
f 57// 45// 47//
f 47// 45// 46//
f 21// 1// 22//
f 22// 1// 2//
f 3// 1// 23//
f 23// 1// 21//
f 23// 21// 48//
f 25// 7// 5//
f 5// 24// 25//
f 25// 24// 49//
f 25// 49// 50//
f 50// 49// 61//
f 50// 61// 62//
f 70// 71// 61//
f 71// 72// 61//
f 61// 72// 73//
f 61// 73// 62//
f 62// 73// 77//
f 62// 77// 78//
f 60// 59// 63//
f 22// 46// 21//
f 21// 46// 45//
f 21// 45// 48//
f 48// 45// 57//
f 48// 57// 60//
f 60// 57// 58//
f 60// 58// 59//
f 5// 3// 24//
f 24// 3// 23//
f 24// 23// 49//
f 49// 23// 48//
f 49// 48// 61//
f 61// 48// 60//
f 61// 60// 70//
f 70// 60// 63//
f 3// 5// 7//
f 8// 6// 9//
f 9// 6// 4//
f 2// 11// 4//
f 4// 11// 10//
f 4// 10// 9//
f 40// 42// 37//
f 37// 42// 44//
f 20// 32// 33//
f 33// 32// 34//
f 33// 34// 35//
f 35// 34// 36//
f 35// 36// 38//
f 38// 36// 37//
f 38// 37// 39//
f 20// 33// 19//
f 19// 33// 12//
f 19// 12// 7//
f 7// 12// 11//
f 7// 11// 3//
f 3// 11// 2//
f 3// 2// 1//
f 44// 43// 37//
f 37// 43// 41//
f 37// 41// 39//
f 55// 31// 69//
f 120// 116// 69//
f 69// 116// 97//
f 69// 97// 91//
f 91// 86// 84//
f 84// 80// 91//
f 91// 80// 76//
f 91// 76// 69//
f 69// 76// 68//
f 69// 68// 55//
f 197// 167// 127//
f 127// 167// 69//
f 152// 141// 69//
f 152// 69// 154//
f 154// 69// 167//
f 154// 167// 176//
f 141// 139// 69//
f 69// 139// 129//
f 69// 129// 120//
f 496// 449// 600//
f 600// 449// 616//
f 354// 309// 142//
f 142// 309// 127//
f 127// 309// 296//
f 127// 296// 260//
f 260// 258// 127//
f 127// 258// 227//
f 127// 227// 197//
f 496// 433// 449//
f 449// 433// 354//
f 449// 354// 457//
f 457// 354// 142//
f 457// 142// 662//
f 895// 838// 118//
f 915// 123// 945//
f 945// 123// 125//
f 945// 125// 951//
f 951// 125// 966//
f 966// 125// 126//
f 966// 126// 965//
f 965// 126// 124//
f 965// 124// 956//
f 956// 124// 122//
f 956// 122// 902//
f 902// 122// 119//
f 902// 119// 858//
f 117// 653// 119//
f 119// 653// 690//
f 119// 690// 858//
f 35// 38// 123//
f 123// 38// 39//
f 123// 39// 125//
f 125// 39// 41//
f 125// 41// 126//
f 118// 96// 67//
f 67// 96// 85//
f 67// 85// 56//
f 915// 895// 123//
f 123// 895// 118//
f 123// 118// 35//
f 35// 118// 67//
f 35// 67// 33//
f 33// 67// 56//
f 33// 56// 12//
f 12// 56// 18//
f 12// 18// 11//
f 838// 662// 118//
f 118// 662// 142//
f 118// 142// 96//
f 96// 142// 127//
f 96// 127// 85//
f 85// 127// 69//
f 85// 69// 56//
f 56// 69// 31//
f 56// 31// 18//
f 36// 117// 37//
f 37// 117// 119//
f 37// 119// 40//
f 40// 119// 122//
f 40// 122// 42//
f 42// 122// 124//
f 42// 124// 44//
f 44// 124// 126//
f 44// 126// 43//
f 43// 126// 41//
f 182// 243// 235//
f 154// 176// 182//
f 86// 91// 87//
f 87// 91// 88//
f 91// 97// 88//
f 88// 97// 116//
f 88// 116// 89//
f 89// 116// 114//
f 89// 114// 90//
f 115// 94// 113//
f 113// 94// 93//
f 113// 93// 92//
f 115// 121// 100//
f 100// 99// 115//
f 115// 99// 98//
f 115// 98// 94//
f 140// 135// 136//
f 148// 149// 153//
f 153// 149// 164//
f 203// 164// 209//
f 209// 164// 149//
f 209// 149// 212//
f 212// 149// 150//
f 235// 231// 150//
f 150// 231// 223//
f 150// 223// 212//
f 235// 151// 182//
f 182// 151// 152//
f 182// 152// 154//
f 135// 121// 136//
f 136// 121// 115//
f 136// 115// 137//
f 137// 115// 113//
f 137// 113// 114//
f 114// 113// 92//
f 114// 92// 90//
f 235// 150// 151//
f 151// 150// 138//
f 151// 138// 152//
f 152// 138// 139//
f 152// 139// 141//
f 148// 140// 149//
f 149// 140// 136//
f 149// 136// 150//
f 150// 136// 137//
f 150// 137// 138//
f 138// 137// 114//
f 138// 114// 139//
f 139// 114// 116//
f 139// 116// 129//
f 129// 116// 120//
f 245// 241// 234//
f 232// 246// 248//
f 243// 246// 235//
f 235// 246// 232//
f 235// 232// 231//
f 203// 209// 213//
f 213// 209// 212//
f 213// 212// 232//
f 232// 212// 223//
f 232// 223// 231//
f 238// 233// 237//
f 237// 233// 218//
f 237// 218// 219//
f 219// 216// 237//
f 237// 216// 234//
f 237// 234// 238//
f 238// 234// 241//
f 218// 215// 219//
f 219// 215// 203//
f 219// 203// 216//
f 216// 203// 213//
f 216// 213// 234//
f 234// 213// 232//
f 234// 232// 245//
f 245// 232// 248//
f 244// 239// 242//
f 241// 249// 242//
f 256// 255// 254//
f 254// 255// 252//
f 254// 252// 247//
f 241// 242// 238//
f 238// 242// 239//
f 238// 239// 233//
f 247// 244// 254//
f 254// 244// 242//
f 254// 242// 253//
f 253// 242// 249//
f 253// 249// 251//
f 251// 249// 241//
f 251// 241// 250//
f 250// 241// 245//
f 250// 245// 248//
f 226// 244// 247//
f 226// 247// 252//
f 226// 252// 236//
f 236// 252// 255//
f 236// 255// 256//
f 226// 217// 244//
f 244// 217// 210//
f 244// 210// 239//
f 239// 210// 207//
f 239// 207// 233//
f 267// 208// 214//
f 182// 186// 243//
f 243// 186// 280//
f 175// 196// 165//
f 165// 196// 201//
f 165// 201// 267//
f 267// 201// 205//
f 267// 205// 208//
f 214// 220// 267//
f 267// 220// 222//
f 267// 222// 228//
f 228// 230// 267//
f 267// 230// 236//
f 267// 236// 280//
f 280// 236// 256//
f 280// 256// 254//
f 254// 253// 280//
f 280// 253// 251//
f 280// 251// 250//
f 250// 248// 280//
f 280// 248// 246//
f 280// 246// 243//
f 900// 990// 1007//
f 1007// 990// 1046//
f 1046// 990// 1010//
f 1010// 990// 847//
f 1010// 847// 982//
f 982// 847// 639//
f 982// 639// 722//
f 722// 639// 426//
f 722// 426// 463//
f 463// 426// 350//
f 463// 350// 365//
f 365// 350// 352//
f 352// 350// 293//
f 352// 293// 318//
f 318// 293// 267//
f 318// 267// 280//
f 352// 579// 773//
f 773// 520// 352//
f 352// 520// 498//
f 352// 498// 365//
f 365// 498// 544//
f 365// 544// 463//
f 463// 544// 614//
f 463// 614// 722//
f 722// 614// 687//
f 722// 687// 982//
f 1154// 1293// 981//
f 981// 1293// 1010//
f 981// 1010// 875//
f 875// 1010// 982//
f 875// 982// 766//
f 766// 982// 687//
f 352// 321// 315//
f 549// 579// 352//
f 352// 315// 549//
f 549// 315// 313//
f 549// 313// 524//
f 524// 313// 311//
f 524// 311// 513//
f 513// 311// 312//
f 513// 312// 518//
f 1046// 1010// 1007//
f 1007// 1010// 787//
f 1007// 787// 649//
f 259// 387// 206//
f 206// 387// 347//
f 206// 347// 168//
f 168// 347// 186//
f 787// 676// 649//
f 649// 676// 488//
f 649// 488// 453//
f 453// 488// 387//
f 453// 387// 355//
f 355// 387// 259//
f 355// 259// 303//
f 352// 318// 321//
f 321// 318// 280//
f 321// 280// 310//
f 310// 280// 186//
f 310// 186// 325//
f 325// 186// 347//
f 1010// 1293// 1315//
f 803// 787// 1010//
f 1010// 1315// 803//
f 803// 1315// 1332//
f 803// 1332// 831//
f 831// 1332// 1340//
f 831// 1340// 849//
f 849// 1340// 1352//
f 849// 1352// 863//
f 923// 863// 1411//
f 1411// 863// 1352//
f 1411// 1352// 1360//
f 1360// 1365// 1411//
f 1411// 1365// 1364//
f 1411// 1364// 1376//
f 1376// 1364// 1359//
f 1376// 1359// 1351//
f 1411// 1376// 1574//
f 1574// 1376// 1443//
f 1574// 1443// 1744//
f 1744// 1443// 1725//
f 1744// 1725// 1783//
f 1783// 1725// 1755//
f 1783// 1755// 1831//
f 1831// 1755// 1851//
f 1851// 1755// 1776//
f 1055// 1050// 1077//
f 1734// 1857// 1889//
f 630// 357// 441//
f 923// 926// 739//
f 1635// 1632// 1783//
f 1931// 2014// 2017//
f 1931// 2017// 1979//
f 1783// 1632// 1744//
f 1371// 1448// 1414//
f 1414// 1405// 1371//
f 1371// 1405// 1409//
f 1371// 1409// 1412//
f 1632// 1595// 1744//
f 1744// 1595// 1487//
f 1744// 1487// 1448//
f 1409// 1424// 1412//
f 1412// 1424// 1455//
f 1412// 1455// 1489//
f 1635// 1783// 1630//
f 1630// 1783// 1831//
f 1630// 1831// 1582//
f 2014// 1931// 1851//
f 1851// 1931// 1412//
f 1851// 1412// 1831//
f 1831// 1412// 1489//
f 1831// 1489// 1582//
f 1448// 1371// 1744//
f 1744// 1371// 1336//
f 1744// 1336// 1574//
f 926// 923// 1336//
f 1336// 923// 1411//
f 1336// 1411// 1574//
f 812// 485// 739//
f 454// 489// 812//
f 812// 489// 542//
f 485// 450// 373//
f 373// 450// 421//
f 373// 421// 364//
f 364// 421// 401//
f 364// 401// 392//
f 542// 575// 812//
f 812// 575// 558//
f 812// 558// 485//
f 485// 558// 491//
f 485// 491// 450//
f 399// 441// 341//
f 399// 341// 392//
f 392// 341// 359//
f 392// 359// 364//
f 630// 324// 357//
f 357// 324// 314//
f 357// 314// 441//
f 441// 314// 330//
f 441// 330// 341//
f 441// 1005// 630//
f 630// 1005// 703//
f 630// 703// 645//
f 645// 703// 708//
f 1682// 1584// 1077//
f 1077// 1584// 1591//
f 2017// 2008// 1979//
f 1979// 2008// 1982//
f 1979// 1982// 1957//
f 1957// 1982// 1943//
f 1957// 1943// 1900//
f 1900// 1943// 1889//
f 1900// 1889// 1890//
f 1890// 1889// 1857//
f 1918// 1922// 1715//
f 1715// 1922// 1903//
f 1715// 1903// 1891//
f 1900// 1896// 1910//
f 1910// 1925// 1900//
f 1900// 1925// 1933//
f 1900// 1933// 1957//
f 1957// 1933// 1941//
f 1941// 1944// 1957//
f 1957// 1944// 1946//
f 1957// 1946// 1979//
f 1979// 1946// 1945//
f 1979// 1945// 1931//
f 1931// 1945// 1942//
f 1931// 1942// 1918//
f 1918// 1942// 1932//
f 1918// 1932// 1922//
f 494// 480// 429//
f 429// 480// 407//
f 1484// 1625// 1715//
f 1715// 1625// 1707//
f 1715// 1707// 1918//
f 1918// 1707// 1773//
f 1224// 1266// 1276//
f 1259// 1249// 1164//
f 1164// 1249// 1255//
f 1164// 1255// 1121//
f 1276// 1266// 1330//
f 1330// 1266// 1284//
f 1330// 1284// 1388//
f 1388// 1284// 1377//
f 1388// 1377// 1420//
f 1469// 1412// 1861//
f 1861// 1412// 1931//
f 1861// 1931// 1866//
f 1866// 1931// 1918//
f 1866// 1918// 1845//
f 1845// 1918// 1773//
f 1134// 1197// 1275//
f 907// 820// 812//
f 820// 755// 812//
f 812// 755// 494//
f 812// 494// 454//
f 454// 494// 429//
f 1197// 1227// 1275//
f 1275// 1227// 1215//
f 1275// 1215// 812//
f 812// 1215// 993//
f 812// 993// 907//
f 755// 672// 494//
f 494// 672// 628//
f 494// 628// 480//
f 480// 628// 441//
f 480// 441// 407//
f 407// 441// 399//
f 1075// 1072// 1041//
f 1041// 1072// 1066//
f 1041// 1066// 996//
f 996// 1066// 1005//
f 996// 1005// 623//
f 623// 1005// 441//
f 623// 441// 617//
f 617// 441// 628//
f 1284// 1317// 1377//
f 1377// 1317// 1316//
f 1377// 1316// 1294//
f 1084// 1132// 1088//
f 1276// 1259// 1224//
f 1224// 1259// 1164//
f 1224// 1164// 1169//
f 1169// 1164// 1094//
f 1075// 1134// 1072//
f 1072// 1134// 1275//
f 1072// 1275// 1191//
f 1316// 1282// 1294//
f 1294// 1282// 1265//
f 1294// 1265// 1275//
f 1275// 1265// 1250//
f 1275// 1250// 1191//
f 1734// 1591// 1857//
f 1857// 1591// 1584//
f 1857// 1584// 1890//
f 1890// 1584// 1682//
f 1890// 1682// 1900//
f 1900// 1682// 1715//
f 1900// 1715// 1896//
f 1896// 1715// 1891//
f 1088// 1094// 1084//
f 1084// 1094// 1164//
f 1084// 1164// 1073//
f 1073// 1164// 1121//
f 1073// 1121// 1043//
f 883// 920// 814//
f 883// 814// 877//
f 877// 814// 743//
f 877// 743// 886//
f 920// 991// 814//
f 814// 991// 1013//
f 814// 1013// 1077//
f 1077// 1013// 1037//
f 1077// 1037// 1055//
f 1484// 1715// 1255//
f 1255// 1715// 1682//
f 1255// 1682// 1121//
f 1121// 1682// 1077//
f 1121// 1077// 1043//
f 1043// 1077// 1050//
f 1043// 1050// 1028//
f 1028// 1001// 1043//
f 1043// 1001// 988//
f 1043// 988// 743//
f 743// 988// 928//
f 743// 928// 886//
f 1591// 1044// 1077//
f 1077// 1044// 941//
f 1077// 941// 814//
f 814// 941// 708//
f 814// 708// 743//
f 743// 708// 703//
f 743// 703// 1043//
f 1043// 703// 1005//
f 1043// 1005// 1073//
f 1073// 1005// 1066//
f 1073// 1066// 1084//
f 1084// 1066// 1072//
f 1084// 1072// 1132//
f 1132// 1072// 1191//
f 739// 926// 812//
f 812// 926// 1336//
f 812// 1336// 1275//
f 1275// 1336// 1371//
f 1275// 1371// 1294//
f 1294// 1371// 1412//
f 1294// 1412// 1377//
f 1377// 1412// 1469//
f 1377// 1469// 1420//
f 376// 379// 399//
f 362// 363// 379//
f 379// 363// 380//
f 379// 380// 399//
f 435// 410// 414//
f 414// 410// 398//
f 414// 398// 393//
f 393// 398// 375//
f 393// 375// 374//
f 374// 375// 366//
f 374// 366// 367//
f 367// 366// 356//
f 367// 356// 361//
f 361// 356// 349//
f 361// 349// 362//
f 362// 349// 353//
f 362// 353// 363//
f 399// 392// 376//
f 376// 392// 401//
f 376// 401// 382//
f 382// 401// 421//
f 382// 421// 400//
f 400// 421// 450//
f 400// 450// 428//
f 428// 450// 491//
f 428// 491// 458//
f 458// 491// 558//
f 458// 558// 482//
f 353// 358// 363//
f 363// 358// 371//
f 371// 358// 372//
f 372// 358// 369//
f 372// 369// 377//
f 377// 369// 381//
f 381// 369// 378//
f 381// 378// 396//
f 396// 378// 404//
f 404// 378// 395//
f 404// 395// 413//
f 413// 395// 425//
f 425// 395// 406//
f 425// 406// 432//
f 432// 406// 440//
f 440// 406// 412//
f 440// 412// 442//
f 487// 484// 558//
f 558// 484// 482//
f 482// 484// 436//
f 482// 436// 435//
f 442// 412// 436//
f 436// 412// 410//
f 436// 410// 435//
f 558// 575// 487//
f 487// 575// 542//
f 487// 542// 478//
f 478// 542// 468//
f 468// 542// 489//
f 468// 489// 451//
f 451// 489// 446//
f 446// 489// 454//
f 446// 454// 431//
f 431// 454// 411//
f 411// 454// 429//
f 411// 429// 405//
f 405// 429// 407//
f 405// 407// 389//
f 389// 407// 399//
f 389// 399// 380//
f 1633// 1583// 1296//
f 1408// 1368// 1391//
f 1391// 1368// 1313//
f 1391// 1313// 852//
f 284// 353// 275//
f 275// 353// 349//
f 275// 349// 292//
f 292// 349// 356//
f 292// 356// 338//
f 338// 356// 366//
f 338// 366// 383//
f 383// 366// 375//
f 383// 375// 499//
f 499// 375// 398//
f 499// 398// 648//
f 1296// 1583// 1262//
f 852// 995// 727//
f 727// 995// 874//
f 727// 874// 561//
f 1296// 1357// 1633//
f 1633// 1357// 1673//
f 1633// 1673// 1967//
f 1967// 1673// 1686//
f 1967// 1686// 1646//
f 1391// 1745// 1408//
f 1408// 1745// 1763//
f 1408// 1763// 1498//
f 1498// 1763// 1819//
f 1498// 1819// 1646//
f 1646// 1819// 1871//
f 1646// 1871// 1967//
f 398// 410// 648//
f 648// 410// 412//
f 648// 412// 1263//
f 1263// 412// 406//
f 1263// 406// 395//
f 1313// 1109// 852//
f 852// 1109// 1090//
f 852// 1090// 995//
f 995// 1090// 1152//
f 995// 1152// 1063//
f 1063// 1152// 1206//
f 1063// 1206// 1083//
f 506// 378// 474//
f 474// 378// 369//
f 474// 369// 284//
f 284// 369// 358//
f 284// 358// 353//
f 561// 874// 490//
f 490// 874// 797//
f 490// 797// 474//
f 474// 797// 534//
f 474// 534// 506//
f 1871// 1894// 1967//
f 1967// 1894// 1911//
f 1967// 1911// 1977//
f 1977// 1911// 1914//
f 1977// 1914// 1955//
f 1955// 1914// 1908//
f 1955// 1908// 1927//
f 1908// 1892// 1927//
f 1927// 1892// 1873//
f 1927// 1873// 1803//
f 1803// 1873// 1830//
f 1803// 1830// 1538//
f 1538// 1830// 1778//
f 1538// 1778// 1391//
f 1391// 1778// 1751//
f 1391// 1751// 1745//
f 506// 554// 378//
f 378// 554// 611//
f 378// 611// 395//
f 395// 611// 652//
f 652// 741// 395//
f 395// 741// 788//
f 395// 788// 1263//
f 1263// 788// 853//
f 1263// 853// 1086//
f 1206// 1262// 1083//
f 1083// 1262// 1583//
f 1083// 1583// 1087//
f 1087// 1583// 1480//
f 1087// 1480// 1086//
f 1086// 1480// 1342//
f 1086// 1342// 1263//
f 1391// 852// 830//
f 1391// 830// 1381//
f 1381// 830// 815//
f 1381// 815// 1378//
f 1378// 815// 802//
f 1378// 802// 1374//
f 1374// 802// 804//
f 1374// 804// 1375//
f 1976// 1974// 1981//
f 1974// 1967// 1977//
f 1974// 1977// 1981//
f 1981// 1977// 1955//
f 1981// 1955// 1956//
f 1956// 1955// 1927//
f 1956// 1927// 1928//
f 1928// 1927// 1803//
f 1928// 1803// 1801//
f 1801// 1803// 1538//
f 1801// 1538// 1501//
f 1980// 1978// 1983//
f 1983// 1978// 1976//
f 1538// 1391// 1501//
f 1501// 1391// 1381//
f 1501// 1381// 1378//
f 1976// 1981// 1983//
f 1983// 1981// 1956//
f 1983// 1956// 1958//
f 1958// 1956// 1928//
f 1958// 1928// 1929//
f 1929// 1928// 1801//
f 1929// 1801// 1806//
f 1806// 1801// 1501//
f 1806// 1501// 1495//
f 1495// 1501// 1378//
f 1495// 1378// 1374//
f 1980// 1983// 1984//
f 1984// 1983// 1958//
f 1984// 1958// 1964//
f 1964// 1958// 1929//
f 1964// 1929// 1930//
f 1930// 1929// 1806//
f 1930// 1806// 1813//
f 1813// 1806// 1495//
f 1813// 1495// 1499//
f 1499// 1495// 1374//
f 1499// 1374// 1375//
f 1633// 1967// 1974//
f 1633// 1974// 1644//
f 1644// 1974// 1976//
f 1644// 1976// 1665//
f 1665// 1976// 1978//
f 1665// 1978// 1678//
f 1678// 1978// 1980//
f 1678// 1980// 1684//
f 1684// 1658// 1678//
f 1678// 1658// 1647//
f 1678// 1647// 1665//
f 1665// 1647// 1637//
f 1665// 1637// 1644//
f 1644// 1637// 1628//
f 1644// 1628// 1633//
f 1633// 1628// 1583//
f 1342// 1480// 1355//
f 1355// 1480// 1497//
f 1355// 1497// 1362//
f 1362// 1497// 1532//
f 1362// 1532// 1367//
f 1367// 1532// 1592//
f 1367// 1592// 1373//
f 1373// 1592// 1615//
f 1480// 1583// 1497//
f 1497// 1583// 1628//
f 1497// 1628// 1532//
f 1532// 1628// 1637//
f 1532// 1637// 1592//
f 1592// 1637// 1647//
f 1592// 1647// 1615//
f 1615// 1647// 1658//
f 1373// 1278// 1367//
f 1367// 1278// 1277//
f 1367// 1277// 1362//
f 1362// 1277// 1273//
f 1362// 1273// 1355//
f 1355// 1273// 1270//
f 1355// 1270// 1342//
f 1342// 1270// 1263//
f 648// 1263// 1270//
f 648// 1270// 665//
f 665// 1270// 1273//
f 665// 1273// 693//
f 693// 1273// 1277//
f 693// 1277// 709//
f 709// 1277// 1278//
f 709// 1278// 712//
f 422// 397// 394//
f 360// 337// 334//
f 322// 287// 286//
f 283// 272// 271//
f 284// 275// 282//
f 282// 275// 274//
f 282// 274// 278//
f 278// 274// 273//
f 278// 273// 276//
f 276// 273// 271//
f 276// 271// 277//
f 277// 271// 272//
f 287// 283// 286//
f 286// 283// 271//
f 286// 271// 288//
f 288// 271// 273//
f 288// 273// 290//
f 290// 273// 274//
f 290// 274// 292//
f 292// 274// 275//
f 337// 322// 334//
f 334// 322// 286//
f 334// 286// 333//
f 333// 286// 288//
f 333// 288// 336//
f 336// 288// 290//
f 336// 290// 338//
f 338// 290// 292//
f 338// 383// 336//
f 336// 383// 386//
f 336// 386// 333//
f 333// 386// 390//
f 333// 390// 334//
f 334// 390// 394//
f 334// 394// 360//
f 360// 394// 397//
f 383// 499// 386//
f 386// 499// 510//
f 386// 510// 390//
f 390// 510// 533//
f 390// 533// 394//
f 394// 533// 556//
f 394// 556// 422//
f 422// 556// 572//
f 499// 648// 510//
f 510// 648// 665//
f 510// 665// 533//
f 533// 665// 693//
f 533// 693// 556//
f 556// 693// 709//
f 556// 709// 572//
f 572// 709// 712//
f 474// 284// 282//
f 474// 282// 465//
f 465// 282// 278//
f 465// 278// 460//
f 460// 278// 276//
f 460// 276// 452//
f 452// 276// 277//
f 452// 277// 456//
f 456// 471// 452//
f 452// 471// 469//
f 452// 469// 460//
f 460// 469// 473//
f 460// 473// 465//
f 465// 473// 481//
f 465// 481// 474//
f 474// 481// 490//
f 727// 561// 718//
f 718// 561// 525//
f 718// 525// 714//
f 714// 525// 504//
f 714// 504// 713//
f 713// 504// 500//
f 713// 500// 715//
f 715// 500// 502//
f 561// 490// 525//
f 525// 490// 481//
f 525// 481// 504//
f 504// 481// 473//
f 504// 473// 500//
f 500// 473// 469//
f 500// 469// 502//
f 502// 469// 471//
f 715// 804// 713//
f 713// 804// 802//
f 713// 802// 714//
f 714// 802// 815//
f 714// 815// 718//
f 718// 815// 830//
f 718// 830// 727//
f 727// 830// 852//
f 715// 757// 804//
f 804// 757// 872//
f 804// 872// 1375//
f 1375// 872// 1301//
f 1375// 1301// 1397//
f 1985// 1980// 1984//
f 1985// 1984// 1989//
f 1989// 1984// 1964//
f 1989// 1964// 1975//
f 1975// 1964// 1930//
f 1975// 1930// 1939//
f 1939// 1930// 1813//
f 1939// 1813// 1852//
f 1852// 1813// 1499//
f 1852// 1499// 1629//
f 1629// 1499// 1375//
f 1629// 1375// 1397//
f 1720// 1629// 1349//
f 1349// 1629// 1397//
f 1349// 1397// 1300//
f 1300// 1397// 1301//
f 2039// 1999// 1985//
f 1985// 1999// 1963//
f 1985// 1963// 1960//
f 1939// 1992// 2021//
f 1953// 1992// 1886//
f 1886// 1992// 1939//
f 1886// 1939// 1720//
f 1720// 1939// 1852//
f 1720// 1852// 1629//
f 1985// 1989// 2039//
f 2039// 1989// 1975//
f 2039// 1975// 2109//
f 2109// 1975// 1939//
f 2109// 1939// 2038//
f 2038// 1939// 2021//
f 1728// 1684// 1960//
f 1960// 1684// 1980//
f 1960// 1980// 1985//
f 1916// 1735// 1960//
f 1960// 1735// 1729//
f 1960// 1729// 1728//
f 1728// 1729// 1392//
f 1728// 1392// 1708//
f 613// 601// 417//
f 1193// 872// 1039//
f 1039// 872// 757//
f 1039// 757// 980//
f 980// 757// 586//
f 980// 586// 876//
f 1193// 1039// 1247//
f 1247// 1039// 1076//
f 1247// 1076// 1281//
f 1281// 1076// 1107//
f 1281// 1107// 1358//
f 586// 501// 876//
f 876// 501// 486//
f 876// 486// 610//
f 610// 486// 316//
f 610// 316// 601//
f 601// 316// 351//
f 601// 351// 417//
f 1193// 1174// 872//
f 872// 1174// 1178//
f 872// 1178// 1301//
f 881// 1151// 782//
f 782// 1151// 959//
f 782// 959// 620//
f 620// 959// 870//
f 1392// 1358// 1708//
f 1708// 1358// 1107//
f 1708// 1107// 1655//
f 1655// 1107// 1165//
f 1655// 1165// 1395//
f 1395// 1165// 1151//
f 1395// 1151// 1307//
f 1307// 1151// 881//
f 1178// 1369// 1301//
f 1301// 1369// 1398//
f 1301// 1398// 1396//
f 1396// 1398// 1462//
f 1396// 1462// 1713//
f 1713// 1462// 1634//
f 1713// 1634// 1916//
f 1916// 1634// 1712//
f 1916// 1712// 1735//
f 870// 775// 620//
f 620// 775// 717//
f 620// 717// 417//
f 417// 717// 636//
f 417// 636// 613//
f 1318// 1326// 1283//
f 1326// 1349// 1300//
f 1326// 1300// 1283//
f 1283// 1300// 1301//
f 1283// 1301// 1390//
f 1301// 1396// 1390//
f 1390// 1396// 1713//
f 1390// 1713// 1704//
f 1704// 1713// 1916//
f 1704// 1916// 1917//
f 1917// 1916// 1966//
f 1966// 1916// 1960//
f 1966// 1960// 1963//
f 1310// 1311// 1280//
f 1280// 1311// 1318//
f 1963// 1999// 1966//
f 1966// 1999// 2004//
f 1966// 2004// 2006//
f 1318// 1283// 1280//
f 1280// 1283// 1390//
f 1280// 1390// 1385//
f 1385// 1390// 1704//
f 1385// 1704// 1703//
f 1703// 1704// 1917//
f 1703// 1917// 1920//
f 1920// 1917// 1966//
f 1920// 1966// 1971//
f 1971// 1966// 2006//
f 1971// 2006// 2007//
f 1279// 1312// 1310//
f 1310// 1280// 1279//
f 1279// 1280// 1385//
f 1279// 1385// 1387//
f 1387// 1385// 1703//
f 1387// 1703// 1706//
f 1706// 1703// 1920//
f 1706// 1920// 1921//
f 1921// 1920// 1971//
f 1921// 1971// 1973//
f 1973// 1971// 2007//
f 1973// 2007// 2012//
f 1690// 1688// 1312//
f 1312// 1688// 1310//
f 1310// 1688// 1311//
f 1311// 1688// 1689//
f 1311// 1689// 1318//
f 1689// 1697// 1318//
f 1318// 1697// 1701//
f 1318// 1701// 1326//
f 1326// 1701// 1720//
f 1326// 1720// 1349//
f 1688// 1690// 1876//
f 1697// 1689// 1875//
f 1949// 1947// 1875//
f 1951// 1953// 1886//
f 1948// 1950// 1879//
f 1879// 1950// 1951//
f 1951// 1886// 1879//
f 1879// 1886// 1720//
f 1879// 1720// 1701//
f 1701// 1697// 1879//
f 1879// 1697// 1875//
f 1879// 1875// 1948//
f 1948// 1875// 1947//
f 1689// 1688// 1875//
f 1875// 1688// 1876//
f 1875// 1876// 1949//
f 1949// 1876// 1952//
f 2018// 2025// 2024//
f 2028// 2091// 2079//
f 1994// 1992// 1953//
f 1953// 1951// 1994//
f 1994// 1951// 1950//
f 1994// 1950// 1996//
f 2025// 2028// 2024//
f 2024// 2028// 2079//
f 2024// 2079// 2023//
f 2023// 2079// 2067//
f 2023// 2067// 2022//
f 2022// 2067// 2050//
f 2022// 2050// 2021//
f 2021// 2050// 2038//
f 2021// 1992// 2022//
f 2022// 1992// 1994//
f 2022// 1994// 2023//
f 2023// 1994// 1996//
f 2023// 1996// 2024//
f 2024// 1996// 1997//
f 2024// 1997// 2018//
f 2018// 1997// 2000//
f 1950// 1948// 1996//
f 1996// 1948// 1947//
f 1996// 1947// 1997//
f 1997// 1947// 1949//
f 1997// 1949// 2000//
f 2000// 1949// 1952//
f 2039// 2109// 2053//
f 2053// 2109// 2111//
f 2053// 2111// 2068//
f 2068// 2111// 2113//
f 2068// 2113// 2081//
f 2081// 2113// 2116//
f 2081// 2116// 2093//
f 2093// 2116// 2121//
f 2109// 2038// 2111//
f 2111// 2038// 2050//
f 2111// 2050// 2113//
f 2113// 2050// 2067//
f 2113// 2067// 2116//
f 2116// 2067// 2079//
f 2116// 2079// 2121//
f 2121// 2079// 2091//
f 2124// 2106// 2092//
f 2124// 2092// 2127//
f 2127// 2092// 2134//
f 2127// 2134// 2137//
f 2137// 2134// 2140//
f 2140// 2134// 2147//
f 2140// 2147// 2151//
f 2151// 2147// 2153//
f 2151// 2153// 2155//
f 2155// 2153// 2170//
f 2155// 2170// 2181//
f 2092// 2106// 2076//
f 2076// 2106// 2097//
f 2076// 2097// 2072//
f 2072// 2097// 2096//
f 2072// 2096// 2061//
f 2061// 2096// 2082//
f 2061// 2082// 2058//
f 2043// 2047// 2042//
f 2042// 2047// 2040//
f 2040// 2047// 2036//
f 2036// 2047// 2048//
f 2036// 2048// 2035//
f 2034// 2035// 2044//
f 2037// 2041// 2033//
f 2033// 2041// 2032//
f 2032// 2041// 2031//
f 2033// 2034// 2037//
f 2037// 2034// 2044//
f 2037// 2044// 2041//
f 2041// 2044// 2046//
f 2055// 2058// 2054//
f 2048// 2049// 2035//
f 2035// 2049// 2055//
f 2035// 2055// 2044//
f 2044// 2055// 2054//
f 2044// 2054// 2046//
f 2047// 2043// 2052//
f 2064// 2048// 2047//
f 2061// 2058// 2055//
f 2076// 2072// 2071//
f 2071// 2072// 2061//
f 2071// 2061// 2065//
f 2065// 2061// 2055//
f 2065// 2055// 2049//
f 2052// 2056// 2047//
f 2047// 2056// 2060//
f 2047// 2060// 2064//
f 2064// 2060// 2069//
f 2064// 2069// 2078//
f 2078// 2069// 2080//
f 2078// 2080// 2084//
f 2092// 2076// 2084//
f 2084// 2076// 2071//
f 2084// 2071// 2078//
f 2078// 2071// 2065//
f 2078// 2065// 2064//
f 2064// 2065// 2049//
f 2064// 2049// 2048//
f 2167// 2169// 2146//
f 2060// 2056// 2130//
f 2176// 2175// 2165//
f 2193// 2179// 2178//
f 2130// 2129// 2142//
f 2052// 2045// 2110//
f 2052// 2110// 2056//
f 2056// 2110// 2130//
f 2130// 2110// 2114//
f 2130// 2114// 2129//
f 2092// 2084// 2133//
f 2146// 2147// 2134//
f 2147// 2146// 2153//
f 2153// 2146// 2169//
f 2153// 2169// 2170//
f 2182// 2181// 2170//
f 2188// 2187// 2183//
f 2192// 2191// 2185//
f 2185// 2191// 2189//
f 2167// 2166// 2174//
f 2193// 2180// 2179//
f 2179// 2180// 2167//
f 2179// 2167// 2178//
f 2178// 2167// 2177//
f 2178// 2177// 2193//
f 2193// 2177// 2165//
f 2182// 2170// 2183//
f 2183// 2170// 2169//
f 2183// 2169// 2188//
f 2188// 2169// 2167//
f 2188// 2167// 2189//
f 2189// 2167// 2180//
f 2189// 2180// 2185//
f 2185// 2180// 2193//
f 2185// 2193// 2192//
f 2060// 2130// 2069//
f 2069// 2130// 2132//
f 2069// 2132// 2080//
f 2084// 2080// 2133//
f 2133// 2080// 2132//
f 2133// 2132// 2145//
f 2145// 2132// 2130//
f 2145// 2130// 2143//
f 2143// 2130// 2142//
f 2143// 2142// 2165//
f 2165// 2177// 2176//
f 2176// 2177// 2167//
f 2176// 2167// 2175//
f 2175// 2167// 2174//
f 2175// 2174// 2165//
f 2165// 2174// 2166//
f 2165// 2166// 2143//
f 2143// 2166// 2167//
f 2143// 2167// 2145//
f 2145// 2167// 2146//
f 2145// 2146// 2133//
f 2133// 2146// 2134//
f 2133// 2134// 2092//
f 2122// 2117// 2093//
f 2093// 2117// 2114//
f 2093// 2114// 2110//
f 2093// 2121// 2122//
f 2122// 2121// 2091//
f 2122// 2091// 2103//
f 2026// 2103// 2091//
f 2091// 2028// 2026//
f 2026// 2028// 2025//
f 2026// 2025// 2020//
f 2020// 2025// 2018//
f 2020// 2018// 2009//
f 2009// 2018// 2000//
f 2009// 2000// 1987//
f 1987// 2000// 1961//
f 1961// 2000// 1952//
f 1961// 1952// 1954//
f 1954// 1952// 1895//
f 1895// 1952// 1876//
f 1895// 1876// 1737//
f 1737// 1876// 1690//
f 1737// 1690// 1694//
f 1737// 1694// 1878//
f 1716// 1718// 1752//
f 1721// 1724// 1757//
f 1757// 1724// 1726//
f 1840// 1717// 1750//
f 1750// 1717// 1711//
f 1840// 1847// 1853//
f 1853// 1847// 1883//
f 1853// 1883// 1887//
f 1887// 1883// 1881//
f 1881// 1883// 1870//
f 1881// 1870// 1787//
f 1787// 1870// 1570//
f 1787// 1570// 1573//
f 1694// 1627// 1624//
f 1893// 1898// 1878//
f 1878// 1898// 1880//
f 1878// 1880// 1737//
f 1726// 1756// 1757//
f 1757// 1756// 1877//
f 1757// 1877// 1893//
f 1885// 1750// 1747//
f 1747// 1750// 1711//
f 1747// 1711// 1716//
f 1624// 1611// 1694//
f 1694// 1611// 1872//
f 1694// 1872// 1878//
f 1878// 1872// 1888//
f 1878// 1888// 1893//
f 1893// 1888// 1752//
f 1893// 1752// 1757//
f 1757// 1752// 1718//
f 1757// 1718// 1721//
f 1602// 1587// 1869//
f 1716// 1752// 1747//
f 1747// 1752// 1888//
f 1747// 1888// 1885//
f 1885// 1888// 1872//
f 1885// 1872// 1869//
f 1869// 1872// 1611//
f 1869// 1611// 1602//
f 1840// 1750// 1847//
f 1847// 1750// 1885//
f 1847// 1885// 1883//
f 1883// 1885// 1869//
f 1883// 1869// 1870//
f 1870// 1869// 1587//
f 1870// 1587// 1570//
f 1598// 1611// 1626//
f 1626// 1611// 1624//
f 1626// 1624// 1627//
f 1570// 1587// 1598//
f 1598// 1587// 1602//
f 1598// 1602// 1611//
f 1568// 1573// 1570//
f 1580// 1559// 1562//
f 1562// 1559// 1563//
f 1562// 1563// 1552//
f 1552// 1563// 1568//
f 1552// 1568// 1567//
f 1567// 1568// 1570//
f 1626// 1620// 1598//
f 1598// 1620// 1618//
f 1598// 1618// 1579//
f 1579// 1618// 1594//
f 1579// 1594// 1581//
f 1570// 1598// 1567//
f 1567// 1598// 1579//
f 1567// 1579// 1552//
f 1552// 1579// 1581//
f 1552// 1581// 1562//
f 1562// 1581// 1577//
f 1562// 1577// 1580//
f 1608// 1597// 1589//
f 1593// 1600// 1603//
f 1603// 1600// 1606//
f 1603// 1606// 1609//
f 1609// 1608// 1603//
f 1603// 1608// 1589//
f 1603// 1589// 1613//
f 1613// 1589// 1610//
f 1613// 1610// 1616//
f 1616// 1610// 1594//
f 1616// 1594// 1619//
f 1619// 1594// 1618//
f 1619// 1618// 1620//
f 1597// 1580// 1589//
f 1589// 1580// 1577//
f 1589// 1577// 1610//
f 1610// 1577// 1581//
f 1610// 1581// 1594//
f 1691// 1687// 1384//
f 1603// 1613// 1312//
f 1312// 1613// 1616//
f 1312// 1626// 1690//
f 1690// 1626// 1627//
f 1690// 1627// 1694//
f 1749// 1731// 1753//
f 1753// 1731// 1702//
f 1753// 1702// 1384//
f 1384// 1702// 1696//
f 1384// 1696// 1691//
f 1616// 1619// 1312//
f 1312// 1619// 1620//
f 1312// 1620// 1626//
f 1687// 1680// 1384//
f 1384// 1680// 1676//
f 1384// 1676// 1671//
f 1671// 1666// 1384//
f 1384// 1666// 1659//
f 1384// 1659// 1312//
f 1312// 1659// 1593//
f 1312// 1593// 1603//
f 1882// 1841// 1907//
f 1907// 1841// 1802//
f 1907// 1802// 1753//
f 1753// 1802// 1771//
f 1753// 1771// 1749//
f 1882// 1907// 1924//
f 1924// 1907// 1969//
f 1924// 1969// 1968//
f 1569// 1566// 1588//
f 1551// 1550// 1561//
f 1802// 1915// 1912//
f 1912// 1915// 1923//
f 1912// 1923// 1919//
f 1919// 1923// 1834//
f 1919// 1834// 1824//
f 1824// 1834// 1695//
f 1824// 1695// 1681//
f 1681// 1695// 1636//
f 1681// 1636// 1631//
f 1631// 1636// 1622//
f 1631// 1622// 1614//
f 1733// 1749// 1771//
f 1733// 1771// 1906//
f 1749// 1733// 1731//
f 1731// 1733// 1693//
f 1731// 1693// 1702//
f 1727// 1674// 1685//
f 1653// 1663// 1730//
f 1653// 1730// 1858//
f 1858// 1730// 1899//
f 1858// 1899// 1897//
f 1897// 1899// 1905//
f 1905// 1899// 1904//
f 1905// 1904// 1901//
f 1901// 1904// 1884//
f 1884// 1904// 1792//
f 1884// 1792// 1856//
f 1856// 1792// 1709//
f 1709// 1792// 1649//
f 1709// 1649// 1586//
f 1550// 1557// 1561//
f 1561// 1557// 1586//
f 1561// 1586// 1604//
f 1604// 1586// 1649//
f 1572// 1566// 1551//
f 1569// 1588// 1571//
f 1622// 1605// 1614//
f 1614// 1605// 1585//
f 1614// 1585// 1571//
f 1571// 1588// 1614//
f 1614// 1588// 1623//
f 1614// 1623// 1631//
f 1631// 1623// 1670//
f 1631// 1670// 1681//
f 1681// 1670// 1807//
f 1681// 1807// 1824//
f 1824// 1807// 1913//
f 1824// 1913// 1919//
f 1919// 1913// 1906//
f 1919// 1906// 1912//
f 1912// 1906// 1771//
f 1912// 1771// 1802//
f 1566// 1572// 1588//
f 1588// 1572// 1617//
f 1588// 1617// 1623//
f 1623// 1617// 1661//
f 1623// 1661// 1670//
f 1670// 1661// 1790//
f 1670// 1790// 1807//
f 1807// 1790// 1909//
f 1807// 1909// 1913//
f 1913// 1909// 1902//
f 1913// 1902// 1906//
f 1906// 1902// 1727//
f 1906// 1727// 1733//
f 1733// 1727// 1685//
f 1733// 1685// 1693//
f 1551// 1561// 1572//
f 1572// 1561// 1604//
f 1572// 1604// 1617//
f 1617// 1604// 1649//
f 1617// 1649// 1661//
f 1661// 1649// 1792//
f 1661// 1792// 1790//
f 1790// 1792// 1904//
f 1790// 1904// 1909//
f 1909// 1904// 1899//
f 1909// 1899// 1902//
f 1902// 1899// 1730//
f 1902// 1730// 1727//
f 1727// 1730// 1663//
f 1727// 1663// 1674//
f 1586// 1557// 1556//
f 1565// 1576// 1709//
f 1586// 1556// 1709//
f 1709// 1556// 1558//
f 1709// 1558// 1565//
f 1576// 1590// 1709//
f 1709// 1590// 1621//
f 1709// 1621// 1643//
f 1643// 1683// 1709//
f 1709// 1683// 1717//
f 1709// 1717// 1856//
f 1856// 1717// 1840//
f 1856// 1840// 1884//
f 1884// 1840// 1853//
f 1884// 1853// 1901//
f 1901// 1853// 1887//
f 1901// 1887// 1905//
f 1905// 1887// 1881//
f 1573// 1653// 1787//
f 1787// 1653// 1858//
f 1787// 1858// 1881//
f 1881// 1858// 1897//
f 1881// 1897// 1905//
f 1548// 1539// 1601//
f 1539// 1548// 1510//
f 1527// 1516// 1535//
f 1521// 1518// 1523//
f 1537// 1536// 1533//
f 1517// 1520// 1512//
f 1557// 1543// 1542//
f 1557// 1542// 1556//
f 1556// 1542// 1541//
f 1556// 1541// 1558//
f 1558// 1541// 1546//
f 1558// 1546// 1565//
f 1565// 1546// 1554//
f 1565// 1554// 1576//
f 1576// 1554// 1575//
f 1576// 1575// 1590//
f 1683// 1643// 1639//
f 1639// 1643// 1621//
f 1639// 1621// 1612//
f 1638// 1716// 1711//
f 1724// 1721// 1641//
f 1641// 1721// 1718//
f 1726// 1724// 1714//
f 1714// 1724// 1641//
f 1714// 1641// 1607//
f 1641// 1596// 1607//
f 1607// 1596// 1540//
f 1607// 1540// 1528//
f 1511// 1525// 1505//
f 1505// 1525// 1528//
f 1505// 1528// 1509//
f 1509// 1528// 1540//
f 1513// 1512// 1504//
f 1504// 1512// 1508//
f 1504// 1508// 1507//
f 1526// 1529// 1524//
f 1718// 1716// 1641//
f 1641// 1716// 1638//
f 1641// 1638// 1596//
f 1596// 1638// 1601//
f 1596// 1601// 1540//
f 1540// 1601// 1539//
f 1540// 1539// 1509//
f 1509// 1539// 1510//
f 1509// 1510// 1505//
f 1536// 1529// 1533//
f 1533// 1529// 1526//
f 1533// 1526// 1531//
f 1534// 1531// 1523//
f 1523// 1531// 1526//
f 1523// 1526// 1521//
f 1521// 1526// 1524//
f 1521// 1524// 1522//
f 1522// 1519// 1521//
f 1521// 1519// 1515//
f 1521// 1515// 1518//
f 1518// 1515// 1516//
f 1518// 1516// 1523//
f 1523// 1516// 1527//
f 1523// 1527// 1534//
f 1534// 1527// 1535//
f 1534// 1535// 1545//
f 1621// 1590// 1612//
f 1612// 1590// 1575//
f 1612// 1575// 1564//
f 1564// 1575// 1554//
f 1522// 1520// 1519//
f 1519// 1520// 1517//
f 1519// 1517// 1515//
f 1515// 1517// 1512//
f 1515// 1512// 1516//
f 1516// 1512// 1513//
f 1516// 1513// 1535//
f 1535// 1513// 1564//
f 1535// 1564// 1545//
f 1545// 1564// 1554//
f 1545// 1554// 1534//
f 1534// 1554// 1546//
f 1534// 1546// 1531//
f 1531// 1546// 1541//
f 1531// 1541// 1533//
f 1533// 1541// 1542//
f 1533// 1542// 1537//
f 1537// 1542// 1543//
f 1537// 1543// 1544//
f 1544// 1543// 1557//
f 1544// 1557// 1553//
f 1553// 1557// 1555//
f 1717// 1683// 1711//
f 1711// 1683// 1639//
f 1711// 1639// 1638//
f 1638// 1639// 1612//
f 1638// 1612// 1601//
f 1601// 1612// 1564//
f 1601// 1564// 1548//
f 1548// 1564// 1513//
f 1548// 1513// 1510//
f 1510// 1513// 1504//
f 1510// 1504// 1505//
f 1505// 1504// 1507//
f 1505// 1507// 1511//
f 2200// 2199// 2165//
f 2199// 2198// 2165//
f 2165// 2198// 2197//
f 2165// 2197// 2193//
f 2193// 2197// 2195//
f 2193// 2195// 2194//
f 2142// 2231// 2165//
f 2165// 2231// 2218//
f 2165// 2218// 2200//
f 1893// 1877// 2249//
f 2249// 1877// 1756//
f 2163// 2245// 2247//
f 1726// 2163// 1756//
f 1756// 2163// 2247//
f 1756// 2247// 2249//
f 1893// 2249// 1898//
f 1898// 2249// 2261//
f 1898// 2261// 1880//
f 2122// 2129// 2117//
f 2117// 2129// 2114//
f 2122// 2103// 2129//
f 2129// 2103// 2270//
f 2129// 2270// 2142//
f 2142// 2270// 2252//
f 2142// 2252// 2231//
f 1737// 1880// 1895//
f 1895// 1880// 2261//
f 1895// 2261// 1954//
f 1954// 2261// 1961//
f 2103// 2026// 2270//
f 2270// 2026// 2020//
f 2270// 2020// 2262//
f 2262// 2020// 2009//
f 2262// 2009// 2261//
f 2261// 2009// 1987//
f 2261// 1987// 1961//
f 2217// 2216// 2211//
f 2211// 2216// 2210//
f 2208// 2204// 2207//
f 2202// 2199// 2200//
f 2197// 2198// 2201//
f 2201// 2198// 2199//
f 2199// 2202// 2201//
f 2201// 2202// 2206//
f 2201// 2206// 2205//
f 2205// 2206// 2214//
f 2205// 2214// 2213//
f 2213// 2214// 2227//
f 2213// 2227// 2226//
f 2226// 2227// 2251//
f 2226// 2251// 2250//
f 2250// 2251// 2264//
f 2250// 2264// 2263//
f 2263// 2264// 2274//
f 2263// 2274// 2271//
f 2279// 2280// 2267//
f 2267// 2280// 2268//
f 2267// 2268// 2256//
f 2223// 2224// 2230//
f 2230// 2224// 2235//
f 2230// 2235// 2256//
f 2256// 2235// 2255//
f 2256// 2255// 2267//
f 2280// 2278// 2268//
f 2268// 2278// 2266//
f 2268// 2266// 2256//
f 2256// 2266// 2254//
f 2256// 2254// 2230//
f 2230// 2254// 2229//
f 2230// 2229// 2223//
f 2223// 2229// 2216//
f 2223// 2216// 2221//
f 2221// 2216// 2217//
f 2278// 2276// 2266//
f 2266// 2276// 2265//
f 2266// 2265// 2254//
f 2254// 2265// 2253//
f 2254// 2253// 2229//
f 2229// 2253// 2228//
f 2229// 2228// 2216//
f 2216// 2228// 2215//
f 2216// 2215// 2210//
f 2210// 2215// 2208//
f 2210// 2208// 2209//
f 2209// 2208// 2207//
f 2276// 2274// 2265//
f 2265// 2274// 2264//
f 2265// 2264// 2253//
f 2253// 2264// 2251//
f 2253// 2251// 2228//
f 2228// 2251// 2227//
f 2228// 2227// 2215//
f 2215// 2227// 2214//
f 2215// 2214// 2208//
f 2208// 2214// 2206//
f 2208// 2206// 2204//
f 2204// 2206// 2202//
f 2204// 2202// 2203//
f 2203// 2202// 2200//
f 2235// 2236// 2255//
f 2255// 2236// 2260//
f 2255// 2260// 2267//
f 2267// 2260// 2277//
f 2267// 2277// 2279//
f 2203// 2200// 2218//
f 2224// 2234// 2235//
f 2235// 2234// 2236//
f 2259// 2275// 2260//
f 2260// 2275// 2277//
f 2273// 2275// 2258//
f 2258// 2275// 2259//
f 2258// 2259// 2233//
f 2252// 2270// 2272//
f 2272// 2257// 2252//
f 2252// 2257// 2232//
f 2252// 2232// 2231//
f 2231// 2232// 2219//
f 2231// 2219// 2218//
f 2211// 2210// 2219//
f 2210// 2209// 2219//
f 2219// 2209// 2207//
f 2219// 2207// 2218//
f 2218// 2207// 2204//
f 2218// 2204// 2203//
f 2220// 2221// 2217//
f 2260// 2236// 2259//
f 2259// 2236// 2234//
f 2259// 2234// 2233//
f 2233// 2234// 2224//
f 2233// 2224// 2220//
f 2220// 2224// 2223//
f 2220// 2223// 2221//
f 2272// 2273// 2257//
f 2257// 2273// 2258//
f 2257// 2258// 2232//
f 2232// 2258// 2233//
f 2232// 2233// 2219//
f 2219// 2233// 2220//
f 2219// 2220// 2211//
f 2211// 2220// 2217//
f 2273// 2272// 2270//
f 2278// 2280// 2276//
f 2276// 2280// 2279//
f 2277// 2271// 2279//
f 2279// 2271// 2274//
f 2279// 2274// 2276//
f 2238// 2237// 2242//
f 2242// 2237// 2239//
f 2261// 2249// 2248//
f 2248// 2249// 2247//
f 2248// 2247// 2246//
f 2246// 2247// 2245//
f 2246// 2245// 2244//
f 2244// 2245// 2242//
f 2244// 2242// 2243//
f 2261// 2248// 2262//
f 2262// 2248// 2269//
f 2262// 2269// 2270//
f 2270// 2269// 2271//
f 2270// 2271// 2273//
f 2273// 2271// 2277//
f 2273// 2277// 2275//
f 2239// 2240// 2242//
f 2242// 2240// 2241//
f 2242// 2241// 2243//
f 2226// 2250// 2212//
f 2156// 2168// 2212//
f 2212// 2168// 2184//
f 2212// 2184// 2190//
f 2190// 2195// 2197//
f 2197// 2201// 2190//
f 2190// 2201// 2205//
f 2190// 2205// 2212//
f 2212// 2205// 2213//
f 2212// 2213// 2226//
f 2115// 2125// 2154//
f 2154// 2125// 2212//
f 2131// 2141// 2212//
f 2131// 2212// 2128//
f 2128// 2212// 2125//
f 2128// 2125// 2123//
f 2141// 2144// 2212//
f 2212// 2144// 2152//
f 2212// 2152// 2156//
f 1882// 1915// 1841//
f 1841// 1915// 1802//
f 1968// 2011// 2139//
f 2139// 2011// 2154//
f 2154// 2011// 2015//
f 2154// 2015// 2027//
f 2027// 2029// 2154//
f 2154// 2029// 2112//
f 2154// 2112// 2115//
f 1882// 1924// 1915//
f 1915// 1924// 1968//
f 1915// 1968// 1923//
f 1923// 1968// 2139//
f 1923// 2139// 1834//
f 1636// 1695// 2164//
f 1622// 2161// 1605//
f 1605// 2161// 2160//
f 1605// 2160// 1599//
f 1599// 2160// 1560//
f 1560// 2160// 2158//
f 1560// 2158// 1549//
f 1549// 2158// 2157//
f 1549// 2157// 1525//
f 1525// 2157// 2159//
f 1525// 2159// 1528//
f 1528// 2159// 2162//
f 1528// 2162// 1607//
f 2163// 1726// 2162//
f 2162// 1726// 1714//
f 2162// 1714// 1607//
f 2246// 2244// 2161//
f 2161// 2244// 2243//
f 2161// 2243// 2160//
f 2160// 2243// 2241//
f 2160// 2241// 2158//
f 2164// 2186// 2222//
f 2222// 2186// 2196//
f 2222// 2196// 2225//
f 1622// 1636// 2161//
f 2161// 1636// 2164//
f 2161// 2164// 2246//
f 2246// 2164// 2222//
f 2246// 2222// 2248//
f 2248// 2222// 2225//
f 2248// 2225// 2269//
f 2269// 2225// 2263//
f 2269// 2263// 2271//
f 1695// 1834// 2164//
f 2164// 1834// 2139//
f 2164// 2139// 2186//
f 2186// 2139// 2154//
f 2186// 2154// 2196//
f 2196// 2154// 2212//
f 2196// 2212// 2225//
f 2225// 2212// 2250//
f 2225// 2250// 2263//
f 2245// 2163// 2242//
f 2242// 2163// 2162//
f 2242// 2162// 2238//
f 2238// 2162// 2159//
f 2238// 2159// 2237//
f 2237// 2159// 2157//
f 2237// 2157// 2239//
f 2239// 2157// 2158//
f 2239// 2158// 2240//
f 2240// 2158// 2241//
f 2118// 2094// 2100//
f 2128// 2123// 2118//
f 2195// 2190// 2194//
f 2194// 2190// 2193//
f 2190// 2184// 2193//
f 2193// 2184// 2168//
f 2193// 2168// 2192//
f 2192// 2168// 2172//
f 2192// 2172// 2191//
f 2171// 2187// 2173//
f 2173// 2187// 2188//
f 2173// 2188// 2189//
f 2171// 2155// 2181//
f 2181// 2182// 2171//
f 2171// 2182// 2183//
f 2171// 2183// 2187//
f 2140// 2151// 2150//
f 2137// 2138// 2127//
f 2127// 2138// 2124//
f 2106// 2124// 2108//
f 2108// 2124// 2138//
f 2108// 2138// 2107//
f 2107// 2138// 2136//
f 2100// 2101// 2136//
f 2136// 2101// 2104//
f 2136// 2104// 2107//
f 2100// 2135// 2118//
f 2118// 2135// 2131//
f 2118// 2131// 2128//
f 2151// 2155// 2150//
f 2150// 2155// 2171//
f 2150// 2171// 2149//
f 2149// 2171// 2173//
f 2149// 2173// 2172//
f 2172// 2173// 2189//
f 2172// 2189// 2191//
f 2100// 2136// 2135//
f 2135// 2136// 2148//
f 2135// 2148// 2131//
f 2131// 2148// 2144//
f 2131// 2144// 2141//
f 2137// 2140// 2138//
f 2138// 2140// 2150//
f 2138// 2150// 2136//
f 2136// 2150// 2149//
f 2136// 2149// 2148//
f 2148// 2149// 2172//
f 2148// 2172// 2144//
f 2144// 2172// 2168//
f 2144// 2168// 2152//
f 2152// 2168// 2156//
f 2086// 2089// 2095//
f 2099// 2088// 2085//
f 2094// 2088// 2100//
f 2100// 2088// 2099//
f 2100// 2099// 2101//
f 2106// 2108// 2105//
f 2105// 2108// 2107//
f 2105// 2107// 2099//
f 2099// 2107// 2104//
f 2099// 2104// 2101//
f 2087// 2082// 2090//
f 2090// 2082// 2096//
f 2090// 2096// 2098//
f 2098// 2102// 2090//
f 2090// 2102// 2095//
f 2090// 2095// 2087//
f 2087// 2095// 2089//
f 2096// 2097// 2098//
f 2098// 2097// 2106//
f 2098// 2106// 2102//
f 2102// 2106// 2105//
f 2102// 2105// 2095//
f 2095// 2105// 2099//
f 2095// 2099// 2086//
f 2086// 2099// 2085//
f 2066// 2073// 2075//
f 2089// 2074// 2075//
f 2051// 2057// 2063//
f 2063// 2057// 2059//
f 2063// 2059// 2062//
f 2089// 2075// 2087//
f 2087// 2075// 2073//
f 2087// 2073// 2082//
f 2062// 2066// 2063//
f 2063// 2066// 2075//
f 2063// 2075// 2070//
f 2070// 2075// 2074//
f 2070// 2074// 2077//
f 2077// 2074// 2089//
f 2077// 2089// 2083//
f 2083// 2089// 2086//
f 2083// 2086// 2085//
f 2041// 2066// 2062//
f 2041// 2062// 2059//
f 2041// 2059// 2031//
f 2031// 2059// 2057//
f 2031// 2057// 2051//
f 2041// 2046// 2066//
f 2066// 2046// 2054//
f 2066// 2054// 2073//
f 2073// 2054// 2058//
f 2073// 2058// 2082//
f 2012// 2040// 2036//
f 2118// 2120// 2094//
f 2094// 2120// 2019//
f 2110// 2045// 2093//
f 2093// 2045// 2043//
f 2093// 2043// 2012//
f 2012// 2043// 2042//
f 2012// 2042// 2040//
f 2036// 2035// 2012//
f 2012// 2035// 2034//
f 2012// 2034// 2033//
f 2033// 2032// 2012//
f 2012// 2032// 2031//
f 2012// 2031// 2019//
f 2019// 2031// 2051//
f 2019// 2051// 2063//
f 2063// 2070// 2019//
f 2019// 2070// 2077//
f 2019// 2077// 2083//
f 2083// 2085// 2019//
f 2019// 2085// 2088//
f 2019// 2088// 2094//
f 1312// 1279// 1384//
f 1384// 1279// 1356//
f 1356// 1279// 1379//
f 1379// 1279// 1387//
f 1379// 1387// 1428//
f 1428// 1387// 1706//
f 1428// 1706// 1761//
f 1761// 1706// 1921//
f 1761// 1921// 1935//
f 1935// 1921// 1959//
f 1959// 1921// 1973//
f 1959// 1973// 1986//
f 1986// 1973// 2012//
f 1986// 2012// 2019//
f 1959// 1828// 1578//
f 1240// 1070// 1399//
f 1399// 1070// 1379//
f 1399// 1379// 1453//
f 1453// 1379// 1428//
f 1578// 1849// 1959//
f 1959// 1849// 1860//
f 1959// 1860// 1935//
f 1935// 1860// 1826//
f 1935// 1826// 1761//
f 1761// 1826// 1743//
f 1761// 1743// 1428//
f 1428// 1743// 1640//
f 1428// 1640// 1453//
f 1578// 1828// 1818//
f 1578// 1818// 1547//
f 1547// 1818// 1812//
f 1547// 1812// 1503//
f 1503// 1812// 1804//
f 1503// 1804// 1500//
f 1500// 1804// 1793//
f 1500// 1793// 1492//
f 1482// 1492// 1784//
f 1784// 1492// 1793//
f 1769// 1777// 1781//
f 1770// 1777// 1769//
f 1762// 1764// 1769//
f 1775// 1774// 1772//
f 1775// 1780// 1788//
f 1817// 1814// 1811//
f 1811// 1814// 1805//
f 1811// 1805// 1808//
f 1808// 1805// 1796//
f 1796// 1805// 1788//
f 1796// 1788// 1789//
f 1789// 1788// 1780//
f 1789// 1780// 1784//
f 1774// 1775// 1786//
f 1765// 1767// 1770//
f 1762// 1765// 1764//
f 1764// 1765// 1770//
f 1764// 1770// 1769//
f 1760// 1762// 1769//
f 1759// 1760// 1769//
f 1782// 1785// 1798//
f 1798// 1785// 1781//
f 1798// 1781// 1791//
f 1791// 1781// 1777//
f 1791// 1777// 1786//
f 1786// 1777// 1770//
f 1786// 1770// 1774//
f 1774// 1770// 1767//
f 1774// 1767// 1772//
f 1817// 1810// 1814//
f 1814// 1810// 1809//
f 1814// 1809// 1794//
f 1775// 1788// 1786//
f 1786// 1788// 1805//
f 1786// 1805// 1791//
f 1791// 1805// 1814//
f 1791// 1814// 1798//
f 1798// 1814// 1794//
f 1798// 1794// 1782//
f 1785// 1769// 1781//
f 1782// 1779// 1785//
f 1785// 1779// 1769//
f 1482// 1784// 1479//
f 1479// 1784// 1780//
f 1479// 1780// 1472//
f 1472// 1780// 1471//
f 1471// 1780// 1775//
f 1471// 1775// 1467//
f 1775// 1772// 1467//
f 1467// 1772// 1767//
f 1467// 1767// 1459//
f 1459// 1767// 1765//
f 1759// 1451// 1760//
f 1760// 1451// 1459//
f 1760// 1459// 1762//
f 1762// 1459// 1765//
f 1417// 1433// 1430//
f 1434// 1433// 1417//
f 1458// 1465// 1464//
f 1459// 1454// 1467//
f 1467// 1454// 1460//
f 1467// 1460// 1471//
f 1471// 1460// 1472//
f 1472// 1460// 1464//
f 1472// 1464// 1479//
f 1479// 1464// 1465//
f 1479// 1465// 1482//
f 1436// 1441// 1444//
f 1444// 1441// 1458//
f 1444// 1458// 1446//
f 1417// 1425// 1426//
f 1433// 1445// 1430//
f 1430// 1445// 1442//
f 1430// 1442// 1427//
f 1427// 1442// 1422//
f 1431// 1434// 1417//
f 1417// 1426// 1431//
f 1431// 1426// 1436//
f 1431// 1436// 1434//
f 1434// 1436// 1444//
f 1434// 1444// 1433//
f 1433// 1444// 1446//
f 1433// 1446// 1445//
f 1419// 1425// 1417//
f 1459// 1451// 1454//
f 1454// 1451// 1449//
f 1454// 1449// 1438//
f 1458// 1464// 1446//
f 1446// 1464// 1460//
f 1446// 1460// 1445//
f 1445// 1460// 1454//
f 1445// 1454// 1442//
f 1442// 1454// 1438//
f 1442// 1438// 1422//
f 1427// 1417// 1430//
f 1422// 1418// 1427//
f 1427// 1418// 1417//
f 1419// 1439// 1425//
f 1425// 1439// 1426//
f 1426// 1439// 1436//
f 1436// 1439// 1450//
f 1436// 1450// 1441//
f 1441// 1450// 1470//
f 1441// 1470// 1458//
f 1458// 1470// 1465//
f 1465// 1470// 1492//
f 1465// 1492// 1482//
f 1492// 1470// 1473//
f 1470// 1450// 1457//
f 1450// 1439// 1447//
f 1450// 1447// 1457//
f 1457// 1447// 1461//
f 1457// 1461// 1468//
f 1468// 1461// 1476//
f 1468// 1476// 1481//
f 1476// 1491// 1481//
f 1481// 1491// 1490//
f 1481// 1490// 1496//
f 1470// 1457// 1473//
f 1473// 1457// 1468//
f 1473// 1468// 1485//
f 1485// 1468// 1481//
f 1485// 1481// 1494//
f 1494// 1481// 1496//
f 1494// 1496// 1502//
f 1492// 1473// 1500//
f 1500// 1473// 1485//
f 1500// 1485// 1503//
f 1503// 1485// 1494//
f 1503// 1494// 1547//
f 1547// 1494// 1502//
f 1547// 1502// 1578//
f 1491// 1825// 1823//
f 1491// 1823// 1490//
f 1490// 1823// 1829//
f 1490// 1829// 1496//
f 1496// 1829// 1839//
f 1496// 1839// 1502//
f 1502// 1839// 1849//
f 1502// 1849// 1578//
f 1849// 1839// 1848//
f 1410// 1406// 1466//
f 1839// 1829// 1842//
f 1423// 1415// 1475//
f 1829// 1823// 1835//
f 1823// 1825// 1836//
f 1823// 1836// 1835//
f 1835// 1836// 1797//
f 1835// 1797// 1795//
f 1795// 1797// 1741//
f 1795// 1741// 1739//
f 1739// 1741// 1657//
f 1739// 1657// 1650//
f 1650// 1657// 1493//
f 1650// 1493// 1486//
f 1486// 1493// 1440//
f 1486// 1440// 1429//
f 1829// 1835// 1842//
f 1842// 1835// 1795//
f 1842// 1795// 1800//
f 1800// 1795// 1739//
f 1800// 1739// 1738//
f 1738// 1739// 1650//
f 1738// 1650// 1645//
f 1645// 1650// 1486//
f 1645// 1486// 1475//
f 1475// 1486// 1429//
f 1475// 1429// 1423//
f 1839// 1842// 1848//
f 1848// 1842// 1800//
f 1848// 1800// 1815//
f 1815// 1800// 1738//
f 1815// 1738// 1740//
f 1740// 1738// 1645//
f 1740// 1645// 1642//
f 1642// 1645// 1475//
f 1642// 1475// 1466//
f 1466// 1475// 1415//
f 1466// 1415// 1410//
f 1849// 1848// 1860//
f 1860// 1848// 1815//
f 1860// 1815// 1826//
f 1826// 1815// 1740//
f 1826// 1740// 1743//
f 1743// 1740// 1642//
f 1743// 1642// 1640//
f 1640// 1642// 1466//
f 1640// 1466// 1453//
f 1453// 1466// 1406//
f 1453// 1406// 1399//
f 1240// 1399// 1248//
f 1248// 1399// 1406//
f 1248// 1406// 1252//
f 1252// 1406// 1410//
f 1252// 1410// 1258//
f 1258// 1410// 1415//
f 1258// 1415// 1260//
f 1260// 1415// 1423//
f 1260// 1423// 1261//
f 1261// 1423// 1429//
f 1261// 1429// 1264//
f 1264// 1429// 1440//
f 1246// 1245// 1236//
f 1254// 1251// 1258//
f 1264// 1257// 1261//
f 1261// 1257// 1254//
f 1261// 1254// 1260//
f 1260// 1254// 1258//
f 1236// 1239// 1246//
f 1246// 1239// 1238//
f 1246// 1238// 1243//
f 1234// 1240// 1242//
f 1242// 1240// 1248//
f 1242// 1248// 1251//
f 1251// 1248// 1252//
f 1251// 1252// 1258//
f 1257// 1245// 1254//
f 1254// 1245// 1246//
f 1254// 1246// 1251//
f 1251// 1246// 1243//
f 1251// 1243// 1242//
f 1242// 1243// 1235//
f 1242// 1235// 1234//
f 1234// 1235// 1222//
f 1238// 1237// 1243//
f 1243// 1237// 1233//
f 1243// 1233// 1235//
f 1235// 1233// 1230//
f 1235// 1230// 1222//
f 1222// 1230// 1217//
f 1208// 1217// 1213//
f 1213// 1217// 1230//
f 1213// 1230// 1221//
f 1221// 1230// 1233//
f 1221// 1233// 1225//
f 1225// 1233// 1237//
f 1225// 1237// 1231//
f 1236// 1228// 1239//
f 1239// 1228// 1231//
f 1239// 1231// 1238//
f 1238// 1231// 1237//
f 1192// 1201// 1204//
f 1194// 1201// 1192//
f 1185// 1187// 1192//
f 1199// 1198// 1195//
f 1199// 1203// 1212//
f 1229// 1223// 1231//
f 1231// 1223// 1225//
f 1225// 1223// 1221//
f 1221// 1223// 1212//
f 1221// 1212// 1213//
f 1213// 1212// 1203//
f 1213// 1203// 1208//
f 1198// 1199// 1210//
f 1188// 1190// 1194//
f 1185// 1188// 1187//
f 1187// 1188// 1194//
f 1187// 1194// 1192//
f 1183// 1185// 1192//
f 1182// 1183// 1192//
f 1207// 1209// 1220//
f 1220// 1209// 1204//
f 1220// 1204// 1216//
f 1216// 1204// 1201//
f 1216// 1201// 1210//
f 1210// 1201// 1194//
f 1210// 1194// 1198//
f 1198// 1194// 1190//
f 1198// 1190// 1195//
f 1231// 1228// 1229//
f 1229// 1228// 1226//
f 1229// 1226// 1218//
f 1199// 1212// 1210//
f 1210// 1212// 1223//
f 1210// 1223// 1216//
f 1216// 1223// 1229//
f 1216// 1229// 1220//
f 1220// 1229// 1218//
f 1220// 1218// 1207//
f 1209// 1192// 1204//
f 1207// 1202// 1209//
f 1209// 1202// 1192//
f 1056// 1208// 1053//
f 1053// 1208// 1203//
f 1053// 1203// 1051//
f 1051// 1203// 1047//
f 1047// 1203// 1199//
f 1047// 1199// 1042//
f 1199// 1195// 1042//
f 1042// 1195// 1190//
f 1042// 1190// 1032//
f 1032// 1190// 1188//
f 1182// 1026// 1183//
f 1183// 1026// 1032//
f 1183// 1032// 1185//
f 1185// 1032// 1188//
f 998// 1011// 1008//
f 1012// 1011// 998//
f 1031// 1038// 1036//
f 1032// 1029// 1042//
f 1042// 1029// 1033//
f 1042// 1033// 1047//
f 1047// 1033// 1051//
f 1051// 1033// 1036//
f 1051// 1036// 1053//
f 1053// 1036// 1038//
f 1053// 1038// 1056//
f 1014// 1017// 1020//
f 1020// 1017// 1031//
f 1020// 1031// 1022//
f 998// 1002// 1003//
f 1019// 1015// 1004//
f 1011// 1021// 1008//
f 1008// 1021// 1019//
f 1008// 1019// 1006//
f 1006// 1019// 1004//
f 1009// 1012// 998//
f 998// 1003// 1009//
f 1009// 1003// 1014//
f 1009// 1014// 1012//
f 1012// 1014// 1020//
f 1012// 1020// 1011//
f 1011// 1020// 1022//
f 1011// 1022// 1021//
f 1000// 1002// 998//
f 1032// 1026// 1029//
f 1029// 1026// 1023//
f 1029// 1023// 1018//
f 1031// 1036// 1022//
f 1022// 1036// 1033//
f 1022// 1033// 1021//
f 1021// 1033// 1029//
f 1021// 1029// 1019//
f 1019// 1029// 1018//
f 1019// 1018// 1015//
f 1006// 998// 1008//
f 1004// 999// 1006//
f 1006// 999// 998//
f 1002// 1000// 1016//
f 1056// 1038// 1061//
f 1061// 1038// 1045//
f 1038// 1031// 1045//
f 1045// 1031// 1017//
f 1045// 1017// 1024//
f 1024// 1017// 1014//
f 1024// 1014// 1016//
f 1016// 1014// 1003//
f 1016// 1003// 1002//
f 1049// 1060// 1057//
f 1049// 1057// 1052//
f 1016// 1025// 1024//
f 1024// 1025// 1034//
f 1024// 1034// 1045//
f 1045// 1034// 1054//
f 1045// 1054// 1061//
f 1025// 1049// 1034//
f 1034// 1049// 1052//
f 1034// 1052// 1054//
f 1054// 1052// 1058//
f 1057// 1059// 1052//
f 1052// 1059// 1062//
f 1052// 1062// 1058//
f 1058// 1062// 1065//
f 1058// 1065// 1067//
f 1061// 1054// 1064//
f 1064// 1054// 1058//
f 1064// 1058// 1068//
f 1068// 1058// 1067//
f 1068// 1067// 1070//
f 1379// 1070// 1067//
f 1506// 1379// 1488//
f 1488// 1379// 1067//
f 1488// 1067// 1483//
f 1067// 1065// 1483//
f 1483// 1065// 1062//
f 1483// 1062// 1477//
f 1477// 1062// 1059//
f 1477// 1059// 1474//
f 1059// 1057// 1474//
f 1474// 1057// 1060//
f 1474// 1060// 1478//
f 1591// 1478// 1044//
f 1044// 1478// 1060//
f 1060// 1049// 1044//
f 1044// 1049// 1025//
f 1044// 1025// 989//
f 989// 1025// 1016//
f 989// 1016// 1000//
f 2014// 2003// 2013//
f 2014// 2013// 2017//
f 2017// 2013// 1998//
f 2017// 1998// 2008//
f 2008// 1998// 1972//
f 2008// 1972// 1982//
f 1982// 1972// 1938//
f 1982// 1938// 1943//
f 1943// 1938// 1867//
f 1943// 1867// 1889//
f 1889// 1867// 1700//
f 1889// 1700// 1734//
f 1734// 1700// 1478//
f 1734// 1478// 1591//
f 2003// 2002// 2010//
f 2002// 1995// 2005//
f 1506// 1705// 1719//
f 1719// 1705// 1864//
f 1719// 1864// 1868//
f 1868// 1864// 1936//
f 1868// 1936// 1934//
f 1934// 1936// 1965//
f 1934// 1965// 1962//
f 1962// 1965// 1990//
f 1962// 1990// 1988//
f 1988// 1990// 2005//
f 1988// 2005// 2001//
f 2001// 2005// 1995//
f 2001// 1995// 1991//
f 2002// 2005// 2010//
f 2010// 2005// 1990//
f 2010// 1990// 1993//
f 1993// 1990// 1965//
f 1993// 1965// 1970//
f 1970// 1965// 1936//
f 1970// 1936// 1937//
f 1937// 1936// 1864//
f 1937// 1864// 1863//
f 1863// 1864// 1705//
f 1863// 1705// 1699//
f 1506// 1488// 1705//
f 1705// 1488// 1483//
f 1705// 1483// 1699//
f 1699// 1483// 1477//
f 1699// 1477// 1474//
f 2003// 2010// 2013//
f 2013// 2010// 1993//
f 2013// 1993// 1998//
f 1998// 1993// 1970//
f 1998// 1970// 1972//
f 1972// 1970// 1937//
f 1972// 1937// 1938//
f 1938// 1937// 1863//
f 1938// 1863// 1867//
f 1867// 1863// 1699//
f 1867// 1699// 1700//
f 1700// 1699// 1474//
f 1700// 1474// 1478//
f 1356// 1379// 1384//
f 1384// 1379// 1506//
f 1384// 1506// 1753//
f 1959// 1986// 1991//
f 1991// 1986// 2019//
f 1991// 2019// 2001//
f 2001// 2019// 2120//
f 2001// 2120// 1988//
f 1988// 2120// 1962//
f 1506// 1719// 1753//
f 1753// 1719// 1868//
f 1753// 1868// 1907//
f 1907// 1868// 1934//
f 1907// 1934// 1969//
f 2016// 1969// 2030//
f 2030// 1969// 1934//
f 2030// 1934// 2119//
f 2119// 1934// 1962//
f 2119// 1962// 2126//
f 2126// 1962// 2120//
f 1959// 1991// 1995//
f 1843// 1828// 1959//
f 1843// 1959// 1846//
f 1846// 1959// 1995//
f 1846// 1995// 1855//
f 1855// 1995// 2002//
f 1855// 2002// 1859//
f 1859// 2002// 1862//
f 1862// 2002// 2003//
f 1862// 2003// 1865//
f 1812// 1818// 1832//
f 1850// 1844// 1855//
f 1865// 1854// 1862//
f 1862// 1854// 1850//
f 1862// 1850// 1859//
f 1859// 1850// 1855//
f 1818// 1828// 1832//
f 1832// 1828// 1843//
f 1832// 1843// 1844//
f 1844// 1843// 1846//
f 1844// 1846// 1855//
f 1804// 1812// 1820//
f 1820// 1812// 1832//
f 1820// 1832// 1833//
f 1833// 1832// 1844//
f 1833// 1844// 1838//
f 1838// 1844// 1850//
f 1838// 1850// 1837//
f 1837// 1850// 1854//
f 1837// 1821// 1838//
f 1838// 1821// 1827//
f 1838// 1827// 1833//
f 1833// 1827// 1822//
f 1833// 1822// 1820//
f 1820// 1822// 1816//
f 1820// 1816// 1804//
f 1804// 1816// 1793//
f 1821// 1810// 1817//
f 1821// 1817// 1827//
f 1827// 1817// 1811//
f 1827// 1811// 1822//
f 1822// 1811// 1808//
f 1822// 1808// 1816//
f 1784// 1793// 1789//
f 1789// 1793// 1816//
f 1789// 1816// 1796//
f 1796// 1816// 1808//
f 2003// 2014// 1865//
f 1865// 2014// 1851//
f 1865// 1851// 1854//
f 1854// 1851// 1837//
f 1837// 1851// 1821//
f 1821// 1851// 1776//
f 1821// 1776// 1810//
f 1779// 1746// 1769//
f 1769// 1746// 1736//
f 1769// 1736// 1759//
f 1810// 1776// 1809//
f 1809// 1776// 1768//
f 1809// 1768// 1794//
f 1794// 1768// 1766//
f 1794// 1766// 1782//
f 1782// 1766// 1758//
f 1782// 1758// 1779//
f 1779// 1758// 1754//
f 1779// 1754// 1746//
f 1776// 1755// 1768//
f 1768// 1755// 1748//
f 1768// 1748// 1766//
f 1766// 1748// 1742//
f 1732// 1754// 1742//
f 1742// 1754// 1758//
f 1742// 1758// 1766//
f 1722// 1736// 1732//
f 1732// 1736// 1746//
f 1732// 1746// 1754//
f 1407// 1675// 1413//
f 1413// 1675// 1698//
f 1413// 1698// 1421//
f 1421// 1698// 1710//
f 1421// 1710// 1437//
f 1437// 1710// 1723//
f 1437// 1723// 1443//
f 1443// 1723// 1725//
f 1675// 1722// 1698//
f 1698// 1722// 1732//
f 1698// 1732// 1710//
f 1710// 1732// 1742//
f 1710// 1742// 1723//
f 1723// 1742// 1748//
f 1723// 1748// 1725//
f 1725// 1748// 1755//
f 1443// 1376// 1437//
f 1437// 1376// 1370//
f 1437// 1370// 1421//
f 1421// 1370// 1363//
f 1421// 1363// 1413//
f 1413// 1363// 1350//
f 1413// 1350// 1407//
f 1407// 1350// 1333//
f 2045// 2052// 2043//
f 482// 435// 414//
f 482// 414// 458//
f 458// 414// 393//
f 458// 393// 428//
f 428// 393// 374//
f 428// 374// 400//
f 400// 374// 367//
f 400// 367// 382//
f 382// 367// 361//
f 382// 361// 376//
f 376// 361// 362//
f 376// 362// 379//
f 380// 363// 371//
f 380// 371// 389//
f 389// 371// 372//
f 389// 372// 405//
f 405// 372// 377//
f 405// 377// 411//
f 411// 377// 381//
f 411// 381// 431//
f 431// 381// 396//
f 431// 396// 446//
f 446// 396// 404//
f 446// 404// 451//
f 451// 404// 413//
f 451// 413// 468//
f 468// 413// 425//
f 468// 425// 478//
f 478// 425// 432//
f 478// 432// 487//
f 436// 484// 442//
f 442// 484// 487//
f 442// 487// 440//
f 440// 487// 432//
f 684// 695// 685//
f 685// 695// 694//
f 685// 694// 682//
f 682// 694// 691//
f 682// 691// 675//
f 675// 691// 689//
f 675// 689// 677//
f 664// 660// 658//
f 658// 660// 650//
f 650// 660// 644//
f 644// 660// 657//
f 644// 657// 641//
f 641// 657// 640//
f 640// 657// 651//
f 640// 651// 638//
f 677// 659// 657//
f 657// 659// 656//
f 657// 656// 651//
f 677// 657// 675//
f 675// 657// 660//
f 675// 660// 682//
f 682// 660// 664//
f 682// 664// 685//
f 685// 664// 668//
f 685// 668// 684//
f 196// 194// 201//
f 1089// 1191// 1180//
f 1180// 1191// 1250//
f 1214// 1266// 1155//
f 1155// 1266// 1224//
f 1155// 1224// 1085//
f 1085// 1224// 1169//
f 1085// 1169// 1071//
f 1071// 1169// 1094//
f 1071// 1094// 1069//
f 1069// 1094// 1088//
f 1069// 1088// 1074//
f 1074// 1088// 1132//
f 1074// 1132// 1089//
f 1089// 1132// 1191//
