v -0.20813867 0.045871522 -0.038013864
v -0.20813708 0.045977652 -0.037884884
v -0.20813233 0.045845836 -0.038083509
v -0.20812157 0.04583567 -0.038158249
v -0.20808642 0.045869738 -0.038314927
v -0.20803969 0.045950688 -0.038476825
v -0.20800126 0.046037458 -0.038583573
v -0.20796244 0.046162106 -0.038643379
v -0.20794265 0.046242446 -0.038651962
v -0.20793001 0.046303194 -0.038645234
v -0.20790987 0.046435617 -0.038588189
v -0.20752963 0.049685676 -0.036534633
v -0.20746832 0.05221644 -0.033593439
v -0.20736079 0.053100809 -0.033057794
v -0.20707504 0.05535144 -0.031764068
v -0.20675623 0.057531878 -0.030750563
v -0.20650189 0.058979321 -0.030322058
v -0.2064196 0.057665486 -0.032501332
v -0.20621009 0.059036516 -0.031915754
v -0.20619972 0.060322188 -0.030302804
v -0.20607638 0.060744941 -0.03045808
v -0.20603368 0.060850423 -0.030565051
v -0.20601964 0.060871877 -0.030617304
v -0.20601018 0.060878228 -0.030663135
v -0.20599633 0.06085474 -0.030772861
v -0.20599619 0.060691908 -0.03098559
v -0.20599262 0.060804933 -0.030858813
v -0.19146562 0.040238809 -0.036819942
v -0.19143145 0.040310808 -0.036914535
v -0.19139044 0.040413082 -0.036975667
v -0.19134946 0.040528368 -0.03699309
v -0.1913126 0.040645152 -0.036965307
v -0.1912933 0.040714577 -0.036923286
v -0.17500679 0.03460421 -0.034759372
v -0.17500518 0.034641284 -0.034657389
v -0.17499413 0.034602188 -0.034887061
v -0.17498982 0.034718309 -0.034560405
v -0.17497341 0.034633815 -0.034984984
v -0.17398496 0.034368206 -0.034988206
v -0.17395079 0.034440488 -0.035083052
v -0.17391007 0.034543302 -0.03514424
v -0.17386971 0.034659222 -0.035161473
v -0.17383376 0.03477658 -0.035133258
v -0.17381515 0.03484625 -0.035090849
v -0.16164504 0.037955724 -0.02916423
v -0.16068606 0.044950206 -0.025549002
v -0.14093754 0.023387946 -0.031202309
v -0.14093624 0.023422332 -0.031101869
v -0.14092512 0.0233874 -0.031327251
v -0.1409218 0.023495246 -0.031005008
v -0.14090508 0.023418771 -0.03142295
v -0.14089413 0.023415137 -0.031421844
v -0.13891868 0.02283741 -0.03131358
v -0.1388777 0.022940524 -0.031374749
v -0.13883696 0.023056686 -0.031391699
v -0.13880056 0.023174122 -0.031362962
v -0.13878168 0.023243712 -0.031320121
v -0.11653559 0.019080896 -0.026655698
v -0.11574581 0.026341727 -0.021726741
v -0.1146947 0.034008089 -0.01776425
v -0.11448187 0.037751015 -0.014112544
v -0.11425438 0.038822744 -0.014019158
v -0.11398485 0.039835427 -0.014242861
v -0.11396015 0.038996384 -0.015475372
v -0.11393467 0.039975315 -0.014347712
v -0.11389714 0.04004585 -0.014470533
v -0.11387354 0.040042613 -0.014609724
v -0.11386441 0.039964572 -0.014763375
v -0.10782868 0.012085469 -0.02830372
v -0.10738864 0.011930551 -0.028266201
v -0.10695864 0.011778641 -0.028131224
v -0.10695566 0.01180956 -0.028032266
v -0.10695156 0.011776594 -0.028229021
v -0.10693956 0.01187731 -0.027935432
v -0.10402954 0.010745392 -0.027982585
v -0.10399248 0.010836706 -0.028033406
v -0.10394952 0.01095263 -0.028049758
v -0.10391029 0.01106939 -0.028020026
v -0.10388942 0.011138278 -0.027976388
v -0.097112298 0.0082935272 -0.027412068
v -0.093517676 0.00701555 -0.027121393
v -0.086578749 0.0045468793 -0.026568212
v -0.086539581 0.0046528638 -0.026580913
v -0.086499505 0.0047695148 -0.026550662
v -0.086478062 0.0048381905 -0.026506601
v -0.086271927 0.004437787 -0.026543915
v -0.079908274 0.0021806243 -0.026040625
v -0.077851042 0.0014552093 -0.025877068
v -0.07780508 0.0015884277 -0.025846124
v -0.077783443 0.0016570317 -0.025801854
v -0.073797554 4.3536082e-05 -0.025548013
v -0.071210772 -0.0008290137 -0.025319245
v -0.070456445 -0.0010741194 -0.02524356
v -0.06987866 -0.0012505609 -0.025174612
v -0.069846563 0.014727727 -0.014289252
v -0.068703339 0.023065973 -0.0099794967
v -0.06036967 -0.0039235121 -0.023815408
v -0.060317289 -0.0039278148 -0.023797786
v -0.060194056 -0.0039050898 -0.023724407
v -0.059328221 -0.0034415303 -0.02299602
v -0.059261777 -0.0034059566 -0.022940123
v -0.059230987 -0.0031054881 -0.022819271
v -0.05823588 -0.0028567039 -0.022077087
v -0.057633586 -0.0025342421 -0.021570405
v -0.056889113 -0.002144051 -0.020971006
v -0.056260552 -0.0017226984 -0.020128384
v -0.055064164 -0.00076869887 -0.019688325
v -0.054634042 -0.0010814455 -0.019283632
v -0.054599054 -0.00098443369 -0.01883164
v -0.05453749 -0.0010401929 -0.019214837
v -0.054508962 -0.0010275519 -0.019195957
v -0.053734612 -0.00064295653 -0.018205814
v -0.053625051 -0.00060158054 -0.018128637
v -0.053570148 -0.00058100221 -0.018090134
v -0.053542662 -0.00057074014 -0.018070906
v -0.053515162 -0.00056049682 -0.018051691
v -0.053294405 -0.00047920653 -0.0178985
v -0.052913755 -0.00024975167 -0.017535092
v -0.052849051 -0.00032014461 -0.017594904
v -0.052774128 -0.00036205607 -0.017684696
v -0.052757919 0.00018736036 -0.018214203
v -0.052710477 -0.00036311577 -0.017778898
v -0.052675806 8.535585e-06 -0.018239655
v -0.05265497 -0.00032362953 -0.017882016
v -0.05265332 -0.00010847179 -0.018204894
v -0.05255615 -9.4947551e-05 -0.01813565
v -0.050199591 0.0010351841 -0.016737577
v -0.049326755 0.00078397896 -0.016128529
v -0.046665408 0.0012604488 -0.014380278
v -0.044679176 0.0022696401 -0.013990034
v -0.04372105 0.0018683331 -0.012488501
v -0.043679114 0.0017878955 -0.01255848
v -0.043626383 0.0017355122 -0.012660462
v -0.043575063 0.0017275352 -0.012771923
v -0.043532204 0.001760941 -0.012876748
v -0.043439306 0.0019627712 -0.013298511
v -0.043366518 0.0024641163 -0.01341184
v -0.043365046 0.0020489462 -0.013380788
v -0.04332241 0.0022746876 -0.013454379
v -0.043317802 0.0021533815 -0.013426753
v -0.04134265 0.023462014 -0.0015285509
v -0.041323833 0.023000441 -0.0013204785
v -0.041303776 0.02359388 -0.0016605766
v -0.041282553 0.023629075 -0.0017403023
v -0.041277632 0.023634819 -0.0017656813
v -0.041263293 0.023634216 -0.0018717418
v -0.041261453 0.023631277 -0.0018857125
v -0.041256379 0.023424845 -0.0015147839
v -0.041254062 0.023245793 -0.0014173231
v -0.041250926 0.023577735 -0.0016543563
v -0.041245494 0.023599416 -0.0019700066
v -0.041243125 0.023513664 -0.001586486
v -0.041214328 0.023619579 -0.0018586222
v -0.041199286 0.023598732 -0.0017297028
v -0.041196302 0.023594407 -0.001933648
v -0.041192435 0.02349402 -0.0021085923
v -0.041181769 0.023544816 -0.0016526171
v -0.041175056 0.022915546 -0.0013055615
v -0.041171171 0.023599897 -0.001830868
v -0.041169491 0.023377463 -0.0015253081
v -0.041164547 0.023463264 -0.0015885677
v -0.041160412 0.023593355 -0.0018234028
v -0.041157819 0.023204837 -0.001436412
v -0.041149344 0.023522643 -0.0016555936
v -0.04113958 0.023578441 -0.0018081898
v -0.041138787 0.023498075 -0.002068182
v -0.041128792 0.023347544 -0.0015375827
v -0.04112795 0.023566943 -0.0018697947
v -0.041115861 0.023495119 -0.0016619067
v -0.041113939 0.023516549 -0.0016906327
v -0.041112889 0.023178142 -0.0014541103
v -0.041099295 0.022858668 -0.0013162048
v -0.041094296 0.023397176 -0.0016080162
v -0.041091729 0.023314252 -0.0015551883
v -0.041091423 0.023438472 -0.001642741
v -0.041090008 0.023534639 -0.0018232549
v -0.041087847 0.023433844 -0.0016441555
v -0.041087557 0.02345901 -0.0016650652
v -0.041086547 0.02338801 -0.0016120598
v -0.041085888 0.023456687 -0.0016655352
v -0.041085809 0.023465008 -0.0016729262
v -0.041084323 0.023429165 -0.0016456742
v -0.04108423 0.023454355 -0.0016660311
v -0.041084059 0.023463046 -0.0016738218
v -0.041082729 0.023515347 -0.0017594263
v -0.041082319 0.023461074 -0.0016747452
v -0.041080955 0.023449656 -0.0016671036
v -0.041079052 0.023378668 -0.0016164654
v -0.041077994 0.023456052 -0.0016771877
v -0.041077435 0.023419686 -0.0016489916
v -0.041075032 0.023296421 -0.0015662091
v -0.04107454 0.023440124 -0.0016695443
v -0.041072246 0.023147998 -0.0014773979
v -0.041072223 0.023449115 -0.0016807532
v -0.041067041 0.02344265 -0.0016842358
v -0.041065942 0.023483839 -0.0019913043
v -0.041064676 0.023359567 -0.0016261598
v -0.04106418 0.023400309 -0.0016565636
v -0.04106218 0.023420643 -0.0016754023
v -0.041060142 0.023430791 -0.0016869304
v -0.041059542 0.02343291 -0.0016896975
v -0.041059364 0.023277977 -0.0015784256
v -0.041055646 0.023461062 -0.0017283347
v -0.041052952 0.023472086 -0.0017576438
v -0.041046951 0.023414869 -0.001699172
v -0.041043263 0.023408599 -0.0017014694
v -0.041041154 0.023364941 -0.0016718251
v -0.041040648 0.023385063 -0.0016877031
v -0.041039757 0.023324635 -0.0016452206
v -0.041039519 0.023398155 -0.0016997763
v -0.041037068 0.023114748 -0.0015063219
v -0.041027494 0.023459516 -0.0019319991
v -0.041025117 0.023189668 -0.0015770511
v -0.041007876 0.023083754 -0.0015349908
v -0.041007284 0.022815453 -0.0013683395
v -0.040998098 0.023350563 -0.0017554034
v -0.040994216 0.02340636 -0.0018448898
v -0.040939119 0.022763841 -0.0014372685
v -0.040928658 0.023004942 -0.0024305722
v -0.04091619 0.022167385 -0.0011698176
v -0.040902305 0.022091912 -0.0011538807
v -0.040868502 0.023021577 -0.0023894992
v -0.04082194 0.022153342 -0.0012325278
v -0.040788505 0.023028079 -0.0023021279
v -0.040753528 0.022129238 -0.0013137822
v -0.040748589 0.023017766 -0.0022301055
v -0.040731758 0.021042014 -0.0010687206
v -0.040719412 0.022982826 -0.0021200026
v -0.040576957 0.020701725 -0.0010940423
v -0.040503372 0.020741478 -0.0010824589
v -0.040471893 0.020758795 -0.0010811806
v -0.040469177 0.021400338 -0.00125383
v -0.040416375 0.020790376 -0.0010902848
v -0.040368285 0.020818781 -0.0011095278
v -0.040301573 0.022220386 -0.0022964289
v -0.040288333 0.020868674 -0.0011705222
v -0.040226731 0.020912046 -0.001271612
v -0.040095411 0.019860491 -0.0011635065
v -0.039930914 0.01974573 -0.0011621627
v -0.03983777 0.019806162 -0.0011710724
v -0.039784148 0.01984264 -0.0011942543
v -0.039705358 0.019782878 -0.00122028
v -0.03964166 0.020879578 -0.003116067
v -0.039580293 0.020912433 -0.0030754348
v -0.039500251 0.020945825 -0.0029813503
v -0.039462417 0.020953249 -0.0029005734
v -0.039387722 0.020862076 -0.0028756787
v -0.038389985 0.019481007 -0.0029364799
v -0.038120836 0.017924957 -0.0015680633
v -0.038089305 0.0029222746 -0.011351645
v -0.037847299 0.01759549 -0.0015710877
v -0.037692036 0.017465554 -0.0016247741
v -0.037605681 0.016751777 -0.0015291378
v -0.03755933 0.0024565174 -0.011015902
v -0.0372594 0.018215068 -0.0031236757
v -0.03588995 0.015243973 -0.001712012
v -0.035764478 0.015401362 -0.0016727141
v -0.035720207 0.015460017 -0.0016892161
v -0.035621837 0.016514529 -0.0037732176
v -0.035614576 0.015453501 -0.0017218048
v -0.035576947 0.016565403 -0.0037289835
v -0.035529435 0.016626965 -0.0032971874
v -0.035521094 0.016624643 -0.0036294577
v -0.035498302 0.01665388 -0.0034144805
v -0.03549711 0.016646314 -0.0035455239
v -0.035258759 0.015342077 -0.0018694015
v -0.034145705 0.013995572 -0.0018175024
v -0.033592433 0.0022757584 -0.0086923894
v -0.033573452 0.0021901929 -0.0087694367
v -0.03354279 0.0021327704 -0.0088802679
v -0.033509407 0.0021207577 -0.0089924298
v -0.03347202 0.0021534178 -0.0091102654
v -0.033158362 0.002426605 -0.009626817
v -0.033129204 0.0024948288 -0.0097177047
v -0.033105288 0.0025992123 -0.009783878
v -0.033096857 0.0029050477 -0.0097631942
v -0.033092603 0.0027169131 -0.0098088766
v -0.031800807 0.014111297 -0.0034220668
v -0.031704973 0.0028195358 -0.0093780914
v -0.031342242 0.002309507 -0.0091274437
v -0.031172115 0.012822246 -0.0019493669
v -0.030851893 0.0065772892 -0.0045081517
v -0.030851651 0.005632807 -0.0048291977
v -0.030843901 0.0056891739 -0.0049499017
v -0.030808283 0.0055856318 -0.004712149
v -0.030750809 0.0067522805 -0.0048584403
v -0.030720398 0.0055548288 -0.0046165753
v -0.030700928 0.0050923312 -0.0052070501
v -0.030696722 0.005794174 -0.0054461295
v -0.030623827 0.0073415977 -0.0039090356
v -0.030614529 0.0074095828 -0.0040234835
v -0.030613204 0.007352836 -0.0044386918
v -0.030601379 0.0055450886 -0.0045570266
v -0.030584872 0.007261334 -0.0038098046
v -0.030554838 0.013443283 -0.0033886058
v -0.03050359 0.0071810111 -0.0037408969
v -0.030392356 0.0071128579 -0.0037128029
v -0.030325048 0.0068972479 -0.0067215771
v -0.030292101 0.0066177836 -0.0068599992
v -0.030260563 0.0080208071 -0.0039173914
v -0.030242166 0.0067042904 -0.0070329905
v -0.030122876 0.0039356975 -0.0054673729
v -0.030110169 0.0039805258 -0.005592416
v -0.03009362 0.003921384 -0.0053379671
v -0.03007458 0.0083427373 -0.0059146364
v -0.030026855 0.0039397636 -0.0052238991
v -0.030020285 0.0084367814 -0.0061026937
v -0.030013189 0.013223433 -0.003553075
v -0.030003659 0.0084893405 -0.0058241705
v -0.02999481 0.012076521 -0.0017574392
v -0.029992007 0.011812557 -0.0017355842
v -0.029987065 0.013011226 -0.0038305449
v -0.029960606 0.01307091 -0.0037849643
v -0.029943272 0.0042695976 -0.0061705643
v -0.029940678 0.011926264 -0.0017225024
v -0.029932747 0.0039880364 -0.0051425355
v -0.029931316 0.013142556 -0.0036850218
v -0.029922038 0.013171059 -0.0036018337
v -0.029908277 0.01199522 -0.0017373692
v -0.029787326 0.0052930764 -0.007419718
v -0.029695412 0.0085966121 -0.0033995952
v -0.029642858 0.011565889 -0.0017491786
v -0.029549941 0.004950868 -0.0075331009
v -0.02951167 0.0050171581 -0.0076656807
v -0.029498754 0.008616928 -0.0029465896
v -0.0294968 0.0085843643 -0.002915978
v -0.029481806 0.0086935852 -0.0030544929
v -0.029481582 0.0085119689 -0.0028659953
v -0.029452264 0.0084340582 -0.0028337284
v -0.02943507 0.0087745339 -0.0032163858
v -0.029432906 0.0083946884 -0.0028249784
v -0.029360132 0.0082829408 -0.0028297836
v -0.028922662 0.0096620489 -0.0049914205
v -0.028883304 0.009730218 -0.0051277578
v -0.028031798 0.0025009857 -0.0066846693
v -0.027795544 0.0017882402 -0.0058692591
v -0.027787676 0.0017936619 -0.0057361601
v -0.027775329 0.0018261378 -0.0059955991
v -0.027752921 0.001841576 -0.0056165648
v -0.027696572 0.001924689 -0.005528681
v -0.027554769 0.0030589828 -0.0079662101
v -0.027176829 0.0028627701 -0.0080688642
v -0.027162239 0.009655159 -0.0020323831
v -0.026936064 0.011851209 -0.0031085724
v -0.026757481 0.0095751155 -0.0016298292
v -0.026755556 0.0094093978 -0.0015675866
v -0.026726888 0.0096899783 -0.0017610206
v -0.026721634 0.0092372261 -0.0015909721
v -0.026704706 0.010915152 -0.0016266344
v -0.026609363 0.010616546 -0.0039571873
v -0.026128389 0.010726609 -0.0038342865
v -0.025624597 0.0012723375 -0.0066948058
v -0.025483791 0.0012244289 -0.0066796951
v -0.025470788 0.0019628524 -0.0079485197
v -0.025382483 0.010787631 -0.0035519875
v -0.025142308 0.0014056385 -0.0077363807
v -0.024886262 0.00063340733 -0.0053931158
v -0.024880663 0.00056848559 -0.0055095656
v -0.024877511 0.00073658116 -0.0053089424
v -0.024861569 0.00055170106 -0.0056405631
v -0.024831884 0.00058560778 -0.0057661654
v -0.024603933 0.00098043168 -0.0065558087
v -0.024574867 0.0097535485 -0.0011952739
v -0.024547212 0.010793786 -0.0033222667
v -0.024254719 0.0015852922 -0.0077655236
v -0.024233384 0.0016222402 -0.0078394301
v -0.02403659 0.010755575 -0.0031997024
v -0.023761082 0.0091103846 -0.00079975522
v -0.023729691 0.0092797577 -0.00075891422
v -0.023707844 0.0093652299 -0.00077262992
v -0.023683801 0.0094434274 -0.00080837845
v -0.023671463 0.0094781034 -0.0008338078
v -0.02363571 0.0095575405 -0.0009348928
v -0.023614921 0.0095935427 -0.0010069053
v -0.023538262 0.010684398 -0.0030864235
v -0.02316905 0.00059237459 -0.0063531525
v -0.023168936 0.0005642653 -0.0063996399
v -0.02316881 0.00059804809 -0.0063454146
v -0.023164613 0.00053751969 -0.0064702067
v -0.023164498 0.00064689183 -0.0062928004
v -0.023148585 0.00052725314 -0.0065870509
v -0.023140268 0.00053340499 -0.0066289706
v -0.023132464 0.00052368379 -0.0065864436
v -0.023120441 0.00056092872 -0.0067080092
v -0.023116563 0.0006375332 -0.0062872907
v -0.023076698 0.0006319026 -0.006286704
v -0.023071898 0.00052866497 -0.0064502363
v -0.023043403 0.010583444 -0.002986701
v -0.023037208 0.010594173 -0.0030081577
v -0.023008652 0.00062536838 -0.0062914169
v -0.023006694 0.00057667651 -0.0063598515
v -0.023002587 0.00057530944 -0.0063633989
v -0.022997402 0.00055033813 -0.0066777859
v -0.022988001 0.0005351872 -0.0066265767
v -0.022965571 0.00055475737 -0.0066663879
v -0.022949746 0.00056436408 -0.0064151762
v -0.022945624 0.00053867238 -0.0065312772
v -0.02293322 0.00088520354 -0.0073565589
v -0.022900863 0.00095395261 -0.007448181
v -0.022897463 0.00056872185 -0.0064804028
v -0.022896308 0.00062230643 -0.006313547
v -0.022889474 0.00098322495 -0.0074720909
v -0.022881102 0.010653046 -0.0027606722
v -0.022865603 0.0010522344 -0.0075096791
v -0.02285758 0.00059756899 -0.0066138078
v -0.022853142 0.00096720393 -0.007458583
v -0.022844458 0.0011223432 -0.0075282292
v -0.022833535 0.00061519019 -0.0065980563
v -0.022832882 0.0011648901 -0.0075315526
v -0.022830261 0.00062458008 -0.0063341209
v -0.022822764 0.00060984597 -0.0064568641
v -0.022812583 0.00062917999 -0.006578146
v -0.022810262 0.0012598044 -0.007518718
v -0.022794401 0.00093189179 -0.0074103582
v -0.022787882 0.00062750396 -0.0063500446
v -0.022778351 0.00087903225 -0.0073149377
v -0.02277524 0.00064731669 -0.0065484857
v -0.022772381 0.010620521 -0.002775019
v -0.022769893 0.0010902951 -0.0075035738
v -0.022766743 0.010585142 -0.0028572979
v -0.022761704 0.00089747965 -0.0073412959
v -0.022757765 0.00088363164 -0.0073066955
v -0.022751763 0.00063147582 -0.0064141601
v -0.02271222 0.00066408794 -0.0065102275
v -0.022710847 0.0012288691 -0.0074858838
v -0.022697866 0.0012232988 -0.0074787536
v -0.022689957 0.00063810585 -0.006393977
v -0.022687914 0.001206526 -0.0074740737
v -0.02268395 0.0010386294 -0.0074330149
v -0.022671381 0.001210948 -0.0074623753
v -0.022671295 0.00064066891 -0.0064033573
v -0.022646315 0.00093946507 -0.0072466061
v -0.022643253 0.0011061287 -0.0074265371
v -0.022636108 0.0009882804 -0.0073319688
v -0.022628084 0.0011883323 -0.0074310978
v -0.022627873 0.0010121723 -0.0073474883
v -0.022608353 0.00096439663 -0.0072184023
v -0.022595556 0.0011368995 -0.0073933583
v -0.022587335 0.0010382638 -0.0073184334
v -0.022566505 0.00065735617 -0.0064602923
v -0.022560043 0.0011461086 -0.0073695318
v -0.02252211 0.00099446473 -0.0071715582
v -0.02249825 0.00099804113 -0.0071616364
v -0.022462821 0.0010706163 -0.0072534089
v -0.022452239 0.0010001665 -0.0071455273
v -0.022404211 0.00099614554 -0.0071326443
v -0.02238342 0.010432843 -0.0028704337
v -0.02237417 0.00099048996 -0.00712656
v -0.022296147 0.0092903338 -0.00077033899
v -0.022293875 0.0093045421 -0.00076689944
v -0.022288552 0.00928861 -0.00076902012
v -0.022272857 0.0094121182 -0.00076082215
v -0.022266617 0.0094387671 -0.00076473365
v -0.022254499 0.0094858631 -0.00077734858
v -0.022245424 0.0094320001 -0.00076078798
v -0.022220774 0.0095919017 -0.00083944522
v -0.022196062 0.0095650218 -0.00081875088
v -0.02218722 0.0096656149 -0.00093551417
v -0.022179641 0.0092734331 -0.00076779828
v -0.022159543 0.0092858337 -0.00076759665
v -0.022152012 0.0096566612 -0.00092982728
v -0.02214626 0.0092718862 -0.00077319134
v -0.022101948 0.009396188 -0.00077515992
v -0.022096172 0.0096347565 -0.00092465983
v -0.022093555 0.0095394365 -0.00082901854
v -0.022089276 0.0092712501 -0.00078611879
v -0.022063138 0.009353823 -0.00079072884
v -0.022042271 0.0096031986 -0.0009248787
v -0.022030605 0.0037390948 -0.0014062236
v -0.022029322 0.0036549596 -0.0012504674
v -0.022026196 0.0093035391 -0.00080726715
v -0.022023976 0.0093866345 -0.00081481592
v -0.022004168 0.0095287729 -0.00088526268
v -0.021993147 0.0092754373 -0.00081769365
v -0.021983873 0.0094253588 -0.0008539983
v -0.021952307 0.0093826773 -0.00086846057
v -0.021940319 0.0035731862 -0.0011211146
v -0.021935076 0.0094897775 -0.00095064461
v -0.02190542 0.009449535 -0.00096473604
v -0.02183849 0.009293518 -0.00088956481
v -0.021830034 0.0093811275 -0.00098080211
v -0.021808725 0.0093672322 -0.00098216557
v -0.021787444 0.003515688 -0.0010528254
v -0.021779772 0.010371336 -0.0023469559
v -0.021765409 0.0093443003 -0.00098183018
v -0.021757215 0.010366011 -0.0023431065
v -0.021751491 0.010404482 -0.0024638108
v -0.021746825 0.0017616549 -0.00211557
v -0.021744918 0.0018244127 -0.0022810942
v -0.021730667 0.010392081 -0.0025902844
v -0.021722823 0.010356246 -0.0026721556
v -0.021721598 0.010284092 -0.0027580531
v -0.02172132 0.010391599 -0.0024307061
v -0.021721199 0.010331878 -0.0027077256
v -0.02171923 0.0093265949 -0.00097753003
v -0.021689646 0.0093185268 -0.00097285927
v -0.021688605 0.0043314565 -0.0025909464
v -0.021670274 0.010379709 -0.002544503
v -0.021666536 0.0017382827 -0.0019595323
v -0.021634823 0.010308919 -0.0023363205
v -0.021621287 0.010319871 -0.0026430725
v -0.021608055 0.010247048 -0.0027173732
v -0.021603392 0.010315362 -0.0023891805
v -0.021597991 0.010249481 -0.0027050185
v -0.021581855 0.010234736 -0.0027009952
v -0.021566659 0.010306806 -0.0024710717
v -0.021539398 0.010254881 -0.0026013954
v -0.021539062 0.010212234 -0.002669804
v -0.021531405 0.010263744 -0.0025420047
v -0.021527627 0.010195498 -0.0023620864
v -0.021525566 0.001760563 -0.0018547898
v -0.021513557 0.010236913 -0.0024821667
v -0.021471739 0.010170226 -0.0026084613
v -0.021445954 0.010095829 -0.0023780875
v -0.021430595 0.010140293 -0.0025630589
v -0.021425923 0.010132821 -0.0025000123
v -0.021402918 0.0024167742 -0.0034658171
v -0.021377753 0.010097198 -0.0024961145
v -0.021335144 0.010029972 -0.002373883
v -0.021324934 0.010050112 -0.0024217525
v -0.02128722 0.010015549 -0.0023669037
v -0.021266846 0.0053087957 -0.00020344152
v -0.02125952 0.0054116044 -0.0003473759
v -0.021201363 0.0051760073 -0.00010638589
v -0.021080617 0.0050488221 -8.221469e-05
v -0.020928232 0.0048433845 -0.0056696502
v -0.02092685 0.0047684126 -0.0055092829
v -0.02091752 0.0060039661 -0.0015320987
v -0.020837568 0.0047116796 -0.0053673303
v -0.020713238 0.0063470392 -0.0046583051
v -0.02071221 0.0064398339 -0.0048090653
v -0.020684311 0.004688384 -0.0052818293
v -0.020630546 0.0062416112 -0.0045426022
v -0.020586232 0.0054357457 -0.006854373
v -0.02049505 0.0001361905 -0.0025669455
v -0.020486291 0.0061517972 -0.004492959
v -0.020479009 0.00018059681 -0.0027375659
v -0.020453375 0.00016296034 -0.002396984
v -0.02037021 0.0070321951 -0.0059937881
v -0.020366251 0.0031735487 -0.006144884
v -0.020365149 0.0002537331 -0.0022732213
v -0.020361304 0.0032305114 -0.0063124285
v -0.02029426 0.0031660104 -0.0059833257
v -0.020164628 0.0032099187 -0.0058710417
v -0.020137008 0.00077295821 -0.0039222888
v -0.020019304 0.0038228729 -0.0074971514
v -0.019767726 0.007596761 -0.0037604987
v -0.019756025 0.0077036656 -0.0039011224
v -0.019714199 0.0074527832 -0.0036724899
v -0.019663703 0.0062800203 0.00074495823
v -0.019647671 0.0061172745 0.00081275974
v -0.019638276 0.0063937944 0.00061173184
v -0.019609787 0.0073103094 -0.0036606779
v -0.019594476 0.0059491624 0.00079696724
v -0.019414024 0.0082960268 -0.005085845
v -0.019307885 0.0047312137 -0.006837612
v -0.019296275 0.0069861556 -0.00057299098
v -0.019209171 0.0052938364 -0.0065278043
v -0.019160444 0.0027079354 -0.00069835212
v -0.019142475 0.0018783282 -0.0064392206
v -0.019123713 0.0019206677 -0.0066100885
v -0.019108236 0.0019107435 -0.0062685828
v -0.019106438 0.0031070488 -0.00048320508
v -0.019030169 0.0020092274 -0.0061438973
v -0.019018712 0.0023047172 -0.00085904665
v -0.01886739 0.0034230063 -0.00025621947
v -0.018802766 0.0076101567 -0.005252325
v -0.018781712 0.0025130291 -0.0077948114
v -0.018769618 0.0077990824 -0.0051482935
v -0.018709313 0.0019772563 -0.00093346165
v -0.018670904 0.0083617056 -0.0048384857
v -0.018625898 -0.00073067681 -0.0023162556
v -0.018620688 -0.00076905277 -0.0023966976
v -0.018617129 -0.00060105155 -0.0021960039
v -0.01860941 -0.00078588957 -0.0024836482
v -0.018572079 -0.00075189234 -0.0026533268
v -0.01849065 0.0035932304 -6.2351828e-05
v -0.018311378 -0.00088893401 -0.0042791278
v -0.018306047 -0.00092733803 -0.0043595494
v -0.018302897 -0.00075924245 -0.0041589262
v -0.018294675 -0.00094419508 -0.0044464832
v -0.018293532 0.0017904094 -0.00090685871
v -0.018277584 0.008270056 -0.0029936843
v -0.018270025 0.0081053097 -0.0029293292
v -0.018257268 -0.0009102163 -0.0046161488
v -0.018249057 0.0083845621 -0.0031256496
v -0.018230079 -0.00015953094 -0.0038380497
v -0.0182284 0.0079344641 -0.0029498285
v -0.018050831 0.0035840063 6.0000923e-05
v -0.017907057 0.0089769242 -0.0043103728
v -0.017864298 0.0025304661 -0.0023874596
v -0.017784283 0.001797583 -0.00075626466
v -0.017727233 0.0059754672 0.001349146
v -0.017695554 0.0061447732 0.0013900367
v -0.017673587 0.0062302174 0.0013763417
v -0.017658768 0.00012641614 -0.0066894139
v -0.017649453 0.0063083954 0.00134061
v -0.017623331 0.0043244581 -0.0014209026
v -0.017621445 0.0053735618 -0.0060296045
v -0.017601283 0.0064224885 0.0012141078
v -0.017574098 0.0033508826 8.1060047e-05
v -0.017567437 0.0057726749 -0.0058144573
v -0.017514398 0.0011944977 -0.0061666048
v -0.017505629 0.001324123 -0.0060463529
v -0.01749791 0.0011392848 -0.006333997
v -0.017479712 0.0049703433 -0.0061902991
v -0.017460579 0.0011732822 -0.0065036761
v -0.017378971 0.0020431315 -0.00051648699
v -0.017328391 0.0060886326 -0.0055874721
v -0.017259283 0.0070148502 2.9385053e-05
v -0.017257622 0.0029399286 -3.3058182e-05
v -0.017186467 0.0076145618 0.00035026154
v -0.0171862 0.0024612595 -0.00025177497
v -0.017180299 0.0037151887 -0.0047569051
v -0.017170314 0.0046428824 -0.0062647141
v -0.017155074 0.0077839345 0.00039110251
v -0.01713323 0.0078694075 0.00037738655
v -0.017118579 0.0017656436 -0.0076883989
v -0.017109185 0.0079476042 0.00034163802
v -0.017096849 0.0079822792 0.00031620779
v -0.017061094 0.0080617163 0.00021512283
v -0.01695165 0.0062588565 -0.0053936043
v -0.016939331 0.0055091809 -0.0037903481
v -0.01675453 0.0044560358 -0.0062381113
v -0.016615734 0.0079006422 -0.002501203
v -0.016584054 0.0080699474 -0.0024603123
v -0.016562087 0.0081553916 -0.0024740072
v -0.016537953 0.0082335696 -0.0025097388
v -0.016525581 0.0082682371 -0.002535163
v -0.016511831 0.0062496327 -0.0052712513
v -0.016489783 0.0083476631 -0.002636241
v -0.016462594 0.0090983482 -0.0018581421
v -0.016245283 0.0044632093 -0.0060875169
v -0.016147783 0.0089400243 -0.0038209639
v -0.016035099 0.0060165087 -0.0052501922
v -0.015926994 -0.00072184147 -0.0034543618
v -0.015860075 -0.00070264644 -0.0034254466
v -0.01585062 -0.00085019809 -0.0035494005
v -0.015839972 0.0047087576 -0.0058477395
v -0.015771803 -0.00090448093 -0.0036983353
v -0.015718622 0.0056055547 -0.0053643105
v -0.01571166 -0.00087014452 -0.0038612592
v -0.015647201 0.0051268856 -0.0055830274
v -0.015113159 0.00016648789 -0.0059345239
v -0.014960137 0.0065300842 0.00045070876
v -0.01488928 0.0064717364 0.00044198913
v -0.014849234 0.0066607255 0.00049513666
v -0.01474514 0.0067960424 0.00044829852
v -0.014675741 0.0068997764 0.00032274507
v -0.014153939 0.00055604504 -0.0054628425
v -0.014077242 0.0079364087 -0.0017505198
v -0.014038139 0.00042741388 -0.0023344685
v -0.013894307 0.00034010268 -0.0023895111
v -0.013766106 0.00031586635 -0.002509167
v -0.013687886 0.00036120127 -0.0026613732
v -0.013481867 0.0032035336 -0.0059196255
v -0.013479925 0.0046143159 -7.987483e-05
v -0.013383153 0.0037661565 -0.0056098178
v -0.013316156 0.0046765362 -5.4396689e-05
v -0.013264042 0.0071325619 -0.0019176931
v -0.01317336 0.0047617657 -0.00011510627
v -0.013142451 0.0023805837 -0.0010993208
v -0.013089798 0.0048471671 -0.0002457372
v -0.013089386 0.0013978337 -0.0047346381
v -0.012976748 0.0060824766 -0.0043343389
v -0.012966628 0.0023630273 -0.0011102508
v -0.0129436 0.0062714024 -0.0042303069
v -0.012844887 0.0068340255 -0.0039204992
v -0.01281501 0.0023898564 -0.001197614
v -0.012728219 0.0024538818 -0.0013380009
v -0.012491298 0.0058837999 -0.0023190021
v -0.012140972 0.001305085 0.00062656979
v -0.012129718 0.0034905141 -0.0034112658
v -0.012045743 0.00066685869 0.00033494685
v -0.011883946 0.0018625889 0.00097951875
v -0.011713472 0.0020455369 -0.00085433363
v -0.011623776 0.00011892072 0.00018278933
v -0.011618243 0.0014073105 -0.0011459566
v -0.011591055 0.0033589536 -0.0033215473
v -0.011472019 0.0025611699 -0.0036860765
v -0.011458776 0.0033414038 -0.0033221974
v -0.011456446 0.0026030405 -0.00050138473
v -0.011348851 0.0026046806 -0.003658826
v -0.011343529 0.002189985 0.0012992215
v -0.011333615 0.0033490716 -0.0033678373
v -0.011269772 0.004055833 -0.0028803614
v -0.011234634 0.0033807894 -0.0034515222
v -0.011231416 0.0026641125 -0.0036808145
v -0.011196276 0.00085937243 -0.0012981141
v -0.011176896 0.0034317276 -0.0035605105
v -0.01116208 0.0039849468 -0.002914777
v -0.011137594 0.0027304166 -0.0037486956
v -0.011081668 0.0027935014 -0.0038521334
v -0.011057767 0.0039473972 -0.0029890442
v -0.01098813 -0.00019190946 0.00021086923
v -0.010972714 0.0039489008 -0.0030918566
v -0.010944559 0.0018762476 -0.0038762731
v -0.010919867 0.0039892304 -0.0032075609
v -0.01091603 0.0029304367 -0.00018168187
v -0.010861759 0.0019721785 -0.003834466
v -0.010834897 0.0040240888 -0.0047452333
v -0.010778548 0.0020760514 -0.0038441133
v -0.010739667 0.0033858628 -0.005036856
v -0.010707593 0.0021720505 -0.003903748
v -0.010664533 0.0021995499 0.0015000135
v -0.010659697 0.0022455624 -0.0040042903
v -0.010594254 0.0044650789 -0.002480733
v -0.010577867 0.004581592 -0.004392284
v -0.010560631 0.00054854224 -0.0012700342
v -0.010538263 0.00436287 -0.0025457349
v -0.010477782 0.004298768 -0.0026459317
v -0.010422015 0.0042825295 -0.0027660693
v -0.010379454 0.0043166275 -0.0028878585
v -0.010317697 0.0028379238 -0.0051890132
v -0.010237033 0.0029400017 1.9110044e-05
v -0.010150005 0.0014877085 -0.0038411748
v -0.010128017 0.0016133788 -0.0038020525
v -0.010096361 0.0017424606 -0.0038139783
v -0.010059854 0.0018553047 -0.0038751347
v -0.010037454 0.0049089892 -0.0040725814
v -0.010024055 0.0019347315 -0.0039762119
v -0.0097544761 0.0043739108 -0.0023139545
v -0.0097542778 0.0043474096 -0.0023499946
v -0.009749067 0.0043090321 -0.0024304376
v -0.0097455075 0.0044770348 -0.0022297429
v -0.0097377868 0.0042921966 -0.0025173868
v -0.0097300978 0.0042922758 -0.0025614568
v -0.0097004576 0.0043261927 -0.0026870668
v -0.0096820556 0.002527093 -0.0051609348
v -0.0093584573 0.0049185539 -0.0038717897
v -0.0054009077 -0.0014722876 0.0011835725
v -0.0051431106 -0.0016140721 -0.0039767595
v -0.0051429085 -0.0016405742 -0.0040127994
v -0.0051376983 -0.0016789518 -0.0040932419
v -0.0051341387 -0.0015109489 -0.0038925472
v -0.0051264218 -0.0016957865 -0.004180192
v -0.0051187286 -0.0016957081 -0.0042242613
v -0.0050890888 -0.0016617913 -0.0043498711
v -0.0050773099 0.00091917353 0.0024727175
v -0.0049841814 -0.0019448496 -0.0031252687
v -0.0049832044 -0.0020242641 -0.0031934113
v -0.004981264 -0.0015684476 -0.0038242575
v -0.0049785995 -0.0016759478 -0.0039032716
v -0.0049769832 -0.0019531247 -0.0032784529
v -0.0049764798 -0.0018824459 -0.0032429683
v -0.0049734074 -0.00073183578 -0.00029733093
v -0.0049669426 -0.0020025754 -0.0033002798
v -0.0049529667 -0.0019969884 -0.0030363833
v -0.0049436237 -0.0021003028 -0.0030901171
v -0.0049406732 -0.0020092204 -0.0030167773
v -0.0049400483 -0.0017532896 -0.0040049502
v -0.0049399687 -0.0038405119 0.00010246138
v -0.0049382658 -0.002021129 -0.0030166677
v -0.00493456 -0.0039053906 -1.4021813e-05
v -0.0049309968 -0.0037373886 0.00018667353
v -0.0049306955 -0.0021307755 -0.0032694824
v -0.0049270964 -0.0020898734 -0.0033324263
v -0.004926783 -0.0016075803 -0.0037653386
v -0.0049155904 -0.0039221467 -0.00014504108
v -0.0049088178 -0.0021158825 -0.0033401542
v -0.0049033649 -0.0021819698 -0.0031484442
v -0.0048922622 -0.0016502185 -0.0036949045
v -0.0048914412 0.00028264671 -0.0029256889
v -0.0048909802 -0.0017343556 -0.003539149
v -0.0048859469 -0.003888231 -0.00027065043
v -0.00488282 -0.0017639447 -0.0037640722
v -0.0048814425 -0.0018544851 -0.0035964604
v -0.0048714816 -0.0017887012 -0.0041138153
v -0.0048597613 0.00045195417 -0.0028847973
v -0.0048584756 -0.0021543836 -0.0030015551
v -0.0048555713 -0.0021114934 -0.0029617653
v -0.0048525836 -0.0020657573 -0.0029340109
v -0.0048389114 -0.0020718782 -0.0029260872
v -0.0048377966 0.0005373988 -0.0028984926
v -0.0048366631 -0.0021986249 -0.0030331519
v -0.0048290929 -0.0022194406 -0.0033107633
v -0.0048285336 -0.002078447 -0.0029216646
v -0.0048254612 -0.0022499522 -0.0031800952
v -0.0048249783 -0.0018590137 -0.0038377116
v -0.0048233178 -0.0019677922 -0.0036363348
v -0.0048136585 0.00061557442 -0.0029342244
v -0.0048109624 -0.0022051171 -0.0033565233
v -0.0048079574 -0.002084079 -0.0029112264
v -0.0047944626 -0.0022354533 -0.0030502984
v -0.0047833393 -0.0017767866 -0.0042132917
v -0.0047817929 -0.0020928346 -0.0029015488
v -0.0047721751 0.00024255201 -0.0028812464
v -0.004765491 0.0007296697 -0.003060726
v -0.0047446312 -0.00012488017 -0.0022065456
v -0.0047420878 -0.0022354785 -0.0030098218
v -0.0047414806 -0.00015125491 -0.0021584097
v -0.0047408747 -0.0021781756 -0.0029413686
v -0.0047402275 -0.0022575741 -0.0030495983
v -0.004733779 -8.8849592e-05 -0.0022761084
v -0.0047333175 -0.0021058519 -0.0028895687
v -0.0047275359 -0.0019209521 -0.0039046104
v -0.0047256006 -0.0022906894 -0.0031772135
v -0.0047254628 -0.0020570268 -0.0036527037
v -0.0047245165 0.00040648738 -0.0028344009
v -0.0047219107 -0.0014627227 0.0013843644
v -0.0047148215 -4.7381822e-05 -0.0021328088
v -0.0047130645 -0.00020029496 -0.0020745685
v -0.0046985196 -0.0022726962 -0.0033090767
v -0.0046979762 -0.00021562491 -0.002049919
v -0.0046918932 2.1900112e-05 -0.0022086424
v -0.0046905908 -0.000142747 -0.0020317791
v -0.0046882676 -0.0022566942 -0.0033468928
v -0.0046840855 0.00018601531 -0.00279848
v -0.0046695215 5.052573e-05 -0.0021878714
v -0.00464981 0.0016596252 0.00099181419
v -0.0046482789 5.9240669e-05 -0.002572289
v -0.0046405778 0.00012164437 -0.0026899888
v -0.004635544 2.9391103e-05 -0.0020563966
v -0.0046347645 0.00055543316 -0.0028675625
v -0.0046246243 0.00034237633 -0.0027405459
v -0.0046169641 -4.3728029e-05 -0.0019789322
v -0.0046098861 -0.00027216162 -0.0019671526
v -0.004608559 -0.0002236966 -0.0019505018
v -0.0046053324 -0.0019403329 -0.0039545861
v -0.0046027675 -0.0021086039 -0.0036430734
v -0.0045963791 9.3417751e-05 -0.0021004253
v -0.0045840214 0.00019861599 -0.002484052
v -0.0045752893 0.00026938182 -0.00261752
v -0.0045540654 -0.00010579568 -0.001916613
v -0.0045439471 -0.0032958698 -0.0014553732
v -0.0045344201 0.00013237588 -0.0021079457
v -0.004526963 0.00064947963 -0.0029718427
v -0.0045207674 7.6346128e-05 -0.0020050155
v -0.0045107026 3.673571e-05 -0.0019630506
v -0.0045048296 0.00011409932 -0.0020468724
v -0.0045026285 0.00047062855 -0.0027434123
v -0.0044959118 0.003168849 -0.0013984687
v -0.0044957134 0.003142348 -0.0014345088
v -0.0044934358 0.00014084623 -0.0020918795
v -0.0044906205 -0.00031225631 -0.0019227101
v -0.0044905031 0.0031039703 -0.0015149517
v -0.0044869431 0.0032719732 -0.001314257
v -0.0044849706 -0.0002742004 -0.0019050753
v -0.0044792229 0.0030871346 -0.001601901
v -0.0044766292 3.1127206e-06 -0.0019292909
v -0.0044715335 0.003087214 -0.0016459709
v -0.0044660443 0.00014251453 -0.0020803325
v -0.0044589406 -0.00014295026 -0.0018818199
v -0.00444892 0.00028046613 -0.0024041263
v -0.0044418937 0.0031211306 -0.0017715809
v -0.004441665 0.00060834171 0.0025007967
v -0.0044373679 0.00037407249 -0.0025806755
v -0.0044252961 -1.7864819e-05 -0.0019104227
v -0.004424253 0.00014342707 -0.0020706179
v -0.0044192388 0.00014308051 -0.0020693436
v -0.0044128406 2.0672514e-05 -0.0019312466
v -0.0043881764 8.6251304e-05 -0.0019865816
v -0.0043646698 0.00013476687 -0.0020577477
v -0.0043507796 0.00053640711 -0.0028063087
v -0.0043369825 0.0028380717 -0.00054697791
v -0.0043360051 0.0027586571 -0.00061512057
v -0.0043340689 0.0032144745 -0.0012459673
v -0.0043314002 0.0031069734 -0.0013249809
v -0.0043297969 0.0028298944 -0.00070011691
v -0.0043292809 0.0029004752 -0.00066467759
v -0.0043057678 0.0027859327 -0.00045809249
v -0.0043054735 0.0027409196 -0.00073758292
v -0.0042964248 0.0026826183 -0.00051182625
v -0.0042944108 -0.00072227092 -9.6539014e-05
v -0.0042934781 0.0027737014 -0.00043848719
v -0.0042928495 0.0030296315 -0.0014266595
v -0.0042910702 0.0027617931 -0.00043837752
v -0.0042834966 0.0026521457 -0.00069119164
v -0.0042800177 0.0026932312 -0.00075407862
v -0.0042791702 0.00028285713 -0.0023539283
v -0.0042637675 0.00040766614 -0.0025893268
v -0.0042561661 0.0026009514 -0.00057015335
v -0.0042450633 0.0031327025 -0.0011166136
v -0.0042442423 0.0050655678 -0.00034739802
v -0.0042437813 0.0030485655 -0.00096085813
v -0.0042356243 0.0030189774 -0.0011857819
v -0.0042342436 0.002928436 -0.0010181697
v -0.0042242859 0.0029942209 -0.001535525
v -0.0042222571 0.0051912391 -0.00030827639
v -0.0042199739 0.0028890097 -0.0010337634
v -0.0042125625 0.0052348753 -0.00030650652
v -0.0042112768 0.0026285374 -0.00042326434
v -0.0042083757 0.0026714287 -0.00038347492
v -0.0042053848 0.0027171639 -0.0003557202
v -0.0041999808 0.0026039351 -0.00077562191
v -0.0041917162 0.0027110439 -0.000347797
v -0.0041905977 0.0053203199 -0.00032020171
v -0.004189468 0.0025842972 -0.00045486161
v -0.0041818973 0.0025634815 -0.00073247316
v -0.0041814945 -0.0011353265 0.0017040672
v -0.004181338 0.0027044751 -0.00034337427
v -0.0041782623 0.002532969 -0.00060180441
v -0.0041777794 0.0029239075 -0.0012594209
v -0.0041761226 0.0028151299 -0.0010580445
v -0.0041664629 0.0053984965 -0.00035593417
v -0.0041607618 0.0026988431 -0.00033293603
v -0.0041540912 0.0054331641 -0.00038135817
v -0.004147267 0.0025474688 -0.00047200828
v -0.0041361405 0.0030061346 -0.0016350008
v -0.004134594 0.0026900866 -0.0003232579
v -0.0041182921 0.005512591 -0.00048243522
v -0.0041144812 0.0027520254 -0.0010718025
v -0.0040974361 0.004658042 0.00037174459
v -0.0040948926 0.0025474434 -0.00043153146
v -0.004094285 0.0046316674 0.00041988058
v -0.0040936759 0.0026047456 -0.00036307774
v -0.0040930319 0.002525348 -0.00047130804
v -0.0040913676 0.0050080707 -0.00027910742
v -0.0040865834 0.0046940725 0.00030218175
v -0.0040861224 0.0026770702 -0.00031127833
v -0.0040849689 -0.0023596087 -0.0028593454
v -0.0040847668 -0.0023861104 -0.0028953853
v -0.0040803407 0.0028619699 -0.0013263202
v -0.0040795598 -0.0024244871 -0.0029758287
v -0.0040784017 0.0024922318 -0.00059892272
v -0.0040782671 0.002725895 -0.0010744135
v -0.0040759966 -0.0022564854 -0.0027751331
v -0.0040682796 -0.0024413229 -0.0030627782
v -0.0040676259 0.0047355401 0.00044548136
v -0.0040658657 0.0045826263 0.00050372235
v -0.0040605902 -0.0024412435 -0.0031068479
v -0.0040513207 0.0025102249 -0.00073078572
v -0.0040507768 0.0045672962 0.00052837183
v -0.0040446944 0.0048048212 0.00036964848
v -0.0040433956 0.004640175 0.00054651115
v -0.0040411041 0.002839129 0.0037318224
v -0.0040410724 0.0025262279 -0.00076860259
v -0.0040392065 0.0051696729 -0.00022906832
v -0.0040309466 -0.0024073275 -0.0032324574
v -0.0040223263 0.0048334477 0.00039041889
v -0.0040196939 6.0402788e-05 0.0023486398
v -0.0040191151 0.0029647977 0.0037709437
v -0.0040141647 0.0013487934 0.0010198932
v -0.0040023657 0.0049262983 -0.00014975514
v -0.0040010833 0.0048421626 6.001238e-06
v -0.0039883452 0.0048123123 0.00052189431
v -0.0039874595 0.0030938811 0.0037590184
v -0.003969769 0.0047391942 0.00059935811
v -0.0039626872 0.0045107594 0.0006111383
v -0.0039613601 0.0045592245 0.00062778901
v -0.0039581368 0.002842589 -0.0013762959
v -0.0039555724 0.0026743182 -0.0010647831
v -0.0039509526 0.0032067252 0.0036978619
v -0.0039491835 0.0048763398 0.00047786487
v -0.003938281 0.0050769453 -8.2385784e-05
v -0.0039371508 0.0053122505 -0.00025349928
v -0.0039368263 0.0049815383 9.4238378e-05
v -0.0039244653 -0.00057782355 0.0020570168
v -0.0039151539 0.0032861519 0.003596785
v -0.0039068703 0.0046771262 0.00066167727
v -0.0038872212 0.004915297 0.00047034497
v -0.003873572 0.0048592682 0.0005732748
v -0.0038635074 0.0048196577 0.00061523961
v -0.0038576343 0.0048970212 0.00053141796
v -0.003846237 0.0049237674 0.00048641124
v -0.0038434213 0.004470665 0.00065558072
v -0.0038377715 0.0045087207 0.0006732156
v -0.0038332995 -0.00046288976 -0.0018082747
v -0.0038294338 0.0047860346 0.0006489993
v -0.0038214361 0.0045963344 0.00069470145
v -0.0038188489 0.0049254368 0.00049795787
v -0.0038125431 0.0053975941 -0.00034585659
v -0.003812108 0.0046384018 0.00069650746
v -0.0038036448 0.0051895897 -5.9470567e-05
v -0.0038017211 0.0050633871 0.00017416445
v -0.0038016192 -0.0002935821 -0.0017673835
v -0.0037897767 0.0047254171 0.00068277662
v -0.0037770541 0.0049263481 0.00050767302
v -0.0037720434 0.0049260026 0.00050894672
v -0.0037555199 -0.00012996093 -0.0018168112
v -0.0037539946 -0.00039487475 0.00022316385
v -0.00375327 0.0048382613 0.00062162016
v -0.0037409812 0.0048691733 0.0005917087
v -0.0037174746 0.0049176891 0.00052054256
v -0.0037073491 -1.5866581e-05 -0.0019433122
v -0.0036474564 -0.004537418 -8.6597807e-05
v -0.0036345357 0.0052340492 -8.7150198e-05
v -0.003632389 -0.0045371745 4.5990753e-05
v -0.0036319746 0.0050657792 0.00022436201
v -0.0036297699 -0.0044977013 -0.00021275852
v -0.0035921941 0.00080085453 0.00086773623
v -0.0035868594 -0.0044970121 0.00016482035
v -0.0035731539 0.0038785134 0.0024120621
v -0.0035177974 -0.0044230428 0.00025180203
v -0.0034969652 0.00016262816 0.00057611329
v -0.0034375715 0.0023968117 -0.00031709508
v -0.0034324469 -0.0013706952 -0.0053057224
v -0.0034288014 0.0025264367 -0.00019684287
v -0.0034210808 0.0023415983 -0.00048448727
v -0.0033837515 0.0023755946 -0.00065416715
v -0.0032877699 -0.0039053401 -0.0013974813
v -0.0031861041 0.0043200324 0.00077001558
v -0.0031641154 0.0044457009 0.00080913689
v -0.0031494524 -0.00014267243 -0.0016482103
v -0.0031418905 -0.00030741928 -0.0015838549
v -0.0031324595 0.0045747845 0.00079721148
v -0.0031209248 -2.8165818e-05 -0.0017801757
v -0.0031088491 0.0010207659 -0.0040165773
v -0.0031002699 -0.00047826397 -0.0016043544
v -0.0030959528 0.0046876287 0.00073605502
v -0.0030601537 0.0047670556 0.000634978
v -0.0028481351 0.0020841251 -0.00044782879
v -0.0028293738 0.0021264667 -0.00061869598
v -0.002813895 0.0021165404 -0.00027719091
v -0.0027924564 -0.0030565143 -0.0030484046
v -0.0027852515 0.0034122269 -0.0027274319
v -0.002777389 -0.0030562708 -0.0029158161
v -0.0027747697 -0.0030167981 -0.0031745655
v -0.0027358294 0.0022150262 -0.00015250439
v -0.0027318595 -0.0030161086 -0.0027969864
v -0.0026627975 -0.0029421393 -0.0027100046
v -0.0026303052 9.189437e-05 -0.001381062
v -0.0026186013 0.00019879844 -0.0015216853
v -0.00259778 0.0031087964 0.004167642
v -0.0025976014 0.0032212508 0.0040958035
v -0.0025767805 -5.2082843e-05 -0.0012930534
v -0.002575072 0.0029802974 0.0041955528
v -0.0025745556 0.0033005399 0.0039909761
v -0.0025329313 0.002855316 0.0041752877
v -0.0025224248 0.0010084666 -0.0038534405
v -0.0024723662 -0.00019455721 -0.0012812408
v -0.0024616537 0.005803688 -0.0014382869
v -0.0024217889 0.0016328868 -0.00055037224
v -0.0024168422 0.0016898512 -0.00071791612
v -0.002349799 0.00162535 -0.00038881312
v -0.0023009011 0.00052728289 -0.0010682769
v -0.0022998741 0.00062007725 -0.0012190373
v -0.0022325555 0.0038929014 0.0028062535
v -0.0022308738 0.0031630991 -0.0026919609
v -0.0022278656 0.0011522268 -0.00093217543
v -0.0022264807 0.0010772563 -0.00077180698
v -0.0022201659 0.0016692566 -0.00027652993
v -0.0022182108 0.0004218535 -0.00095257512
v -0.0021762697 -0.0019801655 -0.0052478304
v -0.0021371995 0.0010205215 -0.0006298552
v -0.0020739536 0.00033203996 -0.00090293045
v -0.0020201013 0.0012354308 -0.0035949501
v -0.0019839467 0.0009972282 -0.0005443535
v -0.0018183423 0.0027264836 -0.002791181
v -0.0017452744 0.0046675904 0.0011622723
v -0.00174278 0.0045896997 0.001205835
v -0.0017426015 0.0047021545 0.0011339966
v -0.0017300403 0.0045046271 0.0012297344
v -0.0017200721 0.0044612009 0.0012337462
v -0.0017195555 0.0047814432 0.0010291693
v -0.0017013741 0.0016567097 -0.0032923021
v -0.0016779313 0.0043362193 0.0012134811
v -0.0016293656 0.0021888593 -0.0030054403
v -0.0013284561 -0.0055927397 0.00026890149
v -0.0013230437 -0.0056576184 0.00015241929
v -0.0013194839 -0.0054896153 0.00035311407
v -0.001304074 -0.0056743748 2.1400032e-05
v -0.001274434 -0.0056404578 -0.00010420987
v -0.0011210555 0.005818076 -0.0010440955
v -0.0010757549 0.00044619711 -0.00055769668
v -0.0010101256 -7.7549914e-05 -0.00080062466
v -0.00093243405 -0.0050480966 -0.0012889326
v -0.00084552472 0.00094557105 -0.00024154797
v -0.00083533739 -0.0024769511 -0.0019498683
v -0.00080383476 -0.0022441365 -0.0018243669
v -0.00075266062 -0.0027121622 -0.0020436069
v -0.00069445948 -0.00054420868 -0.00094282907
v -0.00066439086 -0.002059828 -0.0016919586
v -0.00057217863 -0.0029031804 -0.0020870154
v -0.00047345614 -0.0041118362 -0.0026929053
v -0.00046804364 -0.0041767149 -0.0028093876
v -0.00046448389 -0.0040087122 -0.0026086925
v -0.00045585624 -0.00021210594 -0.0038671598
v -0.00044907397 -0.0041934713 -0.0029404068
v -0.00044462743 -0.0019605288 -0.0015788688
v -0.00041943401 -0.0041595544 -0.0030660168
v -0.00039175479 0.00163092 -0.0029271424
v -0.00036145732 0.0012388314 4.4820456e-05
v -0.00035714239 0.00035051699 -0.0035573523
v -0.00032963936 -0.003012174 -0.0020714973
v -0.00032612556 0.001107173 -0.0031700705
v -0.00019974394 -0.00084884011 -0.00095233269
v -0.00018806383 -0.0019659104 -0.0015074961
v -0.00018689031 0.0028804969 0.004865122
v -0.00016490134 0.003006167 0.0049042441
v -0.00016152461 0.002130294 -0.0026109938
v -0.00015133731 -0.0012922283 -0.0043193139
v -0.00013324575 0.003135249 0.004892318
v -0.00011983465 -0.0010594135 -0.0041938126
v -0.00011267873 0.0029735356 0.00098398863
v -9.6739073e-05 0.0032480932 0.0048311614
v -7.1014416e-05 0.0026943104 0.00085640355
v -6.8660556e-05 -0.0015274392 -0.0044130529
v -6.0940136e-05 0.0033275199 0.0047300844
v -3.2577649e-05 -0.0030079896 -0.0019836507
v -1.0459398e-05 0.00064051419 -0.0033122748
v -2.3035663e-07 0.0032174424 0.0011384032
v 1.9609246e-05 -0.00087510503 -0.0040614046
v 4.9262744e-05 0.0026668373 -0.002281873
v 8.2410319e-05 0.0028557631 -0.0021778413
v 9.0030648e-05 -0.0021018994 -0.0014952116
v 0.00011182148 -0.0017184574 -0.0044564614
v 0.00011359507 0.0024545873 0.00078983419
v 0.000179066 -0.003122922 -0.0051392815
v 0.00018112414 0.003418386 -0.0018680335
v 0.00020385253 -0.0028647534 -0.0018437811
v 0.00023620337 0.0033606777 0.0012782734
v 0.00023937268 -0.00077580597 -0.0039483146
v 0.00024674143 0.0012473996 0.00022467638
v 0.00027464013 -0.0023416225 -0.0015617809
v 0.00028105988 0.0039198813 0.0035453618
v 0.00031630474 -0.0026208458 -0.0016893651
v 0.00032254276 0.0024235544 -0.0023246254
v 0.00035436073 -0.0018274513 -0.0044409432
v 0.00036277951 -0.00092294661 -0.00082699943
v 0.00039168957 0.0023185986 0.00080211874
v 0.00044613166 -0.0015793972 0.0028179125
v 0.00048425616 0.0003358828 -0.0033217785
v 0.00049593626 -0.00078118755 -0.003876942
v 0.00052921113 0.0054023201 -0.00077558256
v 0.00053326535 0.0033648638 0.0013661208
v 0.00054136058 -0.0022176236 0.0025262896
v 0.00057132135 0.0041582584 -0.0013854571
v 0.00061298569 0.0038790333 -0.0015130423
v 0.00064824958 0.0023132178 0.00087349094
v 0.00065142242 -0.0018232667 -0.0043530967
v 0.00066810963 0.0043614004 0.0019033152
v 0.00068376976 0.0044021653 -0.0012310427
v 0.00069978979 0.0045307078 0.0019442063
v 0.00070315745 -0.0010218935 0.0031708614
v 0.00074588909 0.0046943291 0.0018947787
v 0.00077403075 -0.00091717642 -0.0038646574
v 0.00077580463 0.00325587 0.0013816389
v 0.00079405989 0.0048084236 0.0017682776
v 0.00079759519 0.0036393104 -0.0015796116
v 0.00081610866 0.00096897886 0.00024982815
v 0.00086662336 -0.00074986217 -0.00059501
v 0.00086801656 0.0024125159 0.0009865812
v 0.00087363168 -0.00083894556 0.001337009
v 0.00088785263 -0.0016800305 -0.004213227
v 0.00092020346 0.0045454009 -0.0010911725
v 0.00093074155 0.0024321226 -0.0021447695
v 0.00095628639 0.0030648501 0.0013382296
v 0.00095864024 -0.0011568995 -0.0039312267
v 0.00096332788 -0.0027655617 0.0023741319
v 0.00096886058 -0.0014771719 0.0010453861
v 0.00098544336 -0.0032466881 -0.0049683838
v 0.0010003048 -0.0014361229 -0.0040588109
v 0.0010074604 0.0025968244 0.0011189895
v 0.0010265571 -0.0054644346 0.0010429481
v 0.0010389634 0.0028296409 0.0012444918
v 0.0010467796 0.00026177629 -0.0031964453
v 0.0010657425 -0.00057396473 -0.00044958055
v 0.0010756897 0.0035033214 -0.0015673271
v 0.0010817145 -0.0055668708 0.00097759231
v 0.0011306575 -0.00028144169 0.0016899579
v 0.0011414905 -0.0056311656 0.00087709539
v 0.0011940808 0.00047817212 0.00011353594
v 0.0011967849 -0.0056475312 0.00075675739
v 0.0012172655 0.0045495867 -0.001003325
v 0.0012391813 -0.0056134779 0.00063489837
v 0.001243574 -0.00069449726 0.0034905642
v 0.0012793806 -9.3509065e-05 -0.00014768071
v 0.0013322496 0.0034979407 -0.0014959549
v 0.0013905017 -0.0006962521 -0.0035762354
v 0.0013908278 -0.0020251099 0.00089322857
v 0.0013925598 0.0058450559 -0.00030498728
v 0.0014598047 0.0044405931 -0.00098780682
v 0.0014892155 -0.00013362919 -0.0032664277
v 0.0015001087 0.0021537018 -0.0021196175
v 0.0015506234 0.0004348607 -0.0029644559
v 0.0015520167 0.0035972388 -0.0013828645
v 0.0015811813 -0.0050211162 -0.00054982438
v 0.0015989729 -0.0030763934 0.0024022111
v 0.0016402864 0.0042495732 -0.0010312161
v 0.001671074 4.5954461e-05 0.0020096607
v 0.0016914605 0.0037815473 -0.0012504563
v 0.0017229635 0.004014364 -0.001124954
v 0.0017497425 0.00061075814 -0.0028190264
v 0.0018780809 0.001662895 -0.0022559098
v 0.0018815571 -0.0039835311 -0.0019188585
v 0.0018956207 0.0021826911 -0.0019909486
v 0.0019225706 -0.00068493234 0.0036913562
v 0.0019287682 0.0023716169 -0.0018869167
v 0.0019367145 -0.0040859673 -0.0019842144
v 0.0019633807 0.0010912138 -0.0025171265
v 0.0019964906 -0.0041502621 -0.0020847116
v 0.0020114232 0.0018139241 0.0049664341
v 0.0020264729 -0.0023359417 0.0009213076
v 0.002027482 0.0029342398 -0.0015771091
v 0.0020517849 -0.0041666278 -0.0022050494
v 0.0020934984 0.0019104397 0.0050083245
v 0.0020941813 -0.0041325744 -0.0023269085
v 0.0021760999 0.0020148065 0.0049987473
v 0.0021913738 -0.00030250262 1.1092278e-05
v 0.0022466432 0.0021111364 0.0049391594
v 0.0022552069 -0.00092299236 -0.0034399866
v 0.0022943956 0.0021847636 0.0048386334
v 0.0023104097 -0.0011002864 -0.00035343686
v 0.0023236561 -0.00032005346 1.0442872e-05
v 0.0023500705 5.5519362e-05 0.0022104527
v 0.0023539208 -0.00036036945 -0.0031301789
v 0.0023755692 0.0049181739 -0.000484658
v 0.002433582 -0.0010567766 -0.00032618587
v 0.0024488145 -0.00031238442 -3.5198049e-05
v 0.0025126603 0.00039437562 0.00045227885
v 0.0025257578 -0.0055513708 0.0014022015
v 0.0025311664 -0.0056162495 0.0012857183
v 0.0025347262 -0.0054482468 0.0014864131
v 0.0025477987 -0.00028066756 -0.0001188824
v 0.0025501361 -0.0056330059 0.001154699
v 0.0025510166 -0.00099734601 -0.00034817561
v 0.0025797761 -0.005599089 0.0010290892
v 0.002605536 -0.00022972934 -0.00022787064
v 0.0026203487 0.00032349036 0.00041786252
v 0.0026363956 0.002777125 0.0036539105
v 0.0026448388 -0.00093104044 -0.00041605576
v 0.0026926813 -0.0030959419 -0.0044001737
v 0.0027007647 -0.00086795731 -0.00051949447
v 0.0027246617 0.000285941 0.00034359493
v 0.0027603258 0.0019559509 -0.0018546997
v 0.0027934734 0.0021448766 -0.0017506679
v 0.0028097152 0.00028744474 0.00024078254
v 0.0028378731 -0.0017852113 -0.00054363377
v 0.002862562 0.0003277745 0.00012507824
v 0.0028664232 0.0032948274 0.0020046271
v 0.0028921873 0.0027074995 -0.0014408603
v 0.0029206732 -0.0016892786 -0.00050182577
v 0.0029217761 -0.0050067278 -0.00015563364
v 0.0029766124 0.0034260422 0.0020491355
v 0.0030038848 -0.0015854057 -0.00051147363
v 0.0030748362 -0.0014894055 -0.00057110871
v 0.0030801888 0.0035617782 0.0020023575
v 0.003122732 -0.0014158953 -0.00067165203
v 0.0031493956 0.003665667 0.0018768263
v 0.0031881784 0.00080362189 0.00085190724
v 0.003204036 0.00080690312 -0.0023011356
v 0.0032402743 0.0046914336 -0.00034840926
v 0.0032441658 0.00070141372 0.00078690471
v 0.0032992647 0.00016867513 -0.0025927594
v 0.0033046498 0.00063730928 0.00068670721
v 0.0033604137 0.00062107178 0.00056656904
v 0.0033807578 -0.0040704673 -0.0015596052
v 0.0033861664 -0.004135346 -0.0016760887
v 0.0033897262 -0.0039673434 -0.0014753935
v 0.0034029784 0.00065517065 0.00044478112
v 0.0034051361 -0.0041521024 -0.0018071078
v 0.0034246226 0.0011282701 0.0050315624
v 0.0034347761 -0.0041181855 -0.0019327177
v 0.0034466111 0.0012539388 0.005070684
v 0.003461062 0.0013644069 -0.0019481867
v 0.003478267 0.0013830223 0.0050587584
v 0.0035147737 0.0014958665 0.0049976022
v 0.0035505726 0.0015752931 0.0048965253
v 0.003632427 -0.0021737486 -0.00050853449
v 0.0036544122 -0.0020480789 -0.00046941373
v 0.0036860716 -0.0019189963 -0.00048133859
v 0.0037212321 -0.00037926287 -0.0027449168
v 0.0037225783 -0.0018061523 -0.00054249505
v 0.0037478956 0.0047022994 -0.00019643863
v 0.0037583774 -0.0017267255 -0.00064357213
v 0.0038925726 0.0021676545 0.0037118022
v 0.0040014782 0.0016918031 -0.0016284838
v 0.0040279529 0.00071245461 0.0010186851
v 0.0040332759 -0.0030815531 -0.0040059825
v 0.0040333653 0.00064757513 0.00090220215
v 0.0040369253 0.00081557781 0.0011028972
v 0.004038075 -0.0042210999 -0.0014451704
v 0.0040382422 -0.0042467276 -0.0014798563
v 0.0040427069 -0.0041537648 -0.001383129
v 0.0040434874 -0.0042859777 -0.0015616523
v 0.0040470469 -0.0041179769 -0.0013609581
v 0.0040523349 0.00063081877 0.000771183
v 0.004062457 -0.0043027359 -0.0016926724
v 0.0040713488 -0.0042969617 -0.0017361335
v 0.0040819752 0.00066473556 0.00064557302
v 0.0040920973 -0.0042688176 -0.0018182815
v 0.0041152677 -0.0043081497 -0.0016097849
v 0.0041520782 -0.0042775027 -0.001805309
v 0.0041618524 -0.0042672311 -0.0014907314
v 0.0041717249 -0.004309508 -0.0016479007
v 0.0041775974 -0.0041207271 -0.002114462
v 0.0041793296 -0.0041355258 -0.0013616066
v 0.0041994811 -0.0042842329 -0.0017740559
v 0.0042025484 -0.0043007541 -0.001708028
v 0.0042039221 -0.0041805049 -0.0013973123
v 0.0042181076 -0.0041359034 -0.0013706397
v 0.0042209509 -0.0042748861 -0.0017841189
v 0.0042343889 -0.0042727129 -0.0017791532
v 0.0042660665 -0.0042697378 -0.0015610915
v 0.0042796223 0.0026091735 0.0020697557
v 0.0042897481 -0.0023243804 -0.00039409814
v 0.004293072 -0.0040188506 -0.0023324385
v 0.0043031285 -0.0022419652 -0.00036248434
v 0.0043044877 -0.0041278587 -0.0014072484
v 0.0043113027 0.002778481 0.0021106468
v 0.0043117334 -0.0021987108 -0.00035497738
v 0.004322967 -0.0042535774 -0.0016720834
v 0.004333267 0.0028639256 0.0020969517
v 0.0043363431 -0.0042345203 -0.0017306253
v 0.0043398412 -0.0041837748 -0.0014890779
v 0.0043401662 -0.0023340255 -0.00038886134
v 0.0043433928 -0.0020696281 -0.00036690224
v 0.0043473472 -0.0041183364 -0.0020642639
v 0.0043568774 -0.00069009303 -0.002716837
v 0.0043574055 0.0029421013 0.0020612199
v 0.0043679704 -0.0019901453 -0.00040346794
v 0.0043691499 -0.002337907 -0.00038893768
v 0.0043709334 -0.0041104602 -0.0014562031
v 0.0043798997 -0.0019567842 -0.0004280587
v 0.0043847845 -0.0021360712 -0.00035078704
v 0.0043928898 -0.002338052 -0.0003894715
v 0.0044034719 -0.0040961416 -0.0014909328
v 0.0044048256 -0.0018979385 -0.00049378822
v 0.0044053113 -0.0023410886 -0.00039211518
v 0.0044055725 0.0030561965 0.0019347181
v 0.0044140527 -0.004162699 -0.0016338363
v 0.0044156983 -0.0018773574 -0.00052913575
v 0.0044207112 -0.0041538659 -0.0016659431
v 0.0044218432 -0.0040864302 -0.0020268057
v 0.0044220272 -0.0023419305 -0.00039474812
v 0.0044222632 -0.0021810848 -0.00035156013
v 0.0044267606 -0.0022931774 -0.0003730288
v 0.0044339532 -0.0040419288 -0.0022277462
v 0.0044372422 -0.0022371549 -0.00035949808
v 0.0044612098 -0.0040452019 -0.0015999201
v 0.0044649728 -0.0020363731 -0.00039138837
v 0.0044824518 -0.0040364885 -0.0019843387
v 0.0044910372 -0.0039554159 -0.0024998076
v 0.0045011984 -0.0017292671 -0.0008253163
v 0.0045313379 -0.0019582279 -0.00047803353
v 0.0045341519 -0.0021194671 -0.00039281641
v 0.004542456 -0.0023263821 -0.00043244564
v 0.0045467094 -0.0038971116 -0.0018961006
v 0.004547189 -0.0023342622 -0.00044038848
v 0.0045479224 -0.0039787246 -0.0021079287
v 0.0045618038 -0.002222969 -0.0004074696
v 0.0045690797 -0.0023298652 -0.00045404371
v 0.0045746071 -0.0019550645 -0.00052211643
v 0.0045824279 -0.0039943531 -0.0023532731
v 0.0046044472 -0.0038461734 -0.0020050888
v 0.0046215616 -0.0020666022 -0.00047989679
v 0.0046238895 -0.0017808446 -0.00081568724
v 0.0046461695 -0.0023025444 -0.00052407337
v 0.0046546403 -0.0020443613 -0.00054366118
v 0.0046576271 -0.0022015935 -0.00049900776
v 0.0046601072 -0.0018069743 -0.00081829692
v 0.0046601659 -0.0039427578 -0.0022028252
v 0.0046747592 -0.0016013577 -0.0011061669
v 0.0046800994 -0.0020920504 -0.0005601563
v 0.0046804752 0.001701368 -0.0014276919
v 0.0046852739 0.00056182116 0.0011331205
v 0.004685441 0.00053619337 0.0010984344
v 0.0046899021 0.00062915741 0.0011951613
v 0.0046906862 0.00049694168 0.0010166377
v 0.0046942458 0.00066494435 0.0012173328
v 0.0047034277 -0.0038144556 -0.0020887738
v 0.0047039068 -0.0022516062 -0.00063306163
v 0.0047044223 -0.0021810252 -0.0005976223
v 0.0047096559 0.00048018535 0.0008856185
v 0.0047185444 0.00048596042 0.00084215682
v 0.0047217482 -0.0018700805 -0.00083205575
v 0.0047392957 0.00051410211 0.00076000846
v 0.0047413567 -0.0039400808 -0.0025910893
v 0.0047624665 0.00047477128 0.00096850592
v 0.004764244 -0.0016774087 -0.001042798
v 0.0047655995 -0.0019439602 -0.00085633685
v 0.0047701667 -0.0039828517 -0.0024217351
v 0.0047798692 -0.0019833865 -0.00087193062
v 0.0047894069 -0.0021035161 -0.00092924217
v 0.0047992738 0.00050541939 0.00077298121
v 0.0048020966 -0.003934063 -0.0022545797
v 0.0048090476 0.00051569095 0.0010875588
v 0.0048189238 0.00047341292 0.00093039015
v 0.0048247958 0.00066219235 0.00046382795
v 0.0048285858 -0.0038067882 -0.0021344156
v 0.0048339479 -0.0017873929 -0.0010136095
v 0.0048466763 0.00049868913 0.00080423435
v 0.0048497473 0.00048216712 0.0008702628
v 0.0048511173 0.00060241704 0.0011809779
v 0.004868146 0.00050803606 0.00079417136
v 0.0048700301 0.00064712676 0.0012062604
v 0.0048732548 -0.0019145637 -0.0010230454
v 0.0048761894 -0.002039561 -0.0010696667
v 0.0048815878 0.00051020813 0.00079913758
v 0.0049132658 0.00051318354 0.0010171992
v 0.0049369438 0.0024585417 0.0021841922
v 0.0049402709 0.00076407043 0.00024585237
v 0.0049461285 -0.002020861 -0.0011219147
v 0.0049503273 0.002540956 0.0022158064
v 0.0049520978 -0.0039539644 -0.0022553168
v 0.0049573085 -0.0039923405 -0.0023357589
v 0.0049589323 0.0025842104 0.0022233133
v 0.0049608685 -0.0038243374 -0.002135064
v 0.0049685887 -0.004009176 -0.0024227081
v 0.0049701659 0.0005293435 0.00090620748
v 0.0049779476 -0.0015480831 -0.001281099
v 0.004983542 0.00054840074 0.00084766559
v 0.0049870401 0.0005991463 0.001089213
v 0.0049905879 0.0027132924 0.002211387
v 0.0049921256 0.0024481758 0.0021895678
v 0.0049945461 0.00066458335 0.00051402609
v 0.0049972557 0.0024474366 0.0021896507
v 0.0050040726 0.0040928288 -0.00013854673
v 0.005005918 -0.00397518 -0.0025923878
v 0.0050094174 -0.0016343289 -0.0011842592
v 0.0050151693 0.0027927756 0.0021748228
v 0.0050180242 0.00067242217 0.0011221888
v 0.0050216224 0.0006737652 0.0011187947
v 0.0050270949 0.0028261379 0.0021502315
v 0.0050277812 -0.0020129243 -0.0011571334
v 0.0050299405 -0.0017529533 -0.0011266941
v 0.0050319838 0.00264685 0.0022275038
v 0.005036389 -0.001885899 -0.0011171692
v 0.0050400887 0.0024448689 0.0021888192
v 0.0050520245 0.0028849826 0.0020845025
v 0.0050612479 0.00062022294 0.00094445399
v 0.0050628935 0.0029055632 0.0020491537
v 0.0050679063 0.00062905619 0.00091234717
v 0.0050690421 0.00069649098 0.00055148505
v 0.0050691348 0.0024409953 0.0021835596
v 0.0050694584 0.002601837 0.0022267301
v 0.0050739557 0.0024897447 0.0022052615
v 0.0050811488 0.00074099324 0.00035054403
v 0.0050844373 0.0025457656 0.0022187913
v 0.0051084049 0.00073772017 0.0009783702
v 0.0051121721 0.002746548 0.0021869023
v 0.0051127276 0.0024407241 0.0021731199
v 0.0051296474 0.00074643351 0.00059395161
v 0.0051382361 0.00082750508 7.8483114e-05
v 0.0051483936 0.0030536535 0.0017529731
v 0.0051745526 0.0024801367 0.0021669848
v 0.0051785368 0.002824693 0.0021002572
v 0.0051813475 0.002663455 0.0021854739
v 0.005193905 0.00088581047 0.00068218959
v 0.0051951213 0.00080419652 0.00047036205
v 0.0052035693 -0.0020307428 -0.0011682051
v 0.0052090031 0.0025599522 0.0021708212
v 0.005221806 0.0028278567 0.0020561744
v 0.0052255541 -0.0019050732 -0.0011290843
v 0.0052296235 0.0007885691 0.00022501704
v 0.0052516423 0.00093674863 0.0005732014
v 0.0052572135 -0.0017759907 -0.0011410088
v 0.0052643237 0.0024673599 0.0020856538
v 0.0052687605 0.0027163189 0.0020983941
v 0.0052710883 0.0030020764 0.0017626035
v 0.0052916263 0.0024794659 0.0020563402
v 0.0052937204 -0.0016631465 -0.0012021653
v 0.0053018392 0.0027385599 0.0020346297
v 0.005304826 0.0025813277 0.0020792831
v 0.0053073061 0.0029759468 0.0017599938
v 0.0053073647 0.00084016315 0.00037546575
v 0.0053219581 0.0031815635 0.001472124
v 0.0053272983 0.0026908705 0.0020181346
v 0.0053295158 -0.0015837188 -0.0013032429
v 0.0053506265 0.00096846552 0.00048951706
v 0.0053511057 0.002531315 0.0019452291
v 0.0053516179 0.0026018966 0.0019806679
v 0.0053689438 0.0029128415 0.0017462345
v 0.0053885519 0.00084284134 -1.2799214e-05
v 0.0054114428 0.0031055124 0.0015354928
v 0.0054127984 0.0028389608 0.001721954
v 0.0054173623 0.00080007047 0.00015655525
v 0.0054270648 0.0027995356 0.0017063596
v 0.0054366058 0.002679405 0.0016490486
v 0.0054492918 0.00084885926 0.0003237105
v 0.0054757847 0.00097613299 0.00044387524
v 0.005481143 0.0029955292 0.0015646807
v 0.0055204541 0.0028683573 0.0015552454
v 0.0055233883 0.0027433601 0.0015086242
v 0.0055933241 0.0027620611 0.0014563755
v 0.0055992967 0.00082895684 0.000322974
v 0.0056045074 0.00079058082 0.00024253203
v 0.0056080674 0.00095858373 0.00044322672
v 0.0056157843 0.00077374611 0.00015558215
v 0.0056251427 0.0032348388 0.0012971911
v 0.0056531169 0.00080774125 -1.409714e-05
v 0.0056566163 0.0031485923 0.0013940317
v 0.0056749801 0.0027699969 0.0014211575
v 0.0056771394 0.0030299679 0.0014515966
v 0.0056835879 0.0028970221 0.0014611217
v 0.0058507645 0.0027521793 0.0014100852
v 0.0058727534 0.002877848 0.0014492065
v 0.0059044091 0.0030069314 0.0014372815
v 0.0059409156 0.0031197756 0.001376125
v 0.0059767147 0.0031992022 0.001275048
v 0.0071861958 -0.0043567698 0.0033749151
v 0.0075097936 -0.0019653088 0.0046640602
v 0.0076136962 -0.0036163181 0.0018940117
v 0.0077726203 -0.0043690708 0.0035380507
v 0.0079372935 -0.0012248571 0.003183157
v 0.008064175 -0.0022144392 0.004699531
v 0.0082001202 -0.003628619 0.0020571474
v 0.0082749436 -0.0041421046 0.0037965421
v 0.0084767025 -0.0026510537 0.0046003102
v 0.0084916744 -0.0014739875 0.0032186278
v 0.008593671 -0.0037208276 0.0040991893
v 0.00866568 -0.0031886764 0.004386052
v 0.0087024439 -0.0034016531 0.0023156386
v 0.0089042028 -0.001910602 0.003119407
v 0.0090211704 -0.0029803759 0.0026182858
v 0.0090931794 -0.0024482247 0.0029051485
v 0.010462129 -0.0032358037 -0.00025271979
v 0.010484118 -0.003110135 -0.00021359848
v 0.010515777 -0.0029810525 -0.00022552293
v 0.010552281 -0.0028682074 -0.00028667995
v 0.01058808 -0.0027887807 -0.000387757
v 0.010857659 -0.00034960129 0.0012745003
v 0.010863068 -0.00041448005 0.0011580173
v 0.010866632 -0.00024647807 0.0013587126
v 0.010882041 -0.00043123731 0.0010269986
v 0.010911681 -0.00039732055 0.0009013887
v 0.01093008 -0.0021964193 -0.00157248
v 0.011145142 -0.0029942519 -5.0440984e-05
v 0.011149866 -0.0028807407 -0.00012043886
v 0.011161048 -0.0031243325 -2.5284729e-05
v 0.011174505 -0.0028010798 -0.00022462048
v 0.011195163 -0.0032511787 -4.8798956e-05
v 0.011253681 0.00019504092 -0.00028333423
v 0.011446967 -0.00068510632 0.0010631442
v 0.011458042 -0.00068185251 0.0011960855
v 0.011466059 -0.00064644997 0.00093685894
v 0.011497593 -0.00063717872 0.0013154445
v 0.011516504 -0.0022087183 -0.0014093434
v 0.011559604 -0.00055788871 0.001403051
v 0.011661748 -0.0026494563 0.00014297123
v 0.011676827 -0.0025741155 3.386995e-05
v 0.011684245 -0.002750667 0.00022697721
v 0.011740892 -0.0028623405 0.00027309818
v 0.011808058 -5.4088527e-05 -0.00024786397
v 0.011823067 -0.002967472 0.0002743146
v 0.011867349 -0.0011300303 0.00096203602
v 0.011878586 -0.0010830628 0.00083763915
v 0.011900778 -0.0011504362 0.0010896003
v 0.011973788 -0.0011411755 0.0012009118
v 0.011986543 -0.0022201617 0.00045137876
v 0.011995559 -0.0021528378 0.00033651851
v 0.012018828 -0.0019817541 -0.001150853
v 0.012026311 -0.0022985432 0.00055178505
v 0.012059922 -0.0016778858 0.00074369938
v 0.012067564 -0.0016206873 0.00062337978
v 0.012075267 -0.0011036581 0.0012790255
v 0.012103591 -0.0017274274 0.00085965189
v 0.01210881 -0.0023760479 0.00062245323
v 0.012191931 -0.0017617708 0.00095358654
v 0.012218067 -0.0042372765 0.0026689169
v 0.012220587 -0.00049070141 -0.00034708378
v 0.012221475 -0.002440874 0.00065262441
v 0.012225651 -0.0041794474 0.0025488962
v 0.012261912 -0.0042886222 0.0027840184
v 0.012311487 -0.0017756866 0.0010112019
v 0.012337559 -0.0015604763 -0.00084820436
v 0.012350505 -0.0043256618 0.0028766782
v 0.012409563 -0.0010283259 -0.0005613431
v 0.012470363 -0.0043427609 0.0029327893
v 0.012545527 -0.002266061 0.0037490542
v 0.012554778 -0.0021981767 0.0036345425
v 0.012584612 -0.0023460386 0.0038484659
v 0.012666089 -0.0024259302 0.0039176452
v 0.012777547 -0.0024935741 0.0039460594
v 0.012824152 -0.0031428151 0.00047563144
v 0.012866667 -0.0062534888 0.0018480454
v 0.012877555 -0.0062059425 0.0017238372
v 0.012901087 -0.0062755467 0.0019750702
v 0.012975579 -0.0062687579 0.0020855735
v 0.013078808 -0.0062341555 0.002162735
v 0.013153278 -0.0011615442 0.0015612775
v 0.013476055 -0.0051693097 -0.00034942769
v 0.013784179 -0.00073026499 0.0048745205
v 0.013799754 -0.00065454637 0.0047657513
v 0.013805274 -0.00083254871 0.0049575856
v 0.013859825 -0.00094582653 0.0050022989
v 0.013939524 -0.001052853 0.0050018537
v 0.013980666 -0.005891331 -0.00056476938
v 0.014237905 -0.0075999508 0.0018144397
v 0.014362855 -0.0079153599 0.001449022
v 0.014375543 -0.0079132784 0.0015818431
v 0.014381378 -0.00787629 0.0013227797
v 0.014398254 0.00038208606 0.0026924864
v 0.014416512 -0.0041118916 -0.0015237697
v 0.014417512 -0.007870364 0.0017010208
v 0.014482372 -0.0077931471 0.0017884132
v 0.014515227 -0.0035492687 -0.001213962
v 0.014870563 0.00068518583 0.0029803799
v 0.014921632 -0.0012329484 6.151721e-05
v 0.014954779 -0.0010440226 0.00016554896
v 0.014979878 -0.0068396577 -0.00075048523
v 0.015053493 -0.00048139968 0.00047535665
v 0.015208702 -0.00042556875 0.0056818756
v 0.01540158 0.0015025343 0.0015678076
v 0.015677543 -0.0052755987 0.0053667417
v 0.015682133 -4.791886e-05 0.0058917031
v 0.015688701 6.5930457e-05 0.0058224062
v 0.015695283 -0.00017850472 0.0059158108
v 0.01571399 0.00014570917 0.0057184715
v 0.015726145 -0.00030594689 0.0058910595
v 0.015731551 -0.0048764856 0.0055818888
v 0.015819274 -0.0056788167 0.0052060466
v 0.015970595 -0.0045605279 0.005808874
v 0.016105045 -0.004535147 0.0038858382
v 0.016109053 -0.0043178457 0.0039956463
v 0.016128674 -0.0060062781 0.0051316321
v 0.01615905 -0.0041360338 0.0041009854
v 0.016171917 -0.004792552 0.0037764406
v 0.016211884 -0.0086877085 0.0037848772
v 0.016217301 -0.0087525873 0.003668396
v 0.016220856 -0.0085845832 0.0038690902
v 0.01623627 -0.0087693436 0.0035373766
v 0.016246775 -0.004938365 0.0037251434
v 0.016265906 -0.0087354258 0.0034117664
v 0.016305506 -0.0039058537 0.0042583537
v 0.016312491 0.0011823416 0.0036452066
v 0.016347336 -0.0043903035 0.0060027414
v 0.016390707 -0.008813262 0.0017991842
v 0.016393242 -0.008877445 0.0016822198
v 0.016398096 -0.0038200759 0.0043279706
v 0.016403062 -0.0087109553 0.0018839648
v 0.016410297 -0.0088937376 0.0015508791
v 0.016439261 -0.0088596568 0.0014251559
v 0.016477538 -0.0052048988 0.0036584926
v 0.016544458 -0.0061931233 0.0051582358
v 0.016556174 -0.0052658264 0.0036507286
v 0.016607907 -0.0081430646 0.0022270435
v 0.016709525 -0.0036651231 0.0044953492
v 0.016774835 -0.0036498515 0.0045218384
v 0.016787158 -0.0043995287 0.0061250948
v 0.016789043 -0.0033504243 0.0015163926
v 0.016793054 -0.0031331228 0.0016262007
v 0.016843051 -0.0029513109 0.0017315396
v 0.016855918 -0.0036078289 0.0014069951
v 0.016930774 -0.0037536423 0.0013556978
v 0.016945399 -0.0054462487 0.0036728769
v 0.016971957 -0.0054526716 0.0036773325
v 0.016989507 -0.0027211308 0.001888908
v 0.01703776 -0.0078230249 -0.00064810895
v 0.017053705 -0.0061859493 0.0053088297
v 0.017082095 -0.0026353532 0.001958525
v 0.017110752 -0.0020080665 0.0074142395
v 0.01713274 -0.0018823979 0.0074533611
v 0.017161539 -0.0040201759 0.001289047
v 0.017164398 -0.0017533144 0.0074414355
v 0.017200904 -0.0016404702 0.0073802792
v 0.017214658 -0.0036590768 0.0046441914
v 0.017216545 -0.0026099726 3.5489164e-05
v 0.017236702 -0.0015610436 0.0072792023
v 0.017241217 -0.0036654996 0.0046486473
v 0.017263887 -0.0046326513 0.0061461534
v 0.01727055 -0.0022108592 0.00025063619
v 0.017323384 -0.0067625334 -6.5471955e-05
v 0.017328801 -0.0068274126 -0.00018195294
v 0.017332356 -0.006659409 1.8741179e-05
v 0.01734777 -0.006844169 -0.00031297212
v 0.017358275 -0.0030131906 -0.00012520562
v 0.017377406 -0.0068102512 -0.00043858268
v 0.017393526 -0.0024804003 0.0021259035
v 0.01745902 -0.0059404033 0.0055486071
v 0.017481204 -0.0054454976 0.0038279262
v 0.017509596 -0.0018949014 0.00047762154
v 0.017578702 -0.00096868217 0.0060944795
v 0.017580362 -0.0050436035 0.0060320357
v 0.017629398 -0.0042615258 0.0013034313
v 0.017651783 -0.0055222739 0.0058133183
v 0.017655957 -0.0042679487 0.0013078869
v 0.017667674 -0.003340652 -0.00019962036
v 0.017691387 -0.0038921996 0.00466525
v 0.017719407 -0.00621789 -0.0016233056
v 0.017783547 -0.00040079158 0.0064375582
v 0.017808923 -0.00027594232 0.0064772479
v 0.017843449 -0.00014755405 0.0064658038
v 0.01788188 -3.5173765e-05 0.0064049703
v 0.017886335 -0.0017246772 0.00067148916
v 0.017886519 -0.0051999516 0.0040677036
v 0.017898658 -0.0024743541 0.0022747458
v 0.017918348 4.4091215e-05 0.0063040056
v 0.017925218 -0.0024807767 0.0022792015
v 0.018007863 -0.0043031517 0.0045511327
v 0.018079285 -0.0047818222 0.0043324148
v 0.018083457 -0.0035274969 -0.00017301657
v 0.018088104 -0.0085582817 0.0044212691
v 0.018144092 -0.0086604897 0.0043562665
v 0.018161086 -0.004261903 0.0014567277
v 0.018204575 -0.0087245945 0.0042560692
v 0.018222252 -8.2892067e-05 0.0035638905
v 0.01824424 4.2776614e-05 0.0036030118
v 0.018260339 -0.0087408321 0.0041359309
v 0.018275898 0.00017186003 0.0035910867
v 0.018302899 -0.0087067317 0.0040141423
v 0.018312404 0.00028470415 0.0035299303
v 0.018326158 -0.0017339024 0.00079384248
v 0.018348202 0.00036413092 0.0034288533
v 0.018367182 -0.0081799645 0.0027164526
v 0.018393073 -0.002722126 0.0022935853
v 0.018516848 0.0010807236 0.0042307405
v 0.018565102 -0.0040211715 0.0016937228
v 0.018592704 -0.0035203232 -2.2422772e-05
v 0.018690202 0.00095649238 0.0022441305
v 0.018698698 -0.0031344753 0.0021756368
v 0.01876156 -0.0036091791 0.0019564314
v 0.018802889 -0.001967025 0.00081490102
v 0.018858772 -0.0028628497 0.0074914577
v 0.018941572 -0.0027669186 0.0075332653
v 0.018945023 -0.0066932333 0.00046736607
v 0.018992156 -0.0067975339 0.00039876092
v 0.018998019 -0.003274777 0.00021735458
v 0.019024784 -0.0026630459 0.0075236172
v 0.019045129 -0.0068634106 0.00029550973
v 0.019095739 -0.0025670466 0.0074639828
v 0.019095879 -0.0068808333 0.00017333143
v 0.019119363 -0.0023779771 0.00070078339
v 0.019136682 -0.0068471516 5.0826558e-05
v 0.019143635 -0.0024935347 0.0073634405
v 0.019190785 -0.0028566476 0.00048206575
v 0.019241836 -0.0017160688 0.006200891
v 0.019414399 -0.0067815576 0.00016379362
v 0.01953215 -0.0080914292 0.0046766479
v 0.019574244 -0.0076579414 0.0053004511
v 0.019681932 -0.0077288267 0.0052660345
v 0.019746793 -0.00076799694 0.0036614353
v 0.019756399 -0.0061891959 -0.0010209293
v 0.019786246 -0.0077663762 0.0051917671
v 0.019821821 -0.00066616148 0.0037039509
v 0.019871296 -0.0077648698 0.0050889552
v 0.01987415 -0.0074990676 0.0034919253
v 0.019898443 -0.00055728649 0.0036949022
v 0.019924145 -0.0077245426 0.0049732504
v 0.019964991 -0.00045794231 0.0036356682
v 0.020011336 -0.00038325583 0.0035352649
v 0.020019189 -0.0043696812 0.0070730252
v 0.020137427 -0.0036182741 0.0070879539
v 0.020142358 -0.0043261703 0.0071002762
v 0.020255135 -0.00056836032 0.0035130915
v 0.020259796 -0.0042667394 0.0070782877
v 0.020281067 -0.0061248061 0.006271061
v 0.020326411 -0.0060690786 0.0011782155
v 0.020353613 -0.0042004343 0.0070104063
v 0.020409541 -0.0041373498 0.0069069685
v 0.020413347 -0.0061423546 0.0062704119
v 0.020421598 -0.0061516641 0.0011343404
v 0.020479426 -0.0030259127 0.005903231
v 0.020488339 -0.006827598 0.0055845915
v 0.020515317 -0.0061991345 0.0010520545
v 0.020538509 -0.0061346879 0.006224771
v 0.020593287 -0.0062042568 0.00094388431
v 0.020597136 2.4001132e-05 0.0023283686
v 0.02063749 -0.0061029703 0.0061410861
v 0.02064365 -0.0061662546 0.00082629907
v 0.020695226 -0.0060520321 0.0060320976
v 0.020704357 -0.0052311458 0.0064451764
v 0.020830339 -0.0062352363 0.0043998687
v 0.020881251 -0.0019686874 0.0033885792
v 0.020995749 -0.001908624 0.0034216035
v 0.021035645 -0.005799368 0.0011229017
v 0.021046357 -0.0046387841 0.005260454
v 0.021105828 -0.0018351595 0.0034045074
v 0.021194734 -0.0017594777 0.0033398962
v 0.021202914 -0.0049105659 0.0020104966
v 0.021248927 -0.0016930996 0.0032376049
v 0.021257315 -0.0098795714 0.0018258111
v 0.021286814 -0.0098882848 0.0018298053
v 0.021328602 -0.0049528498 0.001995577
v 0.02133251 -0.0099072978 0.0018336686
v 0.021345725 -0.0099618379 0.0019491409
v 0.021374939 -0.0099318232 0.0018343566
v 0.021377645 -0.0052070068 -6.1821243e-05
v 0.021395627 -0.0099466639 0.0018334762
v 0.021400934 -0.0034471524 0.0027993666
v 0.021442872 -0.010039361 0.0020611694
v 0.021448163 -0.0049661472 0.0019378375
v 0.021452835 -0.010060569 0.0019399012
v 0.021467511 -0.010019518 0.0018214241
v 0.021475043 -0.010074413 0.002061483
v 0.021482175 -0.01010559 0.0019280944
v 0.021488504 -0.010116943 0.0019763752
v 0.021494884 -0.010062278 0.0018104768
v 0.021509621 -0.010127023 0.0020472202
v 0.021513399 -0.010084479 0.0021221247
v 0.021521041 -0.0022121752 0.0030566195
v 0.021533506 -0.0034385244 0.0028118901
v 0.02153722 -0.010153948 0.0018386769
v 0.021541197 -0.010128638 0.0021094745
v 0.021543412 -0.0049484419 0.0018460687
v 0.02154645 -0.01017976 0.0020290855
v 0.021558361 -0.010108699 0.002152693
v 0.021570608 -0.010124997 0.0021507952
v 0.0215859 -0.010121952 0.0021685332
v 0.021591321 -0.010222594 0.0018951965
v 0.021598892 -0.010178135 0.0017825733
v 0.021599839 -0.0049024234 0.0017342424
v 0.021651983 -0.01021102 0.0017814564
v 0.021658916 -0.0034086651 0.0027774179
v 0.021659741 -0.0091825491 0.00043176653
v 0.021670511 -0.010246419 0.0020688861
v 0.021679552 -0.010270001 0.0019235032
v 0.021682477 -0.010166798 0.0021925459
v 0.021690886 -0.010236181 0.0021063809
v 0.021691369 -0.010169622 0.0021934644
v 0.021692172 -0.010158744 0.0022034564
v 0.021693051 -0.010253084 0.0020707473
v 0.021696333 -0.01026564 0.0020343624
v 0.021707317 -0.01023434 0.0017857698
v 0.021707524 -0.009197942 0.00043750845
v 0.021714807 -0.010277607 0.0019088784
v 0.021723716 -0.0091725187 0.00039406502
v 0.021742363 -0.010244209 0.0017909521
v 0.021758063 -0.0033621171 0.0027011957
v 0.021806726 -0.0041268575 0.0021817489
v 0.021812268 -0.0091594188 0.00034331303
v 0.021815857 -0.0033059712 0.0025948277
v 0.021818934 -0.0092627015 0.00043214494
v 0.021862801 -0.0091904271 0.00033474239
v 0.02186304 -0.0016198138 0.0018718966
v 0.021896137 -0.0091494257 0.00029964937
v 0.021902332 -0.0093565574 0.00039903491
v 0.021951443 -0.0092898533 0.00030171423
v 0.02195533 -0.0091445036 0.00027272137
v 0.021998843 -0.0092664817 0.00025898224
v 0.022003626 -0.0094295964 0.00032660246
v 0.022006335 -0.009354569 0.00027668092
v 0.022006342 -0.0094724139 0.00037113143
v 0.022030585 -0.0092187673 0.00023935048
v 0.022051293 -0.0091412421 0.00023767581
v 0.022086024 -0.0022916039 0.0016003717
v 0.022107754 -0.0091424398 0.00022274668
v 0.022126945 -0.0091525773 0.00021625447
v 0.022127343 -0.0095325774 0.00037598022
v 0.022133214 -0.0092481757 0.00020374121
v 0.022139864 -0.0094748391 0.00029770788
v 0.022140784 -0.0091443118 0.00021614938
v 0.022143625 -0.0093705812 0.00022833486
v 0.022148727 -0.0035344961 0.00099702599
v 0.022149811 -0.0095384885 0.00037951025
v 0.022173444 -0.002904129 0.001319345
v 0.022178426 -0.0031101564 0.0012177693
v 0.022183465 -0.0094655827 0.00028408651
v 0.022219207 -0.0093588838 0.0002214688
v 0.022241944 -0.0092738057 0.000204355
v 0.022251692 -0.0092317732 0.00020432931
v 0.022265306 -0.0091646444 0.0002155039
v 0.02233596 -0.010319968 0.0023025123
v 0.022808889 -0.00060557335 0.006006991
v 0.022871977 -0.0006627136 0.0060921432
v 0.022883657 -0.00067260955 0.0061066621
v 0.022922691 -0.009333835 0.00032497622
v 0.022938849 -0.010506605 0.0028199516
v 0.022942226 -0.010544537 0.002739202
v 0.022945419 -0.00066838018 0.0061275526
v 0.022947654 -0.00072220602 0.0061777737
v 0.022952052 -0.010378051 0.0029409474
v 0.022952106 -0.010561034 0.0026520174
v 0.022961617 -0.00060747075 0.0060386537
v 0.022977144 -0.00074248598 0.0062058438
v 0.022988243 -0.010526751 0.0024821374
v 0.023001224 -0.00027243959 0.0053407233
v 0.023009038 -0.010490734 0.0024101045
v 0.023022387 -0.00064028817 0.006152424
v 0.023024796 -0.00077198283 0.0062452285
v 0.023028811 -0.0005841846 0.0060582538
v 0.023031291 -0.00027870634 0.0053460291
v 0.023071205 -0.00055983989 0.0060728518
v 0.023079805 -0.00028324104 0.0053567383
v 0.023090331 -0.00061514997 0.0062031937
v 0.023095721 -0.00054137094 0.0060822978
v 0.023106169 -0.00067348609 0.0062610963
v 0.023114016 -0.00081761321 0.0063014515
v 0.023120388 -0.00052446889 0.0060978695
v 0.023126816 -0.00028105325 0.005369639
v 0.023131421 -0.00073152996 0.0063009229
v 0.023133699 -0.00073600933 0.0063033896
v 0.023149351 -0.00057021796 0.006220751
v 0.023150768 -0.00024965886 0.0052538137
v 0.023151422 -0.00027721355 0.0053774156
v 0.023172831 -0.00084169116 0.0063275634
v 0.02320913 -0.00085442816 0.0063398043
v 0.023221778 -0.00065462838 0.0063219499
v 0.023228185 -0.00050749251 0.0061935475
v 0.023230053 -0.00048473888 0.0061493921
v 0.023241948 -0.00024445247 0.0054130149
v 0.023255302 -0.00086775137 0.0063501201
v 0.023256337 -0.009615805 0.00039416406
v 0.023262117 -0.00048119487 0.0061604199
v 0.023273148 -0.00079920731 0.0063625961
v 0.02327572 -0.00078997476 0.0063631227
v 0.023281273 -0.0095312409 0.00037742857
v 0.023282271 -0.00021123377 0.0052982322
v 0.023282941 -0.00021709611 0.005433748
v 0.023290941 -0.00073786383 0.0063611069
v 0.023298724 -0.00023426044 0.0051808553
v 0.023313459 -0.00066770549 0.0063442443
v 0.023321375 -0.00018172782 0.0053498093
v 0.023325661 -0.00018313984 0.0053204987
v 0.02333446 -0.00056497887 0.0062830704
v 0.023341721 -0.00021918722 0.0051895478
v 0.023349512 -0.00057064812 0.0062868427
v 0.023351381 -0.0096728653 0.00042236337
v 0.023362093 -0.00054135389 0.0062577254
v 0.023385221 -0.00049506058 0.0061890241
v 0.023392323 -0.00018683732 0.0052163061
v 0.023395492 -0.00023113575 0.0051458166
v 0.023396475 -0.0001644891 0.005492826
v 0.023417274 -0.00016046404 0.0055008424
v 0.023417866 -0.00014968362 0.0052812765
v 0.023417981 -0.00014839345 0.005466694
v 0.023452491 -0.00023246485 0.0051309634
v 0.023471786 -0.00022502664 0.0051353076
v 0.02348393 -0.00012649162 0.0054198541
v 0.023485787 -0.00023443004 0.0051244544
v 0.023501383 -0.00023574677 0.0051221303
v 0.023534356 -0.00015029898 0.005243015
v 0.023563549 -0.00012691272 0.005393703
v 0.023572441 -0.00017078576 0.0055404743
v 0.023580549 -0.0095008463 0.00043032915
v 0.023586744 -0.0094901184 0.00040887253
v 0.02359812 -0.00013787963 0.0054290029
v 0.023604412 -0.00013565716 0.0053900969
v 0.023608882 -0.00025467953 0.0051240926
v 0.023613498 -0.00014508996 0.0053090192
v 0.023616204 -0.00019132042 0.005199038
v 0.023616694 -0.00017000388 0.0052377768
v 0.023653874 -0.010632936 0.0025327285
v 0.023963161 -0.01068248 0.0025984335
v 0.024077117 -0.0096092839 0.00051211141
v 0.024332529 -0.0020678854 0.0074945395
v 0.024357907 -0.0019430345 0.0075342301
v 0.024392433 -0.0018146463 0.007522786
v 0.024430864 -0.0017022676 0.007461952
v 0.02446733 -0.0016230026 0.0073609869
v 0.024577048 -0.0096898889 0.00061111426
v 0.024695281 -0.001228182 0.0065713413
v 0.025044495 -0.00062332704 0.0053616236
v 0.02506583 -0.00058637018 0.0052877222
v 0.025085548 -0.0097459704 0.0007355985
v 0.025566734 -0.0015009461 0.0066946344
v 0.025705794 -0.0015536327 0.0067100166
v 0.025773428 -0.00074697292 0.0058854208
v 0.025917219 -0.0097731128 0.00097658881
v 0.025918067 -0.010584204 0.0036940856
v 0.025970303 -0.010717305 0.0035897065
v 0.026031453 -0.010775064 0.0034339332
v 0.026085129 -0.010741999 0.0032685068
v 0.026240591 -0.011601774 0.0023988939
v 0.02626192 -0.0010167693 0.0054956162
v 0.026580077 -0.01062379 0.0033422122
v 0.026683636 -0.0097053694 0.0011952432
v 0.027123593 -0.0033272402 0.007670573
v 0.027137954 -0.0096614249 0.0014193415
v 0.027196096 -0.0032236546 0.0077132345
v 0.027270578 -0.0031132943 0.0077043111
v 0.0273357 -0.0030129582 0.0076451604
v 0.027381545 -0.0029379237 0.0075447876
v 0.027388025 -0.011183818 0.0010551392
v 0.027980044 -0.0019012911 0.0054715229
v 0.028042022 -0.0029096291 0.0067971405
v 0.02830247 -0.0021913161 0.0055332365
v 0.028594639 -0.0097048758 0.0049064094
v 0.028705927 -0.00981858 0.0048287753
v 0.028810304 -0.009862138 0.0046925815
v 0.028879805 -0.0098238755 0.0045343218
v 0.028926538 -0.0097429305 0.0043724272
v 0.028989449 -0.012626319 0.0030804065
v 0.029179923 -0.01290922 0.0028672132
v 0.029188236 -0.012884802 0.0029406827
v 0.029201748 -0.0095585585 0.0045249648
v 0.029216753 -0.012816174 0.0030417326
v 0.029281024 -0.012965801 0.002833474
v 0.029302685 -0.0054426123 0.0072419364
v 0.0293882 -0.0090127159 0.005481571
v 0.029411986 -0.0053747455 0.007277362
v 0.029438946 -0.0088554118 0.0025973946
v 0.029448438 -0.0053488272 0.0072779972
v 0.029478304 -0.0087872427 0.0024610572
v 0.02951766 -0.0052946652 0.0072623021
v 0.029538123 -0.0090927267 0.0054319371
v 0.029578049 -0.0052404907 0.0072250343
v 0.029603621 -0.0052145626 0.0071990513
v 0.029656783 -0.005146632 0.0070972382
v 0.029670781 -0.0091116158 0.0053162407
v 0.029706823 -0.012206381 0.0011926919
v 0.029750628 -0.0090643261 0.0051654819
v 0.029811224 -0.0064662313 0.0068769292
v 0.029816337 -0.0089507261 0.0049395487
v 0.029823681 -0.0048575569 0.0065190913
v 0.029907133 -0.0078177312 0.0062288665
v 0.029981732 -0.0064222775 0.0068952208
v 0.030082317 -0.007839568 0.0062156115
v 0.03012947 -0.0063504209 0.0068292506
v 0.030214833 -0.0062699136 0.0066966927
v 0.030217011 -0.0041762898 0.0051565534
v 0.030228961 -0.0082314257 0.0053327978
v 0.030233467 -0.0078158733 0.0061265458
v 0.030252384 -0.01232066 0.001075219
v 0.030255284 -0.0041099996 0.0050239735
v 0.030320082 -0.007752995 0.0059855347
v 0.030366376 -0.012320555 0.0010561256
v 0.030406075 -0.012243209 0.0010400002
v 0.030421205 -0.007577762 0.005635378
v 0.030439705 -0.0045315698 0.0050540059
v 0.030452093 -0.0065297605 0.006044046
v 0.030462477 -0.0121313 0.0010565732
v 0.030494487 -0.012066552 0.0010900861
v 0.030530611 -0.0077653201 0.0035232368
v 0.030604852 -0.0076236632 0.0036188073
v 0.030656928 -0.013631591 0.0026722215
v 0.030659141 -0.007529642 0.003430736
v 0.030877016 -0.012801686 0.0012227626
v 0.03088568 -0.0058965595 0.0045433333
v 0.030906387 -0.0061818985 0.0044148425
v 0.030935617 -0.0058100717 0.0043703332
v 0.031988643 -0.001774842 0.0071124346
v 0.032514635 -0.001994797 0.0067533576
v 0.033423577 -0.015180029 0.0031002688
v 0.033756454 -0.0026199375 0.0083017116
v 0.033757772 -0.0025046866 0.0083199739
v 0.033769317 -0.0023791078 0.0082951253
v 0.033787772 -0.0022802483 0.0082340892
v 0.033813808 -0.0022041143 0.0081347143
v 0.033821873 -0.0019154414 0.0075376886
v 0.033849921 -0.0018835233 0.0074283271
v 0.033878472 -0.0018938109 0.0073061562
v 0.033901058 -0.0019457066 0.0071992176
v 0.033920478 -0.0020981876 0.0070814267
v 0.033996765 -0.014707929 0.0011531879
v 0.03467828 -0.016251335 0.0025229761
v 0.03486383 -0.01645232 0.0026594475
v 0.034939837 -0.016503258 0.0027288131
v 0.034959856 -0.016489239 0.0028003822
v 0.035056382 -0.016391104 0.0029525824
v 0.035776157 -0.016042041 0.00095349044
v 0.035815943 -0.015974255 0.00086105458
v 0.035883099 -0.015878782 0.00079761905
v 0.035937302 -0.015808698 0.00078213314
v 0.036019128 -0.015711261 0.00080069102
v 0.036068339 -0.015657462 0.000835958
v 0.03684951 -0.017951069 0.0026127999
v 0.037104316 -0.01834674 0.0020609268
v 0.037181407 -0.017259315 0.00065958785
v 0.037542101 -0.018779321 0.0019218071
v 0.038295418 -0.0019646771 0.0086708795
v 0.038542528 -0.019904003 0.0016786145
v 0.038617209 -0.019980913 0.0016884473
v 0.038645566 -0.019984374 0.0017524925
v 0.038763899 -0.019943161 0.0018950636
v 0.038996901 -0.0021342202 0.0083730118
v 0.039459575 -0.020765182 0.0014892638
v 0.039717123 -0.020085052 -0.00029046199
v 0.039791115 -0.020054081 -0.00040049199
v 0.039824158 -0.021373665 0.00069423317
v 0.039824706 -0.021436518 0.00080352603
v 0.039857909 -0.021469945 0.00090541592
v 0.039885961 -0.0214781 0.00095676462
v 0.03988906 -0.020005172 -0.00047298602
v 0.039924409 -0.021478528 0.0010085711
v 0.03994929 -0.021474341 0.0010343691
v 0.039956708 -0.019949678 -0.0004918534
v 0.040011097 -0.021458687 0.0010895189
v 0.040062211 -0.019878261 -0.00047997147
v 0.040127691 -0.019842373 -0.0004496153
v 0.040150106 -0.021784822 0.00040769918
v 0.040200397 -0.021727419 0.00090966403
v 0.040536936 -0.022229685 -2.704952e-05
v 0.040565129 -0.022321738 2.4356441e-05
v 0.040588625 -0.022361171 0.00014398356
v 0.040622327 -0.022399832 8.471703e-05
v 0.040876005 -0.022579547 -0.0004913134
v 0.040914562 -0.022679208 -0.00046686863
v 0.040980097 -0.022767125 -0.00043482156
v 0.041029617 -0.022156052 -0.0010905291
v 0.041041069 -0.022723891 -0.00075337966
v 0.041042555 -0.022345999 -0.0010281297
v 0.041052517 -0.022828847 -0.00044070216
v 0.041059408 -0.02277088 -0.00074992405
v 0.04108366 -0.02282162 -0.00074584014
v 0.04109364 -0.022762664 -0.00084412761
v 0.041110866 -0.022103149 -0.0011597739
v 0.04111461 -0.022867557 -0.00073992513
v 0.041142292 -0.022824679 -0.00090017886
v 0.041151136 -0.022908218 -0.00073238974
v 0.041154083 -0.022849051 -0.00090144383
v 0.041164171 -0.022800978 -0.00097689556
v 0.041167192 -0.022872405 -0.00090241153
v 0.041179836 -0.022065738 -0.0011868143
v 0.041183822 -0.022841474 -0.00098358269
v 0.041184764 -0.022805862 -0.0010202898
v 0.041195143 -0.022806035 -0.0010437608
v 0.041195739 -0.022864075 -0.00098715071
v 0.041198153 -0.022915222 -0.00090322329
v 0.041201998 -0.022804834 -0.0010601905
v 0.041202124 -0.02287499 -0.00098886655
v 0.041204736 -0.022844223 -0.0010298389
v 0.041205548 -0.022906708 -0.00044987278
v 0.041208018 -0.022810986 -0.0010673632
v 0.041208856 -0.022885591 -0.00099052652
v 0.04121143 -0.022817511 -0.0010694158
v 0.041215271 -0.022842454 -0.0010554966
v 0.041216671 -0.02286515 -0.0010351469
v 0.041220568 -0.022839738 -0.0010697995
v 0.041221682 -0.022838863 -0.0010730403
v 0.041223034 -0.022875199 -0.0010377683
v 0.041226335 -0.022880098 -0.001039069
v 0.041227207 -0.022861958 -0.0010621171
v 0.041227672 -0.022850813 -0.0010745305
v 0.041228577 -0.022691255 -0.001158022
v 0.041229721 -0.022884905 -0.0010403629
v 0.041231893 -0.022858689 -0.0010755049
v 0.041233558 -0.022871271 -0.0010654135
v 0.041234013 -0.022952849 -0.00090262148
v 0.041234661 -0.022971205 -0.0007133786
v 0.041236602 -0.022866933 -0.0010765321
v 0.041236844 -0.022875793 -0.001067058
v 0.041238517 -0.022878019 -0.0010678796
v 0.041240212 -0.022880221 -0.0010687005
v 0.041240338 -0.022873057 -0.0010773079
v 0.04124086 -0.022826808 -0.0011152965
v 0.041241828 -0.022875395 -0.0010776079
v 0.041243337 -0.022877708 -0.0010779093
v 0.041253682 -0.022811284 -0.0011394499
v 0.04127048 -0.022911951 -0.0010825604
v 0.041274294 -0.022958269 -0.0010012911
v 0.041285701 -0.022903543 -0.0011139521
v 0.041287463 -0.022016095 -0.0011919517
v 0.041288808 -0.022844169 -0.0011605691
v 0.041302223 -0.022941913 -0.0010861646
v 0.04130666 -0.022667801 -0.0012278352
v 0.041314397 -0.023011234 -0.00089669286
v 0.041327298 -0.022810573 -0.0012040336
v 0.041333385 -0.022965716 -0.0010878246
v 0.04135175 -0.023010265 -0.0010053642
v 0.041355185 -0.021989718 -0.0011746027
v 0.041371364 -0.022648232 -0.0012597375
v 0.041372318 -0.022861086 -0.0012088089
v 0.041387394 -0.022805348 -0.0012358115
v 0.041393489 -0.022946464 -0.0011598204
v 0.041400187 -0.022864137 -0.0012189554
v 0.041401073 -0.023001764 -0.0010845362
v 0.0414031 -0.023045048 -0.00089544215
v 0.041414186 -0.022865275 -0.0012231166
v 0.04145316 -0.023019988 -0.0010776402
v 0.04146805 -0.022867374 -0.0012337506
v 0.041472033 -0.02261761 -0.0012783346
v 0.041476861 -0.022977607 -0.0011531226
v 0.04148088 -0.022791578 -0.0012597938
v 0.041484948 -0.022961194 -0.0011721902
v 0.041519519 -0.022878589 -0.0012308049
v 0.04152358 -0.022865934 -0.0012363382
v 0.041536182 -0.022598011 -0.0012729135
v 0.041541055 -0.022779576 -0.0012610857
v 0.044196025 -0.0017572179 0.010945318
v 0.044199258 -0.0016570729 0.010874038
v 0.044206761 -0.0018784043 0.010978837
v 0.044214856 -0.0015897455 0.010778303
v 0.044227682 -0.0019907432 0.010970574
v 0.044347472 -0.0013746767 0.010116003
v 0.044348326 -0.0013549755 0.010237913
v 0.044360138 -0.0013801709 0.010375534
v 0.044387046 -0.0014310486 0.010012293
v 0.044442967 -0.0015916141 0.0099087087
v 0.04581045 -0.0013576936 0.010318469
v 0.047528937 -0.00091668841 0.011722719
v 0.050543934 3.6988498e-05 0.012328161
v 0.051626701 0.00012173334 0.012200415
v 0.054018632 0.0011625461 0.013793972
v 0.054023575 0.001227856 0.01368917
v 0.054032549 0.0010765612 0.013867044
v 0.05406611 0.00096561364 0.013911724
v 0.05409392 0.0012972226 0.013347665
v 0.054109558 0.00086160249 0.013915554
v 0.054207146 0.0013336437 0.013364122
v 0.054264709 0.0012809419 0.013267616
v 0.054359455 0.0011305157 0.013179496
v 0.054560967 0.0011832233 0.014067762
v 0.054806992 0.0012946336 0.014145605
v 0.054837685 0.0013086825 0.014155328
v 0.054868352 0.0013227588 0.014165048
v 0.054929648 0.0013509945 0.014184481
v 0.055052064 0.0014077866 0.014223322
v 0.056022577 0.0018778594 0.014532705
v 0.056095432 0.0021959245 0.014344519
v 0.056126371 0.0022109572 0.014356643
v 0.05624865 0.0022720741 0.014399403
v 0.056849867 0.0022658799 0.014135768
v 0.057914011 0.0029025215 0.01514243
v 0.058743741 0.0036312526 0.015299162
v 0.059652783 0.0041808211 0.015631896
v 0.060306143 0.004589926 0.015862526
v 0.061440971 0.0050451574 0.016091051
v 0.061472908 0.0053204978 0.016274383
v 0.061548468 0.0053678043 0.016301055
v 0.062533252 0.0059844311 0.016648676
v 0.0626693 0.0060233683 0.016680984
v 0.062723845 0.0060211383 0.016690955
v 0.069021009 -0.023124946 0.0066826395
v 0.070342913 -0.01499157 0.011320317
v 0.072157934 0.0030658846 0.017986044
v 0.072757818 0.0028563906 0.018064789
v 0.073513828 0.0025709285 0.018160436
v 0.07599967 0.0015889949 0.018467451
v 0.079907939 -0.00019237262 0.018795025
v 0.079933435 -0.00012186137 0.018833918
v 0.079961896 -2.6754797e-05 0.01893862
v 0.081972986 -0.00085494178 0.019172687
v 0.088195287 -0.0034269972 0.019888036
v 0.088435657 -0.0037545776 0.019690257
v 0.088460878 -0.0036841326 0.019729227
v 0.088487059 -0.0035984705 0.01981926
v 0.088495351 -0.0035511528 0.019922312
v 0.095283531 -0.0063571208 0.020694487
v 0.09880171 -0.0078071118 0.021093115
v 0.10552539 -0.010800679 0.021506982
v 0.10554989 -0.010730281 0.021546084
v 0.10557507 -0.010644733 0.021636104
v 0.10557543 -0.010584474 0.021860223
v 0.10558315 -0.010594828 0.0217501
v 0.10831641 -0.012028893 0.022250514
v 0.10836065 -0.011918544 0.022260146
v 0.1084014 -0.011826456 0.022235317
v 0.10843837 -0.011750839 0.022184981
v 0.10886669 -0.011924883 0.022233618
v 0.10929795 -0.012099996 0.022282604
v 0.11367825 -0.040961239 0.011887333
v 0.1137135 -0.040277325 0.012747617
v 0.11373615 -0.04136264 0.010895493
v 0.11376577 -0.041360047 0.010716063
v 0.11380117 -0.04130384 0.010585464
v 0.11384188 -0.041192744 0.010508376
v 0.11388738 -0.041027684 0.010486779
v 0.11410274 -0.039917223 0.01090391
v 0.11480894 -0.035278633 0.013844383
v 0.11602434 -0.027800629 0.018108359
v 0.1175193 -0.019795116 0.021472123
v 0.13985088 -0.024300471 0.025342086
v 0.13987315 -0.024229739 0.025381276
v 0.13988996 -0.02408459 0.025710542
v 0.13989528 -0.024143822 0.025471114
v 0.13990112 -0.024093686 0.025584659
v 0.1416305 -0.025208132 0.026209127
v 0.1416723 -0.025094135 0.026221957
v 0.14171158 -0.024998372 0.026198305
v 0.14175627 -0.024902251 0.026131017
v 0.14177661 -0.024841845 0.026049679
v 0.14178738 -0.024845939 0.026050979
v 0.16059688 -0.047432326 0.021006128
v 0.16170575 -0.040609684 0.024896396
v 0.1743937 -0.037203085 0.02940372
v 0.17440493 -0.037021678 0.029888351
v 0.17441551 -0.037132557 0.02944308
v 0.17443113 -0.036988143 0.029771829
v 0.17443706 -0.037046973 0.029532934
v 0.17444247 -0.036997102 0.029646274
v 0.17516033 -0.03780061 0.030259781
v 0.17520222 -0.037684176 0.030276047
v 0.17524195 -0.037585672 0.03025379
v 0.17528734 -0.037486516 0.030186135
v 0.17531888 -0.037428547 0.030104512
v 0.19162063 -0.043726273 0.031394023
v 0.19163418 -0.043547411 0.03187833
v 0.19164294 -0.04365636 0.031433679
v 0.19166024 -0.043513902 0.031762157
v 0.19166519 -0.04357167 0.031523693
v 0.19167118 -0.043522485 0.031636912
v 0.20546576 -0.064488873 0.026129253
v 0.20548135 -0.063708656 0.027263269
v 0.20550804 -0.064607874 0.025679702
v 0.20553851 -0.064584002 0.025528392
v 0.20555364 -0.064555213 0.025480123
v 0.20556699 -0.064522862 0.025448417
v 0.20559925 -0.06442336 0.0254055
v 0.20561737 -0.062547646 0.028251678
v 0.20562474 -0.064327523 0.02539866
v 0.20566265 -0.064163618 0.025422316
v 0.20592985 -0.060509857 0.029529529
v 0.20594689 -0.062490389 0.026300268
v 0.20612828 -0.06124964 0.02713342
v 0.2063248 -0.058212139 0.030706478
v 0.20648798 -0.057287849 0.031153306
v 0.2073667 -0.053537462 0.031624053
v 0.20778899 -0.050365023 0.034011293
v 0.20782748 -0.050203294 0.034027793
v 0.20784803 -0.050134022 0.034009747
v 0.20786993 -0.050069589 0.033975556
v 0.2079155 -0.049966 0.033856612
v 0.20796223 -0.049885049 0.033694711
v 0.20799123 -0.05007394 0.033217333
v 0.20799282 -0.049850713 0.033559486
v 0.20800887 -0.049953714 0.033297524
v 0.20800938 -0.049874786 0.033418894
v 0.20801127 -0.04991382 0.033345461
s 1
f 909// 935// 860//
f 860// 935// 875//
f 874// 837// 908//
f 908// 837// 857//
f 908// 857// 934//
f 934// 857// 873//
f 934// 873// 935//
f 935// 873// 875//
f 201// 205// 203//
f 203// 205// 206//
f 203// 206// 210//
f 185// 194// 203//
f 203// 194// 195//
f 203// 195// 201//
f 181// 170// 169//
f 169// 170// 164//
f 181// 184// 170//
f 170// 184// 186//
f 170// 186// 189//
f 164// 170// 157//
f 157// 170// 154//
f 157// 154// 150//
f 154// 162// 159//
f 143// 150// 144//
f 144// 150// 154//
f 144// 154// 145//
f 145// 154// 159//
f 145// 159// 146//
f 146// 159// 153//
f 146// 153// 147//
f 162// 154// 165//
f 165// 154// 170//
f 165// 170// 185//
f 185// 170// 189//
f 185// 189// 194//
f 323// 324// 341//
f 341// 324// 342//
f 341// 342// 354//
f 354// 342// 366//
f 354// 366// 365//
f 333// 334// 309//
f 309// 334// 307//
f 309// 307// 305//
f 305// 307// 298//
f 298// 307// 301//
f 298// 301// 299//
f 299// 301// 320//
f 320// 301// 324//
f 320// 324// 323//
f 510// 478// 479//
f 510// 479// 514//
f 496// 521// 495//
f 495// 521// 519//
f 479// 481// 514//
f 514// 481// 482//
f 514// 482// 519//
f 519// 482// 485//
f 519// 485// 495//
f 520// 519// 521//
f 515// 516// 518//
f 502// 504// 505//
f 505// 504// 508//
f 508// 504// 507//
f 508// 507// 513//
f 518// 516// 520//
f 520// 516// 514//
f 520// 514// 519//
f 513// 507// 515//
f 515// 507// 512//
f 515// 512// 516//
f 516// 512// 510//
f 516// 510// 514//
f 491// 490// 498//
f 500// 503// 493//
f 512// 507// 509//
f 509// 507// 504//
f 509// 504// 501//
f 501// 504// 502//
f 501// 502// 494//
f 494// 502// 492//
f 500// 493// 486//
f 486// 493// 487//
f 486// 487// 484//
f 503// 506// 493//
f 493// 506// 498//
f 493// 498// 487//
f 487// 498// 490//
f 500// 510// 503//
f 503// 510// 512//
f 503// 512// 506//
f 506// 512// 509//
f 506// 509// 498//
f 498// 509// 501//
f 498// 501// 491//
f 491// 501// 494//
f 486// 484// 458//
f 458// 461// 486//
f 486// 461// 464//
f 486// 464// 500//
f 500// 464// 468//
f 500// 468// 510//
f 510// 468// 478//
f 580// 359// 357//
f 580// 357// 578//
f 578// 357// 358//
f 578// 358// 579//
f 579// 358// 360//
f 579// 360// 581//
f 581// 360// 361//
f 581// 361// 585//
f 746// 709// 731//
f 731// 709// 695//
f 746// 731// 864//
f 864// 731// 800//
f 864// 800// 971//
f 971// 800// 890//
f 971// 890// 985//
f 985// 890// 948//
f 985// 948// 981//
f 981// 948// 931//
f 981// 931// 933//
f 933// 931// 846//
f 933// 846// 810//
f 810// 846// 739//
f 715// 810// 705//
f 705// 810// 739//
f 715// 705// 699//
f 699// 705// 684//
f 699// 684// 682//
f 682// 684// 675//
f 682// 675// 676//
f 676// 675// 672//
f 676// 672// 678//
f 678// 672// 674//
f 678// 674// 689//
f 689// 674// 677//
f 689// 677// 709//
f 709// 677// 695//
f 1196// 1178// 1171//
f 1171// 1178// 1157//
f 1171// 1157// 1151//
f 1151// 1157// 1125//
f 1151// 1125// 1134//
f 1134// 1125// 1112//
f 1134// 1112// 1141//
f 1141// 1112// 1117//
f 1141// 1117// 1161//
f 1161// 1117// 1140//
f 1161// 1140// 1184//
f 1184// 1140// 1169//
f 1484// 1184// 1482//
f 1482// 1184// 1169//
f 1484// 1482// 1488//
f 1488// 1482// 1485//
f 1488// 1485// 1494//
f 1494// 1485// 1489//
f 1494// 1489// 1496//
f 1496// 1489// 1492//
f 1496// 1492// 1497//
f 1497// 1492// 1493//
f 1497// 1493// 1495//
f 1495// 1493// 1490//
f 1495// 1490// 1491//
f 1491// 1490// 1487//
f 1491// 1487// 1486//
f 1486// 1487// 1483//
f 1196// 1486// 1178//
f 1178// 1486// 1483//
f 623// 630// 635//
f 624// 614// 633//
f 591// 582// 592//
f 601// 589// 598//
f 614// 591// 633//
f 633// 591// 592//
f 633// 592// 639//
f 639// 592// 608//
f 639// 608// 643//
f 643// 608// 613//
f 643// 613// 641//
f 641// 613// 611//
f 641// 611// 635//
f 635// 611// 601//
f 635// 601// 623//
f 623// 601// 598//
f 614// 624// 615//
f 622// 630// 623//
f 598// 589// 577//
f 598// 577// 623//
f 614// 615// 591//
f 582// 591// 570//
f 570// 591// 615//
f 570// 615// 565//
f 565// 615// 606//
f 565// 606// 559//
f 559// 606// 599//
f 559// 599// 563//
f 563// 599// 602//
f 563// 602// 566//
f 566// 602// 609//
f 566// 609// 577//
f 577// 609// 622//
f 577// 622// 623//
f 1148// 1174// 1132//
f 1132// 1174// 1166//
f 1132// 1166// 1110//
f 1110// 1166// 1147//
f 1110// 1147// 1077//
f 1077// 1147// 1113//
f 1077// 1113// 1062//
f 1062// 1113// 1091//
f 1062// 1091// 1056//
f 1056// 1091// 1076//
f 1056// 1076// 1055//
f 1055// 1076// 1072//
f 1114// 1078// 1103//
f 1103// 1078// 1070//
f 1103// 1070// 1093//
f 1093// 1070// 1063//
f 1093// 1063// 1084//
f 1084// 1063// 1060//
f 1084// 1060// 1082//
f 1082// 1060// 1059//
f 1082// 1059// 1088//
f 1088// 1059// 1061//
f 1088// 1061// 1097//
f 1097// 1061// 1064//
f 1097// 1064// 1109//
f 1109// 1064// 1075//
f 1109// 1075// 1121//
f 1121// 1075// 1090//
f 1121// 1090// 1135//
f 1135// 1090// 1101//
f 1135// 1101// 1143//
f 1143// 1101// 1107//
f 1143// 1107// 1139//
f 1139// 1107// 1105//
f 1139// 1105// 1127//
f 1127// 1105// 1096//
f 1127// 1096// 1114//
f 1114// 1096// 1078//
f 1149// 1111// 1159//
f 1159// 1111// 1120//
f 1159// 1120// 1167//
f 1167// 1120// 1133//
f 1167// 1133// 1172//
f 1172// 1133// 1144//
f 1172// 1144// 1173//
f 1173// 1144// 1146//
f 1173// 1146// 1170//
f 1170// 1146// 1138//
f 1170// 1138// 1163//
f 1163// 1138// 1128//
f 1163// 1128// 1155//
f 1155// 1128// 1116//
f 1155// 1116// 1136//
f 1136// 1116// 1102//
f 1136// 1102// 1123//
f 1123// 1102// 1092//
f 1123// 1092// 1118//
f 1118// 1092// 1085//
f 1118// 1085// 1119//
f 1119// 1085// 1087//
f 1119// 1087// 1130//
f 1130// 1087// 1098//
f 1130// 1098// 1149//
f 1149// 1098// 1111//
f 998// 975// 1020//
f 1020// 975// 997//
f 1020// 997// 1037//
f 1037// 997// 1013//
f 1037// 1013// 1046//
f 1046// 1013// 1027//
f 1046// 1027// 1048//
f 1048// 1027// 1030//
f 1048// 1030// 1039//
f 1039// 1030// 1024//
f 1039// 1024// 1029//
f 1029// 1024// 1003//
f 1029// 1003// 1006//
f 1006// 1003// 990//
f 988// 986// 1004//
f 986// 989// 1002//
f 989// 990// 1003//
f 989// 1003// 1002//
f 1002// 1003// 1024//
f 1002// 1024// 1023//
f 1023// 1024// 1030//
f 1023// 1030// 1031//
f 1031// 1030// 1027//
f 1031// 1027// 1026//
f 1026// 1027// 1013//
f 1026// 1013// 1012//
f 1012// 1013// 997//
f 1012// 997// 994//
f 994// 997// 975//
f 994// 975// 970//
f 986// 1002// 1004//
f 1004// 1002// 1023//
f 1004// 1023// 1025//
f 1025// 1023// 1031//
f 1025// 1031// 1035//
f 1035// 1031// 1026//
f 1035// 1026// 1033//
f 1033// 1026// 1012//
f 1033// 1012// 1016//
f 1016// 1012// 994//
f 1016// 994// 995//
f 995// 994// 970//
f 995// 970// 966//
f 988// 1004// 1009//
f 1009// 1004// 1025//
f 1009// 1025// 1032//
f 1032// 1025// 1035//
f 1032// 1035// 1038//
f 1038// 1035// 1033//
f 1038// 1033// 1036//
f 1036// 1033// 1016//
f 1036// 1016// 1021//
f 1021// 1016// 995//
f 1021// 995// 999//
f 999// 995// 966//
f 999// 966// 958//
f 927// 990// 922//
f 922// 990// 989//
f 922// 989// 915//
f 915// 989// 907//
f 907// 989// 986//
f 907// 986// 904//
f 904// 986// 906//
f 906// 986// 988//
f 906// 988// 910//
f 941// 1006// 942//
f 942// 1006// 990//
f 942// 990// 927//
f 728// 730// 845//
f 845// 730// 1006//
f 845// 1006// 899//
f 899// 1006// 941//
f 730// 728// 720//
f 720// 728// 713//
f 720// 713// 708//
f 708// 713// 698//
f 708// 698// 701//
f 701// 698// 690//
f 701// 690// 703//
f 703// 690// 693//
f 703// 693// 714//
f 714// 693// 706//
f 714// 706// 729//
f 729// 706// 721//
f 729// 721// 998//
f 998// 721// 788//
f 998// 788// 827//
f 827// 854// 998//
f 998// 854// 871//
f 998// 871// 975//
f 975// 871// 870//
f 975// 870// 853//
f 835// 958// 838//
f 838// 958// 966//
f 838// 966// 843//
f 843// 966// 848//
f 848// 966// 970//
f 848// 970// 851//
f 851// 970// 852//
f 852// 970// 975//
f 852// 975// 853//
f 1466// 1474// 1476//
f 1456// 1448// 1426//
f 1426// 1441// 1456//
f 1456// 1441// 1446//
f 1456// 1446// 1463//
f 1481// 1471// 1480//
f 1480// 1471// 1473//
f 1480// 1473// 1479//
f 1479// 1473// 1475//
f 1479// 1475// 1478//
f 1478// 1475// 1476//
f 1478// 1476// 1477//
f 1477// 1476// 1474//
f 1465// 1466// 1464//
f 1464// 1466// 1476//
f 1464// 1476// 1463//
f 1463// 1476// 1475//
f 1463// 1475// 1456//
f 1456// 1475// 1473//
f 1456// 1473// 1448//
f 1448// 1473// 1471//
f 1446// 1454// 1463//
f 1463// 1454// 1457//
f 1463// 1457// 1464//
f 1464// 1457// 1459//
f 1464// 1459// 1465//
f 1465// 1459// 1460//
f 1709// 1741// 1738//
f 1747// 1783// 1776//
f 1801// 1803// 1800//
f 1772// 1752// 1750//
f 1713// 1745// 1716//
f 1716// 1745// 1746//
f 1716// 1746// 1719//
f 1719// 1746// 1749//
f 1719// 1749// 1721//
f 1721// 1749// 1750//
f 1678// 1713// 1679//
f 1679// 1713// 1716//
f 1679// 1716// 1681//
f 1681// 1716// 1719//
f 1681// 1719// 1683//
f 1683// 1719// 1721//
f 1683// 1721// 1685//
f 1685// 1721// 1722//
f 1750// 1752// 1721//
f 1721// 1752// 1726//
f 1721// 1726// 1722//
f 1745// 1761// 1746//
f 1746// 1761// 1773//
f 1746// 1773// 1749//
f 1749// 1773// 1785//
f 1749// 1785// 1750//
f 1750// 1785// 1800//
f 1750// 1800// 1772//
f 1772// 1800// 1803//
f 1761// 1751// 1773//
f 1773// 1751// 1755//
f 1773// 1755// 1785//
f 1785// 1755// 1763//
f 1785// 1763// 1800//
f 1800// 1763// 1776//
f 1800// 1776// 1801//
f 1801// 1776// 1783//
f 1741// 1747// 1738//
f 1738// 1747// 1776//
f 1738// 1776// 1736//
f 1736// 1776// 1763//
f 1736// 1763// 1733//
f 1733// 1763// 1755//
f 1733// 1755// 1729//
f 1729// 1755// 1751//
f 1705// 1709// 1703//
f 1703// 1709// 1738//
f 1703// 1738// 1701//
f 1701// 1738// 1736//
f 1701// 1736// 1698//
f 1698// 1736// 1733//
f 1698// 1733// 1697//
f 1697// 1733// 1729//
f 1697// 1646// 1698//
f 1698// 1646// 1644//
f 1698// 1644// 1701//
f 1701// 1644// 1645//
f 1701// 1645// 1703//
f 1703// 1645// 1647//
f 1703// 1647// 1705//
f 1705// 1647// 1649//
f 1685// 1722// 1691//
f 1691// 1722// 1739//
f 1825// 1828// 1803//
f 1722// 1726// 1739//
f 1739// 1726// 1752//
f 1739// 1752// 1806//
f 1806// 1752// 1772//
f 1806// 1772// 1817//
f 1817// 1772// 1803//
f 1817// 1803// 1827//
f 1827// 1803// 1828//
f 1803// 1801// 1825//
f 1825// 1801// 1783//
f 1825// 1783// 1759//
f 1783// 1747// 1759//
f 1759// 1747// 1741//
f 1759// 1741// 1714//
f 1649// 1661// 1705//
f 1705// 1661// 1714//
f 1705// 1714// 1709//
f 1709// 1714// 1741//
f 1054// 1045// 1129//
f 1054// 1129// 1162//
f 1162// 1129// 1230//
f 1162// 1230// 1255//
f 1022// 1001// 1054//
f 1054// 1001// 1045//
f 1001// 974// 1000//
f 1000// 974// 973//
f 973// 972// 1000//
f 1000// 972// 967//
f 1000// 967// 996//
f 996// 967// 993//
f 967// 963// 993//
f 993// 963// 960//
f 993// 960// 992//
f 992// 960// 957//
f 992// 957// 956//
f 1045// 1001// 1042//
f 1042// 1001// 1000//
f 1042// 1000// 1040//
f 1040// 1000// 996//
f 993// 1043// 996//
f 996// 1043// 1041//
f 996// 1041// 1040//
f 992// 1047// 993//
f 993// 1047// 1044//
f 993// 1044// 1043//
f 1047// 1122// 1044//
f 1044// 1122// 1124//
f 1044// 1124// 1043//
f 1043// 1124// 1041//
f 1041// 1124// 1126//
f 1041// 1126// 1040//
f 1040// 1126// 1042//
f 1042// 1126// 1129//
f 1042// 1129// 1045//
f 1122// 1221// 1124//
f 1124// 1221// 1225//
f 1124// 1225// 1126//
f 1126// 1225// 1228//
f 1126// 1228// 1129//
f 1129// 1228// 1230//
f 1311// 1230// 1301//
f 1301// 1230// 1228//
f 1301// 1228// 1294//
f 1294// 1228// 1225//
f 1221// 1286// 1225//
f 1225// 1286// 1291//
f 1225// 1291// 1294//
f 1255// 1230// 1399//
f 1399// 1230// 1311//
f 1685// 1691// 1481//
f 1481// 1691// 1399//
f 1481// 1399// 1471//
f 1471// 1399// 1448//
f 1448// 1399// 1426//
f 1426// 1399// 1311//
f 1426// 1311// 1413//
f 1382// 1385// 1286//
f 1286// 1385// 1291//
f 1385// 1388// 1291//
f 1291// 1388// 1395//
f 1291// 1395// 1294//
f 1294// 1395// 1402//
f 1294// 1402// 1301//
f 1413// 1311// 1411//
f 1411// 1311// 1301//
f 1411// 1301// 1405//
f 1405// 1301// 1402//
f 1377// 1398// 1351//
f 1351// 1398// 1396//
f 1351// 1396// 1382//
f 1404// 1421// 1452//
f 1452// 1442// 1404//
f 1404// 1442// 1439//
f 1404// 1439// 1403//
f 1403// 1439// 1423//
f 1403// 1423// 1377//
f 1377// 1423// 1416//
f 1377// 1416// 1398//
f 1385// 1420// 1417//
f 1418// 1420// 1385//
f 1434// 1428// 1440//
f 1439// 1442// 1445//
f 1445// 1442// 1452//
f 1416// 1423// 1427//
f 1427// 1423// 1439//
f 1427// 1439// 1433//
f 1385// 1396// 1398//
f 1452// 1453// 1445//
f 1445// 1453// 1449//
f 1445// 1449// 1440//
f 1440// 1449// 1444//
f 1440// 1444// 1434//
f 1422// 1402// 1395//
f 1420// 1429// 1417//
f 1417// 1429// 1422//
f 1417// 1422// 1408//
f 1408// 1422// 1395//
f 1410// 1418// 1385//
f 1385// 1398// 1410//
f 1410// 1398// 1416//
f 1410// 1416// 1418//
f 1418// 1416// 1427//
f 1418// 1427// 1420//
f 1420// 1427// 1433//
f 1420// 1433// 1429//
f 1382// 1396// 1385//
f 1434// 1413// 1428//
f 1428// 1413// 1411//
f 1428// 1411// 1405//
f 1439// 1445// 1433//
f 1433// 1445// 1440//
f 1433// 1440// 1429//
f 1429// 1440// 1428//
f 1429// 1428// 1422//
f 1422// 1428// 1405//
f 1422// 1405// 1402//
f 1408// 1385// 1417//
f 1395// 1388// 1408//
f 1408// 1388// 1385//
f 1426// 1413// 1441//
f 1441// 1413// 1434//
f 1452// 1460// 1453//
f 1453// 1460// 1459//
f 1453// 1459// 1449//
f 1449// 1459// 1457//
f 1449// 1457// 1444//
f 1444// 1457// 1454//
f 1444// 1454// 1434//
f 1434// 1454// 1446//
f 1434// 1446// 1441//
f 1430// 1460// 1421//
f 1421// 1460// 1452//
f 1460// 1430// 1437//
f 1460// 1437// 1465//
f 1465// 1437// 1451//
f 1465// 1451// 1466//
f 1466// 1451// 1462//
f 1466// 1462// 1474//
f 1474// 1462// 1469//
f 1474// 1469// 1477//
f 1455// 1425// 1346//
f 1346// 1425// 1383//
f 1346// 1383// 1271//
f 1271// 1383// 1370//
f 1271// 1370// 1358//
f 1514// 1507// 1346//
f 1346// 1507// 1472//
f 1346// 1472// 1455//
f 1508// 1502// 1519//
f 1519// 1502// 1512//
f 1519// 1512// 1533//
f 1533// 1512// 1522//
f 1533// 1522// 1547//
f 1547// 1522// 1532//
f 1547// 1532// 1549//
f 1549// 1532// 1536//
f 1549// 1536// 1542//
f 1542// 1536// 1528//
f 1542// 1528// 1525//
f 1525// 1528// 1517//
f 1525// 1517// 1514//
f 1514// 1517// 1507//
f 1384// 1406// 1409//
f 1361// 1344// 1325//
f 1325// 1338// 1361//
f 1361// 1338// 1342//
f 1361// 1342// 1372//
f 1450// 1392// 1443//
f 1443// 1392// 1401//
f 1443// 1401// 1438//
f 1438// 1401// 1407//
f 1438// 1407// 1435//
f 1435// 1407// 1409//
f 1435// 1409// 1432//
f 1432// 1409// 1406//
f 1379// 1384// 1378//
f 1378// 1384// 1409//
f 1378// 1409// 1372//
f 1372// 1409// 1407//
f 1372// 1407// 1361//
f 1361// 1407// 1401//
f 1361// 1401// 1344//
f 1344// 1401// 1392//
f 1342// 1357// 1372//
f 1372// 1357// 1362//
f 1372// 1362// 1378//
f 1378// 1362// 1364//
f 1378// 1364// 1379//
f 1379// 1364// 1365//
f 1432// 1498// 1499//
f 1432// 1499// 1435//
f 1435// 1499// 1500//
f 1435// 1500// 1438//
f 1438// 1500// 1501//
f 1438// 1501// 1443//
f 1443// 1501// 1502//
f 1443// 1502// 1450//
f 1505// 1503// 1518//
f 1503// 1504// 1516//
f 1504// 1506// 1515//
f 1506// 1507// 1517//
f 1506// 1517// 1515//
f 1515// 1517// 1528//
f 1515// 1528// 1527//
f 1527// 1528// 1536//
f 1527// 1536// 1535//
f 1535// 1536// 1532//
f 1535// 1532// 1531//
f 1531// 1532// 1522//
f 1531// 1522// 1521//
f 1521// 1522// 1512//
f 1521// 1512// 1510//
f 1510// 1512// 1502//
f 1510// 1502// 1501//
f 1504// 1515// 1516//
f 1516// 1515// 1527//
f 1516// 1527// 1529//
f 1529// 1527// 1535//
f 1529// 1535// 1538//
f 1538// 1535// 1531//
f 1538// 1531// 1534//
f 1534// 1531// 1521//
f 1534// 1521// 1523//
f 1523// 1521// 1510//
f 1523// 1510// 1509//
f 1509// 1510// 1501//
f 1509// 1501// 1500//
f 1503// 1516// 1518//
f 1518// 1516// 1529//
f 1518// 1529// 1530//
f 1530// 1529// 1538//
f 1530// 1538// 1540//
f 1540// 1538// 1534//
f 1540// 1534// 1539//
f 1539// 1534// 1523//
f 1539// 1523// 1524//
f 1524// 1523// 1509//
f 1524// 1509// 1511//
f 1511// 1509// 1500//
f 1511// 1500// 1499//
f 1505// 1518// 1520//
f 1520// 1518// 1530//
f 1520// 1530// 1537//
f 1537// 1530// 1540//
f 1537// 1540// 1546//
f 1546// 1540// 1539//
f 1546// 1539// 1543//
f 1543// 1539// 1524//
f 1543// 1524// 1526//
f 1526// 1524// 1511//
f 1526// 1511// 1513//
f 1513// 1511// 1499//
f 1513// 1499// 1498//
f 1472// 1507// 1506//
f 1472// 1506// 1470//
f 1470// 1506// 1504//
f 1470// 1504// 1468//
f 1468// 1504// 1503//
f 1468// 1503// 1467//
f 1467// 1503// 1505//
f 1467// 1505// 1469//
f 1430// 1424// 1431//
f 1419// 1383// 1425//
f 1419// 1425// 1436//
f 1436// 1425// 1455//
f 1436// 1455// 1458//
f 1370// 1383// 1397//
f 1397// 1383// 1419//
f 1397// 1419// 1415//
f 1415// 1419// 1424//
f 1455// 1472// 1458//
f 1458// 1472// 1470//
f 1458// 1470// 1468//
f 1424// 1419// 1431//
f 1431// 1419// 1436//
f 1431// 1436// 1447//
f 1447// 1436// 1458//
f 1447// 1458// 1461//
f 1461// 1458// 1468//
f 1461// 1468// 1467//
f 1430// 1431// 1437//
f 1437// 1431// 1447//
f 1437// 1447// 1451//
f 1451// 1447// 1461//
f 1451// 1461// 1462//
f 1462// 1461// 1467//
f 1462// 1467// 1469//
f 1358// 1370// 1366//
f 1366// 1370// 1397//
f 1366// 1397// 1376//
f 1376// 1397// 1380//
f 1380// 1397// 1415//
f 1380// 1415// 1393//
f 1393// 1415// 1424//
f 1393// 1424// 1414//
f 1414// 1424// 1430//
f 1414// 1430// 1421//
f 1377// 1375// 1394//
f 1366// 1356// 1358//
f 1391// 1393// 1414//
f 1356// 1373// 1374//
f 1374// 1373// 1380//
f 1369// 1356// 1374//
f 1356// 1366// 1373//
f 1373// 1366// 1376//
f 1373// 1376// 1380//
f 1414// 1421// 1412//
f 1412// 1421// 1404//
f 1412// 1404// 1394//
f 1394// 1404// 1403//
f 1394// 1403// 1377//
f 1368// 1348// 1350//
f 1350// 1360// 1368//
f 1368// 1360// 1369//
f 1368// 1369// 1381//
f 1381// 1369// 1374//
f 1381// 1374// 1391//
f 1391// 1374// 1380//
f 1391// 1380// 1393//
f 1377// 1351// 1375//
f 1375// 1351// 1349//
f 1375// 1349// 1347//
f 1414// 1412// 1391//
f 1391// 1412// 1394//
f 1391// 1394// 1381//
f 1381// 1394// 1375//
f 1381// 1375// 1368//
f 1368// 1375// 1347//
f 1368// 1347// 1348//
f 1360// 1356// 1369//
f 1350// 1355// 1360//
f 1360// 1355// 1356//
f 1351// 1262// 1349//
f 1349// 1262// 1259//
f 1350// 1348// 1259//
f 1259// 1348// 1347//
f 1259// 1347// 1349//
f 1259// 1261// 1350//
f 1350// 1261// 1268//
f 1350// 1268// 1355//
f 1271// 1358// 1268//
f 1268// 1358// 1356//
f 1268// 1356// 1355//
f 1250// 1251// 1223//
f 1251// 1252// 1226//
f 1252// 1254// 1227//
f 1254// 1256// 1229//
f 1254// 1229// 1227//
f 1227// 1229// 1214//
f 1227// 1214// 1212//
f 1212// 1214// 1209//
f 1212// 1209// 1205//
f 1205// 1209// 1220//
f 1205// 1220// 1218//
f 1218// 1220// 1241//
f 1218// 1241// 1237//
f 1237// 1241// 1271//
f 1237// 1271// 1268//
f 1252// 1227// 1226//
f 1226// 1227// 1212//
f 1226// 1212// 1207//
f 1207// 1212// 1205//
f 1207// 1205// 1200//
f 1200// 1205// 1218//
f 1200// 1218// 1215//
f 1215// 1218// 1237//
f 1215// 1237// 1236//
f 1236// 1237// 1268//
f 1236// 1268// 1261//
f 1251// 1226// 1223//
f 1223// 1226// 1207//
f 1223// 1207// 1199//
f 1199// 1207// 1200//
f 1199// 1200// 1195//
f 1195// 1200// 1215//
f 1195// 1215// 1210//
f 1210// 1215// 1236//
f 1210// 1236// 1234//
f 1234// 1236// 1261//
f 1234// 1261// 1259//
f 1250// 1223// 1219//
f 1219// 1223// 1199//
f 1219// 1199// 1194//
f 1194// 1199// 1195//
f 1194// 1195// 1190//
f 1190// 1195// 1210//
f 1190// 1210// 1201//
f 1201// 1210// 1234//
f 1201// 1234// 1231//
f 1231// 1234// 1259//
f 1231// 1259// 1262//
f 1346// 1271// 1258//
f 1258// 1271// 1241//
f 1258// 1241// 1246//
f 1246// 1241// 1220//
f 1246// 1220// 1232//
f 1232// 1220// 1209//
f 1232// 1209// 1235//
f 1235// 1209// 1214//
f 1235// 1214// 1253//
f 1253// 1214// 1229//
f 1253// 1229// 1300//
f 1300// 1229// 1256//
f 1502// 1508// 1450//
f 1450// 1508// 1300//
f 1450// 1300// 1392//
f 1392// 1300// 1344//
f 1344// 1300// 1325//
f 1325// 1300// 1256//
f 1325// 1256// 1313//
f 1313// 1256// 1309//
f 1309// 1256// 1254//
f 1309// 1254// 1305//
f 1305// 1254// 1302//
f 1302// 1254// 1252//
f 1302// 1252// 1298//
f 1298// 1252// 1251//
f 1298// 1251// 1292//
f 1292// 1251// 1289//
f 1289// 1251// 1250//
f 1289// 1250// 1287//
f 1148// 1078// 1096//
f 1131// 1153// 1286//
f 1286// 1153// 1158//
f 1122// 1116// 1128//
f 1122// 1128// 1221//
f 1096// 1194// 1190//
f 1087// 1085// 1047//
f 1047// 1085// 1092//
f 1047// 1092// 1122//
f 1122// 1092// 1102//
f 1122// 1102// 1116//
f 1128// 1138// 1221//
f 1221// 1138// 1146//
f 1221// 1146// 1144//
f 1219// 1107// 1101//
f 1158// 1148// 1286//
f 1286// 1148// 1096//
f 1286// 1096// 1201//
f 1201// 1096// 1190//
f 1351// 1382// 1262//
f 1262// 1382// 1286//
f 1262// 1286// 1231//
f 1231// 1286// 1201//
f 956// 910// 992//
f 992// 910// 988//
f 992// 988// 1047//
f 1047// 988// 1009//
f 1194// 1096// 1219//
f 1219// 1096// 1105//
f 1219// 1105// 1107//
f 1267// 1287// 1240//
f 1240// 1287// 1250//
f 1240// 1250// 1176//
f 1176// 1250// 1219//
f 1176// 1219// 1067//
f 1067// 1219// 1101//
f 1067// 1101// 1090//
f 1087// 1047// 1073//
f 1073// 1047// 1009//
f 1073// 1009// 1058//
f 1058// 1009// 1032//
f 1058// 1032// 1055//
f 1055// 1032// 1038//
f 1055// 1038// 1056//
f 1056// 1038// 1036//
f 1056// 1036// 1021//
f 835// 795// 958//
f 958// 795// 917//
f 958// 917// 999//
f 999// 917// 1011//
f 1286// 1221// 1131//
f 1131// 1221// 1144//
f 1131// 1144// 1104//
f 1104// 1144// 1133//
f 1148// 1132// 1078//
f 1078// 1132// 1110//
f 1078// 1110// 1070//
f 1070// 1110// 1077//
f 1011// 1059// 1060//
f 1133// 1120// 1104//
f 1104// 1120// 1111//
f 1104// 1111// 1073//
f 1073// 1111// 1098//
f 1073// 1098// 1087//
f 1090// 1075// 1067//
f 1067// 1075// 1064//
f 1067// 1064// 1011//
f 1011// 1064// 1061//
f 1011// 1061// 1059//
f 1021// 999// 1056//
f 1056// 999// 1011//
f 1056// 1011// 1062//
f 1062// 1011// 1060//
f 1062// 1060// 1077//
f 1077// 1060// 1063//
f 1077// 1063// 1070//
f 1272// 1270// 1244//
f 1244// 1270// 1242//
f 1270// 1269// 1242//
f 1242// 1269// 1266//
f 1242// 1266// 1239//
f 1239// 1266// 1264//
f 1239// 1264// 1238//
f 1267// 1240// 1265//
f 1265// 1240// 1238//
f 1265// 1238// 1263//
f 1263// 1238// 1264//
f 1329// 1323// 1331//
f 1315// 1299// 1319//
f 1299// 1277// 1288//
f 1315// 1319// 1323//
f 1299// 1288// 1319//
f 1319// 1288// 1324//
f 1319// 1324// 1335//
f 1335// 1324// 1359//
f 1335// 1359// 1363//
f 1359// 1400// 1363//
f 1363// 1400// 1390//
f 1363// 1390// 1387//
f 1323// 1319// 1331//
f 1331// 1319// 1335//
f 1331// 1335// 1343//
f 1343// 1335// 1363//
f 1343// 1363// 1367//
f 1367// 1363// 1387//
f 1367// 1387// 1386//
f 1329// 1331// 1336//
f 1336// 1331// 1343//
f 1336// 1343// 1352//
f 1352// 1343// 1367//
f 1352// 1367// 1371//
f 1371// 1367// 1386//
f 1371// 1386// 1389//
f 1329// 1321// 1314//
f 1329// 1314// 1323//
f 1323// 1314// 1295//
f 1323// 1295// 1315//
f 1315// 1295// 1284//
f 1315// 1284// 1299//
f 1272// 1277// 1274//
f 1274// 1277// 1299//
f 1274// 1299// 1283//
f 1283// 1299// 1284//
f 1274// 1270// 1272//
f 1293// 1295// 1314//
f 1270// 1279// 1280//
f 1280// 1279// 1284//
f 1276// 1270// 1280//
f 1270// 1274// 1279//
f 1279// 1274// 1283//
f 1279// 1283// 1284//
f 1296// 1290// 1281//
f 1281// 1290// 1282//
f 1281// 1282// 1278//
f 1314// 1321// 1312//
f 1312// 1321// 1308//
f 1312// 1308// 1296//
f 1296// 1308// 1304//
f 1296// 1304// 1290//
f 1275// 1264// 1266//
f 1266// 1273// 1275//
f 1275// 1273// 1276//
f 1275// 1276// 1285//
f 1285// 1276// 1280//
f 1285// 1280// 1293//
f 1293// 1280// 1284//
f 1293// 1284// 1295//
f 1263// 1281// 1265//
f 1265// 1281// 1278//
f 1265// 1278// 1267//
f 1314// 1312// 1293//
f 1293// 1312// 1296//
f 1293// 1296// 1285//
f 1285// 1296// 1281//
f 1285// 1281// 1275//
f 1275// 1281// 1263//
f 1275// 1263// 1264//
f 1273// 1270// 1276//
f 1266// 1269// 1273//
f 1273// 1269// 1270//
f 1297// 1287// 1267//
f 1297// 1267// 1303//
f 1303// 1267// 1278//
f 1303// 1278// 1310//
f 1310// 1278// 1316//
f 1316// 1278// 1282//
f 1316// 1282// 1330//
f 1330// 1282// 1290//
f 1330// 1290// 1333//
f 1333// 1290// 1304//
f 1333// 1304// 1339//
f 1304// 1308// 1339//
f 1339// 1308// 1321//
f 1339// 1321// 1353//
f 1289// 1320// 1317//
f 1318// 1320// 1289//
f 1334// 1326// 1337//
f 1303// 1307// 1289//
f 1333// 1328// 1330//
f 1333// 1339// 1341//
f 1341// 1339// 1353//
f 1328// 1333// 1332//
f 1310// 1316// 1318//
f 1303// 1310// 1307//
f 1307// 1310// 1318//
f 1307// 1318// 1289//
f 1297// 1303// 1289//
f 1287// 1297// 1289//
f 1353// 1354// 1341//
f 1341// 1354// 1345//
f 1341// 1345// 1337//
f 1337// 1345// 1340//
f 1337// 1340// 1334//
f 1322// 1302// 1298//
f 1298// 1306// 1322//
f 1322// 1306// 1317//
f 1322// 1317// 1327//
f 1327// 1317// 1320//
f 1327// 1320// 1332//
f 1332// 1320// 1318//
f 1332// 1318// 1328//
f 1328// 1318// 1316//
f 1328// 1316// 1330//
f 1334// 1313// 1326//
f 1326// 1313// 1309//
f 1326// 1309// 1305//
f 1333// 1341// 1332//
f 1332// 1341// 1337//
f 1332// 1337// 1327//
f 1327// 1337// 1326//
f 1327// 1326// 1322//
f 1322// 1326// 1305//
f 1322// 1305// 1302//
f 1306// 1289// 1317//
f 1298// 1292// 1306//
f 1306// 1292// 1289//
f 1353// 1365// 1354//
f 1354// 1365// 1364//
f 1354// 1364// 1345//
f 1345// 1364// 1362//
f 1345// 1362// 1340//
f 1340// 1362// 1357//
f 1340// 1357// 1334//
f 1325// 1313// 1338//
f 1338// 1313// 1334//
f 1338// 1334// 1342//
f 1342// 1334// 1357//
f 1329// 1365// 1321//
f 1321// 1365// 1353//
f 1365// 1329// 1336//
f 1365// 1336// 1379//
f 1379// 1336// 1352//
f 1379// 1352// 1384//
f 1384// 1352// 1371//
f 1384// 1371// 1406//
f 1406// 1371// 1389//
f 1406// 1389// 1432//
f 2091// 2087// 2107//
f 2107// 2087// 2085//
f 2107// 2085// 2081//
f 2115// 2098// 2107//
f 2107// 2098// 2095//
f 2107// 2095// 2091//
f 2109// 2113// 2111//
f 2111// 2113// 2116//
f 2109// 2108// 2113//
f 2113// 2108// 2106//
f 2113// 2106// 2102//
f 2116// 2113// 2120//
f 2120// 2113// 2126//
f 2120// 2126// 2128//
f 2126// 2127// 2130//
f 2131// 2128// 2134//
f 2134// 2128// 2126//
f 2134// 2126// 2136//
f 2136// 2126// 2130//
f 2136// 2130// 2137//
f 2137// 2130// 2132//
f 2137// 2132// 2138//
f 2127// 2126// 2124//
f 2124// 2126// 2113//
f 2124// 2113// 2115//
f 2115// 2113// 2102//
f 2115// 2102// 2098//
f 1982// 1986// 1948//
f 1948// 1986// 1946//
f 1948// 1946// 1936//
f 1936// 1946// 1925//
f 1936// 1925// 1924//
f 1963// 1965// 1995//
f 1995// 1965// 1998//
f 1995// 1998// 1996//
f 1996// 1998// 2001//
f 2001// 1998// 2002//
f 2001// 2002// 2000//
f 2000// 2002// 1991//
f 1991// 2002// 1986//
f 1991// 1986// 1982//
f 1808// 1769// 1765//
f 1808// 1765// 1804//
f 1753// 1786// 1754//
f 1754// 1786// 1796//
f 1765// 1760// 1804//
f 1804// 1760// 1758//
f 1804// 1758// 1796//
f 1796// 1758// 1756//
f 1796// 1756// 1754//
f 1798// 1796// 1786//
f 1807// 1805// 1802//
f 1823// 1819// 1818//
f 1818// 1819// 1816//
f 1816// 1819// 1815//
f 1816// 1815// 1810//
f 1802// 1805// 1798//
f 1798// 1805// 1804//
f 1798// 1804// 1796//
f 1810// 1815// 1807//
f 1807// 1815// 1809//
f 1807// 1809// 1805//
f 1805// 1809// 1808//
f 1805// 1808// 1804//
f 1831// 1830// 1824//
f 1814// 1812// 1822//
f 1809// 1815// 1811//
f 1811// 1815// 1819//
f 1811// 1819// 1821//
f 1821// 1819// 1823//
f 1821// 1823// 1832//
f 1832// 1823// 1833//
f 1814// 1822// 1820//
f 1820// 1822// 1829//
f 1820// 1829// 1826//
f 1812// 1813// 1822//
f 1822// 1813// 1824//
f 1822// 1824// 1829//
f 1829// 1824// 1830//
f 1814// 1808// 1812//
f 1812// 1808// 1809//
f 1812// 1809// 1813//
f 1813// 1809// 1811//
f 1813// 1811// 1824//
f 1824// 1811// 1821//
f 1824// 1821// 1831//
f 1831// 1821// 1832//
f 1820// 1826// 1799//
f 1799// 1795// 1820//
f 1820// 1795// 1784//
f 1820// 1784// 1814//
f 1814// 1784// 1782//
f 1814// 1782// 1808//
f 1808// 1782// 1769//
f 1662// 1917// 1918//
f 1662// 1918// 1663//
f 1663// 1918// 1919//
f 1663// 1919// 1664//
f 1664// 1919// 1920//
f 1664// 1920// 1665//
f 1665// 1920// 1921//
f 1665// 1921// 1669//
f 1028// 1018// 1089//
f 1028// 1089// 1106//
f 1106// 1089// 1193//
f 1106// 1193// 1211//
f 1249// 1257// 1193//
f 1193// 1257// 1211//
f 1257// 1249// 1584//
f 1584// 1249// 1640//
f 1584// 1640// 1654//
f 765// 825// 980//
f 980// 825// 991//
f 1168// 1156// 1053//
f 1168// 1053// 1057//
f 1057// 1053// 980//
f 1057// 980// 991//
f 1156// 1168// 1208//
f 1208// 1168// 1224//
f 1208// 1224// 1605//
f 1605// 1224// 1570//
f 1605// 1570// 1618//
f 1742// 1744// 1743//
f 1743// 1744// 1748//
f 1743// 1748// 1731//
f 1731// 1748// 1734//
f 1731// 1734// 1724//
f 1724// 1734// 1708//
f 1724// 1708// 1706//
f 1706// 1708// 1654//
f 1706// 1654// 1640//
f 1742// 1735// 1744//
f 1744// 1735// 1720//
f 1744// 1720// 1718//
f 1720// 1710// 1718//
f 1718// 1710// 1682//
f 1718// 1682// 1686//
f 1686// 1682// 1605//
f 1686// 1605// 1618//
f 1917// 1662// 1654//
f 1654// 1662// 1591//
f 1654// 1591// 1584//
f 1570// 1577// 1618//
f 1618// 1577// 1612//
f 1618// 1612// 1686//
f 1686// 1612// 1843//
f 1686// 1843// 1718//
f 1654// 1708// 1917//
f 1917// 1708// 1734//
f 1917// 1734// 1939//
f 1939// 1734// 1748//
f 1961// 1977// 1974//
f 1718// 1843// 1744//
f 1744// 1843// 1931//
f 1744// 1931// 1949//
f 1949// 1961// 1744//
f 1744// 1961// 1974//
f 1744// 1974// 1748//
f 1748// 1974// 1960//
f 1748// 1960// 1939//
f 1614// 1613// 1571//
f 1613// 1610// 1572//
f 1610// 1609// 1576//
f 1609// 1612// 1577//
f 1609// 1577// 1576//
f 1576// 1577// 1570//
f 1576// 1570// 1560//
f 1570// 1561// 1560//
f 1560// 1561// 1550//
f 1560// 1550// 1548//
f 1548// 1550// 1555//
f 1548// 1555// 1554//
f 1554// 1555// 1568//
f 1554// 1568// 1567//
f 1567// 1568// 1584//
f 1567// 1584// 1589//
f 1584// 1591// 1589//
f 1589// 1591// 1662//
f 1589// 1662// 1663//
f 1610// 1576// 1572//
f 1572// 1576// 1560//
f 1572// 1560// 1559//
f 1559// 1560// 1548//
f 1559// 1548// 1545//
f 1545// 1548// 1554//
f 1545// 1554// 1553//
f 1553// 1554// 1567//
f 1553// 1567// 1566//
f 1566// 1567// 1589//
f 1566// 1589// 1587//
f 1587// 1589// 1663//
f 1587// 1663// 1664//
f 1613// 1572// 1571//
f 1571// 1572// 1559//
f 1571// 1559// 1557//
f 1557// 1559// 1545//
f 1557// 1545// 1541//
f 1541// 1545// 1553//
f 1541// 1553// 1551//
f 1551// 1553// 1566//
f 1551// 1566// 1564//
f 1564// 1566// 1587//
f 1564// 1587// 1588//
f 1588// 1587// 1664//
f 1588// 1664// 1665//
f 1614// 1571// 1573//
f 1573// 1571// 1557//
f 1573// 1557// 1558//
f 1558// 1557// 1541//
f 1558// 1541// 1544//
f 1544// 1541// 1551//
f 1544// 1551// 1552//
f 1552// 1551// 1564//
f 1552// 1564// 1565//
f 1565// 1564// 1588//
f 1565// 1588// 1590//
f 1590// 1588// 1665//
f 1590// 1665// 1669//
f 1614// 1847// 1844//
f 1614// 1844// 1613//
f 1613// 1844// 1840//
f 1613// 1840// 1610//
f 1610// 1840// 1839//
f 1610// 1839// 1609//
f 1609// 1839// 1843//
f 1609// 1843// 1612//
f 1932// 1931// 1843//
f 1949// 1931// 1950//
f 1950// 1931// 1932//
f 1950// 1932// 1951//
f 1951// 1932// 1933//
f 1951// 1933// 1952//
f 1952// 1933// 1934//
f 1843// 1839// 1932//
f 1932// 1839// 1840//
f 1932// 1840// 1933//
f 1933// 1840// 1844//
f 1933// 1844// 1934//
f 1934// 1844// 1847//
f 1962// 1960// 1974//
f 1966// 1964// 1978//
f 1978// 1964// 1962//
f 1969// 1968// 1980//
f 1980// 1968// 1966//
f 1981// 1970// 1969//
f 1962// 1974// 1978//
f 1978// 1974// 1977//
f 1978// 1977// 1979//
f 1979// 1977// 1961//
f 1979// 1961// 1967//
f 1967// 1961// 1949//
f 1967// 1949// 1950//
f 1966// 1978// 1980//
f 1980// 1978// 1979//
f 1980// 1979// 1984//
f 1984// 1979// 1967//
f 1984// 1967// 1971//
f 1971// 1967// 1950//
f 1971// 1950// 1951//
f 1969// 1980// 1981//
f 1981// 1980// 1984//
f 1981// 1984// 1987//
f 1987// 1984// 1971//
f 1987// 1971// 1973//
f 1973// 1971// 1951//
f 1973// 1951// 1952//
f 1941// 1939// 1960//
f 1960// 1962// 1941//
f 1941// 1962// 1964//
f 1941// 1964// 1942//
f 1917// 1939// 1918//
f 1918// 1939// 1941//
f 1918// 1941// 1919//
f 1919// 1941// 1942//
f 1919// 1942// 1920//
f 1920// 1942// 1943//
f 1920// 1943// 1921//
f 1921// 1943// 1944//
f 1964// 1966// 1942//
f 1942// 1966// 1968//
f 1942// 1968// 1943//
f 1943// 1968// 1969//
f 1943// 1969// 1944//
f 1944// 1969// 1970//
f 1929// 1905// 1891//
f 1929// 1891// 2003//
f 2003// 1891// 2010//
f 2003// 2010// 2011//
f 2011// 2010// 2032//
f 2032// 2010// 2144//
f 2032// 2144// 2148//
f 2148// 2144// 2152//
f 2148// 2152// 2153//
f 2153// 2152// 2156//
f 2153// 2156// 2171//
f 1891// 1905// 1875//
f 1875// 1905// 1895//
f 1875// 1895// 1871//
f 1871// 1895// 1894//
f 1871// 1894// 1860//
f 1860// 1894// 1880//
f 1860// 1880// 1857//
f 1868// 1863// 1867//
f 1867// 1863// 1859//
f 1859// 1863// 1851//
f 1851// 1863// 1862//
f 1851// 1862// 1846//
f 1842// 1846// 1850//
f 1841// 1845// 1837//
f 1837// 1845// 1836//
f 1836// 1845// 1835//
f 1837// 1842// 1841//
f 1841// 1842// 1850//
f 1841// 1850// 1845//
f 1845// 1850// 1852//
f 1856// 1857// 1854//
f 1862// 1858// 1846//
f 1846// 1858// 1856//
f 1846// 1856// 1850//
f 1850// 1856// 1854//
f 1850// 1854// 1852//
f 1863// 1868// 1876//
f 1869// 1862// 1863//
f 1860// 1857// 1856//
f 1875// 1871// 1870//
f 1870// 1871// 1860//
f 1870// 1860// 1864//
f 1864// 1860// 1856//
f 1864// 1856// 1858//
f 1876// 1877// 1863//
f 1863// 1877// 1881//
f 1863// 1881// 1869//
f 1869// 1881// 1883//
f 1869// 1883// 1886//
f 1886// 1883// 1888//
f 1886// 1888// 1890//
f 1891// 1875// 1890//
f 1890// 1875// 1870//
f 1890// 1870// 1886//
f 1886// 1870// 1864//
f 1886// 1864// 1869//
f 1869// 1864// 1858//
f 1869// 1858// 1862//
f 2157// 2155// 2142//
f 1881// 1877// 2007//
f 2166// 2165// 2160//
f 2182// 2169// 2168//
f 2007// 2006// 2145//
f 1876// 1873// 1923//
f 1876// 1923// 1877//
f 1877// 1923// 2007//
f 2007// 1923// 1927//
f 2007// 1927// 2006//
f 1891// 1890// 2009//
f 2142// 2144// 2010//
f 2144// 2142// 2152//
f 2152// 2142// 2155//
f 2152// 2155// 2156//
f 2172// 2171// 2156//
f 2177// 2176// 2173//
f 2181// 2180// 2175//
f 2175// 2180// 2178//
f 2157// 2158// 2164//
f 2182// 2170// 2169//
f 2169// 2170// 2157//
f 2169// 2157// 2168//
f 2168// 2157// 2167//
f 2168// 2167// 2182//
f 2182// 2167// 2160//
f 2172// 2156// 2173//
f 2173// 2156// 2155//
f 2173// 2155// 2177//
f 2177// 2155// 2157//
f 2177// 2157// 2178//
f 2178// 2157// 2170//
f 2178// 2170// 2175//
f 2175// 2170// 2182//
f 2175// 2182// 2181//
f 1881// 2007// 1883//
f 1883// 2007// 2008//
f 1883// 2008// 1888//
f 1890// 1888// 2009//
f 2009// 1888// 2008//
f 2009// 2008// 2141//
f 2141// 2008// 2007//
f 2141// 2007// 2143//
f 2143// 2007// 2145//
f 2143// 2145// 2160//
f 2160// 2167// 2166//
f 2166// 2167// 2157//
f 2166// 2157// 2165//
f 2165// 2157// 2164//
f 2165// 2164// 2160//
f 2160// 2164// 2158//
f 2160// 2158// 2143//
f 2143// 2158// 2157//
f 2143// 2157// 2141//
f 2141// 2157// 2142//
f 2141// 2142// 2009//
f 2009// 2142// 2010//
f 2009// 2010// 1891//
f 1947// 1928// 1921//
f 1921// 1928// 1927//
f 1921// 1927// 1923//
f 1921// 1944// 1947//
f 1947// 1944// 1970//
f 1947// 1970// 1976//
f 1992// 1976// 1970//
f 1983// 1990// 1987//
f 1987// 1990// 1992//
f 1987// 1992// 1981//
f 1981// 1992// 1970//
f 1983// 1987// 1975//
f 1975// 1987// 1973//
f 1975// 1973// 1957//
f 1957// 1973// 1952//
f 1957// 1952// 1953//
f 1953// 1952// 1937//
f 1937// 1952// 1934//
f 1937// 1934// 1915//
f 1915// 1934// 1847//
f 1915// 1847// 1914//
f 1914// 1847// 1849//
f 2021// 2036// 2028//
f 1914// 1849// 1958//
f 2049// 2038// 2047//
f 2047// 2038// 2036//
f 2047// 2036// 2046//
f 2031// 2041// 2033//
f 2033// 2041// 2042//
f 2031// 2033// 2029//
f 2029// 2033// 2018//
f 2029// 2018// 2017//
f 2017// 2018// 1997//
f 1997// 2018// 1959//
f 1997// 1959// 1935//
f 1790// 1793// 1955//
f 1955// 1793// 1794//
f 1955// 1794// 1797//
f 1914// 1958// 1915//
f 2021// 2005// 1958//
f 1958// 2005// 1954//
f 1958// 1954// 1915//
f 1792// 1791// 1834//
f 1834// 1791// 1790//
f 1834// 1790// 1849//
f 1849// 1790// 1956//
f 1849// 1956// 1958//
f 1958// 1956// 2020//
f 1958// 2020// 2021//
f 2021// 2020// 2035//
f 2021// 2035// 2036//
f 2036// 2035// 2044//
f 2036// 2044// 2046//
f 1790// 1955// 1956//
f 1956// 1955// 2019//
f 1956// 2019// 2020//
f 2020// 2019// 2034//
f 2020// 2034// 2035//
f 1799// 1935// 1797//
f 1797// 1935// 1959//
f 1797// 1959// 1955//
f 1955// 1959// 2018//
f 1955// 2018// 2019//
f 2019// 2018// 2033//
f 2019// 2033// 2034//
f 2034// 2033// 2042//
f 2034// 2042// 2035//
f 2035// 2042// 2043//
f 2035// 2043// 2044//
f 1791// 1792// 1789//
f 1789// 1792// 1780//
f 1756// 1757// 1754//
f 1754// 1757// 1753//
f 1757// 1764// 1762//
f 1762// 1764// 1766//
f 1762// 1766// 1771//
f 1756// 1758// 1757//
f 1757// 1758// 1760//
f 1757// 1760// 1764//
f 1764// 1760// 1765//
f 1764// 1765// 1769//
f 1769// 1767// 1764//
f 1764// 1767// 1768//
f 1764// 1768// 1766//
f 1766// 1768// 1770//
f 1766// 1770// 1771//
f 1771// 1770// 1775//
f 1771// 1775// 1778//
f 1778// 1775// 1779//
f 1778// 1779// 1780//
f 1818// 1816// 1630//
f 1757// 1762// 1614//
f 1614// 1762// 1771//
f 1614// 1792// 1847//
f 1847// 1792// 1834//
f 1847// 1834// 1849//
f 1906// 1838// 1907//
f 1907// 1838// 1833//
f 1907// 1833// 1630//
f 1630// 1833// 1823//
f 1630// 1823// 1818//
f 1771// 1778// 1614//
f 1614// 1778// 1780//
f 1614// 1780// 1792//
f 1816// 1810// 1630//
f 1630// 1810// 1807//
f 1630// 1807// 1802//
f 1802// 1798// 1630//
f 1630// 1798// 1786//
f 1630// 1786// 1614//
f 1614// 1786// 1753//
f 1614// 1753// 1757//
f 1930// 1926// 1938//
f 1938// 1926// 1922//
f 1938// 1922// 1907//
f 1907// 1922// 1916//
f 1907// 1916// 1906//
f 1930// 1938// 1940//
f 1940// 1938// 1965//
f 1940// 1965// 1963//
f 2127// 2124// 2125//
f 2115// 2107// 2110//
f 1922// 1994// 1993//
f 1993// 1994// 2027//
f 1993// 2027// 2026//
f 2026// 2027// 2051//
f 2026// 2051// 2050//
f 2050// 2051// 2122//
f 2050// 2122// 2114//
f 2114// 2122// 2139//
f 2114// 2139// 2133//
f 2133// 2139// 2140//
f 2133// 2140// 2135//
f 1878// 1906// 1916//
f 1878// 1916// 1989//
f 1906// 1878// 1838//
f 1838// 1878// 1832//
f 1838// 1832// 1833//
f 1874// 1830// 1831//
f 1999// 1972// 1985//
f 1985// 1972// 1945//
f 1985// 1945// 1889//
f 1889// 1945// 1826//
f 1889// 1826// 1829//
f 1999// 1985// 2016//
f 2016// 1985// 2023//
f 2016// 2023// 2022//
f 2022// 2023// 2030//
f 2030// 2023// 2040//
f 2030// 2040// 2039//
f 2039// 2040// 2061//
f 2039// 2061// 2063//
f 2107// 2081// 2110//
f 2110// 2081// 2063//
f 2110// 2063// 2096//
f 2096// 2063// 2061//
f 2119// 2124// 2115//
f 2127// 2125// 2130//
f 2140// 2138// 2135//
f 2135// 2138// 2132//
f 2135// 2132// 2130//
f 2130// 2125// 2135//
f 2135// 2125// 2123//
f 2135// 2123// 2133//
f 2133// 2123// 2075//
f 2133// 2075// 2114//
f 2114// 2075// 2048//
f 2114// 2048// 2050//
f 2050// 2048// 2025//
f 2050// 2025// 2026//
f 2026// 2025// 1989//
f 2026// 1989// 1993//
f 1993// 1989// 1916//
f 1993// 1916// 1922//
f 2124// 2119// 2125//
f 2125// 2119// 2117//
f 2125// 2117// 2123//
f 2123// 2117// 2068//
f 2123// 2068// 2075//
f 2075// 2068// 2045//
f 2075// 2045// 2048//
f 2048// 2045// 2024//
f 2048// 2024// 2025//
f 2025// 2024// 1988//
f 2025// 1988// 1989//
f 1989// 1988// 1874//
f 1989// 1874// 1878//
f 1878// 1874// 1831//
f 1878// 1831// 1832//
f 2115// 2110// 2119//
f 2119// 2110// 2096//
f 2119// 2096// 2117//
f 2117// 2096// 2061//
f 2117// 2061// 2068//
f 2068// 2061// 2040//
f 2068// 2040// 2045//
f 2045// 2040// 2023//
f 2045// 2023// 2024//
f 2024// 2023// 1985//
f 2024// 1985// 1988//
f 1988// 1985// 1889//
f 1988// 1889// 1874//
f 1874// 1889// 1829//
f 1874// 1829// 1830//
f 2063// 2081// 2078//
f 2078// 2077// 2063//
f 2063// 2077// 2073//
f 2063// 2073// 2067//
f 2067// 2062// 2063//
f 2063// 2062// 2058//
f 2063// 2058// 2039//
f 2039// 2058// 2054//
f 2039// 2054// 2052//
f 2017// 1997// 1999//
f 2052// 2041// 2039//
f 2039// 2041// 2031//
f 2039// 2031// 2030//
f 2030// 2031// 2029//
f 2030// 2029// 2022//
f 2022// 2029// 2017//
f 2022// 2017// 2016//
f 2016// 2017// 1999//
f 1799// 1826// 1935//
f 1935// 1826// 1945//
f 1935// 1945// 1997//
f 1997// 1945// 1972//
f 1997// 1972// 1999//
f 2069// 2071// 2060//
f 2071// 2069// 2100//
f 2082// 2086// 2074//
f 2103// 2093// 2092//
f 2095// 2098// 2094//
f 2105// 2109// 2111//
f 2081// 2090// 2088//
f 2081// 2088// 2078//
f 2078// 2088// 2083//
f 2078// 2083// 2077//
f 2077// 2083// 2076//
f 2077// 2076// 2073//
f 2073// 2076// 2070//
f 2073// 2070// 2067//
f 2067// 2070// 2065//
f 2067// 2065// 2062//
f 2052// 2054// 2055//
f 2055// 2054// 2058//
f 2055// 2058// 2059//
f 2057// 2043// 2042//
f 2047// 2046// 2056//
f 2056// 2046// 2044//
f 2049// 2047// 2053//
f 2053// 2047// 2056//
f 2053// 2056// 2084//
f 2056// 2064// 2084//
f 2084// 2064// 2101//
f 2084// 2101// 2129//
f 2128// 2131// 2121//
f 2121// 2131// 2129//
f 2121// 2129// 2118//
f 2118// 2129// 2101//
f 2080// 2111// 2112//
f 2112// 2111// 2116//
f 2112// 2116// 2120//
f 2099// 2102// 2106//
f 2044// 2043// 2056//
f 2056// 2043// 2057//
f 2056// 2057// 2064//
f 2064// 2057// 2060//
f 2064// 2060// 2101//
f 2101// 2060// 2071//
f 2101// 2071// 2118//
f 2118// 2071// 2100//
f 2118// 2100// 2121//
f 2098// 2102// 2094//
f 2094// 2102// 2099//
f 2094// 2099// 2089//
f 2079// 2089// 2092//
f 2092// 2089// 2099//
f 2092// 2099// 2103//
f 2103// 2099// 2106//
f 2103// 2106// 2108//
f 2108// 2104// 2103//
f 2103// 2104// 2097//
f 2103// 2097// 2093//
f 2093// 2097// 2086//
f 2093// 2086// 2092//
f 2092// 2086// 2082//
f 2092// 2082// 2079//
f 2079// 2082// 2074//
f 2079// 2074// 2072//
f 2058// 2062// 2059//
f 2059// 2062// 2065//
f 2059// 2065// 2066//
f 2066// 2065// 2070//
f 2108// 2109// 2104//
f 2104// 2109// 2105//
f 2104// 2105// 2097//
f 2097// 2105// 2111//
f 2097// 2111// 2086//
f 2086// 2111// 2080//
f 2086// 2080// 2074//
f 2074// 2080// 2066//
f 2074// 2066// 2072//
f 2072// 2066// 2070//
f 2072// 2070// 2079//
f 2079// 2070// 2076//
f 2079// 2076// 2089//
f 2089// 2076// 2083//
f 2089// 2083// 2094//
f 2094// 2083// 2088//
f 2094// 2088// 2095//
f 2095// 2088// 2090//
f 2095// 2090// 2091//
f 2091// 2090// 2081//
f 2091// 2081// 2087//
f 2087// 2081// 2085//
f 2041// 2052// 2042//
f 2042// 2052// 2055//
f 2042// 2055// 2057//
f 2057// 2055// 2059//
f 2057// 2059// 2060//
f 2060// 2059// 2066//
f 2060// 2066// 2069//
f 2069// 2066// 2080//
f 2069// 2080// 2100//
f 2100// 2080// 2112//
f 2100// 2112// 2121//
f 2121// 2112// 2120//
f 2121// 2120// 2128//
f 2190// 2189// 2160//
f 2189// 2188// 2160//
f 2160// 2188// 2187//
f 2160// 2187// 2182//
f 2182// 2187// 2184//
f 2182// 2184// 2183//
f 2145// 2229// 2160//
f 2160// 2229// 2207//
f 2160// 2207// 2190//
f 2214// 2255// 2261//
f 2021// 2028// 2264//
f 2264// 2028// 2036//
f 2264// 2036// 2261//
f 2261// 2036// 2038//
f 2261// 2038// 2214//
f 2214// 2038// 2049//
f 2021// 2264// 2005//
f 2005// 2264// 2267//
f 2005// 2267// 1954//
f 1947// 2006// 1928//
f 1928// 2006// 1927//
f 1947// 1976// 2006//
f 2006// 1976// 2270//
f 2006// 2270// 2145//
f 2145// 2270// 2243//
f 2145// 2243// 2229//
f 1915// 1954// 1937//
f 1937// 1954// 2267//
f 1937// 2267// 1953//
f 1953// 2267// 1957//
f 1976// 1992// 2270//
f 2270// 1992// 1990//
f 2270// 1990// 2268//
f 2268// 1990// 1983//
f 2268// 1983// 2267//
f 2267// 1983// 1975//
f 2267// 1975// 1957//
f 2205// 2206// 2201//
f 2201// 2206// 2200//
f 2198// 2194// 2195//
f 2192// 2189// 2190//
f 2187// 2188// 2191//
f 2191// 2188// 2189//
f 2189// 2192// 2191//
f 2191// 2192// 2197//
f 2191// 2197// 2196//
f 2196// 2197// 2203//
f 2196// 2203// 2202//
f 2202// 2203// 2225//
f 2202// 2225// 2224//
f 2224// 2225// 2239//
f 2224// 2239// 2237//
f 2237// 2239// 2250//
f 2237// 2250// 2248//
f 2248// 2250// 2278//
f 2248// 2278// 2276//
f 2275// 2277// 2249//
f 2249// 2277// 2251//
f 2249// 2251// 2240//
f 2211// 2212// 2226//
f 2226// 2212// 2233//
f 2226// 2233// 2240//
f 2240// 2233// 2238//
f 2240// 2238// 2249//
f 2277// 2279// 2251//
f 2251// 2279// 2253//
f 2251// 2253// 2240//
f 2240// 2253// 2242//
f 2240// 2242// 2226//
f 2226// 2242// 2228//
f 2226// 2228// 2211//
f 2211// 2228// 2206//
f 2211// 2206// 2210//
f 2210// 2206// 2205//
f 2279// 2280// 2253//
f 2253// 2280// 2252//
f 2253// 2252// 2242//
f 2242// 2252// 2241//
f 2242// 2241// 2228//
f 2228// 2241// 2227//
f 2228// 2227// 2206//
f 2206// 2227// 2204//
f 2206// 2204// 2200//
f 2200// 2204// 2198//
f 2200// 2198// 2199//
f 2199// 2198// 2195//
f 2280// 2278// 2252//
f 2252// 2278// 2250//
f 2252// 2250// 2241//
f 2241// 2250// 2239//
f 2241// 2239// 2227//
f 2227// 2239// 2225//
f 2227// 2225// 2204//
f 2204// 2225// 2203//
f 2204// 2203// 2198//
f 2198// 2203// 2197//
f 2198// 2197// 2194//
f 2194// 2197// 2192//
f 2194// 2192// 2193//
f 2193// 2192// 2190//
f 2233// 2234// 2238//
f 2238// 2234// 2247//
f 2238// 2247// 2249//
f 2249// 2247// 2274//
f 2249// 2274// 2275//
f 2193// 2190// 2207//
f 2212// 2232// 2233//
f 2233// 2232// 2234//
f 2246// 2273// 2247//
f 2247// 2273// 2274//
f 2272// 2273// 2245//
f 2245// 2273// 2246//
f 2245// 2246// 2231//
f 2243// 2270// 2271//
f 2271// 2244// 2243//
f 2243// 2244// 2230//
f 2243// 2230// 2229//
f 2229// 2230// 2208//
f 2229// 2208// 2207//
f 2201// 2200// 2208//
f 2200// 2199// 2208//
f 2208// 2199// 2195//
f 2208// 2195// 2207//
f 2207// 2195// 2194//
f 2207// 2194// 2193//
f 2209// 2210// 2205//
f 2247// 2234// 2246//
f 2246// 2234// 2232//
f 2246// 2232// 2231//
f 2231// 2232// 2212//
f 2231// 2212// 2209//
f 2209// 2212// 2211//
f 2209// 2211// 2210//
f 2271// 2272// 2244//
f 2244// 2272// 2245//
f 2244// 2245// 2230//
f 2230// 2245// 2231//
f 2230// 2231// 2208//
f 2208// 2231// 2209//
f 2208// 2209// 2201//
f 2201// 2209// 2205//
f 2272// 2271// 2270//
f 2279// 2277// 2280//
f 2280// 2277// 2275//
f 2274// 2276// 2275//
f 2275// 2276// 2278//
f 2275// 2278// 2280//
f 2256// 2257// 2254//
f 2254// 2257// 2258//
f 2267// 2264// 2266//
f 2266// 2264// 2261//
f 2266// 2261// 2265//
f 2265// 2261// 2255//
f 2265// 2255// 2263//
f 2263// 2255// 2254//
f 2263// 2254// 2262//
f 2267// 2266// 2268//
f 2268// 2266// 2269//
f 2268// 2269// 2270//
f 2270// 2269// 2276//
f 2270// 2276// 2272//
f 2272// 2276// 2274//
f 2272// 2274// 2273//
f 2258// 2259// 2254//
f 2254// 2259// 2260//
f 2254// 2260// 2262//
f 2224// 2237// 2223//
f 2154// 2163// 2223//
f 2223// 2163// 2174//
f 2223// 2174// 2179//
f 2179// 2184// 2187//
f 2187// 2191// 2179//
f 2179// 2191// 2196//
f 2179// 2196// 2223//
f 2223// 2196// 2202//
f 2223// 2202// 2224//
f 1982// 1948// 2186//
f 2186// 1948// 2223//
f 2015// 2037// 2223//
f 2015// 2223// 2004//
f 2004// 2223// 1948//
f 2004// 1948// 1936//
f 2037// 2150// 2223//
f 2223// 2150// 2151//
f 2223// 2151// 2154//
f 1930// 1994// 1926//
f 1926// 1994// 1922//
f 1963// 1995// 2185//
f 2185// 1995// 2186//
f 2186// 1995// 1996//
f 2186// 1996// 2001//
f 2001// 2000// 2186//
f 2186// 2000// 1991//
f 2186// 1991// 1982//
f 1930// 1940// 1994//
f 1994// 1940// 1963//
f 1994// 1963// 2027//
f 2027// 1963// 2185//
f 2027// 2185// 2051//
f 2139// 2122// 2220//
f 2140// 2219// 2138//
f 2138// 2219// 2218//
f 2138// 2218// 2137//
f 2137// 2218// 2136//
f 2136// 2218// 2217//
f 2136// 2217// 2134//
f 2134// 2217// 2216//
f 2134// 2216// 2131//
f 2131// 2216// 2215//
f 2131// 2215// 2129//
f 2129// 2215// 2213//
f 2129// 2213// 2084//
f 2214// 2049// 2213//
f 2213// 2049// 2053//
f 2213// 2053// 2084//
f 2265// 2263// 2219//
f 2219// 2263// 2262//
f 2219// 2262// 2218//
f 2218// 2262// 2260//
f 2218// 2260// 2217//
f 2220// 2221// 2235//
f 2235// 2221// 2222//
f 2235// 2222// 2236//
f 2140// 2139// 2219//
f 2219// 2139// 2220//
f 2219// 2220// 2265//
f 2265// 2220// 2235//
f 2265// 2235// 2266//
f 2266// 2235// 2236//
f 2266// 2236// 2269//
f 2269// 2236// 2248//
f 2269// 2248// 2276//
f 2122// 2051// 2220//
f 2220// 2051// 2185//
f 2220// 2185// 2221//
f 2221// 2185// 2186//
f 2221// 2186// 2222//
f 2222// 2186// 2223//
f 2222// 2223// 2236//
f 2236// 2223// 2237//
f 2236// 2237// 2248//
f 2255// 2214// 2254//
f 2254// 2214// 2213//
f 2254// 2213// 2256//
f 2256// 2213// 2215//
f 2256// 2215// 2257//
f 2257// 2215// 2216//
f 2257// 2216// 2258//
f 2258// 2216// 2217//
f 2258// 2217// 2259//
f 2259// 2217// 2260//
f 1924// 1910// 1912//
f 2004// 1936// 1924//
f 2184// 2179// 2183//
f 2183// 2179// 2182//
f 2179// 2174// 2182//
f 2182// 2174// 2163//
f 2182// 2163// 2181//
f 2181// 2163// 2162//
f 2181// 2162// 2180//
f 2159// 2176// 2161//
f 2161// 2176// 2177//
f 2161// 2177// 2178//
f 2159// 2153// 2171//
f 2171// 2172// 2159//
f 2159// 2172// 2173//
f 2159// 2173// 2176//
f 2032// 2148// 2147//
f 2011// 2012// 2003//
f 2003// 2012// 1929//
f 1905// 1929// 1908//
f 1908// 1929// 2012//
f 1908// 2012// 1909//
f 1909// 2012// 2013//
f 1912// 1913// 2013//
f 2013// 1913// 1911//
f 2013// 1911// 1909//
f 1912// 2014// 1924//
f 1924// 2014// 2015//
f 1924// 2015// 2004//
f 2148// 2153// 2147//
f 2147// 2153// 2159//
f 2147// 2159// 2146//
f 2146// 2159// 2161//
f 2146// 2161// 2162//
f 2162// 2161// 2178//
f 2162// 2178// 2180//
f 1912// 2013// 2014//
f 2014// 2013// 2149//
f 2014// 2149// 2015//
f 2015// 2149// 2150//
f 2015// 2150// 2037//
f 2011// 2032// 2012//
f 2012// 2032// 2147//
f 2012// 2147// 2013//
f 2013// 2147// 2146//
f 2013// 2146// 2149//
f 2149// 2146// 2162//
f 2149// 2162// 2150//
f 2150// 2162// 2163//
f 2150// 2163// 2151//
f 2151// 2163// 2154//
f 1899// 1892// 1896//
f 1903// 1902// 1901//
f 1910// 1902// 1912//
f 1912// 1902// 1903//
f 1912// 1903// 1913//
f 1905// 1908// 1904//
f 1904// 1908// 1909//
f 1904// 1909// 1903//
f 1903// 1909// 1911//
f 1903// 1911// 1913//
f 1885// 1880// 1884//
f 1884// 1880// 1894//
f 1884// 1894// 1897//
f 1897// 1900// 1884//
f 1884// 1900// 1896//
f 1884// 1896// 1885//
f 1885// 1896// 1892//
f 1894// 1895// 1897//
f 1897// 1895// 1905//
f 1897// 1905// 1900//
f 1900// 1905// 1904//
f 1900// 1904// 1896//
f 1896// 1904// 1903//
f 1896// 1903// 1899//
f 1899// 1903// 1901//
f 1866// 1872// 1879//
f 1892// 1887// 1879//
f 1848// 1853// 1865//
f 1865// 1853// 1855//
f 1865// 1855// 1861//
f 1892// 1879// 1885//
f 1885// 1879// 1872//
f 1885// 1872// 1880//
f 1861// 1866// 1865//
f 1865// 1866// 1879//
f 1865// 1879// 1882//
f 1882// 1879// 1887//
f 1882// 1887// 1893//
f 1893// 1887// 1892//
f 1893// 1892// 1898//
f 1898// 1892// 1899//
f 1898// 1899// 1901//
f 1845// 1866// 1861//
f 1845// 1861// 1855//
f 1845// 1855// 1835//
f 1835// 1855// 1853//
f 1835// 1853// 1848//
f 1845// 1852// 1866//
f 1866// 1852// 1854//
f 1866// 1854// 1872//
f 1872// 1854// 1857//
f 1872// 1857// 1880//
f 1669// 1859// 1851//
f 1924// 1925// 1910//
f 1910// 1925// 1688//
f 1923// 1873// 1921//
f 1921// 1873// 1868//
f 1921// 1868// 1669//
f 1669// 1868// 1867//
f 1669// 1867// 1859//
f 1851// 1846// 1669//
f 1669// 1846// 1842//
f 1669// 1842// 1837//
f 1837// 1836// 1669//
f 1669// 1836// 1835//
f 1669// 1835// 1688//
f 1688// 1835// 1848//
f 1688// 1848// 1865//
f 1865// 1882// 1688//
f 1688// 1882// 1893//
f 1688// 1893// 1898//
f 1898// 1901// 1688//
f 1688// 1901// 1902//
f 1688// 1902// 1910//
f 1614// 1573// 1630//
f 1630// 1573// 1582//
f 1582// 1573// 1569//
f 1569// 1573// 1558//
f 1569// 1558// 1563//
f 1563// 1558// 1544//
f 1563// 1544// 1556//
f 1556// 1544// 1552//
f 1556// 1552// 1562//
f 1562// 1552// 1565//
f 1562// 1565// 1574//
f 1574// 1565// 1579//
f 1579// 1565// 1590//
f 1579// 1590// 1607//
f 1607// 1590// 1669//
f 1607// 1669// 1688//
f 1579// 1477// 1469//
f 1469// 1505// 1579//
f 1579// 1505// 1520//
f 1579// 1520// 1574//
f 1574// 1520// 1537//
f 1574// 1537// 1562//
f 1562// 1537// 1546//
f 1562// 1546// 1556//
f 1556// 1546// 1543//
f 1556// 1543// 1563//
f 1432// 1389// 1498//
f 1498// 1389// 1569//
f 1498// 1569// 1513//
f 1513// 1569// 1563//
f 1513// 1563// 1526//
f 1526// 1563// 1543//
f 1579// 1678// 1679//
f 1478// 1477// 1579//
f 1579// 1679// 1478//
f 1478// 1679// 1681//
f 1478// 1681// 1479//
f 1479// 1681// 1683//
f 1479// 1683// 1480//
f 1480// 1683// 1685//
f 1480// 1685// 1481//
f 1582// 1569// 1630//
f 1630// 1569// 1646//
f 1630// 1646// 1907//
f 2002// 1751// 1986//
f 1986// 1751// 1761//
f 1986// 1761// 1946//
f 1946// 1761// 1925//
f 1646// 1697// 1907//
f 1907// 1697// 1729//
f 1907// 1729// 1938//
f 1938// 1729// 1751//
f 1938// 1751// 1965//
f 1965// 1751// 2002//
f 1965// 2002// 1998//
f 1579// 1607// 1678//
f 1678// 1607// 1688//
f 1678// 1688// 1713//
f 1713// 1688// 1925//
f 1713// 1925// 1745//
f 1745// 1925// 1761//
f 1569// 1389// 1386//
f 1644// 1646// 1569//
f 1569// 1386// 1644//
f 1644// 1386// 1387//
f 1644// 1387// 1645//
f 1645// 1387// 1390//
f 1645// 1390// 1647//
f 1647// 1390// 1400//
f 1647// 1400// 1649//
f 1661// 1649// 1260//
f 1260// 1649// 1400//
f 1260// 1400// 1359//
f 1359// 1324// 1260//
f 1260// 1324// 1288//
f 1260// 1288// 1244//
f 1244// 1288// 1277//
f 1244// 1277// 1272//
f 1260// 1244// 1213//
f 1213// 1244// 1188//
f 1213// 1188// 1142//
f 1142// 1188// 1071//
f 1142// 1071// 1099//
f 1099// 1071// 1008//
f 1099// 1008// 1034//
f 1034// 1008// 987//
f 987// 1008// 929//
f 1130// 1149// 1100//
f 590// 571// 555//
f 1399// 1585// 1583//
f 1661// 1575// 1714//
f 1097// 1109// 1099//
f 656// 618// 568//
f 656// 568// 556//
f 1099// 1109// 1142//
f 1160// 1143// 1139//
f 1139// 1127// 1160//
f 1160// 1127// 1114//
f 1160// 1114// 1068//
f 1109// 1121// 1142//
f 1142// 1121// 1135//
f 1142// 1135// 1143//
f 1114// 1103// 1068//
f 1068// 1103// 1093//
f 1068// 1093// 1084//
f 1097// 1099// 1088//
f 1088// 1099// 1034//
f 1088// 1034// 1082//
f 618// 656// 987//
f 987// 656// 1068//
f 987// 1068// 1034//
f 1034// 1068// 1084//
f 1034// 1084// 1082//
f 1143// 1160// 1142//
f 1142// 1160// 1192//
f 1142// 1192// 1213//
f 1575// 1661// 1192//
f 1192// 1661// 1260//
f 1192// 1260// 1213//
f 1578// 1759// 1714//
f 1643// 1639// 1578//
f 1578// 1639// 1648//
f 1759// 1699// 1825//
f 1825// 1699// 1707//
f 1825// 1707// 1828//
f 1828// 1707// 1704//
f 1828// 1704// 1694//
f 1648// 1659// 1578//
f 1578// 1659// 1673//
f 1578// 1673// 1759//
f 1759// 1673// 1690//
f 1759// 1690// 1699//
f 1684// 1583// 1817//
f 1684// 1817// 1694//
f 1694// 1817// 1827//
f 1694// 1827// 1828//
f 1399// 1691// 1585//
f 1585// 1691// 1739//
f 1585// 1739// 1583//
f 1583// 1739// 1806//
f 1583// 1806// 1817//
f 1583// 1222// 1399//
f 1399// 1222// 1233//
f 1399// 1233// 1255//
f 1255// 1233// 1162//
f 667// 668// 1100//
f 1100// 668// 634//
f 568// 546// 556//
f 556// 546// 534//
f 556// 534// 558//
f 558// 534// 539//
f 558// 539// 567//
f 567// 539// 555//
f 567// 555// 569//
f 569// 555// 571//
f 658// 643// 665//
f 665// 643// 641//
f 665// 641// 635//
f 567// 630// 622//
f 622// 609// 567//
f 567// 609// 602//
f 567// 602// 558//
f 558// 602// 599//
f 599// 606// 558//
f 558// 606// 615//
f 558// 615// 556//
f 556// 615// 624//
f 556// 624// 656//
f 656// 624// 633//
f 656// 633// 658//
f 658// 633// 639//
f 658// 639// 643//
f 1580// 1581// 1653//
f 1653// 1581// 1666//
f 730// 720// 665//
f 665// 720// 708//
f 665// 708// 658//
f 658// 708// 701//
f 1081// 1072// 1048//
f 1039// 1029// 1094//
f 1094// 1029// 1006//
f 1094// 1006// 1095//
f 1048// 1072// 1046//
f 1046// 1072// 1076//
f 1046// 1076// 1037//
f 1037// 1076// 1074//
f 1037// 1074// 1020//
f 998// 1068// 729//
f 729// 1068// 656//
f 729// 656// 714//
f 714// 656// 658//
f 714// 658// 703//
f 703// 658// 701//
f 1232// 1235// 1197//
f 1519// 1533// 1578//
f 1533// 1547// 1578//
f 1578// 1547// 1580//
f 1578// 1580// 1643//
f 1643// 1580// 1653//
f 1235// 1253// 1197//
f 1197// 1253// 1300//
f 1197// 1300// 1578//
f 1578// 1300// 1508//
f 1578// 1508// 1519//
f 1547// 1549// 1580//
f 1580// 1549// 1542//
f 1580// 1542// 1581//
f 1581// 1542// 1583//
f 1581// 1583// 1666//
f 1666// 1583// 1684//
f 1246// 1216// 1258//
f 1258// 1216// 1217//
f 1258// 1217// 1346//
f 1346// 1217// 1222//
f 1346// 1222// 1514//
f 1514// 1222// 1583//
f 1514// 1583// 1525//
f 1525// 1583// 1542//
f 1076// 1091// 1074//
f 1074// 1091// 1113//
f 1074// 1113// 1164//
f 1177// 1175// 1165//
f 1048// 1039// 1081//
f 1081// 1039// 1094//
f 1081// 1094// 1108//
f 1108// 1094// 1137//
f 1246// 1232// 1216//
f 1216// 1232// 1197//
f 1216// 1197// 1181//
f 1113// 1147// 1164//
f 1164// 1147// 1166//
f 1164// 1166// 1197//
f 1197// 1166// 1174//
f 1197// 1174// 1181//
f 590// 634// 571//
f 571// 634// 668//
f 571// 668// 569//
f 569// 668// 667//
f 569// 667// 567//
f 567// 667// 665//
f 567// 665// 630//
f 630// 665// 635//
f 1165// 1137// 1177//
f 1177// 1137// 1094//
f 1177// 1094// 1179//
f 1179// 1094// 1095//
f 1179// 1095// 1185//
f 1155// 1136// 1115//
f 1155// 1115// 1163//
f 1163// 1115// 1198//
f 1163// 1198// 1170//
f 1136// 1123// 1115//
f 1115// 1123// 1118//
f 1115// 1118// 1100//
f 1100// 1118// 1119//
f 1100// 1119// 1130//
f 730// 665// 1006//
f 1006// 665// 667//
f 1006// 667// 1095//
f 1095// 667// 1100//
f 1095// 1100// 1185//
f 1185// 1100// 1149//
f 1185// 1149// 1159//
f 1159// 1167// 1185//
f 1185// 1167// 1172//
f 1185// 1172// 1198//
f 1198// 1172// 1173//
f 1198// 1173// 1170//
f 634// 1022// 1100//
f 1100// 1022// 1054//
f 1100// 1054// 1115//
f 1115// 1054// 1162//
f 1115// 1162// 1198//
f 1198// 1162// 1233//
f 1198// 1233// 1185//
f 1185// 1233// 1222//
f 1185// 1222// 1179//
f 1179// 1222// 1217//
f 1179// 1217// 1177//
f 1177// 1217// 1216//
f 1177// 1216// 1175//
f 1175// 1216// 1181//
f 1714// 1575// 1578//
f 1578// 1575// 1192//
f 1578// 1192// 1197//
f 1197// 1192// 1160//
f 1197// 1160// 1164//
f 1164// 1160// 1068//
f 1164// 1068// 1074//
f 1074// 1068// 998//
f 1074// 998// 1020//
f 1687// 1670// 1684//
f 1641// 1638// 1670//
f 1670// 1638// 1668//
f 1670// 1668// 1684//
f 1628// 1616// 1652//
f 1652// 1616// 1631//
f 1652// 1631// 1667//
f 1667// 1631// 1651//
f 1667// 1651// 1672//
f 1672// 1651// 1657//
f 1672// 1657// 1671//
f 1671// 1657// 1655//
f 1671// 1655// 1660//
f 1660// 1655// 1642//
f 1660// 1642// 1641//
f 1641// 1642// 1621//
f 1641// 1621// 1638//
f 1684// 1694// 1687//
f 1687// 1694// 1704//
f 1687// 1704// 1692//
f 1692// 1704// 1707//
f 1692// 1707// 1693//
f 1693// 1707// 1699//
f 1693// 1699// 1689//
f 1689// 1699// 1690//
f 1689// 1690// 1676//
f 1676// 1690// 1673//
f 1676// 1673// 1658//
f 1621// 1608// 1638//
f 1638// 1608// 1620//
f 1620// 1608// 1619//
f 1619// 1608// 1594//
f 1619// 1594// 1611//
f 1611// 1594// 1606//
f 1606// 1594// 1592//
f 1606// 1592// 1598//
f 1598// 1592// 1596//
f 1596// 1592// 1586//
f 1596// 1586// 1595//
f 1595// 1586// 1599//
f 1599// 1586// 1593//
f 1599// 1593// 1604//
f 1604// 1593// 1615//
f 1615// 1593// 1597//
f 1615// 1597// 1617//
f 1635// 1656// 1673//
f 1673// 1656// 1658//
f 1658// 1656// 1627//
f 1658// 1627// 1628//
f 1617// 1597// 1627//
f 1627// 1597// 1616//
f 1627// 1616// 1628//
f 1673// 1659// 1635//
f 1635// 1659// 1648//
f 1635// 1648// 1626//
f 1626// 1648// 1625//
f 1625// 1648// 1639//
f 1625// 1639// 1622//
f 1622// 1639// 1623//
f 1623// 1639// 1643//
f 1623// 1643// 1624//
f 1624// 1643// 1629//
f 1629// 1643// 1653//
f 1629// 1653// 1632//
f 1632// 1653// 1666//
f 1632// 1666// 1650//
f 1650// 1666// 1684//
f 1650// 1684// 1668//
f 755// 984// 800//
f 675// 684// 593//
f 593// 684// 705//
f 593// 705// 926//
f 1633// 1621// 1695//
f 1695// 1621// 1642//
f 1695// 1642// 1723//
f 1723// 1642// 1655//
f 1723// 1655// 1728//
f 1728// 1655// 1657//
f 1728// 1657// 1711//
f 1711// 1657// 1651//
f 1711// 1651// 1674//
f 1674// 1651// 1631//
f 1674// 1631// 1602//
f 800// 984// 890//
f 926// 1125// 1019//
f 1019// 1125// 1157//
f 1019// 1157// 1079//
f 800// 731// 755//
f 755// 731// 695//
f 755// 695// 574//
f 574// 695// 677//
f 574// 677// 674//
f 593// 601// 675//
f 675// 601// 611//
f 675// 611// 672//
f 672// 611// 613//
f 672// 613// 674//
f 674// 613// 608//
f 674// 608// 574//
f 1631// 1616// 1602//
f 1602// 1616// 1597//
f 1602// 1597// 1204//
f 1204// 1597// 1593//
f 1204// 1593// 1586//
f 705// 739// 926//
f 926// 739// 846//
f 926// 846// 1125//
f 1125// 846// 931//
f 1125// 931// 1112//
f 1112// 931// 948//
f 1112// 948// 1117//
f 1487// 1592// 1243//
f 1243// 1592// 1594//
f 1243// 1594// 1633//
f 1633// 1594// 1608//
f 1633// 1608// 1621//
f 1079// 1157// 1183//
f 1183// 1157// 1178//
f 1183// 1178// 1243//
f 1243// 1178// 1483//
f 1243// 1483// 1487//
f 608// 592// 574//
f 574// 592// 582//
f 574// 582// 541//
f 541// 582// 570//
f 541// 570// 511//
f 511// 570// 565//
f 511// 565// 483//
f 565// 559// 483//
f 483// 559// 563//
f 483// 563// 525//
f 525// 563// 566//
f 525// 566// 554//
f 554// 566// 577//
f 554// 577// 593//
f 593// 577// 589//
f 593// 589// 601//
f 1487// 1490// 1592//
f 1592// 1490// 1493//
f 1592// 1493// 1586//
f 1586// 1493// 1492//
f 1492// 1489// 1586//
f 1586// 1489// 1485//
f 1586// 1485// 1204//
f 1204// 1485// 1482//
f 1204// 1482// 1169//
f 948// 890// 1117//
f 1117// 890// 984//
f 1117// 984// 1140//
f 1140// 984// 1051//
f 1140// 1051// 1169//
f 1169// 1051// 1145//
f 1169// 1145// 1204//
f 593// 926// 932//
f 593// 932// 594//
f 594// 932// 937//
f 594// 937// 595//
f 595// 937// 943//
f 595// 943// 597//
f 597// 943// 949//
f 597// 949// 600//
f 573// 572// 538//
f 572// 574// 541//
f 572// 541// 538//
f 538// 541// 511//
f 538// 511// 499//
f 499// 511// 483//
f 499// 483// 477//
f 477// 483// 525//
f 477// 525// 524//
f 524// 525// 554//
f 524// 554// 551//
f 576// 575// 535//
f 535// 575// 573//
f 554// 593// 551//
f 551// 593// 594//
f 551// 594// 595//
f 573// 538// 535//
f 535// 538// 499//
f 535// 499// 488//
f 488// 499// 477//
f 488// 477// 470//
f 470// 477// 524//
f 470// 524// 522//
f 522// 524// 551//
f 522// 551// 550//
f 550// 551// 595//
f 550// 595// 597//
f 576// 535// 537//
f 537// 535// 488//
f 537// 488// 489//
f 489// 488// 470//
f 489// 470// 469//
f 469// 470// 522//
f 469// 522// 523//
f 523// 522// 550//
f 523// 550// 552//
f 552// 550// 597//
f 552// 597// 600//
f 755// 574// 572//
f 755// 572// 752//
f 752// 572// 573//
f 752// 573// 754//
f 754// 573// 575//
f 754// 575// 759//
f 759// 575// 576//
f 759// 576// 765//
f 765// 980// 759//
f 759// 980// 976//
f 759// 976// 754//
f 754// 976// 978//
f 754// 978// 752//
f 752// 978// 982//
f 752// 982// 755//
f 755// 982// 984//
f 1145// 1051// 1150//
f 1150// 1051// 1049//
f 1150// 1049// 1152//
f 1152// 1049// 1050//
f 1152// 1050// 1154//
f 1154// 1050// 1052//
f 1154// 1052// 1156//
f 1156// 1052// 1053//
f 1051// 984// 1049//
f 1049// 984// 982//
f 1049// 982// 1050//
f 1050// 982// 978//
f 1050// 978// 1052//
f 1052// 978// 976//
f 1052// 976// 1053//
f 1053// 976// 980//
f 1156// 1208// 1154//
f 1154// 1208// 1206//
f 1154// 1206// 1152//
f 1152// 1206// 1203//
f 1152// 1203// 1150//
f 1150// 1203// 1202//
f 1150// 1202// 1145//
f 1145// 1202// 1204//
f 1602// 1204// 1202//
f 1602// 1202// 1600//
f 1600// 1202// 1203//
f 1600// 1203// 1601//
f 1601// 1203// 1206//
f 1601// 1206// 1603//
f 1603// 1206// 1208//
f 1603// 1208// 1605//
f 1710// 1720// 1717//
f 1735// 1742// 1740//
f 1743// 1731// 1730//
f 1724// 1706// 1702//
f 1633// 1695// 1634//
f 1634// 1695// 1696//
f 1634// 1696// 1636//
f 1636// 1696// 1700//
f 1636// 1700// 1637//
f 1637// 1700// 1702//
f 1637// 1702// 1640//
f 1640// 1702// 1706//
f 1731// 1724// 1730//
f 1730// 1724// 1702//
f 1730// 1702// 1727//
f 1727// 1702// 1700//
f 1727// 1700// 1725//
f 1725// 1700// 1696//
f 1725// 1696// 1723//
f 1723// 1696// 1695//
f 1742// 1743// 1740//
f 1740// 1743// 1730//
f 1740// 1730// 1737//
f 1737// 1730// 1727//
f 1737// 1727// 1732//
f 1732// 1727// 1725//
f 1732// 1725// 1728//
f 1728// 1725// 1723//
f 1728// 1711// 1732//
f 1732// 1711// 1712//
f 1732// 1712// 1737//
f 1737// 1712// 1715//
f 1737// 1715// 1740//
f 1740// 1715// 1717//
f 1740// 1717// 1735//
f 1735// 1717// 1720//
f 1711// 1674// 1712//
f 1712// 1674// 1675//
f 1712// 1675// 1715//
f 1715// 1675// 1677//
f 1715// 1677// 1717//
f 1717// 1677// 1680//
f 1717// 1680// 1710//
f 1710// 1680// 1682//
f 1674// 1602// 1675//
f 1675// 1602// 1600//
f 1675// 1600// 1677//
f 1677// 1600// 1601//
f 1677// 1601// 1680//
f 1680// 1601// 1603//
f 1680// 1603// 1682//
f 1682// 1603// 1605//
f 1243// 1633// 1634//
f 1243// 1634// 1245//
f 1245// 1634// 1636//
f 1245// 1636// 1247//
f 1247// 1636// 1637//
f 1247// 1637// 1248//
f 1248// 1637// 1640//
f 1248// 1640// 1249//
f 1249// 1193// 1248//
f 1248// 1193// 1191//
f 1248// 1191// 1247//
f 1247// 1191// 1189//
f 1247// 1189// 1245//
f 1245// 1189// 1187//
f 1245// 1187// 1243//
f 1243// 1187// 1183//
f 1019// 1079// 1017//
f 1017// 1079// 1080//
f 1017// 1080// 1014//
f 1014// 1080// 1083//
f 1014// 1083// 1015//
f 1015// 1083// 1086//
f 1015// 1086// 1018//
f 1018// 1086// 1089//
f 1079// 1183// 1080//
f 1080// 1183// 1187//
f 1080// 1187// 1083//
f 1083// 1187// 1189//
f 1083// 1189// 1086//
f 1086// 1189// 1191//
f 1086// 1191// 1089//
f 1089// 1191// 1193//
f 1018// 949// 1015//
f 1015// 949// 943//
f 1015// 943// 1014//
f 1014// 943// 937//
f 1014// 937// 1017//
f 1017// 937// 932//
f 1017// 932// 1019//
f 1019// 932// 926//
f 1018// 1028// 949//
f 949// 1028// 983//
f 949// 983// 600//
f 600// 983// 646//
f 600// 646// 610//
f 587// 576// 537//
f 587// 537// 545//
f 545// 537// 489//
f 545// 489// 517//
f 517// 489// 469//
f 517// 469// 497//
f 497// 469// 523//
f 497// 523// 528//
f 528// 523// 552//
f 528// 552// 557//
f 557// 552// 600//
f 557// 600// 610//
f 368// 557// 612//
f 612// 557// 610//
f 612// 610// 645//
f 645// 610// 646//
f 359// 580// 587//
f 587// 580// 636//
f 587// 636// 637//
f 497// 297// 293//
f 332// 297// 348//
f 348// 297// 497//
f 348// 497// 368//
f 368// 497// 528//
f 368// 528// 557//
f 587// 545// 359//
f 359// 545// 517//
f 359// 517// 340//
f 340// 517// 497//
f 340// 497// 316//
f 316// 497// 293//
f 825// 765// 637//
f 637// 765// 576//
f 637// 576// 587//
f 652// 689// 637//
f 637// 689// 709//
f 637// 709// 825//
f 825// 709// 746//
f 825// 746// 991//
f 1495// 1491// 1555//
f 981// 983// 1151//
f 1151// 983// 1028//
f 1151// 1028// 1171//
f 1171// 1028// 1106//
f 1171// 1106// 1196//
f 981// 1151// 985//
f 985// 1151// 1134//
f 985// 1134// 971//
f 971// 1134// 1141//
f 971// 1141// 864//
f 1106// 1211// 1196//
f 1196// 1211// 1257//
f 1196// 1257// 1486//
f 1486// 1257// 1584//
f 1486// 1584// 1491//
f 1491// 1584// 1568//
f 1491// 1568// 1555//
f 981// 933// 983//
f 983// 933// 810//
f 983// 810// 646//
f 1570// 1184// 1561//
f 1561// 1184// 1484//
f 1561// 1484// 1550//
f 1550// 1484// 1488//
f 746// 864// 991//
f 991// 864// 1141//
f 991// 1141// 1057//
f 1057// 1141// 1161//
f 1057// 1161// 1168//
f 1168// 1161// 1184//
f 1168// 1184// 1224//
f 1224// 1184// 1570//
f 810// 715// 646//
f 646// 715// 699//
f 646// 699// 657//
f 657// 699// 682//
f 657// 682// 662//
f 662// 682// 676//
f 662// 676// 652//
f 652// 676// 678//
f 652// 678// 689//
f 1488// 1494// 1550//
f 1550// 1494// 1496//
f 1550// 1496// 1555//
f 1555// 1496// 1497//
f 1555// 1497// 1495//
f 617// 616// 647//
f 616// 612// 645//
f 616// 645// 647//
f 647// 645// 646//
f 647// 646// 659//
f 646// 657// 659//
f 659// 657// 662//
f 659// 662// 666//
f 666// 662// 652//
f 666// 652// 653//
f 653// 652// 638//
f 638// 652// 637//
f 638// 637// 636//
f 620// 619// 648//
f 648// 619// 617//
f 636// 580// 638//
f 638// 580// 578//
f 638// 578// 579//
f 617// 647// 648//
f 648// 647// 659//
f 648// 659// 661//
f 661// 659// 666//
f 661// 666// 669//
f 669// 666// 653//
f 669// 653// 654//
f 654// 653// 638//
f 654// 638// 640//
f 640// 638// 579//
f 640// 579// 581//
f 649// 621// 620//
f 620// 648// 649//
f 649// 648// 661//
f 649// 661// 663//
f 663// 661// 669//
f 663// 669// 670//
f 670// 669// 654//
f 670// 654// 655//
f 655// 654// 640//
f 655// 640// 642//
f 642// 640// 581//
f 642// 581// 585//
f 373// 372// 621//
f 621// 372// 620//
f 620// 372// 619//
f 619// 372// 371//
f 619// 371// 617//
f 371// 370// 617//
f 617// 370// 369//
f 617// 369// 616//
f 616// 369// 368//
f 616// 368// 612//
f 372// 373// 347//
f 370// 371// 345//
f 325// 326// 345//
f 331// 332// 348//
f 328// 329// 346//
f 346// 329// 331//
f 331// 348// 346//
f 346// 348// 368//
f 346// 368// 369//
f 369// 370// 346//
f 346// 370// 345//
f 346// 345// 328//
f 328// 345// 326//
f 371// 372// 345//
f 345// 372// 347//
f 345// 347// 325//
f 325// 347// 327//
f 282// 284// 283//
f 288// 303// 302//
f 296// 297// 332//
f 332// 331// 296//
f 296// 331// 329//
f 296// 329// 294//
f 284// 288// 283//
f 283// 288// 302//
f 283// 302// 285//
f 285// 302// 304//
f 285// 304// 287//
f 287// 304// 306//
f 287// 306// 293//
f 293// 306// 316//
f 293// 297// 287//
f 287// 297// 296//
f 287// 296// 285//
f 285// 296// 294//
f 285// 294// 283//
f 283// 294// 290//
f 283// 290// 282//
f 282// 290// 291//
f 329// 328// 294//
f 294// 328// 326//
f 294// 326// 290//
f 290// 326// 325//
f 290// 325// 291//
f 291// 325// 327//
f 359// 340// 357//
f 357// 340// 339//
f 357// 339// 358//
f 358// 339// 337//
f 358// 337// 360//
f 360// 337// 336//
f 360// 336// 361//
f 361// 336// 338//
f 340// 316// 339//
f 339// 316// 306//
f 339// 306// 337//
f 337// 306// 304//
f 337// 304// 336//
f 336// 304// 302//
f 336// 302// 338//
f 338// 302// 303//
f 356// 398// 384//
f 356// 384// 280//
f 280// 384// 272//
f 280// 272// 273//
f 273// 272// 254//
f 254// 272// 135//
f 254// 135// 136//
f 136// 135// 129//
f 136// 129// 128//
f 128// 129// 124//
f 128// 124// 111//
f 384// 398// 393//
f 393// 398// 416//
f 393// 416// 395//
f 395// 416// 422//
f 395// 422// 405//
f 405// 422// 432//
f 405// 432// 408//
f 385// 391// 386//
f 386// 391// 390//
f 390// 391// 401//
f 401// 391// 392//
f 401// 392// 410//
f 415// 410// 411//
f 423// 424// 427//
f 427// 424// 431//
f 431// 424// 440//
f 427// 415// 423//
f 423// 415// 411//
f 423// 411// 424//
f 424// 411// 417//
f 400// 408// 412//
f 392// 396// 410//
f 410// 396// 400//
f 410// 400// 411//
f 411// 400// 412//
f 411// 412// 417//
f 391// 385// 378//
f 387// 392// 391//
f 405// 408// 400//
f 393// 395// 394//
f 394// 395// 405//
f 394// 405// 397//
f 397// 405// 400//
f 397// 400// 396//
f 378// 376// 391//
f 391// 376// 377//
f 391// 377// 387//
f 387// 377// 379//
f 387// 379// 383//
f 383// 379// 381//
f 383// 381// 382//
f 384// 393// 382//
f 382// 393// 394//
f 382// 394// 383//
f 383// 394// 397//
f 383// 397// 387//
f 387// 397// 396//
f 387// 396// 392//
f 120// 122// 134//
f 377// 376// 269//
f 115// 116// 118//
f 99// 112// 113//
f 269// 268// 131//
f 378// 380// 362//
f 378// 362// 376//
f 376// 362// 269//
f 269// 362// 353//
f 269// 353// 268//
f 384// 382// 271//
f 134// 135// 272//
f 135// 134// 129//
f 129// 134// 122//
f 129// 122// 124//
f 110// 111// 124//
f 104// 105// 108//
f 100// 101// 106//
f 106// 101// 103//
f 120// 119// 117//
f 99// 109// 112//
f 112// 109// 120//
f 112// 120// 113//
f 113// 120// 114//
f 113// 114// 99//
f 99// 114// 118//
f 110// 124// 108//
f 108// 124// 122//
f 108// 122// 104//
f 104// 122// 120//
f 104// 120// 103//
f 103// 120// 109//
f 103// 109// 106//
f 106// 109// 99//
f 106// 99// 100//
f 377// 269// 379//
f 379// 269// 270//
f 379// 270// 381//
f 382// 381// 271//
f 271// 381// 270//
f 271// 270// 133//
f 133// 270// 269//
f 133// 269// 132//
f 132// 269// 131//
f 132// 131// 118//
f 118// 114// 115//
f 115// 114// 120//
f 115// 120// 116//
f 116// 120// 117//
f 116// 117// 118//
f 118// 117// 119//
f 118// 119// 132//
f 132// 119// 120//
f 132// 120// 133//
f 133// 120// 134//
f 133// 134// 271//
f 271// 134// 272//
f 271// 272// 384//
f 335// 352// 361//
f 361// 352// 353//
f 361// 353// 362//
f 361// 338// 335//
f 335// 338// 303//
f 335// 303// 314//
f 289// 314// 303//
f 303// 288// 289//
f 289// 288// 284//
f 289// 284// 286//
f 286// 284// 282//
f 286// 282// 292//
f 292// 282// 291//
f 292// 291// 300//
f 300// 291// 321//
f 321// 291// 327//
f 321// 327// 330//
f 330// 327// 343//
f 343// 327// 347//
f 343// 347// 363//
f 363// 347// 373//
f 363// 373// 374//
f 363// 374// 311//
f 234// 233// 240//
f 231// 230// 239//
f 239// 230// 229//
f 249// 237// 242//
f 242// 237// 236//
f 249// 251// 252//
f 252// 251// 260//
f 252// 260// 266//
f 266// 260// 281//
f 281// 260// 310//
f 281// 310// 349//
f 349// 310// 456//
f 349// 456// 458//
f 374// 449// 450//
f 256// 267// 311//
f 311// 267// 322//
f 311// 322// 363//
f 229// 238// 239//
f 239// 238// 253//
f 239// 253// 256//
f 258// 242// 241//
f 241// 242// 236//
f 241// 236// 234//
f 450// 452// 374//
f 374// 452// 315//
f 374// 315// 311//
f 311// 315// 257//
f 311// 257// 256//
f 256// 257// 240//
f 256// 240// 239//
f 239// 240// 233//
f 239// 233// 231//
f 453// 454// 319//
f 234// 240// 241//
f 241// 240// 257//
f 241// 257// 258//
f 258// 257// 315//
f 258// 315// 319//
f 319// 315// 452//
f 319// 452// 453//
f 249// 242// 251//
f 251// 242// 258//
f 251// 258// 260//
f 260// 258// 319//
f 260// 319// 310//
f 310// 319// 454//
f 310// 454// 456//
f 455// 452// 451//
f 451// 452// 450//
f 451// 450// 449//
f 456// 454// 455//
f 455// 454// 453//
f 455// 453// 452//
f 461// 458// 456//
f 478// 468// 473//
f 473// 468// 464//
f 473// 464// 465//
f 465// 464// 461//
f 465// 461// 457//
f 457// 461// 456//
f 451// 459// 455//
f 455// 459// 460//
f 455// 460// 463//
f 463// 460// 467//
f 463// 467// 472//
f 456// 455// 457//
f 457// 455// 463//
f 457// 463// 465//
f 465// 463// 472//
f 465// 472// 473//
f 473// 472// 475//
f 473// 475// 478//
f 481// 479// 476//
f 496// 495// 480//
f 480// 495// 485//
f 480// 485// 482//
f 482// 481// 480//
f 480// 481// 476//
f 480// 476// 474//
f 474// 476// 471//
f 474// 471// 466//
f 466// 471// 467//
f 466// 467// 462//
f 462// 467// 460//
f 462// 460// 459//
f 479// 478// 476//
f 476// 478// 475//
f 476// 475// 471//
f 471// 475// 472//
f 471// 472// 467//
f 505// 508// 632//
f 480// 474// 621//
f 621// 474// 466//
f 621// 451// 373//
f 373// 451// 449//
f 373// 449// 374//
f 388// 447// 389//
f 389// 447// 492//
f 389// 492// 632//
f 632// 492// 502//
f 632// 502// 505//
f 466// 462// 621//
f 621// 462// 459//
f 621// 459// 451//
f 508// 513// 632//
f 632// 513// 515//
f 632// 515// 518//
f 518// 520// 632//
f 632// 520// 521//
f 632// 521// 621//
f 621// 521// 496//
f 621// 496// 480//
f 355// 364// 351//
f 351// 364// 367//
f 351// 367// 389//
f 389// 367// 375//
f 389// 375// 388//
f 355// 351// 350//
f 350// 351// 334//
f 350// 334// 333//
f 162// 165// 168//
f 185// 203// 204//
f 367// 312// 313//
f 313// 312// 259//
f 313// 259// 261//
f 261// 259// 243//
f 261// 243// 244//
f 244// 243// 219//
f 244// 219// 222//
f 222// 219// 156//
f 222// 156// 166//
f 166// 156// 151//
f 166// 151// 155//
f 420// 388// 375//
f 420// 375// 317//
f 388// 420// 447//
f 447// 420// 494//
f 447// 494// 492//
f 418// 490// 491//
f 484// 487// 403//
f 484// 403// 344//
f 344// 403// 308//
f 344// 308// 295//
f 295// 308// 278//
f 278// 308// 264//
f 278// 264// 262//
f 262// 264// 255//
f 255// 264// 247//
f 255// 247// 248//
f 248// 247// 235//
f 235// 247// 228//
f 235// 228// 216//
f 203// 210// 204//
f 204// 210// 216//
f 204// 216// 217//
f 217// 216// 228//
f 176// 165// 185//
f 162// 168// 159//
f 151// 147// 155//
f 155// 147// 153//
f 155// 153// 159//
f 159// 168// 155//
f 155// 168// 196//
f 155// 196// 166//
f 166// 196// 224//
f 166// 224// 222//
f 222// 224// 245//
f 222// 245// 244//
f 244// 245// 263//
f 244// 263// 261//
f 261// 263// 317//
f 261// 317// 313//
f 313// 317// 375//
f 313// 375// 367//
f 165// 176// 168//
f 168// 176// 212//
f 168// 212// 196//
f 196// 212// 226//
f 196// 226// 224//
f 224// 226// 246//
f 224// 246// 245//
f 245// 246// 265//
f 245// 265// 263//
f 263// 265// 318//
f 263// 318// 317//
f 317// 318// 418//
f 317// 418// 420//
f 420// 418// 491//
f 420// 491// 494//
f 185// 204// 176//
f 176// 204// 217//
f 176// 217// 212//
f 212// 217// 228//
f 212// 228// 226//
f 226// 228// 247//
f 226// 247// 246//
f 246// 247// 264//
f 246// 264// 265//
f 265// 264// 308//
f 265// 308// 318//
f 318// 308// 403//
f 318// 403// 418//
f 418// 403// 487//
f 418// 487// 490//
f 216// 210// 208//
f 209// 213// 235//
f 216// 208// 235//
f 235// 208// 207//
f 235// 207// 209//
f 213// 214// 235//
f 235// 214// 218//
f 235// 218// 225//
f 225// 232// 235//
f 235// 232// 237//
f 235// 237// 248//
f 248// 237// 249//
f 248// 249// 255//
f 255// 249// 252//
f 255// 252// 262//
f 262// 252// 266//
f 262// 266// 278//
f 278// 266// 281//
f 458// 484// 349//
f 349// 484// 344//
f 349// 344// 281//
f 281// 344// 295//
f 281// 295// 278//
f 171// 163// 172//
f 163// 171// 160//
f 179// 173// 174//
f 183// 177// 182//
f 195// 194// 192//
f 178// 181// 169//
f 210// 200// 199//
f 210// 199// 208//
f 208// 199// 198//
f 208// 198// 207//
f 207// 198// 197//
f 207// 197// 209//
f 209// 197// 202//
f 209// 202// 213//
f 213// 202// 211//
f 213// 211// 214//
f 232// 225// 223//
f 223// 225// 218//
f 223// 218// 215//
f 220// 234// 236//
f 230// 231// 221//
f 221// 231// 233//
f 229// 230// 227//
f 227// 230// 221//
f 227// 221// 142//
f 221// 158// 142//
f 142// 158// 149//
f 142// 149// 141//
f 150// 143// 152//
f 152// 143// 141//
f 152// 141// 148//
f 148// 141// 149//
f 167// 169// 161//
f 161// 169// 164//
f 161// 164// 157//
f 187// 189// 186//
f 233// 234// 221//
f 221// 234// 220//
f 221// 220// 158//
f 158// 220// 172//
f 158// 172// 149//
f 149// 172// 163//
f 149// 163// 148//
f 148// 163// 160//
f 148// 160// 152//
f 194// 189// 192//
f 192// 189// 187//
f 192// 187// 190//
f 188// 190// 182//
f 182// 190// 187//
f 182// 187// 183//
f 183// 187// 186//
f 183// 186// 184//
f 184// 180// 183//
f 183// 180// 175//
f 183// 175// 177//
f 177// 175// 173//
f 177// 173// 182//
f 182// 173// 179//
f 182// 179// 188//
f 188// 179// 174//
f 188// 174// 191//
f 218// 214// 215//
f 215// 214// 211//
f 215// 211// 193//
f 193// 211// 202//
f 184// 181// 180//
f 180// 181// 178//
f 180// 178// 175//
f 175// 178// 169//
f 175// 169// 173//
f 173// 169// 167//
f 173// 167// 174//
f 174// 167// 193//
f 174// 193// 191//
f 191// 193// 202//
f 191// 202// 188//
f 188// 202// 197//
f 188// 197// 190//
f 190// 197// 198//
f 190// 198// 192//
f 192// 198// 199//
f 192// 199// 195//
f 195// 199// 200//
f 195// 200// 201//
f 201// 200// 210//
f 201// 210// 205//
f 205// 210// 206//
f 237// 232// 236//
f 236// 232// 223//
f 236// 223// 220//
f 220// 223// 215//
f 220// 215// 172//
f 172// 215// 193//
f 172// 193// 171//
f 171// 193// 167//
f 171// 167// 160//
f 160// 167// 161//
f 160// 161// 152//
f 152// 161// 157//
f 152// 157// 150//
f 91// 92// 118//
f 92// 93// 118//
f 118// 93// 94//
f 118// 94// 99//
f 99// 94// 97//
f 99// 97// 98//
f 131// 50// 118//
f 118// 50// 74//
f 118// 74// 91//
f 256// 253// 15//
f 15// 253// 238//
f 61// 17// 16//
f 229// 61// 238//
f 238// 61// 16//
f 238// 16// 15//
f 256// 15// 267//
f 267// 15// 14//
f 267// 14// 322//
f 335// 268// 352//
f 352// 268// 353//
f 335// 314// 268//
f 268// 314// 2//
f 268// 2// 131//
f 131// 2// 37//
f 131// 37// 50//
f 363// 322// 343//
f 343// 322// 14//
f 343// 14// 330//
f 330// 14// 321//
f 314// 289// 2//
f 2// 289// 286//
f 2// 286// 13//
f 13// 286// 292//
f 13// 292// 14//
f 14// 292// 300//
f 14// 300// 321//
f 75// 76// 80//
f 80// 76// 81//
f 83// 87// 86//
f 89// 92// 91//
f 94// 93// 90//
f 90// 93// 92//
f 92// 89// 90//
f 90// 89// 84//
f 90// 84// 85//
f 85// 84// 78//
f 85// 78// 79//
f 79// 78// 56//
f 79// 56// 57//
f 57// 56// 43//
f 57// 43// 44//
f 44// 43// 32//
f 44// 32// 33//
f 33// 32// 10//
f 33// 10// 11//
f 6// 7// 28//
f 28// 7// 29//
f 28// 29// 40//
f 70// 69// 53//
f 53// 69// 52//
f 53// 52// 40//
f 40// 52// 39//
f 40// 39// 28//
f 7// 8// 29//
f 29// 8// 30//
f 29// 30// 40//
f 40// 30// 41//
f 40// 41// 53//
f 53// 41// 54//
f 53// 54// 70//
f 70// 54// 76//
f 70// 76// 73//
f 73// 76// 75//
f 8// 9// 30//
f 30// 9// 31//
f 30// 31// 41//
f 41// 31// 42//
f 41// 42// 54//
f 54// 42// 55//
f 54// 55// 76//
f 76// 55// 77//
f 76// 77// 81//
f 81// 77// 83//
f 81// 83// 82//
f 82// 83// 86//
f 9// 10// 31//
f 31// 10// 32//
f 31// 32// 42//
f 42// 32// 43//
f 42// 43// 55//
f 55// 43// 56//
f 55// 56// 77//
f 77// 56// 78//
f 77// 78// 83//
f 83// 78// 84//
f 83// 84// 87//
f 87// 84// 89//
f 87// 89// 88//
f 88// 89// 91//
f 52// 51// 39//
f 39// 51// 38//
f 39// 38// 28//
f 28// 38// 5//
f 28// 5// 6//
f 88// 91// 74//
f 69// 49// 52//
f 52// 49// 51//
f 36// 4// 38//
f 38// 4// 5//
f 3// 4// 34//
f 34// 4// 36//
f 34// 36// 47//
f 37// 2// 1//
f 1// 35// 37//
f 37// 35// 48//
f 37// 48// 50//
f 50// 48// 72//
f 50// 72// 74//
f 80// 81// 72//
f 81// 82// 72//
f 72// 82// 86//
f 72// 86// 74//
f 74// 86// 87//
f 74// 87// 88//
f 71// 73// 75//
f 38// 51// 36//
f 36// 51// 49//
f 36// 49// 47//
f 47// 49// 69//
f 47// 69// 71//
f 71// 69// 70//
f 71// 70// 73//
f 1// 3// 35//
f 35// 3// 34//
f 35// 34// 48//
f 48// 34// 47//
f 48// 47// 72//
f 72// 47// 71//
f 72// 71// 80//
f 80// 71// 75//
f 3// 1// 2//
f 8// 7// 9//
f 9// 7// 6//
f 5// 11// 6//
f 6// 11// 10//
f 6// 10// 9//
f 21// 22// 20//
f 20// 22// 23//
f 14// 15// 18//
f 18// 15// 16//
f 18// 16// 19//
f 19// 16// 17//
f 19// 17// 26//
f 26// 17// 20//
f 26// 20// 27//
f 14// 18// 13//
f 13// 18// 12//
f 13// 12// 2//
f 2// 12// 11//
f 2// 11// 3//
f 3// 11// 5//
f 3// 5// 4//
f 23// 24// 20//
f 20// 24// 25//
f 20// 25// 27//
f 57// 44// 58//
f 127// 121// 58//
f 58// 121// 107//
f 58// 107// 102//
f 102// 97// 94//
f 94// 90// 102//
f 102// 90// 85//
f 102// 85// 58//
f 58// 85// 79//
f 58// 79// 57//
f 323// 341// 95//
f 95// 341// 58//
f 276// 250// 58//
f 276// 58// 279//
f 279// 58// 341//
f 279// 341// 354//
f 250// 137// 58//
f 58// 137// 130//
f 58// 130// 127//
f 355// 312// 364//
f 364// 312// 367//
f 333// 309// 96//
f 96// 309// 95//
f 95// 309// 305//
f 95// 305// 298//
f 298// 299// 95//
f 95// 299// 320//
f 95// 320// 323//
f 355// 350// 312//
f 312// 350// 333//
f 312// 333// 259//
f 259// 333// 96//
f 259// 96// 243//
f 156// 219// 64//
f 151// 68// 147//
f 147// 68// 67//
f 147// 67// 146//
f 146// 67// 145//
f 145// 67// 66//
f 145// 66// 144//
f 144// 66// 65//
f 144// 65// 143//
f 143// 65// 63//
f 143// 63// 141//
f 141// 63// 62//
f 141// 62// 142//
f 61// 229// 62//
f 62// 229// 227//
f 62// 227// 142//
f 19// 26// 68//
f 68// 26// 27//
f 68// 27// 67//
f 67// 27// 25//
f 67// 25// 66//
f 64// 60// 46//
f 46// 60// 59//
f 46// 59// 45//
f 151// 156// 68//
f 68// 156// 64//
f 68// 64// 19//
f 19// 64// 46//
f 19// 46// 18//
f 18// 46// 45//
f 18// 45// 12//
f 12// 45// 33//
f 12// 33// 11//
f 219// 243// 64//
f 64// 243// 96//
f 64// 96// 60//
f 60// 96// 95//
f 60// 95// 59//
f 59// 95// 58//
f 59// 58// 45//
f 45// 58// 44//
f 45// 44// 33//
f 17// 61// 20//
f 20// 61// 62//
f 20// 62// 21//
f 21// 62// 63//
f 21// 63// 22//
f 22// 63// 65//
f 22// 65// 23//
f 23// 65// 66//
f 23// 66// 24//
f 24// 66// 25//
f 365// 413// 409//
f 279// 354// 365//
f 97// 102// 98//
f 98// 102// 99//
f 102// 107// 99//
f 99// 107// 121//
f 99// 121// 100//
f 100// 121// 123//
f 100// 123// 101//
f 126// 105// 125//
f 125// 105// 104//
f 125// 104// 103//
f 126// 128// 111//
f 111// 110// 126//
f 126// 110// 108//
f 126// 108// 105//
f 254// 136// 138//
f 273// 274// 280//
f 280// 274// 356//
f 398// 356// 399//
f 399// 356// 274//
f 399// 274// 402//
f 402// 274// 275//
f 409// 407// 275//
f 275// 407// 404//
f 275// 404// 402//
f 409// 277// 365//
f 365// 277// 276//
f 365// 276// 279//
f 136// 128// 138//
f 138// 128// 126//
f 138// 126// 140//
f 140// 126// 125//
f 140// 125// 123//
f 123// 125// 103//
f 123// 103// 101//
f 409// 275// 277//
f 277// 275// 139//
f 277// 139// 276//
f 276// 139// 137//
f 276// 137// 250//
f 273// 254// 274//
f 274// 254// 138//
f 274// 138// 275//
f 275// 138// 140//
f 275// 140// 139//
f 139// 140// 123//
f 139// 123// 137//
f 137// 123// 121//
f 137// 121// 130//
f 130// 121// 127//
f 428// 433// 429//
f 419// 425// 426//
f 413// 425// 409//
f 409// 425// 419//
f 409// 419// 407//
f 398// 399// 406//
f 406// 399// 402//
f 406// 402// 419//
f 419// 402// 404//
f 419// 404// 407//
f 436// 432// 434//
f 434// 432// 422//
f 434// 422// 421//
f 421// 414// 434//
f 434// 414// 429//
f 434// 429// 436//
f 436// 429// 433//
f 422// 416// 421//
f 421// 416// 398//
f 421// 398// 414//
f 414// 398// 406//
f 414// 406// 429//
f 429// 406// 419//
f 429// 419// 428//
f 428// 419// 426//
f 442// 437// 439//
f 433// 438// 439//
f 448// 446// 444//
f 444// 446// 445//
f 444// 445// 443//
f 433// 439// 436//
f 436// 439// 437//
f 436// 437// 432//
f 443// 442// 444//
f 444// 442// 439//
f 444// 439// 441//
f 441// 439// 438//
f 441// 438// 435//
f 435// 438// 433//
f 435// 433// 430//
f 430// 433// 428//
f 430// 428// 426//
f 424// 442// 443//
f 424// 443// 445//
f 424// 445// 440//
f 440// 445// 446//
f 440// 446// 448//
f 424// 417// 442//
f 442// 417// 412//
f 442// 412// 437//
f 437// 412// 408//
f 437// 408// 432//
f 585// 390// 401//
f 365// 366// 413//
f 413// 366// 596//
f 362// 380// 361//
f 361// 380// 385//
f 361// 385// 585//
f 585// 385// 386//
f 585// 386// 390//
f 401// 410// 585//
f 585// 410// 415//
f 585// 415// 427//
f 427// 431// 585//
f 585// 431// 440//
f 585// 440// 596//
f 596// 440// 448//
f 596// 448// 444//
f 444// 441// 596//
f 596// 441// 435//
f 596// 435// 430//
f 430// 426// 596//
f 596// 426// 425//
f 596// 425// 413//
f 621// 649// 632//
f 632// 649// 651//
f 651// 649// 660//
f 660// 649// 663//
f 660// 663// 671//
f 671// 663// 670//
f 671// 670// 673//
f 673// 670// 655//
f 673// 655// 664//
f 664// 655// 650//
f 650// 655// 642//
f 650// 642// 644//
f 644// 642// 585//
f 644// 585// 596//
f 650// 735// 763//
f 837// 874// 725//
f 725// 874// 660//
f 725// 660// 707//
f 707// 660// 671//
f 763// 716// 650//
f 650// 716// 697//
f 650// 697// 664//
f 664// 697// 680//
f 664// 680// 673//
f 673// 680// 679//
f 673// 679// 671//
f 671// 679// 686//
f 671// 686// 707//
f 763// 735// 742//
f 763// 742// 787//
f 787// 742// 758//
f 787// 758// 808//
f 808// 758// 762//
f 808// 762// 812//
f 812// 762// 764//
f 812// 764// 811//
f 794// 811// 745//
f 745// 811// 764//
f 792// 770// 775//
f 771// 770// 792//
f 783// 777// 792//
f 748// 753// 750//
f 748// 740// 741//
f 782// 776// 760//
f 760// 776// 756//
f 760// 756// 757//
f 757// 756// 747//
f 747// 756// 741//
f 747// 741// 744//
f 744// 741// 740//
f 744// 740// 745//
f 753// 748// 749//
f 773// 772// 771//
f 783// 773// 777//
f 777// 773// 771//
f 777// 771// 792//
f 786// 783// 792//
f 795// 786// 792//
f 793// 784// 778//
f 778// 784// 775//
f 778// 775// 761//
f 761// 775// 770//
f 761// 770// 749//
f 749// 770// 771//
f 749// 771// 753//
f 753// 771// 772//
f 753// 772// 750//
f 782// 807// 776//
f 776// 807// 803//
f 776// 803// 797//
f 748// 741// 749//
f 749// 741// 756//
f 749// 756// 761//
f 761// 756// 776//
f 761// 776// 778//
f 778// 776// 797//
f 778// 797// 793//
f 784// 792// 775//
f 793// 790// 784//
f 784// 790// 792//
f 794// 745// 789//
f 789// 745// 740//
f 789// 740// 791//
f 791// 740// 802//
f 802// 740// 748//
f 802// 748// 804//
f 748// 750// 804//
f 804// 750// 772//
f 804// 772// 817//
f 817// 772// 773//
f 795// 835// 786//
f 786// 835// 817//
f 786// 817// 783//
f 783// 817// 773//
f 852// 828// 829//
f 830// 828// 852//
f 809// 805// 801//
f 817// 818// 804//
f 804// 818// 806//
f 804// 806// 802//
f 802// 806// 791//
f 791// 806// 801//
f 791// 801// 789//
f 789// 801// 805//
f 789// 805// 794//
f 834// 826// 821//
f 821// 826// 809//
f 821// 809// 813//
f 852// 850// 849//
f 828// 816// 829//
f 829// 816// 824//
f 829// 824// 840//
f 840// 824// 848//
f 842// 830// 852//
f 852// 849// 842//
f 842// 849// 834//
f 842// 834// 830//
f 830// 834// 821//
f 830// 821// 828//
f 828// 821// 813//
f 828// 813// 816//
f 853// 850// 852//
f 817// 835// 818//
f 818// 835// 838//
f 818// 838// 843//
f 809// 801// 813//
f 813// 801// 806//
f 813// 806// 816//
f 816// 806// 818//
f 816// 818// 824//
f 824// 818// 843//
f 824// 843// 848//
f 840// 852// 829//
f 848// 851// 840//
f 840// 851// 852//
f 853// 870// 850//
f 850// 870// 849//
f 849// 870// 834//
f 834// 870// 844//
f 834// 844// 826//
f 826// 844// 822//
f 826// 822// 809//
f 809// 822// 805//
f 805// 822// 811//
f 805// 811// 794//
f 811// 822// 823//
f 822// 844// 847//
f 844// 870// 871//
f 844// 871// 847//
f 847// 871// 854//
f 847// 854// 831//
f 831// 854// 827//
f 831// 827// 814//
f 827// 788// 814//
f 814// 788// 781//
f 814// 781// 774//
f 822// 847// 823//
f 823// 847// 831//
f 823// 831// 815//
f 815// 831// 814//
f 815// 814// 799//
f 799// 814// 774//
f 799// 774// 769//
f 811// 823// 812//
f 812// 823// 815//
f 812// 815// 808//
f 808// 815// 799//
f 808// 799// 787//
f 787// 799// 769//
f 787// 769// 763//
f 788// 721// 719//
f 788// 719// 781//
f 781// 719// 718//
f 781// 718// 774//
f 774// 718// 717//
f 774// 717// 769//
f 769// 717// 716//
f 769// 716// 763//
f 716// 717// 700//
f 723// 722// 710//
f 717// 718// 702//
f 726// 724// 711//
f 718// 719// 704//
f 719// 721// 706//
f 719// 706// 704//
f 704// 706// 693//
f 704// 693// 692//
f 692// 693// 690//
f 692// 690// 687//
f 687// 690// 698//
f 687// 698// 696//
f 696// 698// 713//
f 696// 713// 712//
f 712// 713// 728//
f 712// 728// 727//
f 718// 704// 702//
f 702// 704// 692//
f 702// 692// 688//
f 688// 692// 687//
f 688// 687// 685//
f 685// 687// 696//
f 685// 696// 694//
f 694// 696// 712//
f 694// 712// 711//
f 711// 712// 727//
f 711// 727// 726//
f 717// 702// 700//
f 700// 702// 688//
f 700// 688// 683//
f 683// 688// 685//
f 683// 685// 681//
f 681// 685// 694//
f 681// 694// 691//
f 691// 694// 711//
f 691// 711// 710//
f 710// 711// 724//
f 710// 724// 723//
f 716// 700// 697//
f 697// 700// 683//
f 697// 683// 680//
f 680// 683// 681//
f 680// 681// 679//
f 679// 681// 691//
f 679// 691// 686//
f 686// 691// 710//
f 686// 710// 707//
f 707// 710// 722//
f 707// 722// 725//
f 837// 725// 832//
f 832// 725// 722//
f 832// 722// 833//
f 833// 722// 723//
f 833// 723// 836//
f 836// 723// 724//
f 836// 724// 839//
f 839// 724// 726//
f 839// 726// 841//
f 841// 726// 727//
f 841// 727// 845//
f 845// 727// 728//
f 913// 941// 942//
f 878// 866// 836//
f 845// 899// 841//
f 841// 899// 878//
f 841// 878// 839//
f 839// 878// 836//
f 942// 916// 913//
f 913// 916// 902//
f 913// 902// 893//
f 857// 837// 858//
f 858// 837// 832//
f 858// 832// 866//
f 866// 832// 833//
f 866// 833// 836//
f 899// 941// 878//
f 878// 941// 913//
f 878// 913// 866//
f 866// 913// 893//
f 866// 893// 858//
f 858// 893// 876//
f 858// 876// 857//
f 857// 876// 873//
f 902// 894// 893//
f 893// 894// 880//
f 893// 880// 876//
f 876// 880// 877//
f 876// 877// 873//
f 873// 877// 875//
f 860// 875// 859//
f 859// 875// 877//
f 859// 877// 862//
f 862// 877// 880//
f 862// 880// 869//
f 869// 880// 894//
f 869// 894// 885//
f 942// 927// 916//
f 916// 927// 885//
f 916// 885// 902//
f 902// 885// 894//
f 906// 882// 888//
f 883// 882// 906//
f 896// 891// 906//
f 861// 867// 865//
f 861// 855// 856//
f 889// 868// 885//
f 885// 868// 869//
f 869// 868// 862//
f 862// 868// 856//
f 862// 856// 859//
f 859// 856// 855//
f 859// 855// 860//
f 867// 861// 863//
f 886// 884// 883//
f 896// 886// 891//
f 891// 886// 883//
f 891// 883// 906//
f 900// 896// 906//
f 910// 900// 906//
f 907// 898// 892//
f 892// 898// 888//
f 892// 888// 872//
f 872// 888// 882//
f 872// 882// 863//
f 863// 882// 883//
f 863// 883// 867//
f 867// 883// 884//
f 867// 884// 865//
f 885// 927// 889//
f 889// 927// 922//
f 889// 922// 915//
f 861// 856// 863//
f 863// 856// 868//
f 863// 868// 872//
f 872// 868// 889//
f 872// 889// 892//
f 892// 889// 915//
f 892// 915// 907//
f 898// 906// 888//
f 907// 904// 898//
f 898// 904// 906//
f 909// 860// 903//
f 903// 860// 855//
f 903// 855// 905//
f 905// 855// 920//
f 920// 855// 861//
f 920// 861// 923//
f 861// 865// 923//
f 923// 865// 884//
f 923// 884// 939//
f 939// 884// 886//
f 910// 956// 900//
f 900// 956// 939//
f 900// 939// 896//
f 896// 939// 886//
f 973// 952// 953//
f 954// 952// 973//
f 930// 924// 919//
f 939// 940// 923//
f 923// 940// 925//
f 923// 925// 920//
f 920// 925// 905//
f 905// 925// 919//
f 905// 919// 903//
f 903// 919// 924//
f 903// 924// 909//
f 955// 951// 944//
f 944// 951// 930//
f 944// 930// 936//
f 973// 969// 968//
f 950// 963// 967//
f 952// 938// 953//
f 953// 938// 950//
f 953// 950// 959//
f 959// 950// 967//
f 961// 954// 973//
f 973// 968// 961//
f 961// 968// 955//
f 961// 955// 954//
f 954// 955// 944//
f 954// 944// 952//
f 952// 944// 936//
f 952// 936// 938//
f 974// 969// 973//
f 939// 956// 940//
f 940// 956// 957//
f 940// 957// 960//
f 930// 919// 936//
f 936// 919// 925//
f 936// 925// 938//
f 938// 925// 940//
f 938// 940// 950//
f 950// 940// 960//
f 950// 960// 963//
f 959// 973// 953//
f 967// 972// 959//
f 959// 972// 973//
f 969// 974// 979//
f 909// 924// 935//
f 935// 924// 947//
f 924// 930// 947//
f 947// 930// 951//
f 947// 951// 965//
f 965// 951// 955//
f 965// 955// 979//
f 979// 955// 968//
f 979// 968// 969//
f 962// 901// 897//
f 962// 897// 946//
f 979// 977// 965//
f 965// 977// 964//
f 965// 964// 947//
f 947// 964// 945//
f 947// 945// 935//
f 977// 962// 964//
f 964// 962// 946//
f 964// 946// 945//
f 945// 946// 928//
f 897// 895// 946//
f 946// 895// 887//
f 946// 887// 928//
f 928// 887// 881//
f 928// 881// 879//
f 935// 945// 934//
f 934// 945// 928//
f 934// 928// 908//
f 908// 928// 879//
f 908// 879// 874//
f 660// 874// 879//
f 625// 660// 626//
f 626// 660// 879//
f 626// 879// 627//
f 879// 881// 627//
f 627// 881// 887//
f 627// 887// 628//
f 628// 887// 895//
f 628// 895// 629//
f 895// 897// 629//
f 629// 897// 901//
f 629// 901// 631//
f 634// 631// 1022//
f 1022// 631// 901//
f 901// 962// 1022//
f 1022// 962// 977//
f 1022// 977// 1001//
f 1001// 977// 979//
f 1001// 979// 974//
f 618// 607// 561//
f 618// 561// 568//
f 568// 561// 542//
f 568// 542// 546//
f 546// 542// 526//
f 546// 526// 534//
f 534// 526// 531//
f 534// 531// 539//
f 539// 531// 548//
f 539// 548// 555//
f 555// 548// 586//
f 555// 586// 590//
f 590// 586// 631//
f 590// 631// 634//
f 607// 605// 560//
f 605// 603// 562//
f 625// 584// 588//
f 588// 584// 549//
f 588// 549// 553//
f 553// 549// 533//
f 553// 533// 536//
f 536// 533// 529//
f 536// 529// 532//
f 532// 529// 543//
f 532// 543// 544//
f 544// 543// 562//
f 544// 562// 564//
f 564// 562// 603//
f 564// 603// 604//
f 605// 562// 560//
f 560// 562// 543//
f 560// 543// 540//
f 540// 543// 529//
f 540// 529// 527//
f 527// 529// 533//
f 527// 533// 530//
f 530// 533// 549//
f 530// 549// 547//
f 547// 549// 584//
f 547// 584// 583//
f 625// 626// 584//
f 584// 626// 627//
f 584// 627// 583//
f 583// 627// 628//
f 583// 628// 629//
f 607// 560// 561//
f 561// 560// 540//
f 561// 540// 542//
f 542// 540// 527//
f 542// 527// 526//
f 526// 527// 530//
f 526// 530// 531//
f 531// 530// 547//
f 531// 547// 548//
f 548// 547// 583//
f 548// 583// 586//
f 586// 583// 629//
f 586// 629// 631//
f 651// 660// 632//
f 632// 660// 625//
f 632// 625// 389//
f 650// 644// 604//
f 604// 644// 596//
f 604// 596// 564//
f 564// 596// 366//
f 564// 366// 544//
f 544// 366// 532//
f 625// 588// 389//
f 389// 588// 553//
f 389// 553// 351//
f 351// 553// 536//
f 351// 536// 334//
f 307// 334// 301//
f 301// 334// 536//
f 301// 536// 324//
f 324// 536// 532//
f 324// 532// 342//
f 342// 532// 366//
f 650// 604// 603//
f 732// 735// 650//
f 732// 650// 733//
f 733// 650// 603//
f 733// 603// 734//
f 734// 603// 605//
f 734// 605// 736//
f 736// 605// 737//
f 737// 605// 607//
f 737// 607// 738//
f 758// 742// 743//
f 768// 751// 734//
f 738// 785// 737//
f 737// 785// 768//
f 737// 768// 736//
f 736// 768// 734//
f 742// 735// 743//
f 743// 735// 732//
f 743// 732// 751//
f 751// 732// 733//
f 751// 733// 734//
f 762// 758// 766//
f 766// 758// 743//
f 766// 743// 779//
f 779// 743// 751//
f 779// 751// 796//
f 796// 751// 768//
f 796// 768// 819//
f 819// 768// 785//
f 819// 820// 796//
f 796// 820// 798//
f 796// 798// 779//
f 779// 798// 780//
f 779// 780// 766//
f 766// 780// 767//
f 766// 767// 762//
f 762// 767// 764//
f 820// 807// 782//
f 820// 782// 798//
f 798// 782// 760//
f 798// 760// 780//
f 780// 760// 757//
f 780// 757// 767//
f 745// 764// 744//
f 744// 764// 767//
f 744// 767// 747//
f 747// 767// 757//
f 607// 618// 738//
f 738// 618// 987//
f 738// 987// 785//
f 785// 987// 819//
f 819// 987// 820//
f 820// 987// 929//
f 820// 929// 807//
f 790// 911// 792//
f 792// 911// 917//
f 792// 917// 795//
f 807// 929// 803//
f 803// 929// 921//
f 803// 921// 797//
f 797// 921// 918//
f 797// 918// 793//
f 793// 918// 914//
f 793// 914// 790//
f 790// 914// 912//
f 790// 912// 911//
f 929// 1008// 921//
f 921// 1008// 1005//
f 921// 1005// 918//
f 918// 1005// 1007//
f 1010// 912// 1007//
f 1007// 912// 914//
f 1007// 914// 918//
f 1011// 917// 1010//
f 1010// 917// 911//
f 1010// 911// 912//
f 1176// 1067// 1180//
f 1180// 1067// 1065//
f 1180// 1065// 1182//
f 1182// 1065// 1066//
f 1182// 1066// 1186//
f 1186// 1066// 1069//
f 1186// 1069// 1188//
f 1188// 1069// 1071//
f 1067// 1011// 1065//
f 1065// 1011// 1010//
f 1065// 1010// 1066//
f 1066// 1010// 1007//
f 1066// 1007// 1069//
f 1069// 1007// 1005//
f 1069// 1005// 1071//
f 1071// 1005// 1008//
f 1188// 1244// 1186//
f 1186// 1244// 1242//
f 1186// 1242// 1182//
f 1182// 1242// 1239//
f 1182// 1239// 1180//
f 1180// 1239// 1238//
f 1180// 1238// 1176//
f 1176// 1238// 1240//
f 380// 378// 385//
f 1658// 1628// 1652//
f 1658// 1652// 1676//
f 1676// 1652// 1667//
f 1676// 1667// 1689//
f 1689// 1667// 1672//
f 1689// 1672// 1693//
f 1693// 1672// 1671//
f 1693// 1671// 1692//
f 1692// 1671// 1660//
f 1692// 1660// 1687//
f 1687// 1660// 1641//
f 1687// 1641// 1670//
f 1668// 1638// 1620//
f 1668// 1620// 1650//
f 1650// 1620// 1619//
f 1650// 1619// 1632//
f 1632// 1619// 1611//
f 1632// 1611// 1629//
f 1629// 1611// 1606//
f 1629// 1606// 1624//
f 1624// 1606// 1598//
f 1624// 1598// 1623//
f 1623// 1598// 1596//
f 1623// 1596// 1622//
f 1622// 1596// 1595//
f 1622// 1595// 1625//
f 1625// 1595// 1599//
f 1625// 1599// 1626//
f 1626// 1599// 1604//
f 1626// 1604// 1635//
f 1627// 1656// 1617//
f 1617// 1656// 1635//
f 1617// 1635// 1615//
f 1615// 1635// 1604//
f 1769// 1782// 1774//
f 1774// 1782// 1784//
f 1774// 1784// 1781//
f 1781// 1784// 1795//
f 1781// 1795// 1788//
f 1788// 1795// 1799//
f 1788// 1799// 1797//
f 1768// 1777// 1770//
f 1770// 1777// 1775//
f 1775// 1777// 1779//
f 1779// 1777// 1787//
f 1779// 1787// 1780//
f 1780// 1787// 1789//
f 1789// 1787// 1790//
f 1789// 1790// 1791//
f 1797// 1794// 1787//
f 1787// 1794// 1793//
f 1787// 1793// 1790//
f 1797// 1787// 1788//
f 1788// 1787// 1777//
f 1788// 1777// 1781//
f 1781// 1777// 1768//
f 1781// 1768// 1774//
f 1774// 1768// 1767//
f 1774// 1767// 1769//
f 1873// 1876// 1868//
f 1158// 1181// 1148//
f 1148// 1181// 1174//
f 1055// 1072// 1058//
f 1058// 1072// 1081//
f 1058// 1081// 1073//
f 1073// 1081// 1108//
f 1073// 1108// 1104//
f 1104// 1108// 1137//
f 1104// 1137// 1131//
f 1131// 1137// 1165//
f 1131// 1165// 1153//
f 1153// 1165// 1175//
f 1153// 1175// 1158//
f 1158// 1175// 1181//
